FIPS,year,fi_persons_forecast,low,high,fi_persons_2024_actual
1001,2025,9320,8273,10367,9350
1001,2026,9523,8355,10691,9350
1003,2025,39725,34371,45080,37940
1003,2026,42000,36026,47975,37940
1005,2025,4615,4102,5129,4750
1005,2026,4553,3980,5126,4750
1007,2025,4615,3998,5231,4470
1007,2026,4804,4116,5492,4470
1009,2025,11515,10058,12973,10960
1009,2026,12143,10517,13769,10960
1011,2025,2040,1906,2174,1990
1011,2026,2123,1973,2273,1990
1013,2025,3509,2843,4175,3580
1013,2026,3588,2845,4331,3580
1015,2025,23149,20642,25656,22890
1015,2026,23960,21163,26757,22890
1017,2025,6189,5313,7066,5930
1017,2026,6407,5429,7385,5930
1019,2025,4885,4126,5645,4890
1019,2026,5074,4227,5922,4890
1021,2025,8393,7387,9398,8510
1021,2026,8617,7495,9739,8510
1023,2025,2213,1854,2573,2200
1023,2026,2205,1803,2606,2200
1025,2025,4270,3632,4908,4290
1025,2026,4251,3539,4964,4290
1027,2025,2868,2502,3234,2770
1027,2026,3013,2605,3421,2770
1029,2025,2822,2390,3254,2920
1029,2026,2881,2399,3363,2920
1031,2025,11067,9754,12381,10540
1031,2026,11673,10207,13139,10540
1033,2025,11486,10230,12742,11250
1033,2026,12001,10599,13402,11250
1035,2025,2293,1684,2902,2210
1035,2026,2376,1696,3055,2210
1037,2025,1821,1483,2158,1860
1037,2026,1882,1506,2258,1860
1039,2025,7731,6637,8826,7700
1039,2026,7996,6775,9218,7700
1041,2025,2381,1956,2805,2410
1041,2026,2446,1972,2920,2410
1043,2025,17677,15121,20233,17620
1043,2026,18595,15743,21447,17620
1045,2025,10571,9256,11887,10590
1045,2026,10978,9510,12446,10590
1047,2025,7877,6424,9329,7730
1047,2026,7992,6372,9613,7730
1049,2025,15723,13617,17828,15740
1049,2026,16473,14123,18822,15740
1051,2025,13640,11723,15557,13130
1051,2026,14204,12065,16343,13130
1053,2025,7581,7019,8143,7450
1053,2026,7778,7151,8404,7450
1055,2025,19865,17450,22280,19950
1055,2026,20483,17788,23177,19950
1057,2025,3407,3006,3809,3420
1057,2026,3487,3039,3935,3420
1059,2025,6934,5843,8025,6940
1059,2026,7334,6117,8551,6940
1061,2025,5697,5201,6193,5730
1061,2026,5818,5265,6372,5730
1063,2025,1793,1539,2046,1840
1063,2026,1794,1512,2077,1840
1065,2025,3053,2666,3439,2930
1065,2026,3137,2706,3568,2930
1067,2025,3447,2864,4029,3380
1067,2026,3655,3005,4305,3380
1069,2025,20805,18234,23377,20260
1069,2026,21634,18765,24504,20260
1071,2025,11382,9933,12831,11320
1071,2026,11833,10216,13449,11320
1073,2025,113915,98789,129040,109330
1073,2026,118054,101178,134930,109330
1075,2025,2779,2440,3118,2870
1075,2026,2842,2464,3221,2870
1077,2025,17295,14813,19777,17170
1077,2026,18020,15251,20789,17170
1079,2025,5797,4946,6649,5850
1079,2026,5850,4900,6800,5850
1081,2025,31023,27912,34133,30070
1081,2026,32474,29004,35945,30070
1083,2025,17399,14774,20024,17150
1083,2026,18265,15336,21194,17150
1085,2025,1821,1493,2149,1770
1085,2026,1805,1439,2171,1770
1087,2025,3232,2662,3802,3070
1087,2026,3300,2663,3936,3070
1089,2025,62869,53773,71966,60880
1089,2026,66288,56139,76438,60880
1091,2025,3739,3218,4259,3600
1091,2026,3835,3254,4416,3600
1093,2025,6336,5585,7087,6470
1093,2026,6508,5670,7345,6470
1095,2025,19395,16027,22762,19990
1095,2026,20201,16444,23959,19990
1097,2025,69763,61308,78218,68970
1097,2026,70929,61495,80363,68970
1099,2025,3432,2709,4155,3530
1099,2026,3347,2540,4154,3530
1101,2025,40253,35961,44546,38710
1101,2026,41426,36637,46216,38710
1103,2025,23079,20387,25772,22910
1103,2026,24187,21183,27191,22910
1105,2025,1670,1385,1955,1640
1105,2026,1621,1303,1940,1640
1107,2025,3601,3132,4071,3520
1107,2026,3606,3083,4130,3520
1109,2025,6037,5008,7065,6040
1109,2026,6195,5048,7343,6040
1111,2025,4419,3815,5024,4300
1111,2026,4608,3934,5283,4300
1113,2025,12363,10981,13744,11750
1113,2026,12883,11342,14424,11750
1115,2025,15077,13250,16903,14840
1115,2026,15638,13600,17676,14840
1117,2025,31776,26933,36619,30190
1117,2026,33675,28271,39078,30190
1119,2025,2186,1906,2466,2240
1119,2026,2149,1837,2461,2240
1121,2025,15759,14372,17145,15420
1121,2026,16234,14687,17780,15420
1123,2025,7771,6928,8614,7680
1123,2026,8020,7080,8961,7680
1125,2025,40689,35640,45737,38950
1125,2026,42856,37224,48489,38950
1127,2025,13816,12438,15194,13810
1127,2026,14262,12725,15799,13810
1129,2025,2260,1614,2906,2390
1129,2026,2187,1466,2908,2390
1131,2025,2017,1646,2387,1910
1131,2026,1991,1577,2405,1910
1133,2025,5259,4622,5895,5250
1133,2026,5456,4746,6167,5250
2013,2025,545,441,649,540
2013,2026,584,468,701,540
2016,2025,934,698,1170,980
2016,2026,1002,739,1266,980
2020,2025,39592,32085,47099,39840
2020,2026,41513,33136,49889,39840
2050,2025,3933,3562,4303,4070
2050,2026,3946,3532,4359,4070
2060,2025,151,107,194,150
2060,2026,162,113,210,150
2063,2025,1114,997,1231,1000
2063,2026,1228,1093,1363,1000
2066,2025,520,442,598,460
2066,2026,558,467,649,460
2068,2025,189,82,297,250
2068,2026,160,40,279,250
2070,2025,855,704,1007,900
2070,2026,877,708,1047,900
2090,2025,13050,9820,16280,13440
2090,2026,13710,10106,17314,13440
2100,2025,278,164,392,330
2100,2026,263,135,391,330
2105,2025,435,351,519,440
2105,2026,462,368,555,440
2110,2025,4279,3418,5140,4310
2110,2026,4520,3559,5480,4310
2122,2025,9319,7802,10836,9470
2122,2026,9678,7985,11371,9470
2130,2025,1908,1662,2154,1940
2130,2026,1949,1674,2224,1940
2150,2025,1744,1414,2074,1780
2150,2026,1809,1441,2178,1780
2158,2025,2071,1940,2202,2160
2158,2026,2035,1889,2181,2160
2164,2025,136,75,197,160
2164,2026,126,59,194,160
2170,2025,15749,13134,18365,15540
2170,2026,16478,13560,19397,15540
2180,2025,1868,1598,2138,1890
2180,2026,1890,1588,2192,1890
2185,2025,1788,1466,2110,1750
2185,2026,1906,1546,2266,1750
2188,2025,1287,987,1586,1400
2188,2026,1245,911,1580,1400
2195,2025,514,412,616,540
2195,2026,541,427,655,540
2198,2025,1011,785,1238,1110
2198,2026,1004,751,1257,1110
2220,2025,1251,930,1573,1290
2220,2026,1325,966,1684,1290
2230,2025,197,138,256,200
2230,2026,201,135,267,200
2240,2025,1120,912,1328,1090
2240,2026,1161,929,1394,1090
2275,2025,372,294,450,390
2275,2026,385,298,473,390
2282,2025,83,58,109,90
2282,2026,86,58,115,90
2290,2025,1003,835,1171,1020
2290,2026,990,803,1178,1020
4001,2025,11556,9163,13949,12040
4001,2026,10731,8061,13401,12040
4003,2025,22157,17173,27142,22140
4003,2026,23308,17747,28870,22140
4005,2025,22691,19425,25957,22140
4005,2026,23182,19538,26826,22140
4007,2025,9168,7480,10856,9270
4007,2026,9267,7384,11151,9270
4009,2025,6483,5331,7635,6480
4009,2026,6716,5430,8001,6480
4011,2025,1590,1219,1961,1610
4011,2026,1694,1280,2109,1610
4012,2025,2873,1876,3871,3280
4012,2026,2760,1647,3874,3280
4013,2025,623658,490606,756710,617180
4013,2026,652412,503959,800865,617180
4015,2025,38317,31544,45089,38200
4015,2026,39284,31727,46840,38200
4017,2025,19502,15945,23059,20010
4017,2026,19205,15237,23174,20010
4019,2025,172299,139347,205250,172480
4019,2026,180716,143951,217482,172480
4021,2025,63469,47646,79292,63530
4021,2026,66498,48843,84152,63530
4023,2025,11225,9197,13254,11240
4023,2026,12136,9873,14399,11240
4025,2025,35538,28582,42494,34900
4025,2026,36670,28909,44432,34900
4027,2025,46013,35420,56606,47770
4027,2026,48216,36397,60035,47770
5001,2025,3423,2819,4026,3510
5001,2026,3559,2885,4232,3510
5003,2025,4795,4409,5181,4540
5003,2026,5076,4645,5507,4540
5005,2025,10125,9018,11232,9860
5005,2026,10797,9562,12033,9860
5007,2025,53165,44577,61752,51890
5007,2026,57620,48038,67202,51890
5009,2025,7955,7001,8910,7770
5009,2026,8363,7298,9428,7770
5011,2025,2437,1880,2994,2440
5011,2026,2581,1960,3203,2440
5013,2025,865,683,1047,820
5013,2026,902,698,1105,820
5015,2025,6279,5346,7212,6150
5015,2026,6735,5694,7776,6150
5017,2025,2149,1964,2335,2110
5017,2026,2142,1936,2349,2110
5019,2025,4599,4079,5120,4520
5019,2026,4768,4188,5349,4520
5021,2025,3172,2697,3647,3220
5021,2026,3237,2707,3767,3220
5023,2025,5409,4914,5903,5280
5023,2026,5668,5116,6219,5280
5025,2025,1529,1154,1905,1540
5025,2026,1590,1170,2009,1540
5027,2025,4682,4044,5320,4530
5027,2026,4793,4081,5504,4530
5029,2025,4873,4417,5330,4650
5029,2026,5086,4577,5595,4650
5031,2025,25953,22986,28920,25260
5031,2026,27652,24341,30962,25260
5033,2025,13129,11589,14668,12920
5033,2026,13711,11993,15429,12920
5035,2025,9476,7783,11169,9190
5035,2026,9809,7921,11698,9190
5037,2025,3738,3328,4148,3550
5037,2026,3932,3475,4389,3550
5039,2025,1259,969,1549,1290
5039,2026,1301,977,1624,1290
5041,2025,2729,2316,3141,2690
5041,2026,2851,2391,3311,2690
5043,2025,3919,3158,4679,3790
5043,2026,4134,3285,4982,3790
5045,2025,24220,20688,27752,23990
5045,2026,25420,21479,29361,23990
5047,2025,3797,3463,4131,3830
5047,2026,3867,3494,4239,3830
5049,2025,2713,2294,3133,2820
5049,2026,2812,2344,3280,2820
5051,2025,22667,20309,25024,22350
5051,2026,23752,21122,26383,22350
5053,2025,3475,3042,3909,3420
5053,2026,3626,3143,4109,3420
5055,2025,10737,9441,12033,10640
5055,2026,11300,9853,12746,10640
5057,2025,4459,3927,4991,4420
5057,2026,4668,4075,5262,4420
5059,2025,7354,6395,8313,7040
5059,2026,7677,6607,8746,7040
5061,2025,2838,2453,3223,2800
5061,2026,3000,2571,3430,2800
5063,2025,9209,8025,10392,8860
5063,2026,9788,8467,11108,8860
5065,2025,3650,3211,4089,3520
5065,2026,3874,3385,4364,3520
5067,2025,3998,3340,4656,4010
5067,2026,4116,3381,4851,4010
5069,2025,12672,10393,14951,12320
5069,2026,13005,10463,15548,12320
5071,2025,6283,5172,7394,6350
5071,2026,6589,5350,7829,6350
5073,2025,1346,1060,1632,1300
5073,2026,1369,1050,1688,1300
5075,2025,4025,3382,4667,4050
5075,2026,4246,3529,4962,4050
5077,2025,2336,2016,2656,2340
5077,2026,2473,2116,2831,2340
5079,2025,2442,1891,2993,2430
5079,2026,2523,1907,3138,2430
5081,2025,2131,1627,2635,2150
5081,2026,2192,1630,2755,2150
5083,2025,4449,3951,4946,4450
5083,2026,4571,4016,5125,4450
5085,2025,13673,11970,15377,13130
5085,2026,14375,12474,16276,13130
5087,2025,3549,3159,3938,3470
5087,2026,3738,3303,4172,3470
5089,2025,4128,3783,4473,4060
5089,2026,4346,3961,4731,4060
5091,2025,9839,8357,11321,9750
5091,2026,10355,8701,12009,9750
5093,2025,8781,7681,9881,8810
5093,2026,8975,7748,10202,8810
5095,2025,1448,1229,1667,1460
5095,2026,1476,1232,1720,1460
5097,2025,2220,1904,2536,2220
5097,2026,2326,1973,2678,2220
5099,2025,1995,1710,2279,1800
5099,2026,2093,1775,2410,1800
5101,2025,1436,1089,1783,1480
5101,2026,1491,1104,1877,1480
5103,2025,4705,4025,5384,4740
5103,2026,4843,4085,5601,4740
5105,2025,2088,1747,2429,2070
5105,2026,2152,1771,2532,2070
5107,2025,3643,3125,4162,3850
5107,2026,3582,3003,4161,3850
5109,2025,2287,2049,2524,2270
5109,2026,2374,2109,2639,2270
5111,2025,5605,4869,6342,5670
5111,2026,5830,5008,6652,5670
5113,2025,4129,3542,4716,4300
5113,2026,4196,3542,4851,4300
5115,2025,14217,11891,16542,14010
5115,2026,14995,12401,17590,14010
5117,2025,1571,1274,1868,1610
5117,2026,1638,1306,1969,1610
5119,2025,79193,68805,89581,76740
5119,2026,83584,71994,95175,76740
5121,2025,4715,4178,5253,4630
5121,2026,5006,4407,5605,4630
5123,2025,5505,4816,6194,5440
5123,2026,5664,4896,6433,5440
5125,2025,22303,19024,25581,21200
5125,2026,23822,20164,27479,21200
5127,2025,2135,1718,2553,2190
5127,2026,2209,1743,2675,2190
5129,2025,2079,1875,2284,1960
5129,2026,2172,1944,2401,1960
5131,2025,30987,26706,35269,31050
5131,2026,32808,28031,37586,31050
5133,2025,3795,3321,4268,3770
5133,2026,4008,3480,4537,3770
5135,2025,3959,3369,4549,4060
5135,2026,4089,3431,4747,4060
5137,2025,3277,2998,3557,3200
5137,2026,3440,3128,3752,3200
5139,2025,7677,6780,8575,7380
5139,2026,7984,6983,8986,7380
5141,2025,3828,3309,4347,3820
5141,2026,3986,3407,4565,3820
5143,2025,52692,45495,59889,51670
5143,2026,56605,48575,64636,51670
5145,2025,17192,14553,19831,17260
5145,2026,18105,15161,21050,17260
5147,2025,1245,919,1572,1320
5147,2026,1262,898,1626,1320
5149,2025,4381,3540,5221,4500
5149,2026,4609,3671,5547,4500
6001,2025,192481,163877,221084,180740
6001,2026,201880,169966,233795,180740
6003,2025,206,157,255,170
6003,2026,218,164,272,170
6005,2025,4711,3939,5482,4400
6005,2026,4833,3973,5694,4400
6007,2025,33390,28504,38276,34020
6007,2026,33889,28437,39340,34020
6009,2025,6498,5772,7224,6100
6009,2026,6727,5918,7537,6100
6011,2025,4465,3767,5163,4430
6011,2026,4793,4014,5572,4430
6013,2025,126977,109157,144796,115830
6013,2026,133854,113972,153736,115830
6015,2025,4048,3520,4576,4240
6015,2026,4046,3457,4635,4240
6017,2025,19515,15696,23335,17740
6017,2026,19963,15702,24224,17740
6019,2025,202647,175532,229761,202070
6019,2026,214524,184271,244777,202070
6021,2025,4933,3882,5983,5150
6021,2026,5207,4035,6380,5150
6023,2025,23433,21281,25584,22660
6023,2026,24096,21695,26497,22660
6025,2025,49391,39322,59461,51490
6025,2026,52572,41337,63807,51490
6027,2025,2701,2402,2999,2450
6027,2026,2855,2522,3188,2450
6029,2025,184049,159584,208515,181340
6029,2026,196061,168764,223358,181340
6031,2025,30456,25228,35684,30350
6031,2026,32636,26804,38469,30350
6033,2025,12157,10859,13456,11920
6033,2026,12674,11225,14123,11920
6035,2025,4861,4099,5622,4570
6035,2026,5099,4249,5949,4570
6037,2025,1686007,1466522,1905491,1675720
6037,2026,1790860,1545970,2035749,1675720
6039,2025,32626,28372,36880,31360
6039,2026,35155,30408,39901,31360
6041,2025,26882,22580,31184,24410
6041,2026,28354,23554,33154,24410
6043,2025,2347,1964,2729,2320
6043,2026,2331,1904,2758,2320
6045,2025,15792,14412,17172,15320
6045,2026,16528,14989,18068,15320
6047,2025,63658,54160,73156,63490
6047,2026,68607,58010,79204,63490
6049,2025,1409,1150,1668,1350
6049,2026,1432,1143,1721,1350
6051,2025,1435,1058,1811,1410
6051,2026,1460,1039,1880,1410
6053,2025,79319,66865,91774,77780
6053,2026,86280,72383,100176,77780
6055,2025,17538,15433,19643,16660
6055,2026,18766,16418,21114,16660
6057,2025,11994,10091,13897,11100
6057,2026,12344,10221,14467,11100
6059,2025,407223,361121,453324,387370
6059,2026,432539,381101,483977,387370
6061,2025,39561,31516,47605,35370
6061,2026,41203,32227,50179,35370
6063,2025,3017,2701,3333,2920
6063,2026,3126,2773,3478,2920
6065,2025,350739,296703,404775,341850
6065,2026,376077,315786,436368,341850
6067,2025,213453,186099,240807,203150
6067,2026,221773,191253,252293,203150
6069,2025,10069,8450,11687,9550
6069,2026,11132,9326,12938,9550
6071,2025,352911,307437,398384,343060
6071,2026,379875,329137,430612,343060
6073,2025,443031,386736,499325,429530
6073,2026,468233,405422,531044,429530
6075,2025,113572,100237,126907,112150
6075,2026,117805,102927,132684,112150
6077,2025,122927,108611,137244,119980
6077,2026,129961,113988,145935,119980
6079,2025,36400,31221,41579,34450
6079,2026,38544,32766,44323,34450
6081,2025,79133,68712,89554,73040
6081,2026,84358,72730,95985,73040
6083,2025,72331,61175,83487,70650
6083,2026,78483,66036,90930,70650
6085,2025,210449,182192,238706,196400
6085,2026,223888,192360,255416,196400
6087,2025,37354,31568,43140,36520
6087,2026,39384,32928,45839,36520
6089,2025,26003,22723,29283,25640
6089,2026,26237,22578,29897,25640
6091,2025,327,224,430,290
6091,2026,325,210,440,290
6093,2025,6781,5863,7699,6650
6093,2026,6805,5781,7829,6650
6095,2025,57420,49564,65276,53800
6095,2026,60987,52222,69752,53800
6097,2025,61432,53408,69456,59110
6097,2026,64820,55867,73773,59110
6099,2025,94204,81040,107368,93440
6099,2026,100222,85535,114910,93440
6101,2025,17541,14615,20468,17100
6101,2026,18538,15273,21803,17100
6103,2025,10741,9236,12247,10900
6103,2026,10976,9297,12656,10900
6105,2025,2751,2413,3090,2440
6105,2026,2872,2495,3250,2440
6107,2025,101279,82647,119912,103730
6107,2026,107660,86871,128449,103730
6109,2025,7650,6501,8799,7340
6109,2026,7816,6534,9098,7340
6111,2025,115961,101718,130204,110280
6111,2026,125184,109292,141075,110280
6113,2025,32439,27394,37485,31870
6113,2026,34328,28699,39958,31870
6115,2025,14246,12690,15802,13570
6115,2026,15046,13310,16782,13570
8001,2025,81438,71108,91768,79080
8001,2026,88382,76856,99908,79080
8003,2025,3595,2702,4488,3740
8003,2026,3884,2888,4880,3740
8005,2025,85354,75265,95443,80080
8005,2026,91124,79866,102381,80080
8007,2025,1981,1778,2185,1900
8007,2026,2095,1868,2322,1900
8009,2025,675,569,781,640
8009,2026,708,590,827,640
8011,2025,1241,950,1531,1240
8011,2026,1290,966,1614,1240
8013,2025,41989,36609,47370,40060
8013,2026,44522,38519,50526,40060
8014,2025,9094,7775,10413,8570
8014,2026,9822,8350,11294,8570
8015,2025,2441,1988,2895,2250
8015,2026,2501,1995,3007,2250
8017,2025,193,138,247,180
8017,2026,194,134,255,180
8019,2025,984,834,1134,930
8019,2026,1007,840,1174,930
8021,2025,1319,1030,1608,1370
8021,2026,1382,1060,1705,1370
8023,2025,812,636,988,850
8023,2026,851,654,1048,850
8025,2025,1076,934,1218,1110
8025,2026,1089,931,1248,1110
8027,2025,667,487,846,670
8027,2026,707,507,907,670
8029,2025,5177,4665,5688,5120
8029,2026,5344,4773,5914,5120
8031,2025,113288,99273,127303,111400
8031,2026,120546,104908,136184,111400
8033,2025,379,306,453,350
8033,2026,411,329,493,350
8035,2025,33562,27731,39393,29190
8035,2026,36161,29656,42667,29190
8037,2025,7136,6053,8219,6680
8037,2026,7703,6496,8911,6680
8039,2025,2198,1627,2769,1920
8039,2026,2327,1691,2964,1920
8041,2025,98731,87908,109553,94940
8041,2026,103869,91794,115944,94940
8043,2025,8462,7429,9495,7950
8043,2026,8888,7735,10041,7950
8045,2025,8467,7283,9650,7970
8045,2026,9167,7847,10487,7970
8047,2025,731,592,870,630
8047,2026,774,618,929,630
8049,2025,1749,1508,1990,1630
8049,2026,1818,1549,2087,1630
8051,2025,2051,1713,2390,1970
8051,2026,2132,1754,2510,1970
8053,2025,77,44,109,80
8053,2026,72,36,109,80
8055,2025,1568,1389,1747,1530
8055,2026,1682,1482,1881,1530
8057,2025,255,191,318,200
8057,2026,278,208,349,200
8059,2025,69179,61822,76535,64980
8059,2026,73149,64941,81357,64980
8061,2025,189,145,233,190
8061,2026,197,148,246,190
8063,2025,1073,929,1216,1000
8063,2026,1149,988,1309,1000
8065,2025,796,561,1031,860
8065,2026,791,528,1053,860
8067,2025,7807,6757,8857,7080
8067,2026,8297,7126,9468,7080
8069,2025,47666,41845,53487,45250
8069,2026,50456,43962,56951,45250
8071,2025,3209,2879,3539,3150
8071,2026,3427,3058,3795,3150
8073,2025,829,712,946,810
8073,2026,868,737,999,810
8075,2025,3493,2945,4040,3420
8075,2026,3713,3102,4324,3420
8077,2025,22633,19895,25372,22200
8077,2026,23462,20406,26518,22200
8079,2025,113,93,133,110
8079,2026,118,95,140,110
8081,2025,1905,1794,2016,1860
8081,2026,1942,1818,2066,1860
8083,2025,3845,3232,4459,3810
8083,2026,3940,3255,4625,3810
8085,2025,6293,5143,7443,6200
8085,2026,6590,5307,7874,6200
8087,2025,4941,4225,5658,4800
8087,2026,5379,4580,6179,4800
8089,2025,4070,3496,4644,4000
8089,2026,4303,3662,4944,4000
8091,2025,503,376,629,480
8091,2026,510,369,651,480
8093,2025,1680,1186,2174,1510
8093,2026,1727,1176,2278,1510
8095,2025,826,707,945,720
8095,2026,916,783,1049,720
8097,2025,2063,1706,2420,1970
8097,2026,2146,1748,2544,1970
8099,2025,2346,2039,2653,2300
8099,2026,2516,2174,2859,2300
8101,2025,32753,29333,36174,32600
8101,2026,34635,30818,38451,32600
8103,2025,925,781,1069,830
8103,2026,969,808,1130,830
8105,2025,2161,1665,2658,2290
8105,2026,2304,1750,2858,2290
8107,2025,2239,1778,2700,2130
8107,2026,2222,1708,2737,2130
8109,2025,1307,1053,1560,1340
8109,2026,1405,1122,1688,1340
8111,2025,121,103,138,110
8111,2026,130,111,150,110
8113,2025,943,741,1144,960
8113,2026,957,733,1182,960
8115,2025,390,336,444,360
8115,2026,404,344,464,360
8117,2025,3107,2384,3830,2960
8117,2026,3210,2403,4017,2960
8119,2025,2761,2336,3187,2580
8119,2026,2831,2356,3306,2580
8121,2025,585,480,690,560
8121,2026,606,488,723,560
8123,2025,49209,44313,54106,46200
8123,2026,53480,48016,58943,46200
8125,2025,1561,1200,1923,1520
8125,2026,1676,1273,2080,1520
10001,2025,28896,25171,32621,28270
10001,2026,30285,26129,34441,28270
10003,2025,84041,71235,96848,82120
10003,2026,89391,75102,103680,82120
10005,2025,40103,34165,46041,38920
10005,2026,43062,36436,49687,38920
11001,2025,91771,75552,107989,94480
11001,2026,96426,78331,114522,94480
12001,2025,46036,38215,53857,45120
12001,2026,48428,39702,57154,45120
12003,2025,3377,2537,4218,3080
12003,2026,3411,2473,4349,3080
12005,2025,26801,21918,31685,27660
12005,2026,27186,21738,32635,27660
12007,2025,4143,3313,4974,3960
12007,2026,4129,3203,5056,3960
12009,2025,84702,70577,98827,83390
12009,2026,88171,72411,103932,83390
12011,2025,277054,223292,330816,269880
12011,2026,293755,233771,353740,269880
12013,2025,2599,2229,2970,2460
12013,2026,2707,2293,3120,2460
12015,2025,28066,23745,32387,27430
12015,2026,28918,24096,33739,27430
12017,2025,27856,24167,31545,27150
12017,2026,29028,24911,33144,27150
12019,2025,28241,22921,33560,27160
12019,2026,29602,23666,35537,27160
12021,2025,54725,44636,64815,53370
12021,2026,58260,47003,69517,53370
12023,2025,12119,10040,14199,11840
12023,2026,12642,10323,14962,11840
12027,2025,7315,5854,8776,7440
12027,2026,7652,6021,9282,7440
12029,2025,3065,2415,3715,3110
12029,2026,3160,2435,3885,3110
12031,2025,150473,125387,175560,142990
12031,2026,157508,129518,185498,142990
12033,2025,50567,43553,57581,48290
12033,2026,52625,44799,60451,48290
12035,2025,16375,13671,19079,16040
12035,2026,17069,14052,20086,16040
12037,2025,2064,1686,2442,1950
12037,2026,2115,1694,2536,1950
12039,2025,8089,6574,9605,7520
12039,2026,8487,6796,10178,7520
12041,2025,2711,2073,3349,2740
12041,2026,2770,2058,3482,2740
12043,2025,2270,1864,2676,2200
12043,2026,2373,1920,2826,2200
12045,2025,1987,1517,2456,2040
12045,2026,1992,1469,2516,2040
12047,2025,2155,1653,2657,2110
12047,2026,2090,1530,2650,2110
12049,2025,5753,4784,6723,5650
12049,2026,6102,5020,7183,5650
12051,2025,8217,6827,9607,8450
12051,2026,8641,7090,10192,8450
12053,2025,31722,27286,36158,31420
12053,2026,32948,27999,37898,31420
12055,2025,19016,15735,22297,19420
12055,2026,19839,16178,23500,19420
12057,2025,234625,194530,274721,231480
12057,2026,249193,204456,293930,231480
12059,2025,2695,2278,3112,2820
12059,2026,2592,2126,3057,2820
12061,2025,24383,20233,28532,23500
12061,2026,25694,21064,30324,23500
12063,2025,7564,6121,9007,7220
12063,2026,7705,6095,9315,7220
12065,2025,2503,2003,3004,2320
12065,2026,2649,2091,3207,2320
12067,2025,1485,1264,1707,1380
12067,2026,1584,1338,1831,1380
12069,2025,55509,47252,63766,54010
12069,2026,58261,49048,67474,54010
12071,2025,120794,100482,141106,118330
12071,2026,128175,105512,150838,118330
12073,2025,43573,35459,51686,41890
12073,2026,45242,36189,54294,41890
12075,2025,7643,6406,8880,7650
12075,2026,7928,6548,9308,7650
12077,2025,1395,1226,1564,1340
12077,2026,1423,1234,1611,1340
12079,2025,2697,2129,3265,2770
12079,2026,2654,2020,3288,2770
12081,2025,60832,49582,72082,59810
12081,2026,64384,51832,76936,59810
12083,2025,61707,51597,71816,60520
12083,2026,64602,53323,75882,60520
12085,2025,22454,18533,26375,21790
12085,2026,23552,19177,27928,21790
12086,2025,528901,428094,629707,536660
12086,2026,577642,465167,690117,536660
12087,2025,11867,10254,13479,11320
12087,2026,12578,10779,14377,11320
12089,2025,12233,10288,14178,11550
12089,2026,12789,10619,14959,11550
12091,2025,29412,24948,33876,28940
12091,2026,30523,25542,35503,28940
12093,2025,7653,6191,9115,7710
12093,2026,8063,6432,9694,7710
12095,2025,226067,187317,264818,225170
12095,2026,239638,196402,282874,225170
12097,2025,76598,61027,92169,77700
12097,2026,83239,65866,100612,77700
12099,2025,206799,169606,243991,201410
12099,2026,217679,176182,259176,201410
12101,2025,91389,78031,104747,89580
12101,2026,96462,81558,111366,89580
12103,2025,136979,113986,159973,136430
12103,2026,141035,115380,166691,136430
12105,2025,126781,106045,147517,125060
12105,2026,134306,111170,157442,125060
12107,2025,14209,12621,15798,13760
12107,2026,14652,12880,16425,13760
12109,2025,32385,26287,38482,29970
12109,2026,34377,27573,41180,29970
12111,2025,48877,39618,58135,47240
12111,2026,51447,41116,61777,47240
12113,2025,24419,20217,28621,23440
12113,2026,25424,20735,30112,23440
12115,2025,60628,49989,71267,59240
12115,2026,63562,51691,75433,59240
12117,2025,64471,52313,76630,63100
12117,2026,68278,54712,81844,63100
12119,2025,19959,16992,22926,19500
12119,2026,21051,17741,24361,19500
12121,2025,7617,6566,8668,7550
12121,2026,7958,6786,9131,7550
12123,2025,3379,2754,4005,3540
12123,2026,3401,2703,4099,3540
12125,2025,2619,2130,3107,2560
12125,2026,2725,2180,3270,2560
12127,2025,86722,73375,100069,85930
12127,2026,90227,75335,105119,85930
12129,2025,3275,2076,4474,3250
12129,2026,3320,1982,4658,3250
12131,2025,11169,9517,12820,10680
12131,2026,11662,9819,13505,10680
12133,2025,4044,3429,4659,3960
12133,2026,4042,3356,4728,3960
13001,2025,3872,3361,4383,3720
13001,2026,4097,3526,4668,3720
13003,2025,1877,1514,2240,1910
13003,2026,1991,1586,2396,1910
13005,2025,2387,2029,2746,2440
13005,2026,2501,2102,2901,2440
13007,2025,507,386,628,510
13007,2026,513,378,648,510
13009,2025,7405,6042,8769,7470
13009,2026,7627,6106,9148,7470
13011,2025,3119,2583,3654,3070
13011,2026,3255,2658,3852,3070
13013,2025,13080,10327,15833,12980
13013,2026,13999,10927,17070,12980
13015,2025,16709,13326,20093,17240
13015,2026,17485,13711,21260,17240
13017,2025,3146,2483,3809,3120
13017,2026,3186,2447,3926,3120
13019,2025,3707,2977,4436,3790
13019,2026,3808,2994,4622,3790
13021,2025,31177,26621,35734,30220
13021,2026,32608,27524,37693,30220
13023,2025,2412,2078,2746,2290
13023,2026,2531,2158,2904,2290
13025,2025,3275,2493,4058,3420
13025,2026,3369,2496,4242,3420
13027,2025,3439,2893,3985,3190
13027,2026,3671,3061,4280,3190
13029,2025,6370,5265,7475,6190
13029,2026,6826,5593,8058,6190
13031,2025,15233,12442,18023,15370
13031,2026,16083,12969,19197,15370
13033,2025,4295,3205,5386,4070
13033,2026,4564,3348,5781,4070
13035,2025,3741,3150,4333,3780
13035,2026,3796,3136,4457,3780
13037,2025,923,720,1125,930
13037,2026,930,704,1156,930
13039,2025,10187,8410,11965,9790
13039,2026,10873,8889,12856,9790
13043,2025,2131,1741,2521,2270
13043,2026,2186,1751,2621,2270
13045,2025,21171,17712,24631,21010
13045,2026,22362,18502,26222,21010
13047,2025,11484,9136,13832,11620
13047,2026,12238,9619,14857,11620
13049,2025,2200,1637,2763,2270
13049,2026,2243,1614,2871,2270
13051,2025,49441,40317,58566,49330
13051,2026,52375,42194,62556,49330
13053,2025,1807,1395,2220,1970
13053,2026,1840,1380,2300,1970
13055,2025,5469,4720,6218,5560
13055,2026,5744,4908,6579,5560
13057,2025,38440,31549,45331,37330
13057,2026,41806,34117,49495,37330
13059,2025,25783,20791,30774,26280
13059,2026,27030,21461,32599,26280
13061,2025,409,319,500,420
13061,2026,375,274,476,420
13063,2025,45916,35434,56398,44500
13063,2026,48553,36858,60249,44500
13065,2025,1326,935,1717,1430
13065,2026,1346,910,1783,1430
13067,2025,103174,81655,124693,100730
13067,2026,111361,87352,135370,100730
13069,2025,8425,7078,9771,8460
13069,2026,8843,7340,10345,8460
13071,2025,10069,8330,11809,9940
13071,2026,10714,8773,12654,9940
13073,2025,22577,17819,27335,21610
13073,2026,24582,19274,29891,21610
13075,2025,3215,2507,3923,3140
13075,2026,3346,2556,4135,3140
13077,2025,20279,16051,24508,19760
13077,2026,21611,16893,26329,19760
13079,2025,2040,1617,2463,2010
13079,2026,2109,1637,2580,2010
13081,2025,3703,3114,4291,3940
13081,2026,3623,2966,4280,3940
13083,2025,2408,1831,2985,2590
13083,2026,2472,1828,3115,2590
13085,2025,4492,3810,5174,4300
13085,2026,4867,4106,5628,4300
13087,2025,5848,4757,6939,5500
13087,2026,6193,4976,7411,5500
13089,2025,110317,86107,134528,108050
13089,2026,116763,89750,143776,108050
13091,2025,3915,3123,4708,3870
13091,2026,4040,3156,4924,3870
13093,2025,1648,1303,1993,1770
13093,2026,1596,1211,1981,1770
13095,2025,15837,12773,18900,15970
13095,2026,16088,12670,19506,15970
13097,2025,19133,14906,23360,18490
13097,2026,20270,15554,24987,18490
13099,2025,1755,1395,2115,1850
13099,2026,1773,1371,2175,1850
13101,2025,492,388,596,570
13101,2026,475,360,591,570
13103,2025,9164,7301,11027,8970
13103,2026,9892,7813,11971,8970
13105,2025,3612,3230,3994,3570
13105,2026,3733,3306,4159,3570
13107,2025,5059,4556,5563,4950
13107,2026,5307,4745,5869,4950
13109,2025,1956,1578,2334,1990
13109,2026,2029,1607,2451,1990
13111,2025,4643,3686,5601,4790
13111,2026,4869,3800,5938,4790
13113,2025,14499,11589,17409,13490
13113,2026,15836,12590,19083,13490
13115,2025,19552,16422,22682,19760
13115,2026,20607,17114,24100,19760
13117,2025,30581,24967,36196,28560
13117,2026,33442,27178,39707,28560
13119,2025,4551,3648,5454,4690
13119,2026,4719,3712,5727,4690
13121,2025,154236,123502,184970,151240
13121,2026,162302,128010,196594,151240
13123,2025,6137,5004,7270,6230
13123,2026,6484,5220,7748,6230
13125,2025,546,415,677,580
13125,2026,576,431,722,580
13127,2025,13753,11187,16320,13960
13127,2026,14259,11396,17122,13960
13129,2025,9851,7844,11858,10270
13129,2026,10213,7974,12452,10270
13131,2025,5185,4065,6305,5150
13131,2026,5496,4246,6745,5150
13133,2025,2612,1992,3232,2700
13133,2026,2723,2031,3414,2700
13135,2025,145600,117149,174051,140720
13135,2026,159334,127590,191078,140720
13137,2025,9062,7247,10877,9110
13137,2026,9741,7716,11766,9110
13139,2025,37918,30937,44899,37660
13139,2026,41163,33374,48952,37660
13141,2025,1917,1617,2218,1690
13141,2026,2057,1722,2392,1690
13143,2025,5555,4413,6696,5570
13143,2026,5858,4585,7132,5570
13145,2025,4738,3622,5854,4530
13145,2026,5100,3856,6345,4530
13147,2025,4233,3574,4892,4360
13147,2026,4389,3654,5124,4360
13149,2025,2520,2294,2746,2460
13149,2026,2649,2397,2901,2460
13151,2025,28146,20436,35856,25610
13151,2026,30243,21641,38846,25610
13153,2025,23931,18200,29662,23990
13153,2026,25415,19020,31809,23990
13155,2025,1493,1136,1851,1570
13155,2026,1510,1112,1909,1570
13157,2025,12011,9726,14297,11740
13157,2026,12982,10432,15532,11740
13159,2025,2495,2142,2847,2450
13159,2026,2638,2245,3032,2450
13161,2025,3637,2929,4344,3500
13161,2026,3891,3102,4680,3500
13163,2025,2391,1742,3041,2400
13163,2026,2441,1716,3165,2400
13165,2025,1534,1236,1832,1500
13165,2026,1535,1203,1868,1500
13167,2025,1653,1325,1981,1720
13167,2026,1699,1333,2065,1720
13169,2025,4245,3291,5200,4040
13169,2026,4486,3421,5551,4040
13171,2025,2671,1914,3428,2830
13171,2026,2730,1886,3575,2830
13173,2025,2281,2107,2455,2170
13173,2026,2384,2189,2578,2170
13175,2025,9600,8153,11047,9460
13175,2026,9969,8354,11584,9460
13177,2025,4157,3396,4919,3980
13177,2026,4380,3530,5230,3980
13179,2025,12139,10193,14084,11890
13179,2026,13014,10843,15184,11890
13181,2025,1417,1225,1609,1390
13181,2026,1481,1267,1696,1390
13183,2025,3349,2569,4130,3520
13183,2026,3500,2629,4370,3520
13185,2025,20821,17386,24256,20660
13185,2026,21636,17804,25469,20660
13187,2025,5463,3990,6935,5600
13187,2026,5813,4170,7456,5600
13189,2025,3565,2432,4697,3690
13189,2026,3691,2428,4955,3690
13191,2025,2183,1599,2767,2240
13191,2026,2267,1616,2919,2240
13193,2025,2213,1919,2508,2140
13193,2026,2258,1929,2586,2140
13195,2025,6110,5633,6587,5780
13195,2026,6443,5911,6975,5780
13197,2025,1413,1053,1774,1430
13197,2026,1508,1106,1910,1430
13199,2025,3698,3153,4243,3640
13199,2026,3757,3149,4366,3640
13201,2025,1223,1040,1406,1150
13201,2026,1303,1099,1507,1150
13205,2025,4437,3877,4998,4120
13205,2026,4626,4000,5251,4120
13207,2025,4008,3307,4709,3900
13207,2026,4152,3370,4934,3900
13209,2025,1493,1082,1903,1580
13209,2026,1550,1092,2008,1580
13211,2025,2894,2207,3581,2820
13211,2026,3114,2347,3881,2820
13213,2025,7478,5936,9020,7790
13213,2026,7887,6167,9608,7790
13215,2025,38766,32431,45101,38490
13215,2026,40539,33471,47607,38490
13217,2025,15479,11987,18971,15160
13217,2026,16118,12221,20014,15160
13219,2025,5185,4094,6276,4910
13219,2026,5636,4418,6853,4910
13221,2025,2242,1638,2846,2240
13221,2026,2365,1692,3039,2240
13223,2025,21129,15940,26317,20560
13223,2026,22665,16876,28454,20560
13225,2025,4676,3856,5496,4650
13225,2026,4852,3937,5767,4650
13227,2025,6217,5352,7081,5900
13227,2026,6662,5697,7627,5900
13229,2025,3249,2484,4014,3410
13229,2026,3369,2516,4223,3410
13231,2025,2661,2117,3205,2550
13231,2026,2844,2237,3451,2550
13233,2025,8864,7618,10110,8630
13233,2026,9411,8020,10801,8630
13235,2025,1681,1081,2280,1860
13235,2026,1700,1032,2369,1860
13237,2025,4045,3558,4533,3810
13237,2026,4277,3734,4821,3810
13239,2025,447,337,557,460
13239,2026,475,352,598,460
13241,2025,3025,2571,3478,3110
13241,2026,3113,2607,3619,3110
13243,2025,1193,935,1452,1220
13243,2026,1200,912,1489,1220
13245,2025,39733,33102,46363,39140
13245,2026,41547,34149,48945,39140
13247,2025,11708,9027,14389,10820
13247,2026,12427,9436,15419,10820
13249,2025,710,531,889,720
13249,2026,721,521,921,720
13251,2025,2238,1679,2797,2220
13251,2026,2290,1666,2914,2220
13253,2025,1653,1508,1797,1620
13253,2026,1702,1540,1863,1620
13255,2025,11995,9980,14010,11760
13255,2026,12600,10352,14848,11760
13257,2025,4981,4173,5790,5040
13257,2026,5256,4355,6158,5040
13259,2025,998,651,1345,1090
13259,2026,1002,614,1389,1090
13261,2025,5263,4267,6259,5250
13261,2026,5415,4304,6526,5250
13263,2025,1107,847,1367,1110
13263,2026,1181,891,1471,1110
13265,2025,284,215,353,260
13265,2026,295,218,372,260
13267,2025,4907,3671,6142,5010
13267,2026,5165,3787,6544,5010
13269,2025,1770,1550,1990,1720
13269,2026,1840,1595,2085,1720
13271,2025,2583,1809,3356,2580
13271,2026,2567,1705,3430,2580
13273,2025,1923,1609,2238,1840
13273,2026,2000,1650,2351,1840
13275,2025,8303,6812,9794,8020
13275,2026,8720,7056,10384,8020
13277,2025,7492,6095,8889,7500
13277,2026,7843,6284,9401,7500
13279,2025,5697,4524,6871,5910
13279,2026,5986,4676,7295,5910
13281,2025,2511,2028,2995,2470
13281,2026,2688,2149,3227,2470
13283,2025,1210,1041,1379,1150
13283,2026,1186,997,1374,1150
13285,2025,12087,9972,14203,12070
13285,2026,12473,10112,14833,12070
13287,2025,1850,1679,2021,1830
13287,2026,1929,1738,2119,1830
13289,2025,1277,936,1617,1300
13289,2026,1324,944,1703,1300
13291,2025,4531,3872,5189,4560
13291,2026,4802,4067,5536,4560
13293,2025,5794,5107,6481,5500
13293,2026,6154,5387,6920,5500
13295,2025,11830,9455,14205,11980
13295,2026,12224,9575,14874,11980
13297,2025,15671,12890,18451,15030
13297,2026,16802,13699,19904,15030
13299,2025,6996,5733,8259,6960
13299,2026,7285,5875,8694,6960
13301,2025,805,693,917,780
13301,2026,810,685,935,780
13303,2025,3136,2424,3848,3280
13303,2026,3206,2412,4001,3280
13305,2025,6534,5814,7254,6320
13305,2026,7015,6212,7819,6320
13307,2025,383,322,443,360
13307,2026,386,319,453,360
13309,2025,1279,869,1690,1370
13309,2026,1284,826,1742,1370
13311,2025,4713,3806,5621,4790
13311,2026,4936,3924,5949,4790
13313,2025,20790,16184,25396,21520
13313,2026,22399,17259,27538,21520
13315,2025,1581,1343,1818,1530
13315,2026,1640,1375,1905,1530
13317,2025,1567,1251,1884,1650
13317,2026,1591,1238,1944,1650
13319,2025,1505,1301,1709,1520
13319,2026,1551,1324,1779,1520
13321,2025,4037,3319,4756,4020
13321,2026,4264,3462,5066,4020
15001,2025,31352,25539,37165,30560
15001,2026,32288,25803,38774,30560
15003,2025,138219,117787,158651,130130
15003,2026,143934,121136,166731,130130
15007,2025,9399,6902,11895,8760
15007,2026,9601,6815,12386,8760
15009,2025,22569,14926,30212,22000
15009,2026,23058,14530,31586,22000
16001,2025,64236,50599,77873,62080
16001,2026,69402,54187,84617,62080
16003,2025,812,698,926,800
16003,2026,863,736,989,800
16005,2025,13527,10566,16489,13650
16005,2026,14321,11017,17626,13650
16007,2025,714,523,905,650
16007,2026,727,513,940,650
16009,2025,1759,1418,2101,1720
16009,2026,1855,1474,2236,1720
16011,2025,7319,6065,8572,6910
16011,2026,7938,6539,9336,6910
16013,2025,3094,2381,3807,3110
16013,2026,3317,2521,4113,3110
16015,2025,953,781,1124,920
16015,2026,989,797,1180,920
16017,2025,7595,6154,9037,7460
16017,2026,8072,6463,9680,7460
16019,2025,18337,14578,22096,17670
16019,2026,19940,15745,24134,17670
16021,2025,2189,1810,2569,2080
16021,2026,2310,1886,2733,2080
16023,2025,513,461,565,460
16023,2026,549,491,607,460
16025,2025,156,134,178,160
16025,2026,163,139,188,160
16027,2025,37622,29596,45648,37470
16027,2026,40897,31942,49852,37470
16029,2025,845,565,1124,830
16029,2026,906,594,1217,830
16031,2025,4155,3138,5171,4190
16031,2026,4560,3426,5694,4190
16033,2025,155,115,195,150
16033,2026,174,130,219,150
16035,2025,1551,1292,1811,1560
16035,2026,1631,1341,1921,1560
16037,2025,802,638,966,840
16037,2026,844,661,1027,840
16039,2025,4817,4115,5518,4720
16039,2026,5141,4358,5924,4720
16041,2025,1784,1353,2215,1610
16041,2026,1911,1430,2392,1610
16043,2025,1955,1632,2277,1870
16043,2026,2098,1739,2458,1870
16045,2025,3041,2349,3733,3110
16045,2026,3215,2443,3987,3110
16047,2025,2861,2338,3384,2780
16047,2026,3122,2539,3706,2780
16049,2025,2363,1861,2866,2470
16049,2026,2426,1865,2987,2470
16051,2025,4189,3319,5059,3830
16051,2026,4645,3675,5616,3830
16053,2025,4155,3277,5034,4170
16053,2026,4507,3527,5488,4170
16055,2025,25367,20596,30139,24780
16055,2026,27148,21825,32472,24780
16057,2025,5853,4482,7223,6010
16057,2026,6186,4656,7715,6010
16059,2025,1348,1105,1591,1370
16059,2026,1432,1161,1703,1370
16061,2025,648,513,783,660
16061,2026,663,512,814,660
16063,2025,802,640,964,810
16063,2026,863,682,1044,810
16065,2025,9835,8040,11631,9230
16065,2026,10834,8831,12838,9230
16067,2025,3907,3277,4537,3870
16067,2026,4262,3560,4965,3870
16069,2025,6595,5753,7438,6320
16069,2026,7016,6076,7956,6320
16071,2025,564,407,721,510
16071,2026,591,416,766,510
16073,2025,2207,1828,2585,2180
16073,2026,2384,1961,2806,2180
16075,2025,4221,3361,5080,4230
16075,2026,4568,3609,5526,4230
16077,2025,1307,982,1632,1320
16077,2026,1432,1070,1795,1320
16079,2025,2367,1973,2761,2380
16079,2026,2425,1986,2865,2380
16081,2025,1461,1206,1715,1290
16081,2026,1618,1334,1901,1290
16083,2025,14047,11415,16680,13900
16083,2026,15091,12154,18029,13900
16085,2025,1730,1443,2017,1510
16085,2026,1863,1542,2183,1510
16087,2025,2043,1653,2432,1940
16087,2026,2210,1775,2645,1940
17001,2025,9685,7893,11476,9220
17001,2026,10206,8207,12204,9220
17003,2025,752,590,914,780
17003,2026,708,528,889,780
17005,2025,2648,2259,3037,2360
17005,2026,2806,2372,3240,2360
17007,2025,8212,7210,9214,7400
17007,2026,8861,7743,9979,7400
17009,2025,884,698,1070,820
17009,2026,951,743,1158,820
17011,2025,5056,4220,5892,4660
17011,2026,5361,4428,6293,4660
17013,2025,440,282,598,440
17013,2026,427,251,603,440
17015,2025,2451,2051,2851,2240
17015,2026,2638,2192,3084,2240
17017,2025,2009,1714,2305,1910
17017,2026,2150,1820,2479,1910
17019,2025,30643,24870,36415,29400
17019,2026,32269,25828,38709,29400
17021,2025,4839,3881,5796,4400
17021,2026,5076,4008,6145,4400
17023,2025,1836,1375,2297,1810
17023,2026,1879,1365,2394,1810
17025,2025,2147,1814,2479,2080
17025,2026,2208,1837,2579,2080
17027,2025,4164,3217,5111,3860
17027,2026,4377,3320,5433,3860
17029,2025,8055,6905,9205,8090
17029,2026,8250,6967,9533,8090
17031,2025,818160,701195,935125,782530
17031,2026,877734,747230,1008238,782530
17033,2025,2387,1936,2837,2260
17033,2026,2462,1960,2965,2260
17035,2025,1163,834,1491,1130
17035,2026,1177,810,1544,1130
17037,2025,15243,12710,17775,14670
17037,2026,16037,13211,18863,14670
17039,2025,1951,1535,2367,1810
17039,2026,2032,1568,2496,1810
17041,2025,2409,1904,2915,2260
17041,2026,2534,1970,3098,2260
17043,2025,106914,88684,125144,98060
17043,2026,116197,95857,136536,98060
17045,2025,2553,2118,2988,2440
17045,2026,2679,2193,3164,2440
17047,2025,1059,906,1211,950
17047,2026,1126,956,1297,950
17049,2025,4451,3671,5231,4140
17049,2026,4671,3800,5541,4140
17051,2025,3327,2907,3748,3150
17051,2026,3441,2972,3911,3150
17053,2025,1969,1575,2364,1890
17053,2026,2061,1621,2501,1890
17055,2025,6607,5749,7464,6640
17055,2026,6725,5768,7682,6640
17057,2025,4677,3917,5436,4570
17057,2026,4792,3945,5640,4570
17059,2025,845,696,994,840
17059,2026,857,691,1023,840
17061,2025,1754,1391,2117,1650
17061,2026,1815,1410,2220,1650
17063,2025,6165,4841,7489,5850
17063,2026,6569,5092,8046,5850
17065,2025,1226,1043,1409,1150
17065,2026,1281,1077,1484,1150
17067,2025,2723,2207,3238,2600
17067,2026,2869,2294,3444,2600
17069,2025,603,534,671,610
17069,2026,614,538,691,610
17071,2025,988,761,1215,990
17071,2026,1059,805,1313,990
17073,2025,6163,4987,7340,5920
17073,2026,6430,5118,7743,5920
17075,2025,4005,3152,4859,3720
17075,2026,4219,3267,5171,3720
17077,2025,9525,7916,11133,9600
17077,2026,9800,8005,11595,9600
17079,2025,1051,797,1304,1080
17079,2026,1045,762,1327,1080
17081,2025,5584,4781,6387,5450
17081,2026,5712,4816,6608,5450
17083,2025,2581,1844,3317,2370
17083,2026,2703,1882,3525,2370
17085,2025,2627,2193,3060,2470
17085,2026,2732,2248,3216,2470
17087,2025,2327,1950,2705,2090
17087,2026,2514,2093,2935,2090
17089,2025,70036,57375,82697,65530
17089,2026,76382,62255,90509,65530
17091,2025,16272,13574,18970,15340
17091,2026,17113,14103,20122,15340
17093,2025,14053,11074,17031,12410
17093,2026,15633,12310,18956,12410
17095,2025,7499,6228,8770,7130
17095,2026,7680,6261,9098,7130
17097,2025,93765,77593,109936,85630
17097,2026,102356,84312,120399,85630
17099,2025,16948,14433,19463,16140
17099,2026,17807,15001,20614,16140
17101,2025,2471,1943,2999,2430
17101,2026,2561,1971,3150,2430
17103,2025,5095,4251,5940,4820
17103,2026,5357,4415,6299,4820
17105,2025,4471,3646,5296,4420
17105,2026,4555,3634,5475,4420
17107,2025,4255,3435,5075,3930
17107,2026,4524,3609,5439,3930
17109,2025,4277,3338,5216,4160
17109,2026,4393,3345,5440,4160
17111,2025,34351,27722,40981,31680
17111,2026,36931,29534,44328,31680
17113,2025,21011,17720,24303,19800
17113,2026,21994,18321,25666,19800
17115,2025,14881,12632,17131,14090
17115,2026,15224,12713,17734,14090
17117,2025,6583,5518,7648,6090
17117,2026,6857,5669,8046,6090
17119,2025,35251,29404,41099,33320
17119,2026,36732,30208,43257,33320
17121,2025,6037,5264,6809,5800
17121,2026,6218,5356,7080,5800
17123,2025,1722,1450,1994,1550
17123,2026,1825,1522,2129,1550
17125,2025,1922,1605,2239,1880
17125,2026,1965,1612,2319,1880
17127,2025,2047,1671,2423,2030
17127,2026,2067,1647,2486,2030
17129,2025,1592,1194,1990,1480
17129,2026,1687,1242,2131,1480
17131,2025,1857,1583,2130,1770
17131,2026,1920,1614,2225,1770
17133,2025,3293,2230,4357,2800
17133,2026,3546,2360,4732,2800
17135,2025,4139,3392,4886,3870
17135,2026,4240,3406,5073,3870
17137,2025,4837,4032,5641,4730
17137,2026,5012,4115,5910,4730
17139,2025,1822,1459,2185,1640
17139,2026,1937,1532,2342,1640
17141,2025,7316,6265,8367,6780
17141,2026,7758,6585,8931,6780
17143,2025,26799,22973,30624,25150
17143,2026,27855,23587,32123,25150
17145,2025,3501,3143,3859,3260
17145,2026,3616,3217,4015,3260
17147,2025,1749,1316,2181,1540
17147,2026,1852,1369,2335,1540
17149,2025,2259,1811,2708,2150
17149,2026,2355,1855,2856,2150
17151,2025,537,406,669,580
17151,2026,524,378,671,580
17153,2025,1075,875,1275,980
17153,2026,1127,904,1350,980
17155,2025,779,658,900,710
17155,2026,824,689,959,710
17157,2025,4831,3992,5669,4710
17157,2026,5113,4177,6049,4710
17159,2025,2291,1851,2731,2220
17159,2026,2364,1873,2854,2220
17161,2025,23254,19674,26834,22000
17161,2026,24694,20699,28689,22000
17163,2025,33575,26189,40960,31240
17163,2026,34796,26555,43036,31240
17165,2025,4247,3615,4879,4290
17165,2026,4354,3649,5059,4290
17167,2025,25486,21468,29504,24040
17167,2026,26245,21761,30728,24040
17169,2025,1188,979,1397,1140
17169,2026,1236,1003,1469,1140
17171,2025,673,552,793,650
17171,2026,702,567,836,650
17173,2025,2743,2131,3356,2480
17173,2026,2868,2184,3551,2480
17175,2025,712,556,868,670
17175,2026,730,555,904,670
17177,2025,6540,5615,7465,6150
17177,2026,6816,5783,7848,6150
17179,2025,15924,12943,18905,14670
17179,2026,16654,13328,19980,14670
17181,2025,3237,2792,3683,3060
17181,2026,3413,2916,3910,3060
17183,2025,11475,9664,13286,11040
17183,2026,11792,9771,13812,11040
17185,2025,1976,1716,2236,1930
17185,2026,2102,1812,2392,1930
17187,2025,2524,1978,3070,2390
17187,2026,2681,2071,3290,2390
17189,2025,1547,1197,1897,1390
17189,2026,1635,1245,2026,1390
17191,2025,2409,2028,2789,2330
17191,2026,2491,2066,2916,2330
17193,2025,2451,2188,2714,2290
17193,2026,2589,2295,2882,2290
17195,2025,8361,7052,9671,7780
17195,2026,8896,7436,10357,7780
17197,2025,77942,63289,92595,69820
17197,2026,84817,68468,101166,69820
17199,2025,10610,9188,12032,10200
17199,2026,11044,9458,12631,10200
17201,2025,48235,42724,53747,45460
17201,2026,50697,44548,56847,45460
17203,2025,3955,2824,5086,3370
17203,2026,4168,2906,5430,3370
18001,2025,4989,4013,5964,4960
18001,2026,5139,4051,6228,4960
18003,2025,61033,50249,71818,59500
18003,2026,64568,52535,76601,59500
18005,2025,13529,11079,15978,13260
18005,2026,14269,11536,17002,13260
18007,2025,1499,1288,1711,1520
18007,2026,1572,1336,1809,1520
18009,2025,2443,2178,2707,2310
18009,2026,2564,2270,2859,2310
18011,2025,8838,6921,10755,8160
18011,2026,9525,7386,11664,8160
18013,2025,2212,1781,2643,2050
18013,2026,2334,1853,2815,2050
18015,2025,2839,2167,3510,2720
18015,2026,2979,2230,3728,2720
18017,2025,6857,5628,8085,6730
18017,2026,7278,5907,8649,6730
18019,2025,19053,15602,22505,18520
18019,2026,20260,16409,24112,18520
18021,2025,4221,3383,5058,4170
18021,2026,4396,3462,5330,4170
18023,2025,4912,3893,5931,5020
18023,2026,5175,4038,6313,5020
18025,2025,2131,1729,2533,2050
18025,2026,2229,1781,2678,2050
18027,2025,5293,4309,6277,5240
18027,2026,5596,4498,6694,5240
18029,2025,7113,5919,8308,6800
18029,2026,7482,6149,8814,6800
18031,2025,3731,2939,4522,3770
18031,2026,3850,2967,4733,3770
18033,2025,6285,4944,7626,6110
18033,2026,6576,5080,8072,6110
18035,2025,21463,17907,25018,21520
18035,2026,22307,18340,26274,21520
18037,2025,6717,5559,7876,6440
18037,2026,7230,5937,8523,6440
18039,2025,35867,28063,43671,34990
18039,2026,38518,29811,47226,34990
18041,2025,4694,4022,5366,4670
18041,2026,4871,4122,5620,4670
18043,2025,12495,10109,14882,12180
18043,2026,13323,10660,15986,12180
18045,2025,2943,2435,3450,2890
18045,2026,3106,2539,3672,2890
18047,2025,3137,2439,3834,2950
18047,2026,3307,2529,4085,2950
18049,2025,3495,3017,3972,3360
18049,2026,3677,3144,4210,3360
18051,2025,5185,4440,5930,4990
18051,2026,5477,4646,6308,4990
18053,2025,13511,11514,15509,13380
18053,2026,14201,11972,16429,13380
18055,2025,5631,4576,6686,5500
18055,2026,5885,4708,7062,5500
18057,2025,41157,32340,49974,37610
18057,2026,44636,34798,54473,37610
18059,2025,10537,8256,12817,10120
18059,2026,11271,8726,13816,10120
18061,2025,5247,4084,6411,5250
18061,2026,5398,4100,6697,5250
18063,2025,21225,16575,25876,19460
18063,2026,22884,17696,28073,19460
18065,2025,8823,7259,10386,8690
18065,2026,9260,7516,11005,8690
18067,2025,15321,12669,17972,15430
18067,2026,16098,13139,19056,15430
18069,2025,5849,4787,6911,5700
18069,2026,6168,4983,7353,5700
18071,2025,7621,6442,8799,7650
18071,2026,7992,6677,9306,7650
18073,2025,4915,4039,5792,4910
18073,2026,5164,4186,6143,4910
18075,2025,3456,2853,4059,3460
18075,2026,3593,2921,4266,3460
18077,2025,6055,5243,6867,5920
18077,2026,6380,5474,7286,5920
18079,2025,4865,4169,5560,4590
18079,2026,5140,4363,5916,4590
18081,2025,23096,18758,27434,22130
18081,2026,24741,19901,29581,22130
18083,2025,6512,5318,7706,6680
18083,2026,6760,5428,8092,6680
18085,2025,12645,10253,15036,12310
18085,2026,13490,10822,16158,12310
18087,2025,5195,3964,6426,4890
18087,2026,5550,4177,6924,4890
18089,2025,85587,71687,99488,82330
18089,2026,90680,75171,106189,82330
18091,2025,18442,15640,21244,17910
18091,2026,19230,16104,22356,17910
18093,2025,7350,5890,8810,7320
18093,2026,7667,6038,9296,7320
18095,2025,24295,20490,28101,24470
18095,2026,25437,21191,29684,24470
18097,2025,165039,135034,195044,163870
18097,2026,173140,139661,206618,163870
18099,2025,7324,5783,8865,7360
18099,2026,7717,5997,9436,7360
18101,2025,1743,1412,2073,1680
18101,2026,1839,1470,2207,1680
18103,2025,6364,5439,7289,6260
18103,2026,6631,5599,7663,6260
18105,2025,24275,19561,28990,24710
18105,2026,25196,19935,30456,24710
18107,2025,6005,4900,7110,5680
18107,2026,6283,5050,7516,5680
18109,2025,10728,8439,13017,10550
18109,2026,11363,8809,13917,10550
18111,2025,2472,1974,2970,2430
18111,2026,2613,2057,3168,2430
18113,2025,7252,5857,8647,7040
18113,2026,7724,6167,9281,7040
18115,2025,956,816,1096,910
18115,2026,1015,859,1171,910
18117,2025,3265,2687,3842,3320
18117,2026,3321,2677,3965,3320
18119,2025,3665,3134,4196,3580
18119,2026,3813,3220,4405,3580
18121,2025,2733,2239,3228,2660
18121,2026,2829,2277,3381,2660
18123,2025,3343,2691,3996,3290
18123,2026,3555,2827,4283,3290
18125,2025,1829,1400,2259,1750
18125,2026,1908,1429,2388,1750
18127,2025,25772,21800,29744,24700
18127,2026,27383,22951,31815,24700
18129,2025,3604,2935,4273,3440
18129,2026,3818,3071,4565,3440
18131,2025,2144,1755,2533,2110
18131,2026,2259,1825,2694,2110
18133,2025,5415,4251,6580,5390
18133,2026,5662,4363,6961,5390
18135,2025,4580,3603,5557,4540
18135,2026,4843,3753,5933,4540
18137,2025,4340,3506,5174,4270
18137,2026,4539,3608,5469,4270
18139,2025,2782,2284,3280,2710
18139,2026,2898,2343,3453,2710
18141,2025,45843,37642,54043,44690
18141,2026,48139,38989,57288,44690
18143,2025,4954,4511,5397,4880
18143,2026,5187,4692,5681,4880
18145,2025,7609,6101,9118,7500
18145,2026,8081,6398,9764,7500
18147,2025,2719,2105,3333,2710
18147,2026,2842,2157,3528,2710
18149,2025,4284,3680,4888,4140
18149,2026,4504,3830,5177,4140
18151,2025,5168,4177,6159,5150
18151,2026,5463,4357,6569,5150
18153,2025,3637,3114,4161,3580
18153,2026,3813,3229,4397,3580
18155,2025,1637,1311,1964,1770
18155,2026,1628,1264,1993,1770
18157,2025,32352,26681,38023,32180
18157,2026,34057,27730,40384,32180
18159,2025,2345,1991,2700,2210
18159,2026,2484,2089,2880,2210
18161,2025,930,720,1140,950
18161,2026,967,733,1202,950
18163,2025,31289,25936,36641,31440
18163,2026,32601,26629,38573,31440
18165,2025,2868,2408,3328,2900
18165,2026,2985,2472,3498,2900
18167,2025,20891,17459,24324,20930
18167,2026,21775,17945,25605,20930
18169,2025,4777,4034,5519,4700
18169,2026,4987,4158,5815,4700
18171,2025,1444,1211,1677,1330
18171,2026,1541,1281,1800,1330
18173,2025,8401,6460,10343,8070
18173,2026,8954,6787,11120,8070
18175,2025,4618,3807,5429,4530
18175,2026,4819,3914,5724,4530
18177,2025,12781,10662,14900,12870
18177,2026,13402,11038,15766,12870
18179,2025,3918,3068,4768,3840
18179,2026,4147,3199,5096,3840
18181,2025,3801,3128,4474,3680
18181,2026,4038,3287,4789,3680
18183,2025,5067,4064,6071,4800
18183,2026,5374,4255,6494,4800
19001,2025,953,805,1101,870
19001,2026,1009,844,1174,870
19003,2025,435,339,530,410
19003,2026,456,349,562,410
19005,2025,1885,1481,2288,1670
19005,2026,2033,1583,2483,1670
19007,2025,2130,1810,2450,2030
19007,2026,2223,1866,2580,2030
19009,2025,747,590,904,680
19009,2026,798,623,973,680
19011,2025,2665,2045,3286,2330
19011,2026,2814,2122,3507,2330
19013,2025,18310,15283,21337,17240
19013,2026,19370,15992,22748,17240
19015,2025,2820,2161,3479,2620
19015,2026,3007,2272,3742,2620
19017,2025,2687,2093,3280,2370
19017,2026,2924,2261,3586,2370
19019,2025,2344,1799,2889,2180
19019,2026,2502,1895,3110,2180
19021,2025,2565,1893,3237,2550
19021,2026,2786,2036,3535,2550
19023,2025,1663,1293,2033,1470
19023,2026,1749,1336,2162,1470
19025,2025,1232,1017,1447,1150
19025,2026,1315,1075,1555,1150
19027,2025,2430,1869,2991,2150
19027,2026,2621,1996,3247,2150
19029,2025,2055,1569,2540,1830
19029,2026,2203,1661,2744,1830
19031,2025,2066,1630,2502,1790
19031,2026,2233,1747,2719,1790
19033,2025,5829,4796,6863,5560
19033,2026,6235,5082,7389,5560
19035,2025,1567,1204,1931,1350
19035,2026,1680,1274,2086,1350
19037,2025,1399,1089,1709,1310
19037,2026,1505,1159,1851,1310
19039,2025,1557,1345,1769,1410
19039,2026,1670,1433,1906,1410
19041,2025,2228,1868,2588,2120
19041,2026,2366,1964,2768,2120
19043,2025,2433,1940,2925,2160
19043,2026,2557,2008,3106,2160
19045,2025,6552,5488,7616,6190
19045,2026,6903,5715,8090,6190
19047,2025,2870,2427,3313,2790
19047,2026,3073,2578,3567,2790
19049,2025,11591,9316,13867,10150
19049,2026,12954,10415,15493,10150
19051,2025,939,732,1147,870
19051,2026,995,764,1227,870
19053,2025,1143,901,1385,1120
19053,2026,1200,930,1470,1120
19055,2025,2147,1720,2575,1960
19055,2026,2337,1860,2814,1960
19057,2025,5563,4738,6389,5250
19057,2026,5756,4835,6678,5250
19059,2025,2122,1716,2528,2030
19059,2026,2278,1825,2731,2030
19061,2025,11691,9464,13919,10790
19061,2026,12428,9942,14913,10790
19063,2025,1407,1216,1598,1280
19063,2026,1518,1305,1732,1280
19065,2025,2759,2363,3155,2540
19065,2026,2925,2483,3367,2540
19067,2025,2051,1540,2563,2040
19067,2026,2135,1564,2706,2040
19069,2025,1483,1201,1766,1380
19069,2026,1613,1298,1928,1380
19071,2025,770,534,1006,750
19071,2026,819,555,1082,750
19073,2025,1218,1043,1393,1110
19073,2026,1297,1103,1492,1110
19075,2025,1257,901,1612,1120
19075,2026,1364,967,1761,1120
19077,2025,1205,949,1460,1110
19077,2026,1280,994,1565,1110
19079,2025,1882,1449,2315,1740
19079,2026,2025,1543,2508,1740
19081,2025,1379,1134,1623,1240
19081,2026,1471,1198,1744,1240
19083,2025,2223,1788,2659,2110
19083,2026,2383,1898,2869,2110
19085,2025,1613,1286,1940,1460
19085,2026,1705,1340,2070,1460
19087,2025,2863,2291,3434,2660
19087,2026,3076,2438,3714,2660
19089,2025,1123,860,1387,1000
19089,2026,1209,915,1503,1000
19091,2025,1355,1134,1577,1230
19091,2026,1433,1186,1680,1230
19093,2025,919,784,1054,870
19093,2026,986,836,1137,870
19095,2025,2145,1761,2529,1900
19095,2026,2336,1907,2764,1900
19097,2025,2335,1893,2777,2180
19097,2026,2450,1957,2944,2180
19099,2025,4760,3910,5610,4470
19099,2026,5087,4138,6036,4470
19101,2025,2286,1854,2718,2230
19101,2026,2395,1913,2877,2230
19103,2025,20127,16420,23834,18740
19103,2026,21744,17608,25880,18740
19105,2025,2775,2289,3260,2520
19105,2026,2991,2450,3533,2520
19107,2025,1411,1217,1604,1270
19107,2026,1492,1276,1708,1270
19109,2025,1721,1388,2054,1570
19109,2026,1788,1416,2159,1570
19111,2025,4843,3919,5768,4560
19111,2026,5085,4053,6116,4560
19113,2025,27385,22106,32665,24700
19113,2026,29354,23464,35245,24700
19115,2025,1537,1250,1825,1430
19115,2026,1674,1354,1995,1430
19117,2025,1375,1182,1568,1250
19117,2026,1471,1256,1686,1250
19119,2025,1287,938,1636,1120
19119,2026,1431,1041,1821,1120
19121,2025,1702,1312,2092,1520
19121,2026,1824,1389,2259,1520
19123,2025,3111,2636,3587,3010
19123,2026,3296,2766,3827,3010
19125,2025,3815,2989,4640,3620
19125,2026,4054,3133,4975,3620
19127,2025,6429,5406,7451,6090
19127,2026,6981,5840,8121,6090
19129,2025,1593,1177,2009,1530
19129,2026,1692,1227,2156,1530
19131,2025,1139,829,1448,1050
19131,2026,1231,885,1576,1050
19133,2025,1085,891,1279,1040
19133,2026,1119,902,1335,1040
19135,2025,939,774,1105,890
19135,2026,987,802,1171,890
19137,2025,1613,1383,1843,1530
19137,2026,1736,1480,1993,1530
19139,2025,6752,5758,7746,6300
19139,2026,7441,6332,8550,6300
19141,2025,2011,1639,2384,1830
19141,2026,2166,1751,2582,1830
19143,2025,871,673,1069,790
19143,2026,948,727,1169,790
19145,2025,2373,2071,2674,2200
19145,2026,2546,2209,2882,2200
19147,2025,1201,942,1459,1050
19147,2026,1298,1009,1586,1050
19149,2025,2872,2122,3622,2690
19149,2026,3103,2266,3939,2690
19151,2025,909,733,1085,890
19151,2026,975,779,1172,890
19153,2025,64544,53850,75238,60300
19153,2026,69519,57588,81451,60300
19155,2025,14039,11875,16203,13300
19155,2026,15148,12734,17563,13300
19157,2025,2601,2297,2904,2330
19157,2026,2800,2462,3139,2330
19159,2025,583,470,696,560
19159,2026,619,493,745,560
19161,2025,1198,929,1467,1130
19161,2026,1296,996,1596,1130
19163,2025,23517,19976,27058,21770
19163,2026,25131,21180,29082,21770
19165,2025,1309,1022,1595,1160
19165,2026,1399,1080,1719,1160
19167,2025,3901,2814,4989,3470
19167,2026,4341,3128,5554,3470
19169,2025,13050,10464,15636,12420
19169,2026,14090,11205,16975,12420
19171,2025,2652,2176,3128,2380
19171,2026,2883,2351,3414,2380
19173,2025,769,540,997,730
19173,2026,832,577,1087,730
19175,2025,1655,1300,2010,1610
19175,2026,1728,1332,2124,1610
19177,2025,1065,891,1238,1010
19177,2026,1138,945,1332,1010
19179,2025,6113,5286,6939,5690
19179,2026,6554,5632,7477,5690
19181,2025,5255,3954,6556,4810
19181,2026,5648,4197,7100,4810
19183,2025,2830,2185,3475,2620
19183,2026,3049,2329,3768,2620
19185,2025,837,630,1043,760
19185,2026,872,642,1103,760
19187,2025,5114,4485,5743,4900
19187,2026,5377,4675,6078,4900
19189,2025,1406,1074,1738,1320
19189,2026,1519,1149,1890,1320
19191,2025,2365,1916,2814,2120
19191,2026,2536,2035,3037,2120
19193,2025,16770,14210,19330,15650
19193,2026,18276,15420,21132,15650
19195,2025,797,573,1021,720
19195,2026,837,587,1087,720
19197,2025,2003,1696,2310,1890
19197,2026,2174,1832,2517,1890
20001,2025,1904,1511,2297,1950
20001,2026,1937,1498,2375,1950
20003,2025,1153,904,1401,1190
20003,2026,1190,913,1467,1190
20005,2025,2476,1850,3102,2530
20005,2026,2555,1857,3253,2530
20007,2025,624,472,776,610
20007,2026,625,455,795,610
20009,2025,4737,3752,5721,4840
20009,2026,5042,3944,6141,4840
20011,2025,2298,1677,2919,2450
20011,2026,2363,1670,3057,2450
20013,2025,1541,1269,1814,1550
20013,2026,1608,1304,1912,1550
20015,2025,9573,7608,11538,9750
20015,2026,10112,7920,12304,9750
20017,2025,373,258,489,380
20017,2026,396,267,525,380
20019,2025,597,499,695,620
20019,2026,612,503,722,620
20021,2025,3174,2568,3780,3300
20021,2026,3261,2585,3937,3300
20023,2025,464,386,542,440
20023,2026,501,414,588,440
20025,2025,317,243,392,320
20025,2026,337,254,420,320
20027,2025,1345,1047,1644,1290
20027,2026,1436,1103,1769,1290
20029,2025,1263,964,1561,1250
20029,2026,1316,983,1649,1250
20031,2025,1292,993,1591,1350
20031,2026,1351,1017,1685,1350
20033,2025,290,225,355,290
20033,2026,310,238,382,290
20035,2025,6373,4976,7770,6600
20035,2026,6746,5188,8305,6600
20037,2025,7671,6359,8982,7720
20037,2026,8042,6578,9505,7720
20039,2025,423,317,528,450
20039,2026,432,314,549,450
20041,2025,2456,1664,3248,2610
20041,2026,2522,1638,3406,2610
20043,2025,973,783,1164,1040
20043,2026,989,776,1202,1040
20045,2025,18623,14235,23012,19420
20045,2026,19535,14639,24431,19420
20047,2025,553,417,690,540
20047,2026,610,458,763,540
20049,2025,429,319,538,440
20049,2026,442,320,564,440
20051,2025,4593,3527,5658,4610
20051,2026,4874,3686,6063,4610
20053,2025,940,722,1158,950
20053,2026,1003,759,1246,950
20055,2025,7462,5694,9230,7450
20055,2026,8304,6331,10277,7450
20057,2025,6848,4714,8982,7040
20057,2026,7643,5263,10024,7040
20059,2025,3919,3112,4727,3960
20059,2026,4137,3236,5038,3960
20061,2025,7596,6462,8730,7400
20061,2026,8178,6912,9443,7400
20063,2025,323,226,419,340
20063,2026,333,225,441,340
20065,2025,333,223,444,360
20065,2026,349,226,472,360
20067,2025,1054,666,1442,1170
20067,2026,1154,721,1586,1170
20069,2025,719,429,1009,740
20069,2026,789,466,1113,740
20071,2025,188,147,229,190
20071,2026,202,156,247,190
20073,2025,929,731,1128,920
20073,2026,957,735,1178,920
20075,2025,379,221,538,420
20075,2026,415,239,592,420
20077,2025,987,799,1176,1020
20077,2026,1038,828,1249,1020
20079,2025,4949,3720,6178,5100
20079,2026,5225,3854,6596,5100
20081,2025,599,427,770,610
20081,2026,659,468,850,610
20083,2025,202,145,259,210
20083,2026,205,141,269,210
20085,2025,1747,1322,2173,1810
20085,2026,1798,1324,2273,1810
20087,2025,2145,1547,2742,2170
20087,2026,2237,1571,2903,2170
20089,2025,523,413,632,530
20089,2026,552,429,674,530
20091,2025,74859,55822,93896,74490
20091,2026,80724,59483,101965,74490
20093,2025,582,415,749,620
20093,2026,613,426,799,620
20095,2025,1206,998,1414,1180
20095,2026,1299,1067,1532,1180
20097,2025,320,241,399,330
20097,2026,339,250,427,330
20099,2025,3669,2849,4488,3780
20099,2026,3824,2909,4738,3780
20101,2025,208,148,268,210
20101,2026,216,149,283,210
20103,2025,11948,9050,14846,12060
20103,2026,12745,9511,15978,12060
20105,2025,462,362,562,450
20105,2026,490,378,601,450
20107,2025,1403,1015,1790,1510
20107,2026,1414,982,1846,1510
20109,2025,565,454,676,560
20109,2026,618,494,742,560
20111,2025,5831,4260,7403,6000
20111,2026,6272,4519,8025,6000
20113,2025,4066,3215,4917,3980
20113,2026,4315,3365,5264,3980
20115,2025,1626,1233,2019,1610
20115,2026,1713,1275,2152,1610
20117,2025,1462,1077,1847,1470
20117,2026,1564,1134,1994,1470
20119,2025,602,436,768,630
20119,2026,657,472,842,630
20121,2025,4552,3427,5677,4550
20121,2026,4853,3598,6108,4550
20123,2025,893,646,1139,930
20123,2026,930,655,1205,930
20125,2025,5481,4397,6564,5770
20125,2026,5622,4413,6830,5770
20127,2025,867,709,1026,840
20127,2026,923,746,1100,840
20129,2025,494,399,589,500
20129,2026,531,425,637,500
20131,2025,1323,988,1657,1350
20131,2026,1392,1019,1765,1350
20133,2025,2562,1955,3169,2640
20133,2026,2604,1927,3281,2640
20135,2025,387,273,502,390
20135,2026,410,282,538,390
20137,2025,800,541,1059,810
20137,2026,857,568,1146,810
20139,2025,2196,1621,2771,2270
20139,2026,2245,1604,2886,2270
20141,2025,489,368,610,490
20141,2026,504,369,639,490
20143,2025,798,637,959,780
20143,2026,839,660,1018,780
20145,2025,1230,1114,1346,1180
20145,2026,1324,1195,1453,1180
20147,2025,866,725,1007,840
20147,2026,918,760,1075,840
20149,2025,3181,2527,3834,3050
20149,2026,3400,2672,4129,3050
20151,2025,1408,1060,1756,1430
20151,2026,1497,1109,1886,1430
20153,2025,417,341,494,400
20153,2026,443,357,528,400
20155,2025,10194,7884,12504,10350
20155,2026,10775,8198,13352,10350
20157,2025,753,583,922,720
20157,2026,806,617,995,720
20159,2025,1272,901,1643,1380
20159,2026,1313,899,1726,1380
20161,2025,12817,10152,15481,12930
20161,2026,13480,10507,16452,12930
20163,2025,667,481,853,690
20163,2026,701,493,909,690
20165,2025,434,300,568,440
20165,2026,458,309,607,440
20167,2025,1154,907,1401,1120
20167,2026,1224,948,1500,1120
20169,2025,8610,6807,10413,8730
20169,2026,9073,7061,11085,8730
20171,2025,854,694,1014,810
20171,2026,942,764,1121,810
20173,2025,91513,74998,108027,92670
20173,2026,97142,78715,115568,92670
20175,2025,4313,3060,5566,4460
20175,2026,4793,3395,6192,4460
20177,2025,29714,23018,36410,30060
20177,2026,31824,24353,39295,30060
20179,2025,363,263,463,340
20179,2026,393,282,505,340
20181,2025,1061,800,1323,1050
20181,2026,1149,857,1441,1050
20183,2025,451,292,610,470
20183,2026,466,289,644,470
20185,2025,595,436,755,610
20185,2026,629,451,806,610
20187,2025,294,227,361,300
20187,2026,309,235,384,300
20189,2025,957,691,1222,990
20189,2026,1032,736,1328,990
20191,2025,3526,2804,4248,3660
20191,2026,3663,2858,4469,3660
20193,2025,977,650,1303,1030
20193,2026,1024,659,1388,1030
20195,2025,321,227,415,320
20195,2026,334,229,438,320
20197,2025,1049,845,1254,1030
20197,2026,1135,907,1363,1030
20199,2025,246,199,293,240
20199,2026,261,208,313,240
20201,2025,769,561,976,780
20201,2026,814,582,1045,780
20203,2025,421,373,470,390
20203,2026,468,414,522,390
20205,2025,1499,1268,1729,1510
20205,2026,1551,1294,1808,1510
20207,2025,499,343,656,540
20207,2026,510,335,684,540
20209,2025,30723,24033,37414,31450
20209,2026,32652,25187,40116,31450
21001,2025,3875,3111,4640,3890
21001,2026,4049,3195,4902,3890
21003,2025,3698,3036,4360,3750
21003,2026,3843,3104,4582,3750
21005,2025,3937,3322,4552,3890
21005,2026,4134,3448,4820,3890
21007,2025,1290,1023,1557,1330
21007,2026,1340,1042,1638,1330
21009,2025,9563,8311,10816,9720
21009,2026,9948,8550,11345,9720
21011,2025,2844,2504,3184,2820
21011,2026,2965,2585,3345,2820
21013,2025,5608,4089,7127,6310
21013,2026,5563,3869,7258,6310
21015,2025,18321,14546,22095,17600
21015,2026,19798,15586,24009,17600
21017,2025,3797,3155,4439,3720
21017,2026,4036,3319,4752,3720
21019,2025,9897,8734,11060,9880
21019,2026,10306,9008,11603,9880
21021,2025,5522,4605,6439,5540
21021,2026,5831,4808,6854,5540
21023,2025,1691,1422,1959,1670
21023,2026,1795,1495,2094,1670
21025,2025,3667,3255,4079,3800
21025,2026,3766,3306,4225,3800
21027,2025,4380,3662,5098,4230
21027,2026,4639,3838,5439,4230
21029,2025,12319,10571,14068,11730
21029,2026,13067,11116,15017,11730
21031,2025,2490,2002,2978,2550
21031,2026,2599,2054,3143,2550
21033,2025,2539,2098,2979,2590
21033,2026,2661,2169,3152,2590
21035,2025,6963,5715,8211,7130
21035,2026,7242,5849,8635,7130
21037,2025,14200,11701,16699,14030
21037,2026,14993,12204,17781,14030
21039,2025,827,701,954,790
21039,2026,870,729,1011,790
21041,2025,2256,1868,2644,2340
21041,2026,2372,1939,2805,2340
21043,2025,5576,5177,5975,5560
21043,2026,5652,5207,6097,5560
21045,2025,3181,2663,3700,3140
21045,2026,3272,2694,3851,3140
21047,2025,14240,11604,16876,14450
21047,2026,14891,11951,17832,14450
21049,2025,6851,5615,8086,6980
21049,2026,7242,5863,8620,6980
21051,2025,5165,4524,5807,5350
21051,2026,5244,4529,5960,5350
21053,2025,1843,1468,2218,1940
21053,2026,1872,1453,2290,1940
21055,2025,2044,1738,2350,1950
21055,2026,2197,1855,2539,1950
21057,2025,1431,1137,1725,1310
21057,2026,1515,1187,1843,1310
21059,2025,18900,15629,22171,18530
21059,2026,20041,16391,23691,18530
21061,2025,2436,2029,2843,2450
21061,2026,2538,2084,2992,2450
21063,2025,1732,1513,1951,1730
21063,2026,1760,1515,2005,1730
21065,2025,3114,2688,3540,3230
21065,2026,3157,2681,3632,3230
21067,2025,54738,44519,64957,54610
21067,2026,58322,46920,69724,54610
21069,2025,3199,2540,3859,3160
21069,2026,3367,2631,4103,3160
21071,2025,8869,7512,10225,9260
21071,2026,9105,7592,10618,9260
21073,2025,9155,7941,10369,8970
21073,2026,9741,8387,11096,8970
21075,2025,1407,1125,1689,1350
21075,2026,1467,1152,1782,1350
21077,2025,1590,1416,1764,1530
21077,2026,1683,1489,1877,1530
21079,2025,3200,2506,3894,3120
21079,2026,3410,2636,4184,3120
21081,2025,4136,3259,5013,4210
21081,2026,4312,3333,5291,4210
21083,2025,7322,6161,8483,7180
21083,2026,7713,6417,9008,7180
21085,2025,5290,4565,6015,5500
21085,2026,5436,4626,6245,5500
21087,2025,2469,2240,2697,2440
21087,2026,2585,2330,2840,2440
21089,2025,6907,5829,7984,6950
21089,2026,7220,6017,8422,6950
21091,2025,1751,1449,2053,1660
21091,2026,1891,1554,2228,1660
21093,2025,19737,15698,23775,19840
21093,2026,21074,16568,25580,19840
21095,2025,6192,5527,6857,6630
21095,2026,6093,5350,6835,6630
21097,2025,3560,2953,4167,3560
21097,2026,3750,3073,4427,3560
21099,2025,4127,3493,4761,4060
21099,2026,4344,3636,5051,4060
21101,2025,8888,7412,10364,9050
21101,2026,9292,7645,10938,9050
21103,2025,2865,2390,3341,2910
21103,2026,2992,2461,3522,2910
21105,2025,951,817,1085,940
21105,2026,1013,864,1163,940
21107,2025,10051,9001,11101,9890
21107,2026,10649,9478,11821,9890
21109,2025,2678,2194,3162,2940
21109,2026,2649,2108,3189,2940
21111,2025,129149,106000,152299,126390
21111,2026,137474,111645,163303,126390
21113,2025,8356,6244,10468,8740
21113,2026,8729,6373,11085,8740
21115,2025,5466,4674,6258,5520
21115,2026,5709,4825,6593,5520
21117,2025,26953,22667,31239,26350
21117,2026,28652,23869,33434,26350
21119,2025,3163,2773,3554,3340
21119,2026,3132,2696,3568,3340
21121,2025,8565,7630,9501,8450
21121,2026,8982,7938,10025,8450
21123,2025,2910,2522,3298,2750
21123,2026,3083,2650,3516,2750
21125,2025,13273,11183,15362,13430
21125,2026,13930,11599,16262,13430
21127,2025,3667,3192,4142,3670
21127,2026,3790,3259,4320,3670
21129,2025,1852,1608,2096,1820
21129,2026,1905,1633,2177,1820
21131,2025,2403,2062,2744,2480
21131,2026,2392,2011,2772,2480
21133,2025,4985,4431,5538,5160
21133,2026,4971,4353,5589,5160
21135,2025,2789,2381,3198,2810
21135,2026,2827,2371,3283,2810
21137,2025,4557,3764,5349,4590
21137,2026,4722,3838,5606,4590
21139,2025,1933,1680,2186,1870
21139,2026,2040,1758,2322,1870
21141,2025,5149,4262,6036,5270
21141,2026,5467,4477,6456,5270
21143,2025,1870,1570,2170,1840
21143,2026,2003,1669,2337,1840
21145,2025,11633,9689,13578,11520
21145,2026,12239,10069,14409,11520
21147,2025,4549,3723,5376,4650
21147,2026,4745,3823,5667,4650
21149,2025,1400,1070,1730,1480
21149,2026,1446,1078,1814,1480
21151,2025,16776,13441,20111,17100
21151,2026,17642,13921,21363,17100
21153,2025,3307,2822,3792,3480
21153,2026,3370,2829,3911,3480
21155,2025,3663,3108,4217,3600
21155,2026,3776,3157,4394,3600
21157,2025,5645,4831,6460,5460
21157,2026,6043,5134,6952,5460
21159,2025,3108,2732,3484,3020
21159,2026,3289,2869,3708,3020
21161,2025,3551,2846,4256,3620
21161,2026,3755,2968,4541,3620
21163,2025,5527,4901,6152,5180
21163,2026,5898,5200,6596,5180
21165,2025,1554,1388,1720,1530
21165,2026,1629,1445,1814,1530
21167,2025,3409,2805,4014,3470
21167,2026,3538,2864,4213,3470
21169,2025,2337,1961,2712,2310
21169,2026,2462,2043,2882,2310
21171,2025,2570,2310,2830,2490
21171,2026,2714,2424,3005,2490
21173,2025,5543,4750,6336,5680
21173,2026,5769,4884,6653,5680
21175,2025,2961,2620,3303,2960
21175,2026,3082,2701,3463,2960
21177,2025,6299,5439,7159,6200
21177,2026,6638,5678,7597,6200
21179,2025,7018,5469,8567,6950
21179,2026,7460,5732,9189,6950
21181,2025,1461,1152,1770,1520
21181,2026,1496,1152,1841,1520
21183,2025,4228,3332,5124,4360
21183,2026,4397,3398,5397,4360
21185,2025,7195,5371,9019,6780
21185,2026,7818,5783,9854,6780
21187,2025,1906,1451,2361,1990
21187,2026,1985,1477,2493,1990
21189,2025,1181,933,1430,1280
21189,2026,1224,947,1501,1280
21191,2025,2852,2494,3210,2850
21191,2026,3015,2616,3414,2850
21193,2025,7213,6117,8309,7130
21193,2026,7609,6386,8832,7130
21195,2025,14283,12749,15818,14350
21195,2026,14848,13135,16560,14350
21197,2025,3006,2541,3471,3020
21197,2026,3175,2655,3694,3020
21199,2025,14311,12338,16284,14330
21199,2026,15029,12828,17231,14330
21201,2025,460,357,563,440
21201,2026,480,366,594,440
21203,2025,3726,3171,4281,3720
21203,2026,3919,3300,4538,3720
21205,2025,5357,4375,6340,5590
21205,2026,5567,4471,6664,5590
21207,2025,4283,3714,4852,4220
21207,2026,4532,3897,5167,4220
21209,2025,9056,7195,10917,9010
21209,2026,9739,7663,11815,9010
21211,2025,7085,5517,8653,7160
21211,2026,7592,5842,9341,7160
21213,2025,3639,2889,4390,3550
21213,2026,3917,3079,4754,3550
21215,2025,2679,2071,3286,2580
21215,2026,2871,2193,3548,2580
21217,2025,5225,4120,6329,5380
21217,2026,5507,4275,6739,5380
21219,2025,2420,2086,2754,2330
21219,2026,2557,2184,2930,2330
21221,2025,3196,2811,3581,3040
21221,2026,3438,3008,3867,3040
21223,2025,1330,1105,1555,1350
21223,2026,1350,1099,1601,1350
21225,2025,2914,2419,3409,2880
21225,2026,3061,2509,3613,2880
21227,2025,25877,21551,30204,25710
21227,2026,27703,22876,32530,25710
21229,2025,2143,1764,2523,2130
21229,2026,2272,1849,2695,2130
21231,2025,4767,3801,5732,4840
21231,2026,5020,3942,6097,4840
21233,2025,2531,2104,2958,2630
21233,2026,2603,2127,3080,2630
21235,2025,8711,7401,10021,8680
21235,2026,9169,7707,10630,8680
21237,2025,1914,1661,2167,1970
21237,2026,1944,1662,2225,1970
21239,2025,3997,2934,5061,4040
21239,2026,4260,3073,5447,4040
22001,2025,12419,10126,14713,12920
22001,2026,12764,10205,15323,12920
22003,2025,4641,3889,5392,4730
22003,2026,4823,3985,5662,4730
22005,2025,18489,15244,21734,18070
22005,2026,19751,16131,23372,18070
22007,2025,3015,2289,3741,3380
22007,2026,2932,2122,3742,3380
22009,2025,9623,8641,10605,9450
22009,2026,10062,8966,11158,9450
22011,2025,6297,5061,7533,6490
22011,2026,6504,5125,7883,6490
22013,2025,2807,2372,3242,2730
22013,2026,2865,2380,3351,2730
22015,2025,24233,20162,28303,24330
22015,2026,25659,21117,30200,24330
22017,2025,45162,38313,52011,45480
22017,2026,46537,38895,54179,45480
22019,2025,37127,32406,41847,36670
22019,2026,38860,33593,44126,36670
22021,2025,2354,1923,2785,2430
22021,2026,2491,2010,2972,2430
22023,2025,663,430,896,730
22023,2026,652,392,912,730
22025,2025,1782,1598,1966,1730
22025,2026,1830,1625,2034,1730
22027,2025,2778,2098,3458,2930
22027,2026,2753,1994,3512,2930
22029,2025,4612,4162,5062,4340
22029,2026,4831,4329,5334,4340
22031,2025,5239,4295,6184,5270
22031,2026,5431,4377,6485,5270
22033,2025,81215,67936,94495,80170
22033,2026,86050,71234,100867,80170
22035,2025,1845,1693,1998,1890
22035,2026,1866,1696,2036,1890
22037,2025,3016,2379,3653,2990
22037,2026,3169,2458,3880,2990
22039,2025,7022,5860,8184,7460
22039,2026,7055,5759,8352,7460
22041,2025,3969,3160,4777,4080
22041,2026,4028,3125,4930,4080
22043,2025,4141,3113,5169,4370
22043,2026,4306,3159,5454,4370
22045,2025,13995,12568,15421,13970
22045,2026,14468,12877,16060,13970
22047,2025,4919,3886,5952,5350
22047,2026,5008,3856,6161,5350
22049,2025,3151,2511,3790,3160
22049,2026,3250,2537,3964,3160
22051,2025,86930,75274,98586,87300
22051,2026,92537,79531,105543,87300
22053,2025,5824,4937,6711,5860
22053,2026,6022,5032,7012,5860
22055,2025,43503,36096,50909,43170
22055,2026,45873,37609,54137,43170
22057,2025,17713,15280,20147,17380
22057,2026,18489,15774,21205,17380
22059,2025,2599,1943,3255,2700
22059,2026,2712,1980,3445,2700
22061,2025,10273,8491,12054,10180
22061,2026,10724,8736,12712,10180
22063,2025,25018,19961,30075,24960
22063,2026,26762,21120,32404,24960
22065,2025,2324,1834,2814,2410
22065,2026,2337,1789,2884,2410
22067,2025,5484,4702,6266,5290
22067,2026,5654,4781,6526,5290
22069,2025,6780,4947,8613,7410
22069,2026,6809,4763,8854,7410
22071,2025,71301,61504,81097,71690
22071,2026,73005,62074,83935,71690
22073,2025,32081,27384,36777,31550
22073,2026,33468,28227,38708,31550
22075,2025,3740,3285,4195,3800
22075,2026,3831,3323,4340,3800
22077,2025,3535,3073,3996,3590
22077,2026,3516,3000,4031,3590
22079,2025,25147,20408,29887,25630
22079,2026,26297,21009,31585,25630
22081,2025,1441,1018,1864,1490
22081,2026,1466,995,1938,1490
22083,2025,3939,3212,4665,4200
22083,2026,4006,3196,4817,4200
22085,2025,4965,4222,5708,4950
22085,2026,5203,4374,6032,4950
22087,2025,9507,8037,10977,9700
22087,2026,9891,8251,11531,9700
22089,2025,8113,6723,9503,8110
22089,2026,8650,7099,10201,8110
22091,2025,3095,3002,3187,2830
22091,2026,3367,3263,3470,2830
22093,2025,2183,1570,2795,2330
22093,2026,2132,1448,2815,2330
22095,2025,5889,4880,6897,5940
22095,2026,6069,4944,7194,5940
22097,2025,16694,14423,18965,16610
22097,2026,17344,14809,19878,16610
22099,2025,8604,7181,10027,8480
22099,2026,8872,7285,10460,8480
22101,2025,9709,8596,10821,9770
22101,2026,10002,8760,11244,9770
22103,2025,47091,40015,54167,45990
22103,2026,50361,42466,58256,45990
22105,2025,27416,23149,31683,28110
22105,2026,28618,23856,33379,28110
22107,2025,898,743,1053,910
22107,2026,910,737,1083,910
22109,2025,18694,15970,21418,19440
22109,2026,19062,16023,22101,19440
22111,2025,4792,4207,5377,4540
22111,2026,5094,4441,5747,4540
22113,2025,11477,9522,13432,11720
22113,2026,11998,9817,14179,11720
22115,2025,11358,9222,13494,11700
22115,2026,11995,9611,14378,11700
22117,2025,10314,8775,11853,10600
22117,2026,10714,8997,12431,10600
22119,2025,7258,5875,8641,7420
22119,2026,7326,5783,8869,7420
22121,2025,4273,3595,4952,3980
22121,2026,4526,3769,5283,3980
22123,2025,1809,1284,2334,2040
22123,2026,1804,1218,2389,2040
22125,2025,2009,1616,2402,1930
22125,2026,2102,1664,2540,1930
22127,2025,2839,2183,3495,2990
22127,2026,2961,2229,3693,2990
23001,2025,18801,16215,21387,18460
23001,2026,19883,16998,22768,18460
23003,2025,11824,9667,13981,11910
23003,2026,12201,9795,14607,11910
23005,2025,38143,30975,45310,37440
23005,2026,40170,32173,48167,37440
23007,2025,4945,4144,5746,4880
23007,2026,5247,4354,6141,4880
23009,2025,7923,6495,9351,7780
23009,2026,8298,6704,9891,7780
23011,2025,19616,16368,22864,19330
23011,2026,20572,16948,24196,19330
23013,2025,5331,4303,6360,5170
23013,2026,5569,4422,6717,5170
23015,2025,4659,3828,5489,4680
23015,2026,4816,3890,5743,4680
23017,2025,9605,8256,10955,9460
23017,2026,10016,8510,11521,9460
23019,2025,25517,20933,30100,25570
23019,2026,26688,21574,31802,25570
23021,2025,3084,2553,3615,3130
23021,2026,3172,2580,3765,3130
23023,2025,5117,4233,6001,4770
23023,2026,5430,4443,6416,4770
23025,2025,8441,7218,9663,8640
23025,2026,8525,7161,9888,8640
23027,2025,6091,5072,7109,5860
23027,2026,6359,5222,7495,5860
23029,2025,5939,5186,6691,5900
23029,2026,6138,5298,6978,5900
23031,2025,28520,24072,32968,27110
23031,2026,30120,25157,35083,27110
24001,2025,13310,10941,15679,13950
24001,2026,13721,11078,16365,13950
24003,2025,74321,62952,85689,72880
24003,2026,79140,66456,91824,72880
24005,2025,121293,105331,137255,117660
24005,2026,128119,110309,145929,117660
24009,2025,9958,8242,11674,9560
24009,2026,10516,8601,12431,9560
24011,2025,5588,4659,6517,5630
24011,2026,5867,4831,6904,5630
24013,2025,22532,19056,26008,21770
24013,2026,23908,20030,27787,21770
24015,2025,16407,13826,18989,16370
24015,2026,17258,14378,20139,16370
24017,2025,16202,13127,19277,14650
24017,2026,17187,13756,20618,14650
24019,2025,5861,4900,6823,5940
24019,2026,6129,5057,7202,5940
24021,2025,37247,32091,42403,36330
24021,2026,39863,34110,45616,36330
24023,2025,5069,4228,5910,5200
24023,2026,5302,4364,6241,5200
24025,2025,33603,28361,38845,32610
24025,2026,35530,29681,41379,32610
24027,2025,39964,34957,44971,37950
24027,2026,42975,37389,48562,37950
24029,2025,3043,2633,3452,3110
24029,2026,3166,2709,3623,3110
24031,2025,154914,134641,175187,152000
24031,2026,167637,145017,190257,152000
24033,2025,128652,111856,145448,121390
24033,2026,140091,121351,158831,121390
24035,2025,6684,5831,7537,6400
24035,2026,7088,6137,8039,6400
24037,2025,15524,12962,18086,15490
24037,2026,16327,13468,19185,15490
24039,2025,3959,3308,4609,3880
24039,2026,3974,3248,4699,3880
24041,2025,6181,5233,7129,6030
24041,2026,6564,5506,7621,6030
24043,2025,27063,23805,30320,27140
24043,2026,28349,24714,31983,27140
24045,2025,16204,14101,18307,16400
24045,2026,16737,14390,19083,16400
24047,2025,8022,6872,9172,8410
24047,2026,8228,6945,9512,8410
24510,2025,103477,87146,119807,105680
24510,2026,105841,87620,124062,105680
25001,2025,26015,22502,29527,24300
25001,2026,27853,23933,31772,24300
25003,2025,17199,14801,19596,16920
25003,2026,18139,15464,20814,16920
25005,2025,82878,70417,95339,81520
25005,2026,88013,74110,101917,81520
25007,2025,1933,1614,2252,1650
25007,2026,2034,1678,2390,1650
25009,2025,109860,91836,127884,108680
25009,2026,118664,98554,138775,108680
25011,2025,10215,8827,11602,9810
25011,2026,10918,9370,12467,9810
25013,2025,80036,67871,92201,80800
25013,2026,85399,71826,98972,80800
25015,2025,18663,14746,22580,18980
25015,2026,19892,15521,24262,18980
25017,2025,180356,151997,208715,173700
25017,2026,194712,163071,226353,173700
25019,2025,1368,1197,1539,1320
25019,2026,1467,1277,1658,1320
25021,2025,69932,57904,81960,65360
25021,2026,75010,61589,88430,65360
25023,2025,49553,39241,59866,46140
25023,2026,52623,41117,64130,46140
25025,2025,127545,103357,151734,129920
25025,2026,135524,108536,162513,129920
25027,2025,113567,96532,130601,110460
25027,2026,122117,103110,141123,110460
26001,2025,1990,1719,2261,1960
26001,2026,2053,1750,2355,1960
26003,2025,1534,1357,1711,1510
26003,2026,1584,1386,1781,1510
26005,2025,16222,13300,19144,14990
26005,2026,17135,13875,20396,14990
26007,2025,5963,5249,6678,5710
26007,2026,6308,5511,7105,5710
26009,2025,3675,3221,4128,3550
26009,2026,3826,3320,4331,3550
26011,2025,2543,2184,2901,2480
26011,2026,2570,2170,2970,2480
26013,2025,1604,1388,1820,1600
26013,2026,1677,1435,1918,1600
26015,2025,8809,7541,10077,8110
26015,2026,9328,7914,10743,8110
26017,2025,18223,15922,20524,17750
26017,2026,18892,16324,21459,17750
26019,2025,2868,2493,3243,2710
26019,2026,3017,2599,3435,2710
26021,2025,25125,21652,28598,24580
26021,2026,25950,22075,29825,24580
26023,2025,7937,6600,9275,7720
26023,2026,8353,6861,9845,7720
26025,2025,21540,19066,24014,21250
26025,2026,22033,19273,24793,21250
26027,2025,8271,6874,9668,7890
26027,2026,8608,7049,10167,7890
26029,2025,3737,3172,4301,3650
26029,2026,3850,3220,4479,3650
26031,2025,4597,3794,5401,4590
26031,2026,4693,3796,5589,4590
26033,2025,6394,5473,7315,6340
26033,2026,6472,5445,7500,6340
26035,2025,6872,6395,7349,6770
26035,2026,7083,6551,7614,6770
26037,2025,10967,9098,12837,10260
26037,2026,11651,9565,13737,10260
26039,2025,2641,2209,3072,2680
26039,2026,2736,2254,3218,2680
26041,2025,6420,5545,7295,6110
26041,2026,6650,5674,7626,6110
26043,2025,4089,3273,4905,4100
26043,2026,4267,3356,5177,4100
26045,2025,15855,13347,18362,15710
26045,2026,16521,13723,19319,15710
26047,2025,5204,4251,6157,4980
26047,2026,5411,4347,6475,4980
26049,2025,70832,61585,80079,70180
26049,2026,72573,62256,82890,70180
26051,2025,4603,4005,5200,4640
26051,2026,4734,4068,5401,4640
26053,2025,2555,2097,3012,2550
26053,2026,2640,2130,3150,2550
26055,2025,13983,12388,15578,13320
26055,2026,14636,12856,16415,13320
26057,2025,7038,6168,7908,6900
26057,2026,7303,6332,8274,6900
26059,2025,7665,6676,8654,7400
26059,2026,7917,6813,9020,7400
26061,2025,5939,4911,6966,5890
26061,2026,6114,4967,7260,5890
26063,2025,5133,4397,5870,5050
26063,2026,5333,4511,6155,5050
26065,2025,48127,41267,54988,48350
26065,2026,50007,42353,57662,48350
26067,2025,10487,8865,12110,9920
26067,2026,11116,9305,12926,9920
26069,2025,5098,4312,5884,5040
26069,2026,5315,4438,6191,5040
26071,2025,2455,2204,2707,2350
26071,2026,2619,2338,2900,2350
26073,2025,12597,10652,14542,12530
26073,2026,13010,10840,15180,12530
26075,2025,24895,21294,28497,24080
26075,2026,25789,21771,29807,24080
26077,2025,40137,34742,45531,38780
26077,2026,41824,35805,47843,38780
26079,2025,3035,2689,3381,2930
26079,2026,3091,2705,3477,2930
26081,2025,95773,80417,111128,91730
26081,2026,101129,83996,118262,91730
26083,2025,349,269,429,360
26083,2026,371,282,460,360
26085,2025,2788,2540,3036,2670
26085,2026,2915,2638,3191,2670
26087,2025,12966,10763,15169,12700
26087,2026,13411,10952,15869,12700
26089,2025,2905,2405,3405,2600
26089,2026,3072,2514,3630,2600
26091,2025,15462,13247,17677,14890
26091,2026,16168,13697,18640,14890
26093,2025,21951,18168,25735,20670
26093,2026,22991,18770,27212,20670
26095,2025,1254,975,1533,1250
26095,2026,1312,1001,1623,1250
26097,2025,2257,1910,2603,2240
26097,2026,2334,1947,2720,2240
26099,2025,122441,101632,143251,121260
26099,2026,125864,102645,149082,121260
26101,2025,4405,3831,4980,4230
26101,2026,4629,3988,5270,4230
26103,2025,11395,9703,13086,11340
26103,2026,11884,9997,13771,11340
26105,2025,5220,4632,5808,5110
26105,2026,5427,4771,6083,5110
26107,2025,7276,5977,8575,7390
26107,2026,7459,6010,8908,7390
26109,2025,3799,3052,4546,3710
26109,2026,3965,3131,4798,3710
26111,2025,13104,11320,14888,12540
26111,2026,13784,11794,15774,12540
26113,2025,2454,2044,2864,2450
26113,2026,2524,2066,2981,2450
26115,2025,24378,21775,26981,23020
26115,2026,25585,22680,28489,23020
26117,2025,10735,9418,12052,10420
26117,2026,11140,9671,12610,10420
26119,2025,2018,1783,2253,1970
26119,2026,2092,1829,2354,1970
26121,2025,27275,23364,31186,27090
26121,2026,28101,23738,32465,27090
26123,2025,8687,7642,9732,8290
26123,2026,9028,7862,10194,8290
26125,2025,160894,133052,188736,154350
26125,2026,167975,136910,199040,154350
26127,2025,5008,4202,5814,4960
26127,2026,5279,4379,6179,4960
26129,2025,4155,3694,4615,4090
26129,2026,4271,3757,4785,4090
26131,2025,1089,949,1229,1060
26131,2026,1130,973,1286,1060
26133,2025,4251,3506,4997,4240
26133,2026,4411,3579,5243,4240
26135,2025,1797,1524,2069,1810
26135,2026,1887,1583,2191,1810
26137,2025,3963,3506,4420,3870
26137,2026,4062,3552,4571,3870
26139,2025,39131,32279,45983,36950
26139,2026,41850,34205,49495,36950
26141,2025,2485,2169,2801,2460
26141,2026,2600,2248,2953,2460
26143,2025,4781,4328,5234,4780
26143,2026,4884,4378,5389,4780
26145,2025,35023,30978,39067,33620
26145,2026,36447,31935,40960,33620
26147,2025,24557,20510,28605,24730
26147,2026,25086,20569,29602,24730
26149,2025,10267,8615,11920,10140
26149,2026,10667,8823,12511,10140
26151,2025,7079,6189,7969,7020
26151,2026,7277,6284,8270,7020
26153,2025,1505,1265,1744,1460
26153,2026,1543,1276,1810,1460
26155,2025,11289,9931,12648,10910
26155,2026,11794,10278,13310,10910
26157,2025,9114,8039,10189,8960
26157,2026,9417,8218,10616,8960
26159,2025,12233,10415,14051,11860
26159,2026,12705,10676,14733,11860
26161,2025,55027,46600,63453,52350
26161,2026,58207,48805,67609,52350
26163,2025,306019,251401,360637,304700
26163,2026,311727,250787,372667,304700
26165,2025,6106,5240,6972,6030
26165,2026,6391,5425,7357,6030
27001,2025,2431,1935,2928,2420
27001,2026,2565,2011,3119,2420
27003,2025,35377,26350,44405,32940
27003,2026,38578,28506,48651,32940
27005,2025,4837,3862,5813,4760
27005,2026,5200,4111,6288,4760
27007,2025,6870,5360,8380,7000
27007,2026,7160,5475,8845,7000
27009,2025,5350,4153,6547,5250
27009,2026,5727,4392,7062,5250
27011,2025,698,575,821,690
27011,2026,743,606,880,690
27013,2025,9409,7454,11363,9190
27013,2026,10121,7940,12302,9190
27015,2025,2978,2327,3629,2830
27015,2026,3232,2505,3958,2830
27017,2025,4970,4127,5813,4730
27017,2026,5301,4360,6242,4730
27019,2025,9339,6632,12045,8570
27019,2026,10365,7345,13385,8570
27021,2025,4121,3172,5071,4090
27021,2026,4329,3270,5389,4090
27023,2025,1900,1547,2253,1810
27023,2026,2066,1671,2460,1810
27025,2025,5580,4328,6832,5230
27025,2026,6004,4607,7402,5230
27027,2025,8967,7336,10599,8480
27027,2026,9707,7887,11528,8480
27029,2025,1220,897,1543,1300
27029,2026,1249,888,1609,1300
27031,2025,678,511,845,680
27031,2026,710,524,896,680
27033,2025,1718,1333,2103,1630
27033,2026,1860,1431,2290,1630
27035,2025,8863,7076,10650,8750
27035,2026,9442,7448,11436,8750
27037,2025,43764,32194,55334,41960
27037,2026,47884,34975,60793,41960
27039,2025,2035,1464,2606,1960
27039,2026,2237,1600,2874,1960
27041,2025,4487,3465,5510,4340
27041,2026,4824,3683,5965,4340
27043,2025,1859,1498,2220,1800
27043,2026,1988,1585,2391,1800
27045,2025,2229,1624,2835,2140
27045,2026,2360,1684,3035,2140
27047,2025,3924,2995,4853,3910
27047,2026,4209,3173,5246,3910
27049,2025,5395,4105,6686,5200
27049,2026,5793,4353,7233,5200
27051,2025,791,577,1006,780
27051,2026,846,607,1086,780
27053,2025,146635,113422,179848,143160
27053,2026,157490,120433,194548,143160
27055,2025,1799,1307,2292,1720
27055,2026,1910,1360,2459,1720
27057,2025,2783,2077,3488,2800
27057,2026,2934,2147,3722,2800
27059,2025,4823,3922,5723,4500
27059,2026,5186,4181,6190,4500
27061,2025,6425,4956,7893,6300
27061,2026,6766,5127,8404,6300
27063,2025,1187,930,1443,1090
27063,2026,1287,1001,1573,1090
27065,2025,2159,1674,2643,2150
27065,2026,2285,1744,2826,2150
27067,2025,5901,4645,7157,5680
27067,2026,6425,5023,7826,5680
27069,2025,419,285,552,400
27069,2026,432,283,581,400
27071,2025,1617,1177,2058,1690
27071,2026,1664,1172,2156,1690
27073,2025,772,571,973,750
27073,2026,823,598,1047,750
27075,2025,1354,1025,1683,1270
27075,2026,1445,1078,1813,1270
27077,2025,429,339,520,410
27077,2026,452,351,554,410
27079,2025,3191,2407,3975,3100
27079,2026,3422,2547,4297,3100
27081,2025,670,487,853,680
27081,2026,710,506,914,680
27083,2025,3350,2494,4206,3320
27083,2026,3584,2629,4540,3320
27085,2025,4528,3446,5610,4410
27085,2026,4907,3700,6115,4410
27087,2025,894,738,1050,900
27087,2026,908,734,1082,900
27089,2025,1030,740,1320,1030
27089,2026,1097,774,1420,1030
27091,2025,2957,2250,3664,3040
27091,2026,3156,2367,3945,3040
27093,2025,2841,2164,3519,2770
27093,2026,3094,2338,3850,2770
27095,2025,3718,2932,4504,3670
27095,2026,3912,3035,4789,3670
27097,2025,4449,3451,5447,4350
27097,2026,4739,3626,5853,4350
27099,2025,4985,3798,6172,4930
27099,2026,5293,3969,6617,4930
27101,2025,942,641,1243,940
27101,2026,1013,677,1348,940
27103,2025,4039,3125,4954,3840
27103,2026,4335,3315,5356,3840
27105,2025,3389,2500,4279,3340
27105,2026,3735,2743,4728,3340
27107,2025,801,652,950,770
27107,2026,855,689,1021,770
27109,2025,17217,12968,21466,16490
27109,2026,18670,13929,23411,16490
27111,2025,7431,5536,9326,7220
27111,2026,7979,5865,10093,7220
27113,2025,1909,1436,2382,1930
27113,2026,2042,1514,2570,1930
27115,2025,4146,3249,5043,4190
27115,2026,4376,3375,5378,4190
27117,2025,1179,894,1464,1150
27117,2026,1255,937,1573,1150
27119,2025,4055,3301,4810,3980
27119,2026,4290,3448,5132,3980
27121,2025,1359,1029,1690,1280
27121,2026,1464,1095,1833,1280
27123,2025,71414,57128,85700,71270
27123,2026,75519,59579,91460,71270
27125,2025,434,324,544,430
27125,2026,452,330,575,430
27127,2025,2053,1552,2554,1990
27127,2026,2227,1668,2786,1990
27129,2025,1961,1493,2430,1890
27129,2026,2122,1599,2645,1890
27131,2025,7710,5966,9454,7490
27131,2026,8360,6415,10305,7490
27133,2025,1065,811,1318,1010
27133,2026,1148,866,1431,1010
27135,2025,1872,1395,2349,1800
27135,2026,2024,1492,2556,1800
27137,2025,27586,21918,33254,27590
27137,2026,29113,22790,35437,27590
27139,2025,12027,8545,15508,11040
27139,2026,13135,9251,17020,11040
27141,2025,8925,6457,11393,8370
27141,2026,9683,6929,12436,8370
27143,2025,1955,1496,2413,1850
27143,2026,2140,1628,2652,1850
27145,2025,20237,16043,24432,19670
27145,2026,21628,16949,26308,19670
27147,2025,4165,3133,5197,4100
27147,2026,4490,3338,5641,4100
27149,2025,1303,1031,1575,1270
27149,2026,1426,1123,1730,1270
27151,2025,1501,1174,1827,1530
27151,2026,1618,1253,1982,1530
27153,2025,3322,2715,3929,3220
27153,2026,3538,2861,4215,3220
27155,2025,426,308,544,430
27155,2026,455,323,587,430
27157,2025,2205,1545,2866,2080
27157,2026,2336,1599,3073,2080
27159,2025,1934,1494,2374,1990
27159,2026,2005,1514,2496,1990
27161,2025,2110,1575,2645,2060
27161,2026,2251,1655,2848,2060
27163,2025,24422,17855,30989,22480
27163,2026,26937,19610,34264,22480
27165,2025,1669,1265,2073,1670
27165,2026,1822,1372,2273,1670
27167,2025,880,694,1066,810
27167,2026,947,739,1155,810
27169,2025,6247,4730,7764,6110
27169,2026,6720,5027,8412,6110
27171,2025,12607,9154,16059,11730
27171,2026,13715,9863,17568,11730
27173,2025,1037,713,1361,1040
27173,2026,1087,725,1448,1040
28001,2025,5468,4523,6413,5750
28001,2026,5286,4232,6340,5750
28003,2025,7875,7023,8728,7920
28003,2026,8132,7180,9083,7920
28005,2025,3038,2921,3155,2890
28005,2026,3112,2981,3242,2890
28007,2025,2966,2648,3284,3070
28007,2026,2836,2482,3191,3070
28009,2025,1531,1240,1821,1600
28009,2026,1568,1243,1892,1600
28011,2025,6608,5481,7735,6670
28011,2026,6573,5316,7831,6670
28013,2025,2774,2376,3172,2930
28013,2026,2804,2359,3248,2930
28015,2025,2009,1576,2441,1840
28015,2026,2079,1596,2562,1840
28017,2025,3501,2994,4009,3280
28017,2026,3579,3013,4145,3280
28019,2025,1629,1350,1907,1690
28019,2026,1659,1348,1970,1690
28021,2025,1479,1274,1684,1580
28021,2026,1378,1149,1607,1580
28023,2025,3201,2874,3527,3140
28023,2026,3270,2906,3634,3140
28025,2025,2984,2189,3779,2980
28025,2026,2937,2049,3824,2980
28027,2025,4740,4157,5323,4830
28027,2026,4677,4027,5328,4830
28029,2025,5350,4381,6319,5310
28029,2026,5486,4404,6567,5310
28031,2025,3365,2886,3843,3490
28031,2026,3363,2828,3897,3490
28033,2025,28711,24207,33216,27610
28033,2026,30142,25117,35168,27610
28035,2025,16727,14585,18869,17140
28035,2026,17027,14637,19416,17140
28037,2025,1789,1628,1950,1640
28037,2026,1865,1686,2045,1640
28039,2025,5735,5214,6255,5650
28039,2026,5954,5373,6535,5650
28041,2025,3227,2681,3774,3200
28041,2026,3374,2765,3984,3200
28043,2025,4749,4094,5405,4690
28043,2026,4934,4203,5665,4690
28045,2025,8957,7179,10734,9470
28045,2026,9142,7159,11126,9470
28047,2025,44985,39032,50937,45940
28047,2026,46434,39792,53076,45940
28049,2025,39772,32965,46579,39190
28049,2026,40504,32909,48099,39190
28051,2025,4225,3658,4793,4260
28051,2026,4156,3523,4789,4260
28053,2025,1613,1512,1715,1690
28053,2026,1533,1420,1646,1690
28055,2025,189,102,276,220
28055,2026,162,65,259,220
28057,2025,4290,3350,5230,4550
28057,2026,4427,3379,5475,4550
28059,2025,29850,25464,34236,30370
28059,2026,30957,26064,35851,30370
28061,2025,2999,2528,3470,3020
28061,2026,3058,2532,3583,3020
28063,2025,1391,1046,1737,1330
28063,2026,1345,960,1730,1330
28065,2025,2322,1868,2776,2290
28065,2026,2397,1890,2903,2290
28067,2025,13149,11558,14740,13030
28067,2026,13365,11590,15140,13030
28069,2025,1600,1247,1953,1670
28069,2026,1544,1150,1939,1670
28071,2025,10219,8634,11805,10360
28071,2026,10644,8875,12413,10360
28073,2025,12463,10948,13979,12360
28073,2026,12955,11264,14645,12360
28075,2025,15680,13802,17558,15490
28075,2026,16069,13973,18164,15490
28077,2025,2845,2576,3115,2780
28077,2026,2956,2655,3257,2780
28079,2025,3846,3189,4503,4110
28079,2026,3736,3003,4469,4110
28081,2025,14121,11698,16545,14400
28081,2026,14405,11701,17109,14400
28083,2025,6214,5001,7427,6390
28083,2026,6279,4926,7632,6390
28085,2025,7137,6176,8097,7010
28085,2026,7368,6296,8440,7010
28087,2025,10481,9348,11615,10490
28087,2026,10665,9401,11929,10490
28089,2025,17138,14579,19697,16300
28089,2026,18112,15257,20967,16300
28091,2025,5055,4512,5597,5190
28091,2026,5104,4499,5710,5190
28093,2025,7479,6449,8510,7270
28093,2026,7858,6709,9008,7270
28095,2025,6227,5170,7283,6470
28095,2026,6350,5171,7528,6470
28097,2025,1889,1659,2118,1930
28097,2026,1876,1620,2132,1930
28099,2025,6129,5330,6927,6080
28099,2026,6151,5259,7042,6080
28101,2025,4613,4013,5212,4670
28101,2026,4733,4064,5402,4670
28103,2025,2022,1682,2362,2120
28103,2026,2007,1628,2386,2120
28105,2025,10635,9122,12148,10540
28105,2026,11019,9331,12707,10540
28107,2025,6697,5859,7535,6580
28107,2026,6854,5919,7789,6580
28109,2025,12050,10201,13899,12150
28109,2026,12554,10491,14618,12150
28111,2025,2634,2390,2878,2640
28111,2026,2685,2413,2957,2640
28113,2025,8654,8051,9257,8510
28113,2026,8708,8035,9381,8510
28115,2025,6635,5327,7943,6860
28115,2026,6924,5465,8384,6860
28117,2025,4694,3671,5717,5160
28117,2026,4705,3564,5847,5160
28119,2025,1108,851,1365,1190
28119,2026,1023,736,1310,1190
28121,2025,26732,22767,30697,25890
28121,2026,28350,23926,32774,25890
28123,2025,5738,4831,6645,5990
28123,2026,5850,4839,6862,5990
28125,2025,790,656,924,780
28125,2026,777,627,927,780
28127,2025,5137,4477,5798,5100
28127,2026,5297,4560,6034,5100
28129,2025,2636,2049,3223,2690
28129,2026,2665,2010,3320,2690
28131,2025,3940,3433,4447,3910
28131,2026,4049,3483,4614,3910
28133,2025,5024,4381,5667,5000
28133,2026,4937,4220,5653,5000
28135,2025,2205,1732,2678,2280
28135,2026,2130,1603,2658,2280
28137,2025,5259,4441,6077,5200
28137,2026,5428,4515,6341,5200
28139,2025,4646,4243,5049,4760
28139,2026,4742,4293,5191,4760
28141,2025,4233,3822,4643,4320
28141,2026,4314,3856,4772,4320
28143,2025,2044,1625,2463,1980
28143,2026,2058,1591,2525,1980
28145,2025,5658,4505,6811,5860
28145,2026,5899,4612,7185,5860
28147,2025,2724,2433,3015,2770
28147,2026,2745,2420,3070,2770
28149,2025,8037,6713,9362,8090
28149,2026,8083,6605,9560,8090
28151,2025,9432,8120,10744,9470
28151,2026,9238,7774,10703,9470
28153,2025,3886,3186,4586,3880
28153,2026,3949,3168,4730,3880
28155,2025,2013,1701,2326,2110
28155,2026,2056,1707,2405,2110
28157,2025,1487,1041,1932,1620
28157,2026,1410,913,1906,1620
28159,2025,4163,3562,4764,3910
28159,2026,4313,3643,4984,3910
28161,2025,2713,2470,2957,2600
28161,2026,2833,2562,3105,2600
28163,2025,6036,5011,7061,6100
28163,2026,6011,4867,7154,6100
29001,2025,4497,3752,5243,4500
29001,2026,4676,3844,5508,4500
29003,2025,2491,1975,3007,2330
29003,2026,2628,2052,3203,2330
29005,2025,881,733,1028,860
29005,2026,919,754,1084,860
29007,2025,4937,4261,5613,4710
29007,2026,5197,4442,5951,4710
29009,2025,6433,5417,7449,6380
29009,2026,6635,5501,7768,6380
29011,2025,2580,2329,2831,2480
29011,2026,2697,2417,2977,2480
29013,2025,3235,2884,3587,2970
29013,2026,3422,3029,3814,2970
29015,2025,4204,3693,4715,4270
29015,2026,4395,3825,4965,4270
29017,2025,1714,1327,2101,1820
29017,2026,1712,1280,2144,1820
29019,2025,31838,26603,37073,30700
29019,2026,33846,28005,39687,30700
29021,2025,16209,13600,18817,16080
29021,2026,16965,14055,19875,16080
29023,2025,9421,7913,10930,9690
29023,2026,9719,8036,11402,9690
29025,2025,1401,1252,1551,1360
29025,2026,1428,1261,1594,1360
29027,2025,7189,5773,8604,6990
29027,2026,7634,6054,9213,6990
29029,2025,7288,6123,8453,7350
29029,2026,7485,6184,8785,7350
29031,2025,13961,11820,16102,13470
29031,2026,14755,12366,17144,13470
29033,2025,1357,1045,1668,1430
29033,2026,1408,1060,1756,1430
29035,2025,1337,1198,1475,1350
29035,2026,1405,1251,1560,1350
29037,2025,15601,13347,17856,15030
29037,2026,16544,14028,19059,15030
29039,2025,2978,2704,3252,2840
29039,2026,3122,2816,3428,2840
29041,2025,1055,848,1261,1020
29041,2026,1071,841,1302,1020
29043,2025,13405,11337,15474,12910
29043,2026,14156,11848,16464,12910
29045,2025,1021,867,1175,1030
29045,2026,1045,873,1217,1030
29047,2025,39457,34893,44020,37490
29047,2026,42244,37152,47336,37490
29049,2025,3741,3406,4076,3470
29049,2026,4010,3637,4384,3470
29051,2025,11457,9272,13642,10980
29051,2026,12161,9723,14599,10980
29053,2025,2597,2180,3014,2580
29053,2026,2680,2215,3145,2580
29055,2025,4259,3640,4879,4460
29055,2026,4342,3651,5034,4460
29057,2025,1310,1062,1558,1330
29057,2026,1349,1072,1625,1330
29059,2025,3779,3459,4099,3650
29059,2026,3995,3638,4352,3650
29061,2025,1389,1109,1669,1310
29061,2026,1464,1151,1776,1310
29063,2025,1675,1251,2099,1670
29063,2026,1726,1253,2199,1670
29065,2025,2537,2029,3046,2630
29065,2026,2536,1969,3103,2630
29067,2025,2158,1769,2547,2260
29067,2026,2160,1726,2595,2260
29069,2025,6263,5033,7494,6490
29069,2026,6415,5042,7788,6490
29071,2025,15563,13212,17914,15350
29071,2026,16285,13662,18908,15350
29073,2025,2434,2096,2772,2340
29073,2026,2562,2185,2939,2340
29075,2025,1147,927,1367,1150
29075,2026,1204,958,1449,1150
29077,2025,55487,47132,63841,55040
29077,2026,58410,49088,67731,55040
29079,2025,1808,1499,2117,1780
29079,2026,1879,1534,2223,1780
29081,2025,1653,1401,1906,1680
29081,2026,1723,1442,2005,1680
29083,2025,4045,3357,4733,4040
29083,2026,4151,3384,4919,4040
29085,2025,1857,1372,2341,1920
29085,2026,1942,1402,2483,1920
29087,2025,709,576,841,710
29087,2026,745,597,893,710
29089,2025,1581,1155,2008,1530
29089,2026,1671,1195,2146,1530
29091,2025,8553,7688,9417,8500
29091,2026,8787,7823,9752,8500
29093,2025,1964,1705,2223,2030
29093,2026,1981,1692,2269,2030
29095,2025,125061,106820,143301,121760
29095,2026,132503,112151,152855,121760
29097,2025,26045,23073,29016,25110
29097,2026,27710,24394,31025,25110
29099,2025,32571,27993,37149,31200
29099,2026,34162,29054,39270,31200
29101,2025,9017,7386,10647,8940
29101,2026,9511,7692,11330,8940
29103,2025,551,381,721,550
29103,2026,553,364,743,550
29105,2025,7445,6111,8780,7480
29105,2026,7823,6334,9312,7480
29107,2025,5124,4344,5904,5140
29107,2026,5347,4476,6217,5140
29109,2025,6982,6145,7819,6880
29109,2026,7251,6318,8185,6880
29111,2025,1587,1384,1789,1490
29111,2026,1620,1394,1845,1490
29113,2025,9814,8431,11197,9190
29113,2026,10407,8863,11950,9190
29115,2025,2007,1694,2321,1930
29115,2026,2073,1723,2423,1930
29117,2025,2360,1812,2908,2400
29117,2026,2450,1838,3062,2400
29119,2025,4824,4089,5559,4790
29119,2026,5129,4310,5949,4790
29121,2025,2404,2000,2808,2370
29121,2026,2494,2043,2944,2370
29123,2025,2421,2060,2781,2400
29123,2026,2528,2125,2930,2400
29125,2025,1621,1357,1885,1590
29125,2026,1688,1393,1982,1590
29127,2025,4932,4350,5514,4930
29127,2026,5098,4449,5747,4930
29129,2025,639,541,738,590
29129,2026,681,571,791,590
29131,2025,4616,3873,5359,4560
29131,2026,4816,3987,5645,4560
29133,2025,2661,2345,2978,2700
29133,2026,2712,2359,3065,2700
29135,2025,2356,2003,2709,2290
29135,2026,2472,2078,2866,2290
29137,2025,1585,1372,1799,1540
29137,2026,1664,1427,1902,1540
29139,2025,2052,1745,2359,2020
29139,2026,2137,1794,2479,2020
29141,2025,4392,3791,4993,4320
29141,2026,4594,3924,5264,4320
29143,2025,3073,2510,3635,3220
29143,2026,3103,2476,3730,3220
29145,2025,10387,8930,11843,10070
29145,2026,10947,9322,12572,10070
29147,2025,3469,2703,4234,3460
29147,2026,3585,2731,4439,3460
29149,2025,1789,1422,2155,1990
29149,2026,1754,1344,2163,1990
29151,2025,1929,1533,2325,1780
29151,2026,2074,1632,2515,1780
29153,2025,1911,1515,2307,2000
29153,2026,1933,1491,2375,2000
29155,2025,3601,3202,4000,3710
29155,2026,3642,3197,4088,3710
29157,2025,3231,2768,3695,3120
29157,2026,3456,2939,3974,3120
29159,2025,8155,7048,9263,8230
29159,2026,8577,7342,9813,8230
29161,2025,8381,7147,9614,8470
29161,2026,8686,7310,10062,8470
29163,2025,3275,2865,3684,3190
29163,2026,3434,2977,3891,3190
29165,2025,16491,14045,18936,15500
29165,2026,17802,15073,20531,15500
29167,2025,6222,5134,7310,6000
29167,2026,6561,5347,7776,6000
29169,2025,9894,8304,11484,10000
29169,2026,10325,8551,12099,10000
29171,2025,758,537,979,760
29171,2026,786,540,1032,760
29173,2025,1709,1431,1986,1630
29173,2026,1809,1500,2119,1630
29175,2025,4551,3898,5205,4350
29175,2026,4734,4004,5463,4350
29177,2025,3851,3387,4315,3680
29177,2026,4064,3546,4581,3680
29179,2025,1313,1105,1522,1320
29179,2026,1363,1130,1596,1320
29181,2025,2063,1312,2815,2510
29181,2026,1970,1132,2809,2510
29183,2025,51413,42537,60289,47880
29183,2026,55373,45470,65277,47880
29185,2025,1875,1576,2173,1830
29185,2026,1951,1618,2284,1830
29186,2025,2796,2363,3229,2630
29186,2026,2943,2461,3426,2630
29187,2025,14052,12528,15576,13640
29187,2026,14733,13033,16433,13640
29189,2025,136109,113087,159132,127840
29189,2026,143551,117864,169238,127840
29195,2025,4335,3541,5129,4330
29195,2026,4587,3701,5473,4330
29197,2025,589,393,784,640
29197,2026,576,358,794,640
29199,2025,556,434,678,560
29199,2026,555,419,691,560
29201,2025,6262,5196,7328,6320
29201,2026,6334,5145,7523,6320
29203,2025,1194,804,1584,1450
29203,2026,1119,684,1555,1450
29205,2025,1055,858,1252,1010
29205,2026,1101,882,1321,1010
29207,2025,5560,4693,6427,5640
29207,2026,5684,4717,6652,5640
29209,2025,5867,5165,6568,5780
29209,2026,6132,5350,6915,5780
29211,2025,1086,916,1256,1040
29211,2026,1152,962,1342,1040
29213,2025,11233,9624,12841,11280
29213,2026,11657,9862,13452,11280
29215,2025,5242,4113,6371,5430
29215,2026,5370,4110,6630,5430
29217,2025,4143,3410,4875,3980
29217,2026,4390,3573,5207,3980
29219,2025,5389,4577,6202,5290
29219,2026,5628,4721,6535,5290
29221,2025,4631,4062,5200,4710
29221,2026,4699,4064,5334,4710
29223,2025,2612,2049,3175,2820
29223,2026,2623,1994,3251,2820
29225,2025,6641,5192,8091,6490
29225,2026,6898,5280,8515,6490
29227,2025,395,345,445,370
29227,2026,420,365,476,370
29229,2025,3571,2795,4347,3690
29229,2026,3642,2776,4508,3690
29510,2025,54975,46023,63928,55130
29510,2026,56566,46577,66555,55130
30001,2025,1420,1063,1777,1430
30001,2026,1516,1117,1914,1430
30003,2025,2303,2129,2476,2280
30003,2026,2354,2161,2548,2280
30005,2025,1225,1062,1387,1260
30005,2026,1238,1057,1420,1260
30007,2025,1012,753,1271,930
30007,2026,1113,824,1401,930
30009,2025,1451,1169,1732,1410
30009,2026,1550,1236,1865,1410
30011,2025,233,198,267,220
30011,2026,253,215,291,220
30013,2025,12949,10383,15515,12730
30013,2026,13896,11033,16759,12730
30015,2025,843,658,1029,810
30015,2026,895,688,1102,810
30017,2025,1969,1714,2225,1900
30017,2026,2120,1835,2405,1900
30019,2025,219,187,251,190
30019,2026,239,204,275,190
30021,2025,1191,872,1510,1230
30021,2026,1266,910,1623,1230
30023,2025,1896,1672,2120,1830
30023,2026,2006,1757,2256,1830
30025,2025,351,303,398,320
30025,2026,370,317,424,320
30027,2025,1897,1607,2188,1830
30027,2026,2040,1716,2364,1830
30029,2025,13739,10476,17003,13500
30029,2026,14715,11074,18356,13500
30031,2025,14731,11569,17892,14060
30031,2026,16120,12593,19648,14060
30033,2025,159,109,209,160
30033,2026,178,122,233,160
30035,2025,3105,2557,3654,3070
30035,2026,3247,2635,3859,3070
30037,2025,151,120,181,140
30037,2026,165,131,199,140
30039,2025,517,413,620,500
30039,2026,552,437,668,500
30041,2025,2519,1720,3319,2590
30041,2026,2655,1763,3548,2590
30043,2025,1519,1168,1869,1440
30043,2026,1661,1269,2052,1440
30045,2025,304,272,336,280
30045,2026,324,288,360,280
30047,2025,5237,4318,6155,5080
30047,2026,5550,4524,6575,5080
30049,2025,9672,7460,11884,9350
30049,2026,10494,8026,12962,9350
30051,2025,381,316,447,370
30051,2026,398,325,471,370
30053,2025,3897,3244,4550,3910
30053,2026,4117,3388,4845,3910
30055,2025,149,81,216,140
30055,2026,159,84,234,140
30057,2025,1105,849,1362,1100
30057,2026,1199,913,1485,1100
30059,2025,298,223,373,300
30059,2026,323,239,407,300
30061,2025,765,585,944,760
30061,2026,798,598,999,760
30063,2025,16642,13132,20152,16800
30063,2026,17700,13784,21616,16800
30065,2025,889,681,1097,890
30065,2026,974,741,1206,890
30067,2025,2514,2027,3001,2430
30067,2026,2715,2172,3258,2430
30069,2025,37,19,56,40
30069,2026,38,18,59,40
30071,2025,570,411,729,590
30071,2026,609,432,785,590
30073,2025,1211,997,1426,1150
30073,2026,1312,1073,1551,1150
30075,2025,225,190,260,200
30075,2026,239,200,278,200
30077,2025,1011,848,1175,1030
30077,2026,1071,889,1253,1030
30079,2025,224,165,283,180
30079,2026,241,175,307,180
30081,2025,6143,4834,7451,6230
30081,2026,6502,5042,7962,6230
30083,2025,1450,1262,1638,1360
30083,2026,1564,1355,1774,1360
30085,2025,2152,1908,2396,2050
30085,2026,2231,1959,2504,2050
30087,2025,1601,1326,1876,1590
30087,2026,1693,1386,2000,1590
30089,2025,2394,2035,2753,2360
30089,2026,2562,2162,2963,2360
30091,2025,525,456,595,490
30091,2026,573,495,651,490
30093,2025,5817,4761,6874,5730
30093,2026,6160,4981,7339,5730
30095,2025,1196,879,1513,1150
30095,2026,1312,959,1665,1150
30097,2025,463,319,606,440
30097,2026,507,347,667,440
30099,2025,807,650,964,800
30099,2026,848,673,1024,800
30101,2025,800,603,997,800
30101,2026,863,643,1083,800
30103,2025,98,60,136,100
30103,2026,103,60,146,100
30105,2025,1033,886,1180,970
30105,2026,1094,930,1258,970
30107,2025,361,324,398,330
30107,2026,384,342,425,330
30109,2025,197,154,239,180
30109,2026,218,171,266,180
30111,2025,23273,19058,27487,22280
30111,2026,25304,20602,30007,22280
31001,2025,5266,4264,6268,5170
31001,2026,5556,4438,6675,5170
31003,2025,935,750,1119,880
31003,2026,976,770,1181,880
31005,2025,69,52,87,60
31005,2026,71,51,91,60
31007,2025,114,73,155,110
31007,2026,124,78,170,110
31009,2025,63,37,90,70
31009,2026,65,35,94,70
31011,2025,786,605,967,720
31011,2026,842,640,1044,720
31013,2025,1737,1350,2125,1740
31013,2026,1826,1394,2258,1740
31015,2025,247,191,304,240
31015,2026,254,191,317,240
31017,2025,463,310,616,470
31017,2026,492,321,662,470
31019,2025,7962,6398,9526,7590
31019,2026,8444,6699,10189,7590
31021,2025,1177,976,1379,1110
31021,2026,1246,1021,1471,1110
31023,2025,1234,1047,1421,1170
31023,2026,1321,1113,1529,1170
31025,2025,3448,2746,4150,3200
31025,2026,3652,2868,4435,3200
31027,2025,1059,786,1333,1010
31027,2026,1121,816,1426,1010
31029,2025,523,380,665,510
31029,2026,554,396,713,510
31031,2025,832,658,1006,830
31031,2026,871,677,1065,830
31033,2025,1713,1466,1959,1690
31033,2026,1814,1539,2090,1690
31035,2025,825,626,1024,790
31035,2026,860,638,1082,790
31037,2025,1613,1217,2009,1590
31037,2026,1753,1311,2195,1590
31039,2025,1323,995,1652,1260
31039,2026,1423,1057,1790,1260
31041,2025,1555,1288,1822,1510
31041,2026,1603,1305,1901,1510
31043,2025,3970,3102,4838,3980
31043,2026,4313,3344,5282,3980
31045,2025,1298,983,1613,1310
31045,2026,1363,1012,1714,1310
31047,2025,4502,3606,5398,4330
31047,2026,4887,3887,5887,4330
31049,2025,301,235,366,290
31049,2026,320,248,393,290
31051,2025,813,660,966,800
31051,2026,860,690,1031,800
31053,2025,6251,4955,7547,6310
31053,2026,6629,5183,8075,6310
31055,2025,95495,77708,113282,92420
31055,2026,102087,82242,121933,92420
31057,2025,294,244,344,280
31057,2026,309,254,365,280
31059,2025,801,608,994,780
31059,2026,848,632,1063,780
31061,2025,473,409,536,450
31061,2026,484,413,555,450
31063,2025,437,344,529,430
31063,2026,460,356,563,430
31065,2025,800,594,1006,780
31065,2026,849,619,1078,780
31067,2025,3865,3357,4373,3690
31067,2026,4070,3503,4637,3690
31069,2025,318,249,387,320
31069,2026,340,264,417,320
31071,2025,263,201,326,240
31071,2026,273,204,343,240
31073,2025,273,177,370,280
31073,2026,293,185,401,280
31075,2025,91,73,108,90
31075,2026,90,71,110,90
31077,2025,352,297,407,350
31077,2026,370,309,431,350
31079,2025,12094,9777,14411,12070
31079,2026,13094,10509,15679,12070
31081,2025,1140,786,1494,1020
31081,2026,1210,815,1605,1020
31083,2025,362,262,462,360
31083,2026,360,248,471,360
31085,2025,147,121,172,140
31085,2026,154,125,182,140
31087,2025,436,340,532,440
31087,2026,451,343,558,440
31089,2025,1630,1292,1968,1530
31089,2026,1746,1368,2123,1530
31091,2025,89,66,113,100
31091,2026,88,62,115,100
31093,2025,850,654,1046,830
31093,2026,886,667,1104,830
31095,2025,1269,1060,1477,1230
31095,2026,1338,1105,1571,1230
31097,2025,930,734,1126,920
31097,2026,1004,786,1223,920
31099,2025,847,675,1018,820
31099,2026,881,690,1072,820
31101,2025,1368,1152,1584,1350
31101,2026,1439,1198,1680,1350
31103,2025,135,95,175,110
31103,2026,146,101,190,110
31105,2025,594,496,692,600
31105,2026,624,514,733,600
31107,2025,1423,1151,1696,1340
31107,2026,1516,1212,1820,1340
31109,2025,53480,43852,63108,52030
31109,2026,57063,46320,67806,52030
31111,2025,6359,5118,7601,6090
31111,2026,6798,5413,8184,6090
31113,2025,89,58,121,90
31113,2026,88,53,123,90
31115,2025,83,60,106,80
31115,2026,84,59,110,80
31117,2025,72,44,100,80
31117,2026,77,45,109,80
31119,2025,6100,4788,7412,6120
31119,2026,6504,5040,7968,6120
31121,2025,1099,875,1322,1070
31121,2026,1125,875,1375,1070
31123,2025,778,586,970,770
31123,2026,835,620,1049,770
31125,2025,610,486,734,580
31125,2026,650,512,788,580
31127,2025,1311,1095,1528,1260
31127,2026,1399,1158,1641,1260
31129,2025,494,300,688,500
31129,2026,502,286,718,500
31131,2025,2290,1901,2679,2210
31131,2026,2373,1939,2807,2210
31133,2025,406,324,488,400
31133,2026,416,325,508,400
31135,2025,407,324,489,370
31135,2026,434,342,526,370
31137,2025,1553,1247,1860,1430
31137,2026,1660,1318,2003,1430
31139,2025,975,809,1141,910
31139,2026,1026,841,1211,910
31141,2025,5597,4420,6773,5390
31141,2026,6092,4780,7405,5390
31143,2025,689,526,853,670
31143,2026,730,548,912,670
31145,2025,1904,1531,2277,1820
31145,2026,2035,1618,2452,1820
31147,2025,1234,970,1498,1210
31147,2026,1285,991,1579,1210
31149,2025,203,155,251,190
31149,2026,216,162,269,190
31151,2025,2317,1777,2856,2290
31151,2026,2477,1875,3079,2290
31153,2025,26141,21089,31192,24730
31153,2026,28163,22527,33800,24730
31155,2025,2801,2111,3492,2590
31155,2026,2936,2166,3707,2590
31157,2025,6827,5457,8196,6690
31157,2026,7304,5776,8832,6690
31159,2025,2351,1913,2790,2220
31159,2026,2486,1998,2975,2220
31161,2025,772,616,928,800
31161,2026,778,605,952,800
31163,2025,421,315,527,410
31163,2026,432,314,551,410
31165,2025,237,179,294,220
31165,2026,258,194,323,220
31167,2025,835,685,985,780
31167,2026,896,728,1063,780
31169,2025,696,550,842,680
31169,2026,726,564,889,680
31171,2025,87,66,107,90
31171,2026,90,66,113,90
31173,2025,1019,778,1259,1030
31173,2026,982,714,1250,1030
31175,2025,677,517,836,660
31175,2026,722,545,900,660
31177,2025,2499,1915,3084,2350
31177,2026,2588,1936,3240,2350
31179,2025,1831,1426,2237,1720
31179,2026,2001,1548,2453,1720
31181,2025,485,350,620,480
31181,2026,507,356,658,480
31183,2025,103,68,137,110
31183,2026,104,66,143,110
31185,2025,2205,1703,2706,2080
31185,2026,2354,1795,2913,2080
32001,2025,4115,3213,5016,3890
32001,2026,4346,3340,5351,3890
32003,2025,401761,334771,468750,386420
32003,2026,424348,349604,499091,386420
32005,2025,6841,5355,8327,6500
32005,2026,7181,5523,8839,6500
32007,2025,8182,6935,9429,7560
32007,2026,8773,7381,10164,7560
32009,2025,260,226,294,250
32009,2026,284,247,322,250
32011,2025,321,263,379,300
32011,2026,342,277,407,300
32013,2025,2739,2287,3192,2500
32013,2026,2925,2421,3430,2500
32015,2025,884,731,1037,770
32015,2026,954,783,1124,770
32017,2025,677,499,856,690
32017,2026,710,511,909,690
32019,2025,10032,8005,12059,9450
32019,2026,10691,8429,12953,9450
32021,2025,934,734,1134,930
32021,2026,994,770,1217,930
32023,2025,11043,9725,12360,10390
32023,2026,11783,10313,13253,10390
32027,2025,1073,777,1369,1060
32027,2026,1153,823,1484,1060
32029,2025,506,440,572,460
32029,2026,519,445,593,460
32031,2025,79593,67364,91822,75900
32031,2026,85319,71674,98963,75900
32033,2025,1250,942,1558,1300
32033,2026,1300,956,1644,1300
32510,2025,9641,7737,11544,9470
32510,2026,10153,8030,12277,9470
33001,2025,7385,5931,8840,6880
33001,2026,7723,6101,9346,6880
33003,2025,5972,4794,7150,5770
33003,2026,6268,4954,7582,5770
33005,2025,9348,7810,10886,8890
33005,2026,9806,8090,11522,8890
33007,2025,4799,3853,5746,4820
33007,2026,5005,3949,6062,4820
33009,2025,11193,8994,13393,10880
33009,2026,11749,9295,14203,10880
33011,2025,48116,38329,57903,47330
33011,2026,50872,39952,61792,47330
33013,2025,17954,14371,21537,17180
33013,2026,19114,15116,23111,17180
33015,2025,30135,23564,36707,28200
33015,2026,32056,24724,39388,28200
33017,2025,16113,13156,19070,15510
33017,2026,17050,13751,20350,15510
33019,2025,5618,4764,6472,5380
33019,2026,5893,4940,6846,5380
34001,2025,41029,31590,50468,40810
34001,2026,42701,32170,53232,40810
34003,2025,112842,97125,128559,107970
34003,2026,121840,104304,139376,107970
34005,2025,45600,36076,55124,41610
34005,2026,48661,38035,59287,41610
34007,2025,76512,65640,87384,73440
34007,2026,81628,69498,93759,73440
34009,2025,12591,10595,14586,12450
34009,2026,12972,10745,15198,12450
34011,2025,27161,22659,31664,26820
34011,2026,29109,24085,34133,26820
34013,2025,136809,114445,159174,132460
34013,2026,146228,121275,171182,132460
34015,2025,32683,26753,38612,30200
34015,2026,34693,28077,41309,30200
34017,2025,136226,113743,158709,137080
34017,2026,147872,122787,172957,137080
34019,2025,10368,8183,12553,9380
34019,2026,11062,8624,13500,9380
34021,2025,49853,41539,58166,47680
34021,2026,53756,44480,63032,47680
34023,2025,110407,93116,127699,106870
34023,2026,119590,100297,138883,106870
34025,2025,66159,56008,76310,62540
34025,2026,70260,58934,81586,62540
34027,2025,51606,44397,58815,47530
34027,2026,55796,47752,63840,47530
34029,2025,79671,69347,89996,74580
34029,2026,84342,72822,95862,74580
34031,2025,89341,75690,102993,89380
34031,2026,96194,80962,111426,89380
34033,2025,9467,8242,10691,9060
34033,2026,9964,8597,11330,9060
34035,2025,33721,28059,39382,30630
34035,2026,36805,30488,43121,30630
34037,2025,14799,12460,17137,13860
34037,2026,15788,13178,18397,13860
34039,2025,78709,63686,93732,76960
34039,2026,85971,69209,102733,76960
34041,2025,12731,10893,14570,12160
34041,2026,13441,11389,15492,12160
35001,2025,115146,99823,130469,115360
35001,2026,121106,104010,138203,115360
35003,2025,856,795,917,810
35003,2026,896,829,964,810
35005,2025,13917,12267,15566,13740
35005,2026,14877,13036,16717,13740
35006,2025,5725,5250,6199,5660
35006,2026,5850,5320,6379,5660
35007,2025,2446,2095,2797,2550
35007,2026,2558,2166,2949,2550
35009,2025,8860,7259,10461,8970
35009,2026,9217,7431,11004,8970
35011,2025,312,238,386,320
35011,2026,327,245,409,320
35013,2025,44558,36754,52362,46000
35013,2026,47022,38314,55729,46000
35015,2025,9867,8686,11048,9990
35015,2026,10501,9184,11819,9990
35017,2025,5363,4747,5979,5520
35017,2026,5524,4837,6212,5520
35019,2025,1055,835,1276,1070
35019,2026,1153,907,1399,1070
35021,2025,149,115,182,130
35021,2026,165,127,203,130
35023,2025,760,576,944,820
35023,2026,784,578,990,820
35025,2025,13508,12396,14620,13110
35025,2026,14505,13264,15745,13110
35027,2025,3660,3258,4062,3630
35027,2026,3886,3437,4334,3630
35028,2025,1457,1051,1862,1340
35028,2026,1494,1042,1946,1340
35029,2025,6850,5859,7841,7080
35029,2026,7213,6107,8318,7080
35031,2025,14456,13044,15868,14240
35031,2026,14143,12568,15719,14240
35033,2025,969,762,1175,1020
35033,2026,1024,793,1254,1020
35035,2025,12949,11288,14610,13020
35035,2026,13420,11566,15273,13020
35037,2025,2080,1899,2261,1970
35037,2026,2219,2017,2420,1970
35039,2025,7391,6515,8268,7330
35039,2026,7771,6793,8749,7330
35041,2025,3752,3215,4289,3880
35041,2026,3894,3295,4493,3880
35043,2025,19326,16102,22550,19590
35043,2026,20106,16509,23704,19590
35045,2025,20981,19436,22526,20690
35045,2026,21013,19289,22737,20690
35047,2025,5941,4704,7179,6390
35047,2026,6191,4810,7572,6390
35049,2025,24257,21052,27462,23840
35049,2026,25860,22284,29436,23840
35051,2025,2709,2432,2985,2650
35051,2026,2811,2502,3119,2650
35053,2025,4063,3543,4583,4180
35053,2026,4244,3664,4825,4180
35055,2025,6081,5037,7125,6350
35055,2026,6379,5214,7544,6350
35057,2025,2881,2557,3204,2900
35057,2026,2960,2600,3321,2900
35059,2025,785,643,928,800
35059,2026,822,663,980,800
35061,2025,14997,13026,16968,14740
35061,2026,16056,13856,18255,14740
36001,2025,42677,35085,50268,40050
36001,2026,44914,36444,53384,40050
36003,2025,6652,5242,8062,6330
36003,2026,6765,5192,8339,6330
36005,2025,377669,335029,420308,377280
36005,2026,401264,353688,448839,377280
36007,2025,30821,27027,34616,29370
36007,2026,31771,27537,36005,29370
36009,2025,11727,10068,13385,11300
36009,2026,11972,10122,13823,11300
36011,2025,10026,8433,11619,9360
36011,2026,10281,8504,12057,9360
36013,2025,20155,17495,22814,19750
36013,2026,20666,17698,23633,19750
36015,2025,12177,10313,14041,11640
36015,2026,12528,10449,14608,11640
36017,2025,6066,4812,7320,5860
36017,2026,6122,4723,7521,5860
36019,2025,10776,8604,12948,10710
36019,2026,10982,8559,13405,10710
36021,2025,7656,6153,9159,7300
36021,2026,8005,6328,9682,7300
36023,2025,6035,4685,7384,5960
36023,2026,6136,4630,7641,5960
36025,2025,6187,5029,7345,6030
36025,2026,6272,4980,7564,6030
36027,2025,34149,27667,40630,32140
36027,2026,35985,28753,43217,32140
36029,2025,126153,105625,146682,118440
36029,2026,130199,107294,153104,118440
36031,2025,4803,3802,5804,4550
36031,2026,4970,3853,6087,4550
36033,2025,7051,5834,8269,7050
36033,2026,7136,5778,8495,7050
36035,2025,7539,6390,8687,7160
36035,2026,7646,6365,8928,7160
36037,2025,7239,6064,8415,6870
36037,2026,7470,6158,8781,6870
36039,2025,5509,4072,6945,5350
36039,2026,5599,3996,7202,5350
36041,2025,642,484,800,600
36041,2026,661,485,837,600
36043,2025,7860,6600,9120,7720
36043,2026,7939,6533,9344,7720
36045,2025,17796,14896,20696,17410
36045,2026,18408,15173,21643,17410
36047,2025,484084,447538,520630,466200
36047,2026,505898,465122,546674,466200
36049,2025,3293,2485,4102,3120
36049,2026,3358,2456,4259,3120
36051,2025,7185,5440,8930,6880
36051,2026,7403,5456,9350,6880
36053,2025,7455,5646,9265,7070
36053,2026,7610,5591,9629,7070
36055,2025,100356,83825,116887,96430
36055,2026,103818,85373,122263,96430
36057,2025,7445,6167,8722,7440
36057,2026,7586,6160,9011,7440
36059,2025,114222,86633,141811,98700
36059,2026,122568,91786,153350,98700
36061,2025,312777,285210,340343,308550
36061,2026,332068,301311,362825,308550
36063,2025,27964,23042,32886,26910
36063,2026,28615,23123,34107,26910
36065,2025,32891,27341,38442,31950
36065,2026,34022,27829,40215,31950
36067,2025,62197,52024,72370,58030
36067,2026,64257,52906,75607,58030
36069,2025,13705,11031,16378,12610
36069,2026,14377,11394,17360,12610
36071,2025,54485,44820,64149,50590
36071,2026,58310,47526,69093,50590
36073,2025,5071,4316,5827,4880
36073,2026,5132,4289,5975,4880
36075,2025,17107,14368,19847,16520
36075,2026,17437,14380,20494,16520
36077,2025,7413,5627,9199,7130
36077,2026,7560,5567,9553,7130
36079,2025,9487,7418,11556,8430
36079,2026,10155,7847,12464,8430
36081,2025,376107,343709,408505,360330
36081,2026,401071,364923,437219,360330
36083,2025,20811,17387,24234,19700
36083,2026,21626,17806,25446,19700
36085,2025,66821,61277,72364,61300
36085,2026,70985,64799,77170,61300
36087,2025,44297,37604,50991,40900
36087,2026,47068,39600,54537,40900
36089,2025,16782,13818,19746,16130
36089,2026,17180,13872,20487,16130
36091,2025,24513,19570,29455,22180
36091,2026,25762,20247,31276,22180
36093,2025,20774,17299,24249,19660
36093,2026,21722,17845,25600,19660
36095,2025,3843,3173,4512,3820
36095,2026,3930,3183,4677,3820
36097,2025,2329,1919,2740,2230
36097,2026,2328,1870,2786,2230
36099,2025,4735,3885,5584,4510
36099,2026,4900,3952,5848,4510
36101,2025,12536,10199,14873,12120
36101,2026,12772,10164,15380,12120
36103,2025,146593,115790,177395,132270
36103,2026,157204,122836,191572,132270
36105,2025,12262,10271,14253,11830
36105,2026,12983,10761,15204,11830
36107,2025,6136,4864,7408,5850
36107,2026,6376,4957,7796,5850
36109,2025,14155,11413,16898,14020
36109,2026,14754,11694,17815,14020
36111,2025,25520,21234,29806,24100
36111,2026,26677,21895,31459,24100
36113,2025,8460,6922,9998,8200
36113,2026,8787,7071,10503,8200
36115,2025,7239,6054,8424,6810
36115,2026,7354,6031,8676,6810
36117,2025,10738,8695,12781,10180
36117,2026,11026,8746,13306,10180
36119,2025,123134,101639,144629,116200
36119,2026,132899,108917,156882,116200
36121,2025,4835,3674,5997,4520
36121,2026,5022,3726,6318,4520
36123,2025,2976,2308,3644,2650
36123,2026,3062,2317,3807,2650
37001,2025,28102,23631,32573,27630
37001,2026,29375,24387,34364,27630
37003,2025,5873,4710,7035,6020
37003,2026,6047,4751,7344,6020
37005,2025,2011,1733,2290,2070
37005,2026,2028,1717,2339,2070
37007,2025,4069,3148,4989,4040
37007,2026,4201,3173,5228,4040
37009,2025,4758,3963,5553,4760
37009,2026,4929,4042,5816,4760
37011,2025,2683,2253,3113,2760
37011,2026,2703,2224,3183,2760
37013,2025,7619,6243,8994,7710
37013,2026,7784,6249,9318,7710
37015,2025,2707,2172,3241,2650
37015,2026,2654,2057,3250,2650
37017,2025,5084,4096,6072,5340
37017,2026,5039,3937,6142,5340
37019,2025,20924,17366,24482,20870
37019,2026,21644,17674,25613,20870
37021,2025,45896,39177,52615,46200
37021,2026,48161,40664,55658,46200
37023,2025,15808,14022,17594,15830
37023,2026,16086,14093,18079,15830
37025,2025,31450,26369,36531,30250
37025,2026,33361,27692,39031,30250
37027,2025,13647,11578,15715,14060
37027,2026,13937,11628,16245,14060
37029,2025,1247,998,1495,1220
37029,2026,1270,993,1547,1220
37031,2025,10701,8717,12685,10830
37031,2026,11023,8810,13237,10830
37033,2025,3654,3134,4174,3640
37033,2026,3739,3160,4319,3640
37035,2025,26483,22999,29967,26090
37035,2026,27586,23699,31473,26090
37037,2025,10857,9102,12613,10450
37037,2026,11408,9449,13367,10450
37039,2025,4837,4250,5423,4770
37039,2026,4885,4231,5540,4770
37041,2025,2312,2025,2599,2150
37041,2026,2361,2040,2682,2150
37043,2025,1899,1701,2096,1870
37043,2026,1939,1719,2159,1870
37045,2025,17098,14722,19474,16970
37045,2026,17452,14800,20103,16970
37047,2025,8079,6580,9577,8530
37047,2026,7909,6237,9581,8530
37049,2025,16057,13053,19060,16360
37049,2026,16452,13102,19803,16360
37051,2025,60403,52005,68801,59880
37051,2026,62028,52658,71398,59880
37053,2025,3640,2813,4467,3510
37053,2026,3781,2858,4705,3510
37055,2025,4842,3978,5706,4850
37055,2026,4947,3982,5911,4850
37057,2025,27995,24121,31868,27710
37057,2026,28873,24551,33194,27710
37059,2025,6609,5642,7576,6560
37059,2026,6814,5735,7893,6560
37061,2025,8665,6255,11075,9460
37061,2026,8777,6088,11466,9460
37063,2025,47655,38181,57129,47020
37063,2026,50013,39442,60583,47020
37065,2025,8323,6695,9951,8320
37065,2026,8325,6508,10141,8320
37067,2025,63411,54195,72626,61660
37067,2026,66315,56033,76597,61660
37069,2025,10247,8391,12103,10170
37069,2026,10697,8626,12768,10170
37071,2025,37440,32320,42560,37520
37071,2026,38814,33102,44527,37520
37073,2025,1274,995,1553,1280
37073,2026,1232,921,1544,1280
37075,2025,1139,971,1306,1220
37075,2026,1086,899,1273,1220
37077,2025,9213,7595,10832,8950
37077,2026,9655,7849,11460,8950
37079,2025,3849,3165,4533,3840
37079,2026,3982,3219,4745,3840
37081,2025,83768,69059,98477,81470
37081,2026,86910,70499,103322,81470
37083,2025,8959,7598,10320,8800
37083,2026,8996,7478,10515,8800
37085,2025,22638,19272,26004,22360
37085,2026,23539,19783,27294,22360
37087,2025,10358,8797,11919,10660
37087,2026,10676,8934,12418,10660
37089,2025,19345,16158,22531,19130
37089,2026,20324,16769,23879,19130
37091,2025,3278,2595,3961,3320
37091,2026,3237,2476,3999,3320
37093,2025,8726,7222,10230,8750
37093,2026,8863,7185,10542,8750
37095,2025,913,650,1175,920
37095,2026,916,623,1208,920
37097,2025,27943,23728,32159,27470
37097,2026,29380,24677,34084,27470
37099,2025,8007,6942,9072,8070
37099,2026,8286,7097,9474,8070
37101,2025,33823,29309,38337,32590
37101,2026,35837,30801,40874,32590
37103,2025,1512,1215,1809,1550
37103,2026,1493,1161,1824,1550
37105,2025,12436,10831,14041,12120
37105,2026,13166,11376,14957,12120
37107,2025,11023,9624,12422,11090
37107,2026,11300,9740,12861,11090
37109,2025,13931,11832,16030,14000
37109,2026,14601,12259,16943,14000
37111,2025,7700,6297,9103,8020
37111,2026,7837,6271,9403,8020
37113,2025,6342,5732,6952,6090
37113,2026,6515,5835,7196,6090
37115,2025,3562,3009,4115,3670
37115,2026,3643,3026,4260,3670
37117,2025,3877,3312,4443,3770
37117,2026,3958,3328,4589,3770
37119,2025,162949,133883,192015,159610
37119,2026,172635,140204,205065,159610
37121,2025,2706,2337,3075,2710
37121,2026,2798,2386,3209,2710
37123,2025,4655,3924,5387,4640
37123,2026,4850,4034,5666,4640
37125,2025,15122,12466,17778,15100
37125,2026,15787,12823,18751,15100
37127,2025,14179,11695,16664,13580
37127,2026,14484,11712,17256,13580
37129,2025,34858,28332,41384,36010
37129,2026,35655,28374,42936,36010
37131,2025,2648,1996,3300,2760
37131,2026,2620,1893,3348,2760
37133,2025,36395,31507,41282,36230
37133,2026,37907,32454,43360,36230
37135,2025,20751,16927,24575,20530
37135,2026,21760,17494,26027,20530
37137,2025,1983,1662,2305,2040
37137,2026,2039,1680,2398,2040
37139,2025,5577,4452,6702,5540
37139,2026,5671,4416,6926,5540
37141,2025,9026,7488,10564,8950
37141,2026,9288,7572,11003,8950
37143,2025,2101,1673,2529,1990
37143,2026,2159,1682,2637,1990
37145,2025,6668,5886,7450,6330
37145,2026,6882,6009,7754,6330
37147,2025,30073,24465,35682,30640
37147,2026,30933,24675,37191,30640
37149,2025,3341,2756,3925,3330
37149,2026,3466,2814,4118,3330
37151,2025,25931,22940,28922,25650
37151,2026,26991,23653,30328,25650
37153,2025,8324,7274,9374,8250
37153,2026,8427,7255,9598,8250
37155,2025,24773,21216,28330,25340
37155,2026,24896,20927,28865,25340
37157,2025,16432,14460,18404,15980
37157,2026,16933,14733,19133,15980
37159,2025,25649,23079,28219,25030
37159,2026,26720,23852,29587,25030
37161,2025,12547,11226,13869,12530
37161,2026,12817,11343,14291,12530
37163,2025,10794,8469,13119,11110
37163,2026,11174,8580,13767,11110
37165,2025,6845,5845,7844,6700
37165,2026,6851,5736,7966,6700
37167,2025,11189,9819,12559,10760
37167,2026,11785,10256,13314,10760
37169,2025,7527,6882,8172,7470
37169,2026,7747,7027,8467,7470
37171,2025,13788,11926,15650,13800
37171,2026,14299,12221,16377,13800
37173,2025,2659,2324,2993,2610
37173,2026,2724,2350,3097,2610
37175,2025,5440,4455,6425,5540
37175,2026,5610,4511,6709,5540
37177,2025,539,340,739,610
37177,2026,521,298,744,610
37179,2025,29657,23665,35650,28490
37179,2026,31438,24752,38125,28490
37181,2025,7351,6009,8692,7440
37181,2026,7406,5910,8903,7440
37183,2025,151532,126884,176180,145670
37183,2026,160725,133225,188226,145670
37185,2025,3483,2868,4097,3300
37185,2026,3580,2894,4266,3300
37187,2025,2165,1796,2533,2160
37187,2026,2187,1775,2598,2160
37189,2025,9301,7553,11050,9590
37189,2026,9591,7640,11542,9590
37191,2025,20265,16554,23975,20570
37191,2026,20770,16630,24910,20570
37193,2025,12203,10563,13843,12410
37193,2026,12512,10682,14342,12410
37195,2025,14376,11833,16919,14220
37195,2026,14769,11931,17607,14220
37197,2025,6499,5596,7402,6600
37197,2026,6744,5736,7751,6600
37199,2025,3403,2871,3934,3400
37199,2026,3530,2937,4123,3400
38001,2025,313,284,342,280
38001,2026,347,315,380,280
38003,2025,1356,915,1797,1310
38003,2026,1503,1012,1995,1310
38005,2025,817,650,984,930
38005,2026,784,598,970,930
38007,2025,99,65,134,90
38007,2026,110,71,148,90
38009,2025,599,469,728,570
38009,2026,638,493,782,570
38011,2025,291,203,379,270
38011,2026,326,228,425,270
38013,2025,225,184,266,210
38013,2026,254,208,300,210
38015,2025,10107,7833,12380,9400
38015,2026,11234,8697,13771,9400
38017,2025,22941,17301,28581,22330
38017,2026,25512,19219,31805,22330
38019,2025,372,332,412,350
38019,2026,404,359,449,350
38021,2025,583,429,736,510
38021,2026,664,493,836,510
38023,2025,221,142,299,220
38023,2026,245,157,333,220
38025,2025,395,323,467,370
38025,2026,436,356,516,370
38027,2025,342,285,399,320
38027,2026,371,308,434,320
38029,2025,351,270,433,330
38029,2026,382,291,473,330
38031,2025,319,229,410,280
38031,2026,351,250,452,280
38033,2025,265,181,350,230
38033,2026,299,204,393,230
38035,2025,8598,6909,10287,8440
38035,2026,9309,7424,11193,8440
38037,2025,293,187,399,260
38037,2026,325,206,443,260
38039,2025,261,134,387,250
38039,2026,293,152,434,250
38041,2025,321,268,375,290
38041,2026,359,300,419,290
38043,2025,288,210,366,270
38043,2026,315,227,402,270
38045,2025,367,255,480,340
38045,2026,390,264,516,340
38047,2025,205,142,267,180
38047,2026,231,162,301,180
38049,2025,549,417,682,500
38049,2026,597,449,744,500
38051,2025,295,225,364,260
38051,2026,323,245,400,260
38053,2025,1857,1677,2038,1750
38053,2026,2041,1840,2243,1750
38055,2025,948,720,1176,860
38055,2026,1052,797,1306,860
38057,2025,857,676,1038,720
38057,2026,945,743,1147,720
38059,2025,3129,2357,3901,2900
38059,2026,3480,2618,4341,2900
38061,2025,1321,1188,1453,1240
38061,2026,1449,1301,1597,1240
38063,2025,353,278,427,320
38063,2026,379,296,462,320
38065,2025,124,74,174,110
38065,2026,129,74,185,110
38067,2025,804,659,949,730
38067,2026,891,729,1053,730
38069,2025,370,229,511,350
38069,2026,391,234,549,350
38071,2025,1802,1592,2012,1720
38071,2026,1945,1711,2180,1720
38073,2025,611,538,684,560
38073,2026,672,591,754,560
38075,2025,203,157,250,190
38075,2026,228,176,279,190
38077,2025,1904,1491,2317,1790
38077,2026,2101,1640,2561,1790
38079,2025,2084,1721,2447,2260
38079,2026,2067,1662,2471,2260
38081,2025,421,327,515,390
38081,2026,475,370,580,390
38083,2025,103,46,160,110
38083,2026,107,44,171,110
38085,2025,927,756,1097,900
38085,2026,965,775,1155,900
38087,2025,75,45,105,70
38087,2026,83,49,116,70
38089,2025,3900,3332,4468,3750
38089,2026,4310,3676,4944,3750
38091,2025,225,202,247,190
38091,2026,256,230,281,190
38093,2025,3149,2756,3541,2910
38093,2026,3454,3015,3892,2910
38095,2025,255,205,304,220
38095,2026,277,222,332,220
38097,2025,747,520,975,700
38097,2026,834,580,1088,700
38099,2025,1279,1007,1552,1220
38099,2026,1412,1108,1717,1220
38101,2025,8257,6873,9642,7990
38101,2026,9113,7568,10657,7990
38103,2025,430,307,553,370
38103,2026,469,332,605,370
38105,2025,4975,4268,5683,4770
38105,2026,5549,4759,6338,4770
39001,2025,5853,4999,6707,5930
39001,2026,6018,5065,6970,5930
39003,2025,16750,14572,18928,16730
39003,2026,17401,14971,19832,16730
39005,2025,8075,6542,9608,8060
39005,2026,8346,6635,10056,8060
39007,2025,17536,15548,19524,17390
39007,2026,17958,15739,20176,17390
39009,2025,11228,9041,13415,12110
39009,2026,11210,8770,13650,12110
39011,2025,6257,5286,7229,6070
39011,2026,6586,5502,7670,6070
39013,2025,11606,9736,13476,11530
39013,2026,12079,9993,14166,11530
39015,2025,8313,7343,9283,8290
39015,2026,8668,7585,9750,8290
39017,2025,57787,48279,67295,57130
39017,2026,60714,50106,71323,57130
39019,2025,4526,4083,4969,4490
39019,2026,4701,4206,5195,4490
39021,2025,5374,4688,6060,5400
39021,2026,5511,4746,6276,5400
39023,2025,23843,20907,26780,23470
39023,2026,24763,21487,28040,23470
39025,2025,31479,27556,35402,30850
39025,2026,33121,28743,37498,30850
39027,2025,6961,6015,7907,6870
39027,2026,7116,6060,8172,6870
39029,2025,18123,15489,20757,18330
39029,2026,18819,15880,21758,18330
39031,2025,7143,6613,7673,6800
39031,2026,7443,6851,8034,6800
39033,2025,6904,6149,7659,6840
39033,2026,7045,6203,7887,6840
39035,2025,208134,182817,233451,203490
39035,2026,214465,186217,242713,203490
39037,2025,8144,6889,9399,7960
39037,2026,8531,7130,9932,7960
39039,2025,5913,4972,6854,5760
39039,2026,6265,5215,7315,5760
39041,2025,24773,20499,29047,22600
39041,2026,26702,21933,31471,22600
39043,2025,12219,10877,13562,11940
39043,2026,12701,11203,14199,11940
39045,2025,22019,18402,25635,21250
39045,2026,23118,19082,27153,21250
39047,2025,5515,5053,5977,5370
39047,2026,5720,5204,6235,5370
39049,2025,213604,182300,244908,211530
39049,2026,223975,189048,258903,211530
39051,2025,6477,5613,7340,6320
39051,2026,6877,5913,7840,6320
39053,2025,5199,4172,6226,5530
39053,2026,5269,4123,6415,5530
39055,2025,10391,8290,12493,9490
39055,2026,10851,8506,13195,9490
39057,2025,24980,21195,28765,24680
39057,2026,26133,21909,30356,24680
39059,2025,6736,5815,7657,6890
39059,2026,6822,5795,7849,6890
39061,2025,128995,108607,149382,127110
39061,2026,134634,111887,157381,127110
39063,2025,11326,9742,12910,11060
39063,2026,11875,10107,13643,11060
39065,2025,5197,4731,5662,4920
39065,2026,5350,4830,5869,4920
39067,2025,2365,2030,2700,2410
39067,2026,2386,2012,2759,2410
39069,2025,3960,3416,4504,3810
39069,2026,4151,3544,4759,3810
39071,2025,7367,6345,8389,7590
39071,2026,7438,6298,8579,7590
39073,2025,4995,4421,5570,4810
39073,2026,5180,4539,5821,4810
39075,2025,5457,4213,6701,5190
39075,2026,5708,4321,7096,5190
39077,2025,10079,8642,11516,10170
39077,2026,10520,8916,12123,10170
39079,2025,6624,5578,7670,6730
39079,2026,6865,5699,8032,6730
39081,2025,11951,10427,13475,11950
39081,2026,12221,10520,13921,11950
39083,2025,9601,8141,11062,9380
39083,2026,9966,8337,11596,9380
39085,2025,32788,28262,37314,31660
39085,2026,34326,29276,39376,31660
39087,2025,11250,9876,12624,11600
39087,2026,11443,9910,12976,11600
39089,2025,27201,22851,31552,26810
39089,2026,28532,23678,33387,26810
39091,2025,7001,5693,8308,6910
39091,2026,7338,5878,8797,6910
39093,2025,51347,44484,58210,49700
39093,2026,53796,46138,61453,49700
39095,2025,77255,65809,88700,78200
39095,2026,79777,67007,92547,78200
39097,2025,6197,5315,7080,5930
39097,2026,6443,5458,7428,5930
39099,2025,41482,35799,47165,41300
39099,2026,43001,36660,49342,41300
39101,2025,12004,10311,13697,11880
39101,2026,12508,10619,14397,11880
39103,2025,23611,19925,27296,22260
39103,2026,24975,20862,29087,22260
39105,2025,4717,4097,5337,4790
39105,2026,4838,4146,5530,4790
39107,2025,5305,4206,6403,5090
39107,2026,5640,4414,6865,5090
39109,2025,15389,12533,18244,15210
39109,2026,16122,12936,19308,15210
39111,2025,2218,1840,2596,2340
39111,2026,2200,1778,2622,2340
39113,2025,87607,75181,100032,87340
39113,2026,90322,76459,104186,87340
39115,2025,2219,1881,2556,2300
39115,2026,2182,1806,2558,2300
39117,2025,5607,4808,6405,5420
39117,2026,5927,5036,6817,5420
39119,2025,15205,13179,17232,15050
39119,2026,15743,13482,18004,15050
39121,2025,2462,2161,2763,2450
39121,2026,2503,2166,2839,2450
39123,2025,5925,4917,6933,5930
39123,2026,6131,5007,7256,5930
39125,2025,2834,2463,3205,2790
39125,2026,2949,2535,3364,2790
39127,2025,5843,4883,6802,6040
39127,2026,5889,4818,6959,6040
39129,2025,9399,8452,10347,9050
39129,2026,9778,8721,10836,9050
39131,2025,5901,5210,6592,5960
39131,2026,6052,5281,6823,5960
39133,2025,23920,19815,28025,23980
39133,2026,24810,20229,29391,23980
39135,2025,6326,5302,7350,6250
39135,2026,6633,5490,7776,6250
39137,2025,3959,3093,4824,3760
39137,2026,4164,3198,5129,3760
39139,2025,21633,19112,24154,21270
39139,2026,22572,19759,25385,21270
39141,2025,13739,11837,15640,13890
39141,2026,14111,11989,16232,13890
39143,2025,10692,9280,12104,10600
39143,2026,11341,9765,12917,10600
39145,2025,15819,14281,17358,16060
39145,2026,16072,14356,17789,16060
39147,2025,8801,7513,10089,8770
39147,2026,9155,7718,10592,8770
39149,2025,7415,6550,8281,7240
39149,2026,7767,6801,8733,7240
39151,2025,59491,52008,66974,58560
39151,2026,61644,53295,69993,58560
39153,2025,82680,70879,94481,81530
39153,2026,85809,72641,98976,81530
39155,2025,36517,32423,40611,36180
39155,2026,37621,33053,42189,36180
39157,2025,15947,13868,18026,15780
39157,2026,16711,14392,19031,15780
39159,2025,7805,6325,9286,7300
39159,2026,8390,6739,10042,7300
39161,2025,3992,3351,4633,3970
39161,2026,4143,3427,4858,3970
39163,2025,2479,2161,2796,2500
39163,2026,2526,2172,2881,2500
39165,2025,30243,25616,34869,28330
39165,2026,32362,27200,37523,28330
39167,2025,9756,8313,11199,9960
39167,2026,9933,8323,11544,9960
39169,2025,16113,13542,18683,16100
39169,2026,16703,13835,19571,16100
39171,2025,6247,5336,7158,6150
39171,2026,6608,5592,7625,6150
39173,2025,21283,18516,24050,20880
39173,2026,22530,19443,25618,20880
39175,2025,3103,2586,3619,3100
39175,2026,3256,2679,3832,3100
40001,2025,4240,3309,5171,4600
40001,2026,4267,3229,5306,4600
40003,2025,1048,867,1229,1020
40003,2026,1127,926,1329,1020
40005,2025,2896,2447,3345,2880
40005,2026,3006,2505,3507,2880
40007,2025,919,664,1174,930
40007,2026,1005,721,1289,930
40009,2025,4862,4358,5366,4630
40009,2026,5180,4617,5742,4630
40011,2025,1616,1303,1929,1640
40011,2026,1705,1356,2054,1640
40013,2025,9816,8167,11465,9900
40013,2026,10308,8468,12148,9900
40015,2025,5391,4523,6260,5460
40015,2026,5578,4609,6547,5460
40017,2025,27113,22181,32046,26090
40017,2026,29586,24083,35090,26090
40019,2025,10315,8875,11754,10320
40019,2026,10910,9304,12516,10320
40021,2025,10418,8993,11843,10470
40021,2026,10869,9278,12459,10470
40023,2025,3272,2737,3807,3400
40023,2026,3351,2754,3948,3400
40025,2025,469,383,556,470
40025,2026,505,409,602,470
40027,2025,54364,46178,62550,52700
40027,2026,58644,49510,67778,52700
40029,2025,1177,1011,1342,1190
40029,2026,1210,1025,1394,1190
40031,2025,27699,23313,32085,27440
40031,2026,29592,24699,34486,27440
40033,2025,1233,1087,1378,1190
40033,2026,1290,1127,1453,1190
40035,2025,3027,2580,3474,2990
40035,2026,3158,2659,3657,2990
40037,2025,13061,11039,15083,12800
40037,2026,13755,11498,16011,12800
40039,2025,5289,4036,6542,5440
40039,2026,5634,4236,7032,5440
40041,2025,8571,7095,10048,8710
40041,2026,8915,7267,10563,8710
40043,2025,795,668,923,790
40043,2026,830,688,973,790
40045,2025,663,577,750,670
40045,2026,686,590,782,670
40047,2025,12787,10968,14605,12620
40047,2026,13688,11659,15717,12620
40049,2025,5061,4091,6030,5200
40049,2026,5319,4237,6401,5200
40051,2025,10392,8570,12214,10250
40051,2026,11107,9074,13140,10250
40053,2025,839,720,958,830
40053,2026,908,775,1041,830
40055,2025,1071,875,1267,1150
40055,2026,1100,882,1319,1150
40057,2025,555,446,664,570
40057,2026,598,477,720,570
40059,2025,541,409,674,560
40059,2026,552,404,700,560
40061,2025,2430,2117,2743,2480
40061,2026,2469,2119,2818,2480
40063,2025,2963,2511,3416,2940
40063,2026,3102,2597,3607,2940
40065,2025,5179,4026,6332,5290
40065,2026,5556,4270,6843,5290
40067,2025,1341,1116,1567,1390
40067,2026,1401,1149,1652,1390
40069,2025,2441,2120,2762,2430
40069,2026,2542,2184,2900,2430
40071,2025,8769,7347,10191,8910
40071,2026,9131,7544,10717,8910
40073,2025,2709,2099,3318,2680
40073,2026,2922,2242,3602,2680
40075,2025,1963,1634,2292,1950
40075,2026,2052,1684,2419,1950
40077,2025,2073,1700,2445,2180
40077,2026,2126,1710,2542,2180
40079,2025,10598,9073,12123,10760
40079,2026,10987,9285,12689,10760
40081,2025,6695,5598,7791,6650
40081,2026,7074,5851,8298,6650
40083,2025,8502,7072,9932,7940
40083,2026,9103,7507,10698,7940
40085,2025,2210,1855,2565,2200
40085,2026,2376,1979,2772,2200
40087,2025,7136,5918,8354,6860
40087,2026,7771,6411,9130,6860
40089,2025,6641,5329,7953,6950
40089,2026,6815,5351,8279,6950
40091,2025,4467,3851,5084,4510
40091,2026,4633,3945,5321,4510
40093,2025,1355,1196,1514,1310
40093,2026,1440,1263,1618,1310
40095,2025,3242,2574,3910,3360
40095,2026,3381,2636,4126,3360
40097,2025,8195,6945,9444,8180
40097,2026,8527,7133,9921,8180
40099,2025,2688,2389,2987,2710
40099,2026,2790,2457,3124,2710
40101,2025,14938,12540,17336,14930
40101,2026,15712,13036,18387,14930
40103,2025,1897,1513,2280,1920
40103,2026,2011,1583,2439,1920
40105,2025,1823,1461,2184,1860
40105,2026,1897,1494,2301,1860
40107,2025,2633,2268,2998,2610
40107,2026,2717,2310,3125,2610
40109,2025,159467,133712,185222,157590
40109,2026,170728,141992,199465,157590
40111,2025,7521,6201,8840,7630
40111,2026,7769,6296,9242,7630
40113,2025,8307,6738,9876,8400
40113,2026,8706,6955,10456,8400
40115,2025,6735,5669,7802,6810
40115,2026,7036,5846,8226,6810
40117,2025,3150,2548,3752,3210
40117,2026,3317,2645,3989,3210
40119,2025,16948,14127,19769,17040
40119,2026,17833,14686,20981,17040
40121,2025,9577,8600,10554,9440
40121,2026,10004,8914,11094,9440
40123,2025,6829,5815,7843,6850
40123,2026,7148,6017,8280,6850
40125,2025,14932,12491,17373,14760
40125,2026,15800,13076,18524,14760
40127,2025,2657,2236,3079,2630
40127,2026,2780,2310,3250,2630
40129,2025,614,514,714,620
40129,2026,638,526,750,620
40131,2025,16469,14196,18743,15730
40131,2026,17631,15095,20167,15730
40133,2025,5550,4845,6255,5560
40133,2026,5756,4970,6542,5560
40135,2025,8867,7313,10421,9100
40135,2026,9212,7479,10946,9100
40137,2025,9091,7866,10315,8980
40137,2026,9588,8221,10954,8980
40139,2025,4663,4140,5186,4430
40139,2026,5103,4520,5687,4430
40141,2025,1646,1357,1935,1680
40141,2026,1753,1431,2076,1680
40143,2025,130791,109410,152172,129520
40143,2026,139761,115905,163617,129520
40145,2025,14190,11912,16468,13820
40145,2026,15143,12601,17685,13820
40147,2025,10681,9072,12289,10500
40147,2026,11426,9632,13220,10500
40149,2025,2153,1812,2495,2150
40149,2026,2285,1904,2666,2150
40151,2025,1687,1360,2015,1630
40151,2026,1814,1449,2179,1630
40153,2025,3938,3450,4426,3940
40153,2026,4195,3650,4739,3940
41001,2025,2996,2602,3390,2900
41001,2026,3172,2733,3611,2900
41003,2025,14955,12397,17514,13970
41003,2026,16002,13147,18856,13970
41005,2025,52389,43450,61328,49130
41005,2026,55928,45955,65902,49130
41007,2025,7151,6185,8118,6890
41007,2026,7629,6551,8708,6890
41009,2025,7065,5840,8291,6850
41009,2026,7367,6000,8735,6850
41011,2025,11609,10175,13043,11420
41011,2026,12044,10444,13644,11420
41013,2025,3927,3122,4731,3960
41013,2026,4151,3253,5048,3960
41015,2025,4141,3552,4730,4140
41015,2026,4363,3706,5020,4140
41017,2025,25571,21101,30042,24290
41017,2026,26934,21945,31922,24290
41019,2025,20251,16857,23645,19620
41019,2026,21389,17603,25176,19620
41021,2025,325,260,390,320
41021,2026,346,273,418,320
41023,2025,1212,1003,1421,1220
41023,2026,1235,1002,1469,1220
41025,2025,1276,1007,1545,1190
41025,2026,1358,1058,1657,1190
41027,2025,3329,2586,4071,3140
41027,2026,3691,2862,4519,3140
41029,2025,35586,29341,41831,34950
41029,2026,37465,30497,44433,34950
41031,2025,4123,3466,4779,4130
41031,2026,4327,3595,5060,4130
41033,2025,15568,13064,18072,15230
41033,2026,16219,13425,19013,15230
41035,2025,13218,11458,14978,13090
41035,2026,13845,11880,15809,13090
41037,2025,1457,1183,1730,1330
41037,2026,1512,1207,1817,1330
41039,2025,63181,54476,71886,62300
41039,2026,65886,56174,75599,62300
41041,2025,9200,7671,10729,9200
41041,2026,9626,7920,11332,9200
41043,2025,21113,17478,24747,20640
41043,2026,22290,18235,26345,20640
41045,2025,6033,4900,7165,5950
41045,2026,6432,5168,7695,5950
41047,2025,60393,50503,70282,59110
41047,2026,64980,53946,76014,59110
41049,2025,2307,1883,2730,2180
41049,2026,2532,2060,3005,2180
41051,2025,124657,105704,143610,122790
41051,2026,131615,110468,152762,122790
41053,2025,14615,12207,17023,13940
41053,2026,15813,13126,18499,13940
41055,2025,418,341,495,400
41055,2026,459,373,544,400
41057,2025,4450,3861,5039,4340
41057,2026,4683,4026,5340,4340
41059,2025,13715,10637,16793,13840
41059,2026,14646,11212,18080,13840
41061,2025,4443,3725,5162,4310
41061,2026,4693,3891,5495,4310
41063,2025,1049,759,1339,1070
41063,2026,1091,767,1414,1070
41065,2025,4429,3557,5302,4280
41065,2026,4725,3752,5699,4280
41067,2025,80995,66591,95399,77680
41067,2026,87460,71389,103531,77680
41069,2025,266,200,332,280
41069,2026,285,211,359,280
41071,2025,16231,13544,18919,15480
41071,2026,17354,14355,20352,15480
42001,2025,12901,10754,15048,12130
42001,2026,13785,11389,16181,12130
42003,2025,162307,138847,185767,156530
42003,2026,169361,143186,195537,156530
42005,2025,9117,8114,10121,9060
42005,2026,9376,8256,10495,9060
42007,2025,21606,19037,24175,20480
42007,2026,22245,19378,25112,20480
42009,2025,6571,5418,7723,6590
42009,2026,6813,5527,8099,6590
42011,2025,64519,56622,72416,62280
42011,2026,69134,60323,77944,62280
42013,2025,16890,14464,19316,16780
42013,2026,17196,14489,19902,16780
42015,2025,8703,7396,10009,8470
42015,2026,9069,7611,10527,8470
42017,2025,67753,55974,79532,63570
42017,2026,72203,59061,85345,63570
42019,2025,23163,19503,26823,21670
42019,2026,24458,20374,28541,21670
42021,2025,20032,17277,22787,19660
42021,2026,20558,17484,23632,19660
42023,2025,810,692,928,790
42023,2026,833,701,964,790
42025,2025,9569,8575,10564,9400
42025,2026,9972,8863,11082,9400
42027,2025,20537,16525,24550,19830
42027,2026,21783,17306,26260,19830
42029,2025,53805,43187,64422,49160
42029,2026,58043,46196,69889,49160
42031,2025,5156,4319,5993,5160
42031,2026,5221,4287,6154,5160
42033,2025,12243,11004,13481,12060
42033,2026,12629,11247,14011,12060
42035,2025,5709,4837,6582,5750
42035,2026,5862,4889,6836,5750
42037,2025,9890,8470,11310,9540
42037,2026,10360,8775,11945,9540
42039,2025,12471,11162,13779,12390
42039,2026,12866,11406,14326,12390
42041,2025,32248,26962,37534,30210
42041,2026,34623,28726,40521,30210
42043,2025,40853,34800,46905,39470
42043,2026,43583,36830,50336,39470
42045,2025,65661,54016,77306,61500
42045,2026,68992,55999,81985,61500
42047,2025,3899,3296,4503,3800
42047,2026,3997,3323,4670,3800
42049,2025,41173,36617,45730,40240
42049,2026,42533,37449,47618,40240
42051,2025,21601,19429,23774,21410
42051,2026,22081,19657,24505,21410
42053,2025,1064,903,1225,1030
42053,2026,1064,884,1244,1030
42055,2025,20407,17366,23449,19990
42055,2026,21501,18108,24895,19990
42057,2025,1992,1695,2289,1940
42057,2026,2054,1723,2385,1940
42059,2025,5134,4425,5843,5230
42059,2026,5242,4451,6033,5230
42061,2025,5730,4805,6655,5620
42061,2026,5821,4789,6853,5620
42063,2025,12351,10592,14110,12460
42063,2026,12749,10786,14712,12460
42065,2025,6494,5672,7316,6220
42065,2026,6689,5772,7607,6220
42067,2025,2911,2278,3545,2870
42067,2026,3006,2299,3714,2870
42069,2025,34925,30486,39364,34790
42069,2026,36622,31669,41575,34790
42071,2025,67575,54684,80467,65710
42071,2026,71634,57251,86018,65710
42073,2025,11907,10382,13431,11820
42073,2026,12128,10427,13829,11820
42075,2025,20441,17617,23264,19830
42075,2026,21775,18624,24925,19830
42077,2025,58571,49505,67636,58060
42077,2026,62782,52667,72897,58060
42079,2025,55200,48779,61621,54450
42079,2026,58204,51040,65369,54450
42081,2025,16831,14489,19172,16760
42081,2026,17488,14875,20100,16760
42083,2025,6155,5363,6948,6170
42083,2026,6264,5381,7148,6170
42085,2025,16081,14513,17649,15840
42085,2026,16453,14704,18203,15840
42087,2025,7299,6338,8261,6930
42087,2026,7618,6545,8691,6930
42089,2025,22213,18544,25883,21180
42089,2026,23382,19287,27476,21180
42091,2025,90868,74808,106928,83740
42091,2026,97469,79550,115388,83740
42093,2025,2226,1769,2683,2210
42093,2026,2315,1805,2825,2210
42095,2025,41483,34968,47997,39650
42095,2026,44444,37176,51713,39650
42097,2025,13031,11140,14923,13050
42097,2026,13392,11281,15503,13050
42099,2025,5187,4154,6220,4990
42099,2026,5392,4240,6545,4990
42101,2025,278442,243437,313447,274020
42101,2026,287564,248507,326621,274020
42103,2025,7863,6698,9027,7330
42103,2026,8306,7007,9605,7330
42105,2025,2370,1993,2747,2390
42105,2026,2423,2002,2844,2390
42107,2025,21737,19089,24384,21430
42107,2026,22657,19703,25610,21430
42109,2025,5087,3996,6178,5080
42109,2026,5287,4069,6504,5080
42111,2025,9787,8092,11481,9530
42111,2026,10051,8161,11941,9530
42113,2025,731,630,832,720
42113,2026,738,625,850,720
42115,2025,5103,4260,5946,5110
42115,2026,5242,4301,6182,5110
42117,2025,5985,5245,6724,5920
42117,2026,6168,5343,6994,5920
42119,2025,5161,4272,6050,4970
42119,2026,5320,4329,6312,4970
42121,2025,7479,6569,8390,7370
42121,2026,7664,6648,8680,7370
42123,2025,5065,4290,5840,4990
42123,2026,5180,4315,6045,4990
42125,2025,26640,22740,30540,25670
42125,2026,27760,23409,32111,25670
42127,2025,7245,6202,8287,7030
42127,2026,7550,6386,8713,7030
42129,2025,45189,39284,51093,43370
42129,2026,46912,40324,53500,43370
42131,2025,3499,2942,4056,3380
42131,2026,3634,3013,4255,3380
42133,2025,56291,46843,65740,54020
42133,2026,59608,49066,70150,54020
44001,2025,4827,3862,5792,4750
44001,2026,5081,4005,6158,4750
44003,2025,18837,15743,21931,18690
44003,2026,19741,16289,23193,18690
44005,2025,8917,7248,10585,8940
44005,2026,9338,7477,11200,8940
44007,2025,99783,79675,119891,103110
44007,2026,105922,83486,128357,103110
44009,2025,11149,8698,13601,10830
44009,2026,11588,8853,14324,10830
45001,2025,3535,2720,4350,3650
45001,2026,3677,2768,4587,3650
45003,2025,27917,21824,34011,27430
45003,2026,30286,23487,37084,27430
45005,2025,1685,1419,1952,1670
45005,2026,1770,1473,2068,1670
45007,2025,35491,29063,41919,35260
45007,2026,38325,31153,45497,35260
45009,2025,2320,1771,2869,2310
45009,2026,2431,1819,3044,2310
45011,2025,4117,3629,4604,4090
45011,2026,4258,3714,4802,4090
45013,2025,29821,23976,35667,28840
45013,2026,32804,26281,39326,28840
45015,2025,35192,28469,41915,34420
45015,2026,38450,30948,45951,34420
45017,2025,1992,1611,2373,1960
45017,2026,2057,1632,2482,1960
45019,2025,61232,49057,73407,60830
45019,2026,66203,52618,79787,60830
45021,2025,10754,8946,12562,10830
45021,2026,11471,9453,13488,10830
45023,2025,5244,4369,6119,5110
45023,2026,5511,4535,6487,5110
45025,2025,8105,6830,9379,8060
45025,2026,8596,7174,10018,8060
45027,2025,4688,3632,5744,4790
45027,2026,4767,3589,5945,4790
45029,2025,7297,5832,8762,7200
45029,2026,7916,6281,9550,7200
45031,2025,10689,8747,12631,10700
45031,2026,11181,9014,13348,10700
45033,2025,5502,4583,6421,5550
45033,2026,5633,4607,6658,5550
45035,2025,24170,19807,28533,23470
45035,2026,26223,21355,31091,23470
45037,2025,4262,3403,5121,4130
45037,2026,4588,3630,5547,4130
45039,2025,3025,2288,3762,3020
45039,2026,3153,2331,3975,3020
45041,2025,22393,17862,26925,22040
45041,2026,24020,18964,29076,22040
45043,2025,9789,8108,11469,9670
45043,2026,10395,8520,12270,9670
45045,2025,85731,68783,102679,85030
45045,2026,93796,74887,112706,85030
45047,2025,10723,8289,13157,10920
45047,2026,11247,8531,13963,10920
45049,2025,3325,2783,3867,3110
45049,2026,3599,2994,4203,3110
45051,2025,67307,54986,79627,68270
45051,2026,72794,59047,86540,68270
45053,2025,5372,4276,6468,5260
45053,2026,5885,4663,7108,5260
45055,2025,10573,8783,12363,10250
45055,2026,11386,9389,13383,10250
45057,2025,15585,12748,18422,15140
45057,2026,16983,13817,20148,15140
45059,2025,12422,10429,14415,12610
45059,2026,13157,10933,15380,12610
45061,2025,2957,2282,3633,2920
45061,2026,3117,2364,3871,2920
45063,2025,45918,36692,55144,45110
45063,2026,49976,39682,60270,45110
45065,2025,1477,1155,1798,1410
45065,2026,1578,1219,1937,1410
45067,2025,6094,5214,6974,5920
45067,2026,6524,5542,7505,5920
45069,2025,5851,5358,6344,5660
45069,2026,6145,5595,6695,5660
45071,2025,6752,5182,8322,6790
45071,2026,7341,5589,9093,6790
45073,2025,15066,12152,17980,15260
45073,2026,16176,12925,19428,15260
45075,2025,14471,12404,16538,13770
45075,2026,15176,12870,17482,13770
45077,2025,24358,20475,28241,23820
45077,2026,26477,22146,30809,23820
45079,2025,67352,54850,79854,65080
45079,2026,73100,59150,87049,65080
45081,2025,3637,3004,4271,3490
45081,2026,3978,3272,4685,3490
45083,2025,59372,49255,69489,58190
45083,2026,64807,53519,76095,58190
45085,2025,16087,12704,19469,16210
45085,2026,16961,13187,20735,16210
45087,2025,5731,5151,6312,5610
45087,2026,6098,5450,6746,5610
45089,2025,5312,4218,6406,5110
45089,2026,5560,4339,6781,5110
45091,2025,39085,31266,46904,38110
45091,2026,42727,34003,51451,38110
46003,2025,346,248,444,350
46003,2026,381,271,490,350
46005,2025,2825,1939,3710,2930
46005,2026,3034,2046,4022,2930
46007,2025,641,501,782,650
46007,2026,646,489,804,650
46009,2025,909,703,1115,890
46009,2026,961,731,1191,890
46011,2025,4532,3333,5731,4630
46011,2026,4847,3509,6185,4630
46013,2025,5378,4198,6558,5340
46013,2026,5785,4468,7101,5340
46015,2025,709,599,820,720
46015,2026,734,610,857,720
46017,2025,397,332,462,440
46017,2026,388,316,461,440
46019,2025,1237,859,1616,1350
46019,2026,1298,876,1721,1350
46021,2025,213,156,270,210
46021,2026,238,174,301,210
46023,2025,1599,1433,1764,1550
46023,2026,1675,1490,1860,1550
46025,2025,491,310,671,490
46025,2026,532,330,733,490
46027,2025,2518,2040,2996,2520
46027,2026,2707,2174,3241,2520
46029,2025,3297,2584,4009,3370
46029,2026,3400,2605,4194,3370
46031,2025,997,819,1174,1030
46031,2026,1018,820,1216,1030
46033,2025,1069,802,1335,1160
46033,2026,1106,809,1404,1160
46035,2025,3008,2420,3596,2990
46035,2026,3183,2527,3839,2990
46037,2025,789,638,941,790
46037,2026,827,658,996,790
46039,2025,475,328,623,480
46039,2026,503,338,668,480
46041,2025,1061,902,1219,1120
46041,2026,1058,881,1234,1120
46043,2025,383,293,474,340
46043,2026,415,314,516,340
46045,2025,502,396,608,460
46045,2026,554,436,672,460
46047,2025,1305,1143,1468,1210
46047,2026,1389,1207,1570,1210
46049,2025,372,309,435,360
46049,2026,393,323,463,360
46051,2025,1105,792,1419,1080
46051,2026,1214,865,1564,1080
46053,2025,476,326,626,490
46053,2026,489,322,657,490
46055,2025,179,148,209,190
46055,2026,176,142,210,190
46057,2025,627,449,806,590
46057,2026,683,484,882,590
46059,2025,380,283,477,390
46059,2026,401,294,509,390
46061,2025,281,212,351,290
46061,2026,285,207,363,290
46063,2025,101,74,128,100
46063,2026,102,72,132,100
46065,2025,2180,1772,2588,2220
46065,2026,2296,1840,2751,2220
46067,2025,958,734,1182,950
46067,2026,1022,772,1272,950
46069,2025,135,77,192,130
46069,2026,143,79,207,130
46071,2025,600,465,735,670
46071,2026,584,434,735,670
46073,2025,203,141,265,200
46073,2026,212,142,281,200
46075,2025,149,117,182,140
46075,2026,164,128,200,140
46077,2025,629,486,771,600
46077,2026,678,519,837,600
46079,2025,1333,917,1750,1420
46079,2026,1379,914,1844,1420
46081,2025,4111,3289,4933,4160
46081,2026,4389,3472,5306,4160
46083,2025,7559,5698,9421,7010
46083,2026,8437,6359,10514,7010
46085,2025,694,607,781,650
46085,2026,722,625,820,650
46087,2025,614,450,778,600
46087,2026,651,468,833,600
46089,2025,289,213,365,290
46089,2026,301,216,386,290
46091,2025,453,296,609,450
46091,2026,473,299,647,450
46093,2025,3986,3071,4901,3790
46093,2026,4351,3329,5372,3790
46095,2025,489,415,563,480
46095,2026,491,408,573,480
46097,2025,323,268,378,300
46097,2026,348,286,409,300
46099,2025,25217,19083,31351,25350
46099,2026,27158,20315,34002,25350
46101,2025,829,601,1056,870
46101,2026,875,621,1129,870
46102,2025,3989,3643,4335,4050
46102,2026,4025,3639,4411,4050
46103,2025,16169,12525,19812,16520
46103,2026,17125,13060,21190,16520
46105,2025,411,313,508,400
46105,2026,442,333,551,400
46107,2025,253,198,308,240
46107,2026,269,208,330,240
46109,2025,1484,1261,1707,1460
46109,2026,1518,1269,1767,1460
46111,2025,297,241,353,280
46111,2026,315,253,378,280
46115,2025,793,536,1050,790
46115,2026,849,562,1136,790
46117,2025,344,243,445,350
46117,2026,378,265,491,350
46119,2025,169,135,202,160
46119,2026,185,147,223,160
46121,2025,2431,2122,2741,2620
46121,2026,2386,2041,2732,2620
46123,2025,886,717,1055,840
46123,2026,943,755,1132,840
46125,2025,1001,744,1258,1000
46125,2026,1062,775,1349,1000
46127,2025,1971,1628,2313,1890
46127,2026,2106,1724,2489,1890
46129,2025,789,707,871,760
46129,2026,829,738,921,760
46135,2025,3088,2193,3983,3260
46135,2026,3287,2289,4286,3260
46137,2025,503,431,575,520
46137,2026,486,406,566,520
47001,2025,14409,12549,16270,14220
47001,2026,14998,12923,17074,14220
47003,2025,8959,7662,10257,8730
47003,2026,9507,8059,10954,8730
47005,2025,3249,2824,3673,3280
47005,2026,3344,2870,3817,3280
47007,2025,3103,2516,3689,2910
47007,2026,3163,2508,3818,2910
47009,2025,19361,15818,22904,18840
47009,2026,20329,16376,24282,18840
47011,2025,19466,16634,22298,19420
47011,2026,20371,17211,23530,19420
47013,2025,8781,7773,9788,8790
47013,2026,9062,7937,10186,8790
47015,2025,2756,2470,3042,2690
47015,2026,2905,2586,3224,2690
47017,2025,5323,4465,6180,5350
47017,2026,5532,4575,6488,5350
47019,2025,11028,9350,12706,11180
47019,2026,11327,9456,13199,11180
47021,2025,5467,4614,6321,5260
47021,2026,5666,4713,6618,5260
47023,2025,2743,2296,3190,2640
47023,2026,2876,2377,3374,2640
47025,2025,6667,5757,7576,6690
47025,2026,6865,5850,7880,6690
47027,2025,1665,1440,1890,1700
47027,2026,1714,1463,1965,1700
47029,2025,7762,6578,8946,7930
47029,2026,7998,6678,9319,7930
47031,2025,11607,10481,12734,11100
47031,2026,12320,11063,13577,11100
47033,2025,2419,1945,2893,2420
47033,2026,2525,1996,3054,2420
47035,2025,11453,9703,13203,11310
47035,2026,12035,10082,13987,11310
47037,2025,116085,98374,133795,112860
47037,2026,123106,103345,142866,112860
47039,2025,2385,2077,2694,2340
47039,2026,2512,2167,2856,2340
47041,2025,4445,3820,5070,4200
47041,2026,4681,3984,5379,4200
47043,2025,8355,6864,9846,8320
47043,2026,8728,7065,10392,8320
47045,2025,6683,5501,7866,6820
47045,2026,6859,5540,8178,6820
47047,2025,5827,4755,6900,5490
47047,2026,6121,4925,7318,5490
47049,2025,4053,3546,4559,3960
47049,2026,4239,3674,4803,3960
47051,2025,7411,6433,8389,7240
47051,2026,7692,6601,8783,7240
47053,2025,9097,7853,10340,8940
47053,2026,9547,8159,10934,8940
47055,2025,5045,4177,5913,4990
47055,2026,5271,4303,6240,4990
47057,2025,4739,4040,5437,4700
47057,2026,4954,4174,5733,4700
47059,2025,13827,11650,16004,14010
47059,2026,14391,11962,16821,14010
47061,2025,2835,2355,3314,2840
47061,2026,2933,2397,3468,2840
47063,2025,13483,11397,15568,13390
47063,2026,14296,11969,16623,13390
47065,2025,59308,49861,68755,57800
47065,2026,62639,52099,73179,57800
47067,2025,1747,1514,1979,1700
47067,2026,1812,1553,2072,1700
47069,2025,4572,3883,5261,4440
47069,2026,4771,4003,5540,4440
47071,2025,5571,4715,6427,5370
47071,2026,5890,4935,6845,5370
47073,2025,10823,9302,12344,10690
47073,2026,11143,9446,12840,10690
47075,2025,3559,2977,4141,3180
47075,2026,3751,3101,4400,3180
47077,2025,4915,4018,5813,4840
47077,2026,5044,4043,6046,4840
47079,2025,6261,5446,7076,6210
47079,2026,6475,5565,7384,6210
47081,2025,4095,3156,5035,3950
47081,2026,4230,3182,5278,3950
47083,2025,1433,1168,1698,1400
47083,2026,1483,1187,1779,1400
47085,2025,3247,2478,4015,3340
47085,2026,3388,2530,4246,3340
47087,2025,2512,2054,2970,2480
47087,2026,2627,2115,3138,2480
47089,2025,9616,8226,11006,9550
47089,2026,10075,8524,11626,9550
47091,2025,3623,3109,4137,3630
47091,2026,3737,3164,4311,3630
47093,2025,75424,62368,88480,73550
47093,2026,79628,65061,94195,73550
47095,2025,1769,1495,2043,1750
47095,2026,1825,1519,2131,1750
47097,2025,4747,3856,5637,4870
47097,2026,4847,3853,5840,4870
47099,2025,7965,6856,9073,7900
47099,2026,8254,7017,9491,7900
47101,2025,2391,2151,2630,2340
47101,2026,2475,2208,2742,2340
47103,2025,5839,4664,7014,5840
47103,2026,6118,4807,7429,5840
47105,2025,9579,8064,11095,9120
47105,2026,10312,8622,12003,9120
47107,2025,9411,7865,10958,9590
47107,2026,9681,7955,11406,9590
47109,2025,4342,3551,5133,4360
47109,2026,4404,3521,5287,4360
47111,2025,4690,4248,5132,4560
47111,2026,4906,4413,5398,4560
47113,2025,17257,14409,20106,16540
47113,2026,18141,14963,21320,16540
47115,2025,5293,4642,5943,5170
47115,2026,5470,4744,6196,5170
47117,2025,5409,4648,6171,5310
47117,2026,5581,4731,6431,5310
47119,2025,15341,12801,17880,14750
47119,2026,16433,13600,19267,14750
47121,2025,2505,2147,2863,2430
47121,2026,2637,2238,3037,2430
47123,2025,9464,8159,10769,9470
47123,2026,9935,8479,11392,9470
47125,2025,37785,32041,43530,36440
47125,2026,40387,33978,46797,36440
47127,2025,957,770,1143,880
47127,2026,1017,809,1225,880
47129,2025,3826,3359,4293,3710
47129,2026,3862,3341,4383,3710
47131,2025,5977,5020,6935,6130
47131,2026,6168,5100,7237,6130
47133,2025,4350,3791,4909,4180
47133,2026,4567,3944,5191,4180
47135,2025,1601,1392,1809,1650
47135,2026,1626,1394,1859,1650
47137,2025,1259,1106,1411,1210
47137,2026,1341,1170,1511,1210
47139,2025,3160,2611,3709,3080
47139,2026,3326,2713,3938,3080
47141,2025,15224,12631,17817,15250
47141,2026,16097,13203,18990,15250
47143,2025,6327,5256,7398,6580
47143,2026,6524,5329,7719,6580
47145,2025,9174,8100,10248,8990
47145,2026,9551,8352,10749,8990
47147,2025,10675,9093,12257,10330
47147,2026,11269,9504,13034,10330
47149,2025,51266,42383,60149,49620
47149,2026,55166,45255,65077,49620
47151,2025,5331,4720,5943,5140
47151,2026,5534,4851,6216,5140
47153,2025,3642,3080,4204,3460
47153,2026,3855,3229,4482,3460
47155,2025,16911,14289,19533,17000
47155,2026,17565,14639,20491,17000
47157,2025,145601,118426,172777,139960
47157,2026,151132,120811,181453,139960
47159,2025,3215,2562,3867,3050
47159,2026,3317,2589,4045,3050
47161,2025,2443,1943,2944,2530
47161,2026,2565,2007,3123,2530
47163,2025,28990,25010,32970,29100
47163,2026,30119,25677,34560,29100
47165,2025,28140,23974,32306,26830
47165,2026,29880,25232,34528,26830
47167,2025,9657,7829,11484,9540
47167,2026,10157,8118,12196,9540
47169,2025,1727,1507,1946,1620
47169,2026,1835,1591,2080,1620
47171,2025,3281,2689,3872,3360
47171,2026,3360,2700,4021,3360
47173,2025,3521,2859,4183,3620
47173,2026,3614,2875,4352,3620
47175,2025,1175,1067,1283,1140
47175,2026,1213,1093,1334,1140
47177,2025,7649,6485,8812,7890
47177,2026,7819,6521,9117,7890
47179,2025,25267,21677,28858,24690
47179,2026,26724,22718,30730,24690
47181,2025,3115,2543,3687,3050
47181,2026,3236,2597,3874,3050
47183,2025,6488,5503,7473,6480
47183,2026,6773,5674,7872,6480
47185,2025,4977,4228,5726,4830
47185,2026,5218,4383,6054,4830
47187,2025,28685,23046,34325,25920
47187,2026,31430,25138,37722,25920
47189,2025,20644,17556,23732,19330
47189,2026,22079,18634,25525,19330
48001,2025,11843,10465,13220,11270
48001,2026,12540,11003,14077,11270
48003,2025,3978,3662,4294,3750
48003,2026,4356,4004,4708,3750
48005,2025,18443,16733,20154,18210
48005,2026,19125,17216,21033,18210
48007,2025,5246,4787,5705,5300
48007,2026,5409,4897,5921,5300
48009,2025,1463,1278,1648,1360
48009,2026,1509,1303,1715,1360
48011,2025,235,179,292,230
48011,2026,239,176,302,230
48013,2025,11223,9089,13356,11130
48013,2026,12254,9874,14635,11130
48015,2025,5342,4483,6201,5040
48015,2026,5614,4655,6573,5040
48017,2025,1513,1309,1718,1430
48017,2026,1658,1429,1886,1430
48019,2025,4122,3258,4986,4110
48019,2026,4278,3314,5242,4110
48021,2025,19751,17297,22204,18320
48021,2026,21543,18806,24281,18320
48023,2025,824,719,929,800
48023,2026,874,756,991,800
48025,2025,6911,5967,7854,7060
48025,2026,7215,6162,8268,7060
48027,2025,76223,67621,84826,72520
48027,2026,80742,71144,90340,72520
48029,2025,471713,406139,537287,467360
48029,2026,509576,436412,582740,467360
48031,2025,1997,1782,2213,1930
48031,2026,2096,1855,2336,1930
48033,2025,108,78,138,110
48033,2026,115,82,148,110
48035,2025,3151,2825,3478,3160
48035,2026,3201,2836,3565,3160
48037,2025,16147,13624,18670,15430
48037,2026,16421,13606,19236,15430
48039,2025,59221,51949,66492,56890
48039,2026,62690,54577,70804,56890
48041,2025,49184,43224,55144,47850
48041,2026,52135,45485,58785,47850
48043,2025,1803,1565,2042,1810
48043,2026,1875,1609,2141,1810
48045,2025,270,222,318,260
48045,2026,279,225,332,260
48047,2025,2133,1983,2284,2110
48047,2026,2230,2063,2398,2110
48049,2025,8673,7824,9521,8260
48049,2026,9246,8299,10193,8260
48051,2025,3105,2745,3465,3010
48051,2026,3237,2836,3639,3010
48053,2025,8801,7244,10358,8630
48053,2026,9343,7606,11080,8630
48055,2025,9836,8330,11342,9710
48055,2026,10569,8889,12250,9710
48057,2025,3735,2920,4551,3890
48057,2026,3926,3016,4836,3890
48059,2025,2323,1987,2660,2250
48059,2026,2389,2014,2764,2250
48061,2025,119267,102093,136441,120150
48061,2026,128015,108853,147177,120150
48063,2025,2667,2324,3011,2530
48063,2026,2780,2396,3163,2530
48065,2025,783,658,907,740
48065,2026,800,661,939,740
48067,2025,5397,4853,5940,5230
48067,2026,5437,4830,6043,5230
48069,2025,1623,1263,1984,1660
48069,2026,1775,1372,2177,1660
48071,2025,8747,8110,9384,7820
48071,2026,9288,8578,9999,7820
48073,2025,9668,8183,11153,9350
48073,2026,10075,8418,11731,9350
48075,2025,1137,842,1431,1210
48075,2026,1157,828,1485,1210
48077,2025,1728,1510,1946,1650
48077,2026,1757,1514,2001,1650
48079,2025,717,619,814,730
48079,2026,758,649,867,730
48081,2025,752,642,862,760
48081,2026,800,677,923,760
48083,2025,1752,1604,1900,1760
48083,2026,1830,1665,1995,1760
48085,2025,161367,140829,181906,149550
48085,2026,171607,148691,194523,149550
48087,2025,581,493,668,520
48087,2026,603,506,701,520
48089,2025,3733,2906,4561,3740
48089,2026,4008,3084,4931,3740
48091,2025,29949,26492,33407,28440
48091,2026,32340,28482,36197,28440
48093,2025,2810,2508,3112,2700
48093,2026,2980,2643,3317,2700
48095,2025,671,588,755,610
48095,2026,718,625,811,610
48097,2025,8066,7347,8785,7670
48097,2026,8479,7677,9281,7670
48099,2025,16714,14729,18699,16280
48099,2026,17655,15440,19870,16280
48101,2025,278,204,352,290
48101,2026,265,182,347,290
48103,2025,802,672,932,790
48103,2026,874,729,1019,790
48105,2025,527,333,721,610
48105,2026,548,332,765,610
48107,2025,1297,1141,1452,1280
48107,2026,1365,1192,1539,1280
48109,2025,563,432,694,610
48109,2026,593,447,739,610
48111,2025,1286,1030,1542,1350
48111,2026,1365,1079,1651,1350
48113,2025,507739,436905,578572,503440
48113,2026,536436,457404,615469,503440
48115,2025,2683,2314,3051,2750
48115,2026,2756,2345,3167,2750
48117,2025,4197,3319,5076,4150
48117,2026,4584,3604,5565,4150
48119,2025,941,780,1103,970
48119,2026,954,773,1134,970
48121,2025,141533,123224,159842,132770
48121,2026,150639,130211,171067,132770
48123,2025,4092,3624,4560,4040
48123,2026,4298,3776,4821,4040
48125,2025,349,181,516,420
48125,2026,352,165,539,420
48127,2025,3065,2694,3435,3110
48127,2026,3233,2819,3646,3110
48129,2025,450,341,559,440
48129,2026,447,325,569,440
48131,2025,3062,2420,3704,3200
48131,2026,3291,2575,4008,3200
48133,2025,3642,3420,3864,3660
48133,2026,3720,3472,3968,3660
48135,2025,36637,32561,40713,35620
48135,2026,39697,35149,44245,35620
48137,2025,284,218,350,280
48137,2026,294,220,367,280
48139,2025,31927,27592,36261,29390
48139,2026,34214,29378,39050,29390
48141,2025,226065,193761,258369,223100
48141,2026,245790,209747,281833,223100
48143,2025,8487,7664,9309,8220
48143,2026,8952,8035,9870,8220
48145,2025,2870,2509,3231,2980
48145,2026,2820,2418,3222,2980
48147,2025,6376,5568,7184,5890
48147,2026,6635,5733,7536,5890
48149,2025,3982,3331,4633,3870
48149,2026,4135,3409,4862,3870
48151,2025,651,541,762,670
48151,2026,671,548,794,670
48153,2025,1251,1025,1477,1220
48153,2026,1349,1097,1602,1220
48155,2025,210,140,280,170
48155,2026,217,139,295,170
48157,2025,115916,99646,132186,105290
48157,2026,123645,105491,141798,105290
48159,2025,1699,1347,2050,1630
48159,2026,1759,1367,2151,1630
48161,2025,3587,3011,4164,3510
48161,2026,3644,3001,4287,3510
48163,2025,5125,3936,6314,5420
48163,2026,5562,4235,6888,5420
48165,2025,3671,3312,4031,3580
48165,2026,3844,3443,4245,3580
48167,2025,63241,56895,69587,61390
48167,2026,66428,59347,73508,61390
48169,2025,976,768,1184,950
48169,2026,982,750,1214,950
48171,2025,4699,4230,5169,4450
48171,2026,4932,4408,5456,4450
48173,2025,167,118,215,190
48173,2026,167,113,221,190
48175,2025,1238,1096,1380,1260
48175,2026,1280,1122,1438,1260
48177,2025,4425,3607,5243,4500
48177,2026,4756,3843,5668,4500
48179,2025,3911,3435,4386,3840
48179,2026,4002,3471,4532,3840
48181,2025,24410,21016,27804,23940
48181,2026,25306,21519,29092,23940
48183,2025,23433,20621,26244,23240
48183,2026,24073,20936,27210,23240
48185,2025,5555,5137,5972,5410
48185,2026,5811,5345,6277,5410
48187,2025,31706,27953,35459,30040
48187,2026,34375,30187,38562,30040
48189,2025,8189,6997,9382,8030
48189,2026,8867,7536,10197,8030
48191,2025,581,466,696,610
48191,2026,592,464,721,610
48193,2025,1710,1594,1826,1660
48193,2026,1764,1635,1893,1660
48195,2025,797,521,1073,870
48195,2026,818,510,1127,870
48197,2025,717,554,880,740
48197,2026,740,558,921,740
48199,2025,9667,8428,10907,8960
48199,2026,9788,8406,11171,8960
48201,2025,996395,879911,1112879,974280
48201,2026,1061807,931840,1191774,974280
48203,2025,12933,11410,14456,11850
48203,2026,13385,11685,15084,11850
48205,2025,777,600,954,810
48205,2026,810,612,1007,810
48207,2025,1061,817,1305,1100
48207,2026,1088,816,1360,1100
48209,2025,49920,44016,55824,47680
48209,2026,54474,47887,61062,47680
48211,2025,571,466,676,600
48211,2026,590,473,708,600
48213,2025,15807,14418,17196,15640
48213,2026,16240,14690,17790,15640
48215,2025,262107,227359,296855,262010
48215,2026,282164,243394,320934,262010
48217,2025,7083,6168,7998,6900
48217,2026,7425,6404,8446,6900
48219,2025,4280,3722,4838,4350
48219,2026,4473,3850,5095,4350
48221,2025,10121,8885,11356,9660
48221,2026,10578,9199,11956,9660
48223,2025,6543,5596,7491,6300
48223,2026,6770,5713,7828,6300
48225,2025,4347,3868,4825,4350
48225,2026,4428,3894,4962,4350
48227,2025,6839,6154,7525,6840
48227,2026,7072,6308,7837,6840
48229,2025,880,738,1022,930
48229,2026,899,740,1057,930
48231,2025,19274,16912,21636,18820
48231,2026,20147,17511,22782,18820
48233,2025,3535,3041,4028,3590
48233,2026,3594,3043,4145,3590
48235,2025,211,187,235,220
48235,2026,211,184,238,220
48237,2025,1502,1356,1648,1510
48237,2026,1527,1364,1689,1510
48239,2025,2973,2512,3433,3000
48239,2026,3137,2623,3651,3000
48241,2025,6100,5233,6967,5760
48241,2026,6001,5034,6969,5760
48243,2025,470,377,563,400
48243,2026,504,401,608,400
48245,2025,50807,46127,55488,48800
48245,2026,52213,46991,57435,48800
48247,2025,1422,1228,1616,1450
48247,2026,1508,1292,1725,1450
48249,2025,10820,9381,12259,10860
48249,2026,11577,9971,13183,10860
48251,2025,32624,28841,36407,30790
48251,2026,34717,30495,38938,30790
48253,2025,3718,3155,4281,3650
48253,2026,3885,3256,4513,3650
48255,2025,3789,3179,4400,3730
48255,2026,4131,3450,4812,3730
48257,2025,25697,21838,29557,23900
48257,2026,27586,23279,31892,23900
48259,2025,6892,5628,8156,6620
48259,2026,7305,5896,8715,6620
48261,2025,13,0,65,50
48261,2026,6,0,64,50
48263,2025,132,80,184,150
48263,2026,138,80,197,150
48265,2025,10125,8958,11293,9850
48265,2026,10614,9312,11917,9850
48267,2025,790,594,986,850
48267,2026,801,582,1020,850
48269,2025,47,30,65,50
48269,2026,47,27,67,50
48271,2025,693,611,776,700
48271,2026,705,612,797,700
48273,2025,8697,7790,9604,8480
48273,2026,9311,8299,10323,8480
48275,2025,617,483,752,640
48275,2026,640,490,790,640
48277,2025,9969,8734,11203,9720
48277,2026,10192,8814,11570,9720
48279,2025,2825,2484,3165,2760
48279,2026,2984,2605,3364,2760
48281,2025,4185,3635,4736,4060
48281,2026,4404,3790,5019,4060
48283,2025,1738,1460,2016,1680
48283,2026,1873,1563,2183,1680
48285,2025,3301,2811,3792,3220
48285,2026,3432,2885,3980,3220
48287,2025,3117,2695,3540,2880
48287,2026,3306,2834,3777,2880
48289,2025,3120,2774,3466,3180
48289,2026,3151,2765,3538,3180
48291,2025,21555,19818,23293,20500
48291,2026,23047,21109,24986,20500
48293,2025,4550,3944,5156,4380
48293,2026,4693,4017,5369,4380
48295,2025,501,421,582,490
48295,2026,512,423,602,490
48297,2025,2606,2217,2995,2660
48297,2026,2739,2305,3173,2660
48299,2025,4159,3471,4847,4120
48299,2026,4332,3565,5100,4120
48303,2025,65681,56721,74641,65160
48303,2026,69534,59536,79531,65160
48305,2025,1103,929,1278,1070
48305,2026,1136,941,1331,1070
48307,2025,1625,1398,1851,1680
48307,2026,1677,1425,1929,1680
48309,2025,50646,45024,56268,48920
48309,2026,52913,46640,59187,48920
48311,2025,131,76,185,150
48311,2026,140,80,201,150
48313,2025,2354,2057,2651,2200
48313,2026,2427,2096,2758,2200
48315,2025,1819,1573,2064,1790
48315,2026,1829,1555,2103,1790
48317,2025,926,750,1102,860
48317,2026,979,782,1176,860
48319,2025,694,524,864,730
48319,2026,725,535,915,730
48321,2025,8807,8134,9479,8480
48321,2026,9292,8542,10043,8480
48323,2025,16468,14028,18908,16890
48323,2026,17543,14820,20266,16890
48325,2025,10809,9706,11911,10310
48325,2026,11701,10471,12931,10310
48327,2025,467,413,522,450
48327,2026,487,427,548,450
48329,2025,32087,28995,35178,31040
48329,2026,34572,31123,38022,31040
48331,2025,4667,4073,5262,4530
48331,2026,4813,4149,5476,4530
48333,2025,642,448,836,700
48333,2026,633,416,849,700
48335,2025,1847,1677,2018,1680
48335,2026,1983,1792,2173,1680
48337,2025,3863,3285,4440,3840
48337,2026,3982,3337,4626,3840
48339,2025,111056,98917,123195,105780
48339,2026,118678,105134,132221,105780
48341,2025,4793,3817,5768,4730
48341,2026,5269,4180,6357,4730
48343,2025,2414,2124,2704,2390
48343,2026,2452,2129,2776,2390
48345,2025,237,212,261,230
48345,2026,247,220,274,230
48347,2025,13222,11722,14722,13130
48347,2026,13471,11798,15144,13130
48349,2025,11630,10096,13164,11160
48349,2026,12389,10677,14100,11160
48351,2025,2137,1730,2543,2120
48351,2026,2025,1572,2479,2120
48353,2025,3477,3050,3903,3450
48353,2026,3698,3222,4174,3450
48355,2025,85189,74630,95749,84540
48355,2026,91302,79521,103084,84540
48357,2025,2167,1835,2498,2080
48357,2026,2341,1971,2711,2080
48359,2025,433,374,492,410
48359,2026,466,400,532,410
48361,2025,14723,13554,15891,14180
48361,2026,14877,13573,16181,14180
48363,2025,5948,5085,6811,5860
48363,2026,6196,5233,7159,5860
48365,2025,3691,3195,4186,3610
48365,2026,3703,3151,4256,3610
48367,2025,24743,21587,27898,23190
48367,2026,26296,22775,29817,23190
48369,2025,1883,1446,2321,1920
48369,2026,2038,1549,2526,1920
48371,2025,3791,3650,3931,3470
48371,2026,4115,3958,4272,3470
48373,2025,11104,9964,12244,10650
48373,2026,11517,10245,12788,10650
48375,2025,26513,23437,29588,25970
48375,2026,27960,24529,31392,25970
48377,2025,1757,1444,2069,1810
48377,2026,1761,1412,2109,1810
48379,2025,2195,1858,2531,2070
48379,2026,2263,1887,2638,2070
48381,2025,24585,21628,27543,23540
48381,2026,26226,22926,29525,23540
48383,2025,620,461,779,660
48383,2026,667,490,845,660
48385,2025,675,569,781,720
48385,2026,673,555,791,720
48387,2025,2227,1874,2580,2110
48387,2026,2245,1851,2639,2110
48389,2025,3078,2739,3417,2890
48389,2026,3329,2950,3707,2890
48391,2025,1508,1356,1660,1490
48391,2026,1586,1416,1756,1490
48393,2025,98,71,125,100
48393,2026,96,66,126,100
48395,2025,3372,3051,3693,3180
48395,2026,3564,3206,3922,3180
48397,2025,14831,12326,17335,13400
48397,2026,15928,13133,18722,13400
48399,2025,1788,1505,2071,1800
48399,2026,1850,1535,2166,1800
48401,2025,9193,7871,10514,8790
48401,2026,9574,8100,11049,8790
48403,2025,1833,1667,2000,1810
48403,2026,1773,1587,1959,1810
48405,2025,1802,1598,2006,1740
48405,2026,1804,1577,2031,1740
48407,2025,5920,5403,6437,5860
48407,2026,6143,5566,6720,5860
48409,2025,16987,15427,18548,16600
48409,2026,18211,16470,19952,16600
48411,2025,1085,915,1254,1040
48411,2026,1126,936,1315,1040
48413,2025,383,263,502,410
48413,2026,387,254,520,410
48415,2025,3072,2753,3391,3050
48415,2026,3213,2857,3569,3050
48417,2025,505,398,612,500
48417,2026,513,394,632,500
48419,2025,4907,4217,5598,4770
48419,2026,5004,4234,5774,4770
48421,2025,405,273,537,440
48421,2026,411,264,559,440
48423,2025,39253,33795,44712,38400
48423,2026,40550,34460,46640,38400
48425,2025,1243,940,1545,1390
48425,2026,1213,875,1551,1390
48427,2025,22745,20109,25381,22720
48427,2026,24356,21414,27297,22720
48429,2025,1801,1536,2066,1820
48429,2026,1853,1558,2149,1820
48431,2025,241,203,279,230
48431,2026,268,225,310,230
48433,2025,183,130,236,200
48433,2026,180,121,239,200
48435,2025,643,548,738,620
48435,2026,672,566,778,620
48437,2025,1848,1586,2110,1760
48437,2026,1955,1662,2247,1760
48439,2025,368427,321525,415328,358370
48439,2026,388548,336218,440878,358370
48441,2025,28163,24506,31821,27610
48441,2026,29565,25484,33646,27610
48443,2025,182,154,210,170
48443,2026,200,169,231,170
48445,2025,2835,2671,3000,2750
48445,2026,2987,2804,3171,2750
48447,2025,321,220,423,360
48447,2026,335,222,449,360
48449,2025,6639,5630,7647,6520
48449,2026,6999,5874,8124,6520
48451,2025,23120,19731,26509,23080
48451,2026,24496,20715,28277,23080
48453,2025,242003,209957,274049,235440
48453,2026,258769,223014,294525,235440
48455,2025,2810,2457,3163,2900
48455,2026,2833,2439,3227,2900
48457,2025,4397,3980,4813,4290
48457,2026,4470,4005,4934,4290
48459,2025,7639,7048,8229,7300
48459,2026,7786,7127,8445,7300
48461,2025,653,547,758,610
48461,2026,700,582,818,610
48463,2025,6942,5993,7891,6680
48463,2026,7507,6448,8566,6680
48465,2025,12207,10138,14275,12300
48465,2026,13188,10880,15496,12300
48467,2025,10107,8854,11359,9650
48467,2026,10411,9014,11808,9650
48469,2025,20632,18496,22768,20250
48469,2026,21993,19609,24376,20250
48471,2025,15425,14086,16763,14970
48471,2026,16296,14802,17789,14970
48473,2025,10229,8348,12110,9790
48473,2026,10904,8805,13003,9790
48475,2025,2297,2082,2511,2210
48475,2026,2471,2232,2710,2210
48477,2025,6386,5258,7514,6150
48477,2026,6726,5468,7985,6150
48479,2025,72202,58805,85599,74280
48479,2026,77887,62939,92835,74280
48481,2025,8152,7161,9143,7960
48481,2026,8561,7455,9667,7960
48483,2025,913,821,1005,920
48483,2026,923,821,1026,920
48485,2025,25177,22189,28164,25190
48485,2026,25841,22508,29174,25190
48487,2025,2957,2720,3194,2830
48487,2026,3061,2797,3326,2830
48489,2025,5445,4818,6071,5400
48489,2026,5714,5015,6413,5400
48491,2025,103607,89847,117367,97910
48491,2026,111937,96584,127290,97910
48493,2025,9425,8023,10828,9140
48493,2026,10216,8651,11781,9140
48495,2025,1405,1234,1576,1410
48495,2026,1500,1309,1691,1410
48497,2025,11947,10463,13431,11670
48497,2026,12468,10813,14124,11670
48499,2025,8855,7637,10072,8760
48499,2026,9184,7826,10542,8760
48501,2025,1712,1324,2100,1750
48501,2026,1864,1431,2297,1750
48503,2025,3645,3193,4096,3460
48503,2026,3860,3356,4363,3460
48505,2025,4695,4231,5158,4630
48505,2026,5033,4516,5550,4630
48507,2025,2925,2233,3617,3170
48507,2026,3012,2239,3784,3170
49001,2025,1190,860,1520,1170
49001,2026,1296,928,1663,1170
49003,2025,9302,7534,11070,8730
49003,2026,10025,8053,11998,8730
49005,2025,21931,17633,26229,21030
49005,2026,23454,18658,28249,21030
49007,2025,4409,3749,5068,4320
49007,2026,4692,3956,5428,4320
49009,2025,140,109,171,120
49009,2026,157,123,191,120
49011,2025,50255,39952,60558,47230
49011,2026,54304,42808,65800,47230
49013,2025,3295,2817,3773,3260
49013,2026,3406,2873,3939,3260
49015,2025,1759,1441,2076,1760
49015,2026,1851,1497,2205,1760
49017,2025,961,828,1093,950
49017,2026,990,842,1139,950
49019,2025,1898,1650,2146,1770
49019,2026,2005,1728,2281,1770
49021,2025,10398,8571,12225,10320
49021,2026,11102,9063,13140,10320
49023,2025,1710,1401,2019,1620
49023,2026,1786,1441,2130,1620
49025,2025,1350,1159,1541,1290
49025,2026,1410,1196,1624,1290
49027,2025,2025,1709,2341,2000
49027,2026,2124,1772,2477,2000
49029,2025,1173,797,1550,1050
49029,2026,1249,829,1669,1050
49031,2025,292,241,343,300
49031,2026,287,230,343,300
49033,2025,358,260,456,340
49033,2026,367,258,477,340
49035,2025,191167,154850,227485,187170
49035,2026,206184,165663,246705,187170
49037,2025,2853,2467,3239,2910
49037,2026,2862,2431,3293,2910
49039,2025,4981,3728,6234,4980
49039,2026,5284,3886,6682,4980
49041,2025,3422,2800,4044,3420
49041,2026,3561,2867,4255,3420
49043,2025,4777,3887,5666,4460
49043,2026,5058,4066,6050,4460
49045,2025,10555,8135,12974,10180
49045,2026,11434,8735,14133,10180
49047,2025,6160,5345,6975,6130
49047,2026,6424,5515,7333,6130
49049,2025,103650,83144,124156,99990
49049,2026,112223,89344,135102,99990
49051,2025,4335,3447,5224,4020
49051,2026,4616,3625,5607,4020
49053,2025,31677,25411,37942,31100
49053,2026,34045,27055,41036,31100
49055,2025,387,316,459,400
49055,2026,396,316,476,400
49057,2025,41831,33065,50596,41190
49057,2026,44938,35158,54717,41190
50001,2025,4557,3681,5432,4400
50001,2026,4842,3866,5819,4400
50003,2025,5513,4797,6230,5350
50003,2026,5802,5002,6601,5350
50005,2025,4371,3596,5146,4230
50005,2026,4574,3709,5438,4230
50007,2025,20726,16902,24550,20190
50007,2026,21862,17595,26129,20190
50009,2025,1002,884,1120,970
50009,2026,1051,919,1183,970
50011,2025,6879,5713,8045,6500
50011,2026,7344,6042,8645,6500
50013,2025,810,640,980,760
50013,2026,866,676,1056,760
50015,2025,3119,2599,3639,3140
50015,2026,3210,2629,3790,3140
50017,2025,3821,3038,4605,3710
50017,2026,4041,3167,4915,3710
50019,2025,3950,3143,4757,3970
50019,2026,4109,3208,5009,3970
50021,2025,8921,7582,10259,8390
50021,2026,9423,7930,10917,8390
50023,2025,7743,6362,9124,7390
50023,2026,8147,6607,9688,7390
50025,2025,6568,5919,7217,6350
50025,2026,6832,6108,7556,6350
50027,2025,7696,6364,9028,7440
50027,2026,8175,6689,9661,7440
51001,2025,4951,4033,5870,4790
51001,2026,5188,4163,6213,4790
51003,2025,13529,10723,16336,13160
51003,2026,14491,11360,17622,13160
51005,2025,2063,1609,2516,2090
51005,2026,2076,1570,2582,2090
51007,2025,1718,1414,2022,1560
51007,2026,1833,1494,2172,1560
51009,2025,3983,3101,4864,3780
51009,2026,4153,3170,5136,3780
51011,2025,2210,1805,2615,2110
51011,2026,2323,1871,2774,2110
51013,2025,32395,26935,37854,31580
51013,2026,35283,29191,41374,31580
51015,2025,9627,7886,11367,9060
51015,2026,10238,8296,12180,9060
51017,2025,820,683,957,750
51017,2026,876,723,1028,750
51019,2025,9105,7110,11101,8480
51019,2026,9573,7346,11800,8480
51021,2025,877,754,1001,840
51021,2026,917,779,1055,840
51023,2025,3619,2774,4463,3300
51023,2026,3848,2906,4790,3300
51025,2025,1769,1209,2329,1730
51025,2026,1739,1114,2364,1730
51027,2025,4599,3958,5240,4810
51027,2026,4676,3961,5392,4810
51029,2025,2344,1917,2771,2230
51029,2026,2429,1953,2906,2230
51031,2025,7163,5691,8634,6960
51031,2026,7529,5886,9171,6960
51033,2025,3612,2822,4402,3110
51033,2026,3871,2990,4753,3110
51035,2025,4898,4065,5731,4850
51035,2026,5116,4187,6045,4850
51036,2025,702,516,888,630
51036,2026,718,510,926,630
51037,2025,1935,1459,2410,1830
51037,2026,1970,1439,2500,1830
51041,2025,40726,32660,48792,37000
51041,2026,44381,35381,53380,37000
51043,2025,1705,1401,2009,1610
51043,2026,1823,1484,2162,1610
51045,2025,699,608,791,670
51045,2026,730,627,832,670
51047,2025,6446,5183,7709,5970
51047,2026,6952,5542,8362,5970
51049,2025,973,491,1454,1030
51049,2026,989,451,1526,1030
51051,2025,3163,2746,3580,3190
51051,2026,3240,2775,3705,3190
51053,2025,3286,2617,3955,3080
51053,2026,3431,2684,4177,3080
51057,2025,1467,1169,1764,1350
51057,2026,1517,1185,1849,1350
51059,2025,127025,108176,145875,118070
51059,2026,138636,117604,159668,118070
51061,2025,8025,6569,9482,7320
51061,2026,8730,7105,10355,7320
51063,2025,1851,1376,2325,1840
51063,2026,1932,1402,2462,1840
51065,2025,2607,1852,3361,2270
51065,2026,2787,1945,3628,2270
51067,2025,7683,6299,9067,7590
51067,2026,8039,6495,9583,7590
51069,2025,11462,9439,13485,10610
51069,2026,12474,10217,14731,10610
51071,2025,2100,1725,2475,2050
51071,2026,2179,1760,2597,2050
51073,2025,4829,3994,5663,4570
51073,2026,5111,4180,6041,4570
51075,2025,2443,1845,3040,2250
51075,2026,2654,1988,3321,2250
51077,2025,2571,2043,3098,2570
51077,2026,2666,2077,3255,2570
51079,2025,2970,2570,3370,2700
51079,2026,3230,2784,3676,2700
51081,2025,1363,930,1796,1240
51081,2026,1434,951,1917,1240
51083,2025,5418,4357,6479,4980
51083,2026,5730,4546,6914,4980
51085,2025,11329,9058,13599,10190
51085,2026,12275,9742,14808,10190
51087,2025,37978,29767,46189,35760
51087,2026,40340,31179,49502,35760
51089,2025,8328,6844,9812,8370
51089,2026,8689,7033,10345,8370
51091,2025,315,268,363,300
51091,2026,332,279,384,300
51093,2025,4209,3293,5126,3880
51093,2026,4420,3397,5442,3880
51095,2025,9354,7882,10826,8790
51095,2026,10051,8409,11693,8790
51097,2025,1033,738,1329,890
51097,2026,1125,795,1455,890
51099,2025,2942,2296,3588,2630
51099,2026,3213,2492,3933,2630
51101,2025,1839,1371,2306,1570
51101,2026,1968,1446,2489,1570
51103,2025,1469,1124,1815,1320
51103,2026,1547,1161,1932,1320
51105,2025,5156,4459,5853,5250
51105,2026,5302,4525,6079,5250
51107,2025,40151,33005,47296,35150
51107,2026,44715,36742,52687,35150
51109,2025,4893,3886,5901,4630
51109,2026,5186,4062,6311,4630
51111,2025,1975,1517,2432,1980
51111,2026,2093,1582,2603,1980
51113,2025,1764,1425,2103,1710
51113,2026,1902,1524,2280,1710
51115,2025,1107,814,1401,1120
51115,2026,1167,839,1495,1120
51117,2025,4702,3862,5542,4530
51117,2026,4865,3928,5803,4530
51119,2025,1309,1029,1590,1190
51119,2026,1375,1063,1688,1190
51121,2025,15677,13452,17903,15190
51121,2026,16594,14111,19077,15190
51125,2025,1995,1655,2336,1840
51125,2026,2096,1716,2476,1840
51127,2025,1964,1314,2614,1710
51127,2026,2118,1393,2843,1710
51131,2025,2059,1837,2280,1950
51131,2026,2175,1928,2422,1950
51133,2025,1559,1306,1812,1490
51133,2026,1637,1354,1919,1490
51135,2025,2501,1901,3100,2420
51135,2026,2642,1973,3311,2420
51137,2025,4984,4259,5709,4550
51137,2026,5307,4497,6116,4550
51139,2025,3607,2984,4231,3800
51139,2026,3700,3004,4395,3800
51141,2025,2766,2249,3283,2740
51141,2026,2892,2315,3469,2740
51143,2025,9055,7583,10527,8610
51143,2026,9421,7779,11064,8610
51145,2025,2591,1857,3325,2370
51145,2026,2776,1958,3595,2370
51147,2025,3789,3333,4246,3610
51147,2026,3977,3467,4486,3610
51149,2025,4839,4179,5498,4370
51149,2026,5196,4461,5932,4370
51153,2025,53125,43047,63203,48680
51153,2026,58967,47723,70212,48680
51155,2025,5368,4608,6128,5310
51155,2026,5543,4695,6391,5310
51157,2025,924,686,1162,920
51157,2026,978,713,1243,920
51159,2025,1089,764,1414,1090
51159,2026,1130,767,1492,1090
51161,2025,12233,10038,14429,11530
51161,2026,13172,10722,15622,11530
51163,2025,2971,2478,3464,3030
51163,2026,3078,2528,3628,3030
51165,2025,11228,8765,13691,10720
51165,2026,12112,9364,14860,10720
51167,2025,5373,4524,6223,5410
51167,2026,5556,4609,6504,5410
51169,2025,4515,3794,5236,4450
51169,2026,4780,3976,5585,4450
51171,2025,7127,6123,8132,6830
51171,2026,7590,6469,8711,6830
51173,2025,5403,4615,6190,5580
51173,2026,5523,4644,6402,5580
51175,2025,2197,1643,2751,2050
51175,2026,2358,1740,2976,2050
51177,2025,15234,12221,18247,13910
51177,2026,16437,13075,19798,13910
51179,2025,14770,11581,17959,12800
51179,2026,16197,12638,19756,12800
51181,2025,725,588,863,690
51181,2026,740,587,894,690
51183,2025,1245,849,1640,1140
51183,2026,1287,845,1729,1140
51185,2025,7253,6265,8240,7190
51185,2026,7482,6380,8583,7190
51187,2025,5975,5105,6846,5600
51187,2026,6392,5420,7363,5600
51191,2025,8492,7152,9832,8580
51191,2026,8794,7299,10289,8580
51193,2025,2769,2417,3120,2570
51193,2026,2936,2544,3329,2570
51195,2025,6637,5502,7772,7010
51195,2026,6657,5391,7924,7010
51197,2025,4705,3953,5457,4490
51197,2026,4900,4061,5739,4490
51199,2025,8106,6501,9711,7620
51199,2026,8786,6995,10577,7620
51510,2025,20707,17673,23741,20340
51510,2026,22187,18802,25572,20340
51520,2025,3112,2504,3720,3270
51520,2026,3167,2489,3845,3270
51530,2025,1365,1137,1592,1290
51530,2026,1447,1193,1701,1290
51540,2025,7115,6115,8116,6840
51540,2026,7377,6261,8493,6840
51550,2025,27667,21404,33931,25380
51550,2026,29801,22813,36790,25380
51570,2025,2491,2035,2948,2410
51570,2026,2616,2107,3126,2410
51580,2025,1088,917,1259,1020
51580,2026,1180,990,1371,1020
51590,2025,8227,7082,9373,7810
51590,2026,8598,7321,9876,7810
51595,2025,907,712,1103,930
51595,2026,923,704,1141,930
51600,2025,3113,2698,3529,2820
51600,2026,3422,2959,3885,2820
51610,2025,1826,1454,2198,1690
51610,2026,2029,1614,2445,1690
51620,2025,1404,1328,1480,1330
51620,2026,1489,1405,1574,1330
51630,2025,4694,3791,5597,4600
51630,2026,4944,3936,5951,4600
51640,2025,1434,1031,1837,1550
51640,2026,1515,1066,1964,1550
51650,2025,18311,14717,21905,17410
51650,2026,19098,15088,23108,17410
51660,2025,9811,7967,11654,9760
51660,2026,10472,8415,12529,9760
51670,2025,3934,3319,4549,3860
51670,2026,4005,3318,4692,3860
51678,2025,1192,935,1449,1250
51678,2026,1220,933,1506,1250
51680,2025,12672,10386,14958,12720
51680,2026,13211,10661,15762,12720
51683,2025,5748,4287,7209,5730
51683,2026,6450,4820,8081,5730
51685,2025,2393,1846,2941,2290
51685,2026,2685,2074,3296,2290
51690,2025,2577,2244,2909,2460
51690,2026,2671,2300,3042,2460
51700,2025,28620,24737,32503,27740
51700,2026,30113,25781,34445,27740
51710,2025,37017,30909,43124,36660
51710,2026,38350,31535,45164,36660
51720,2025,895,717,1073,960
51720,2026,919,720,1117,960
51730,2025,5809,4849,6770,5630
51730,2026,5935,4863,7007,5630
51735,2025,1287,985,1588,1160
51735,2026,1374,1037,1710,1160
51740,2025,14525,12063,16988,13610
51740,2026,15234,12487,17982,13610
51750,2025,3086,2440,3732,3150
51750,2026,3175,2455,3895,3150
51760,2025,35659,28221,43096,36210
51760,2026,36754,28455,45052,36210
51770,2025,16328,13149,19507,16060
51770,2026,17037,13491,20584,16060
51775,2025,3663,3003,4324,3510
51775,2026,3905,3168,4641,3510
51790,2025,4039,3567,4512,3910
51790,2026,4274,3747,4801,3910
51800,2025,10347,7807,12886,9240
51800,2026,11085,8251,13919,9240
51810,2025,56915,46896,66933,53090
51810,2026,61283,50104,72461,53090
51820,2025,3705,3234,4175,3700
51820,2026,3871,3346,4396,3700
51830,2025,2255,1761,2748,2340
51830,2026,2368,1818,2919,2340
51840,2025,5893,4659,7126,5950
51840,2026,6364,4988,7741,5950
53001,2025,4231,3226,5236,4330
53001,2026,4582,3461,5703,4330
53003,2025,3685,2838,4532,3570
53003,2026,3886,2940,4831,3570
53005,2025,34045,26969,41121,33740
53005,2026,36761,28866,44656,33740
53007,2025,13053,10798,15307,12940
53007,2026,13963,11448,16478,12940
53009,2025,11802,9367,14237,12100
53009,2026,12098,9382,14815,12100
53011,2025,70071,57835,82306,67880
53011,2026,74615,60963,88266,67880
53013,2025,557,384,729,560
53013,2026,572,380,765,560
53015,2025,18817,15245,22388,18990
53015,2026,19655,15670,23640,18990
53017,2025,7003,5382,8623,7270
53017,2026,7480,5672,9288,7270
53019,2025,1300,1002,1598,1330
53019,2026,1294,961,1627,1330
53021,2025,17653,14333,20974,17310
53021,2026,19299,15594,23004,17310
53023,2025,399,317,482,380
53023,2026,424,332,516,380
53025,2025,19681,15051,24311,19820
53025,2026,21434,16268,26600,19820
53027,2025,14157,12167,16147,14140
53027,2026,14860,12640,17080,14140
53029,2025,11369,9121,13617,11290
53029,2026,12000,9491,14508,11290
53031,2025,5191,4436,5947,5000
53031,2026,5411,4568,6254,5000
53033,2025,291823,234162,349484,286440
53033,2026,312482,248146,376817,286440
53035,2025,36408,28875,43941,35610
53035,2026,38413,30008,46818,35610
53037,2025,7193,5291,9094,7530
53037,2026,7580,5458,9702,7530
53039,2025,3719,2970,4469,3750
53039,2026,3901,3065,4737,3750
53041,2025,13973,11595,16352,13720
53041,2026,14710,12057,17364,13720
53043,2025,1821,1435,2207,1790
53043,2026,1933,1503,2364,1790
53045,2025,10457,8619,12295,10320
53045,2026,10911,8860,12962,10320
53047,2025,8072,6746,9398,8200
53047,2026,8433,6953,9912,8200
53049,2025,3977,3368,4586,3930
53049,2026,4134,3455,4814,3930
53051,2025,2364,1867,2861,2270
53051,2026,2485,1931,3039,2270
53053,2025,123697,97018,150377,122500
53053,2026,130137,100369,159905,122500
53055,2025,2384,1970,2798,2280
53055,2026,2532,2070,2994,2280
53057,2025,20450,16604,24296,20210
53057,2026,21767,17476,26059,20210
53059,2025,1429,1098,1759,1430
53059,2026,1461,1092,1829,1430
53061,2025,105612,84931,126293,102790
53061,2026,113148,90074,136223,102790
53063,2025,82721,67219,98224,81510
53063,2026,86854,69557,104150,81510
53065,2025,7310,5874,8746,7060
53065,2026,7561,5959,9164,7060
53067,2025,42301,33573,51029,41760
53067,2026,44942,35204,54680,41760
53069,2025,866,736,996,820
53069,2026,938,793,1082,820
53071,2025,9943,7610,12277,9900
53071,2026,10646,8043,13249,9900
53073,2025,33876,27560,40192,33920
53073,2026,35561,28513,42608,33920
53075,2025,7719,5900,9537,8030
53075,2026,8028,5999,10057,8030
53077,2025,52254,41088,63420,52970
53077,2026,56687,44228,69145,52970
54001,2025,2677,2145,3209,2750
54001,2026,2754,2160,3348,2750
54003,2025,17735,13758,21713,17350
54003,2026,19274,14837,23712,17350
54005,2025,3707,2876,4537,4020
54005,2026,3765,2839,4692,4020
54007,2025,2102,1519,2685,2310
54007,2026,2115,1465,2766,2310
54009,2025,3592,3006,4178,3580
54009,2026,3804,3150,4458,3580
54011,2025,17055,14178,19932,17410
54011,2026,17782,14572,20992,17410
54013,2025,1415,1172,1658,1440
54013,2026,1417,1146,1688,1440
54015,2025,1614,1252,1976,1790
54015,2026,1605,1202,2009,1790
54017,2025,1064,756,1372,1100
54017,2026,1102,758,1446,1100
54019,2025,7061,6047,8075,7320
54019,2026,7125,5993,8256,7320
54021,2025,1120,785,1455,1200
54021,2026,1177,803,1551,1200
54023,2025,1592,1179,2005,1630
54023,2026,1684,1224,2144,1630
54025,2025,6167,5151,7182,6220
54025,2026,6495,5362,7629,6220
54027,2025,3959,3219,4699,3990
54027,2026,4155,3330,4981,3990
54029,2025,5064,4343,5785,5000
54029,2026,5374,4569,6178,5000
54031,2025,2569,2281,2856,2450
54031,2026,2769,2449,3090,2450
54033,2025,10102,8093,12111,10550
54033,2026,10553,8311,12794,10550
54035,2025,5241,4420,6063,5310
54035,2026,5528,4611,6445,5310
54037,2025,7107,5644,8569,6850
54037,2026,7715,6084,9347,6850
54039,2025,30257,25040,35474,30470
54039,2026,31766,25945,37586,30470
54041,2025,2888,2469,3307,2870
54041,2026,2993,2526,3460,2870
54043,2025,4473,3650,5297,4690
54043,2026,4696,3777,5615,4690
54045,2025,6529,5563,7494,6960
54045,2026,6614,5536,7691,6960
54047,2025,4626,3779,5473,4880
54047,2026,4762,3817,5707,4880
54049,2025,8878,7375,10381,8930
54049,2026,9306,7629,10983,8930
54051,2025,5239,4316,6163,5320
54051,2026,5527,4496,6557,5320
54053,2025,4464,3561,5367,4510
54053,2026,4721,3714,5728,4510
54055,2025,10683,9006,12360,10970
54055,2026,11002,9130,12873,10970
54057,2025,3892,2871,4913,4020
54057,2026,4057,2918,5196,4020
54059,2025,5912,5179,6645,6120
54059,2026,6087,5269,6905,6120
54061,2025,17048,13610,20486,17060
54061,2026,18190,14355,22026,17060
54063,2025,1791,1338,2245,1830
54063,2026,1828,1322,2334,1830
54065,2025,2519,1861,3178,2430
54065,2026,2758,2023,3493,2430
54067,2025,4273,3672,4875,4310
54067,2026,4426,3755,5097,4310
54069,2025,7348,6003,8693,7300
54069,2026,7885,6384,9386,7300
54071,2025,934,680,1188,950
54071,2026,979,696,1263,950
54073,2025,1119,811,1426,1180
54073,2026,1184,840,1527,1180
54075,2025,1474,1227,1721,1520
54075,2026,1529,1254,1805,1520
54077,2025,5333,4457,6209,5220
54077,2026,5666,4689,6644,5220
54079,2025,7271,5714,8828,7080
54079,2026,7789,6052,9526,7080
54081,2025,14713,13312,16113,14450
54081,2026,15484,13922,17047,14450
54083,2025,4210,3131,5289,4510
54083,2026,4317,3113,5521,4510
54085,2025,1714,1411,2017,1740
54085,2026,1791,1453,2129,1740
54087,2025,2735,2453,3018,2800
54087,2026,2797,2482,3113,2800
54089,2025,2321,1933,2709,2470
54089,2026,2383,1950,2816,2470
54091,2025,2593,2094,3092,2610
54091,2026,2697,2140,3254,2610
54093,2025,1059,841,1276,1110
54093,2026,1112,869,1355,1110
54095,2025,1551,1173,1930,1610
54095,2026,1641,1219,2063,1610
54097,2025,3909,3289,4529,3980
54097,2026,4036,3345,4728,3980
54099,2025,6337,4811,7864,6880
54099,2026,6384,4681,8087,6880
54101,2025,1726,1367,2085,1820
54101,2026,1793,1393,2194,1820
54103,2025,2466,1858,3074,2630
54103,2026,2519,1840,3198,2630
54105,2025,842,690,994,880
54105,2026,833,662,1003,880
54107,2025,13299,10575,16022,13680
54107,2026,13818,10779,16857,13680
54109,2025,4631,4234,5028,4630
54109,2026,4790,4347,5233,4630
55001,2025,3564,3043,4085,3470
55001,2026,3797,3215,4378,3470
55003,2025,2461,1995,2926,2430
55003,2026,2553,2034,3072,2430
55005,2025,6486,5260,7712,6360
55005,2026,6913,5545,8281,6360
55007,2025,2253,1887,2620,2220
55007,2026,2376,1967,2785,2220
55009,2025,37115,29323,44907,36210
55009,2026,40153,31459,48847,36210
55011,2025,1830,1407,2253,1780
55011,2026,1961,1489,2434,1780
55013,2025,2611,2164,3058,2520
55013,2026,2786,2288,3285,2520
55015,2025,5560,4124,6996,5190
55015,2026,6110,4508,7712,5190
55017,2025,8505,6599,10410,8370
55017,2026,9067,6941,11193,8370
55019,2025,4630,3519,5741,4480
55019,2026,4966,3726,6206,4480
55021,2025,6889,5212,8566,6670
55021,2026,7440,5568,9311,6670
55023,2025,2186,1683,2689,2200
55023,2026,2293,1733,2854,2200
55025,2025,73475,56348,90603,72270
55025,2026,80280,61171,99390,72270
55027,2025,11251,8446,14057,11150
55027,2026,12149,9019,15280,11150
55029,2025,3700,3070,4330,3490
55029,2026,3980,3277,4683,3490
55031,2025,6243,4967,7520,6250
55031,2026,6545,5120,7969,6250
55033,2025,6267,4962,7573,6200
55033,2026,6718,5262,8175,6200
55035,2025,14967,11469,18465,15150
55035,2026,16060,12156,19963,15150
55037,2025,567,461,672,560
55037,2026,592,475,710,560
55039,2025,13872,10743,17001,13590
55039,2026,15024,11532,18516,13590
55041,2025,1413,1102,1724,1440
55041,2026,1463,1116,1810,1440
55043,2025,6729,5063,8394,6690
55043,2026,7148,5290,9006,6690
55045,2025,4341,3380,5303,4250
55045,2026,4669,3597,5742,4250
55047,2025,3025,2480,3570,2930
55047,2026,3264,2656,3872,2930
55049,2025,2720,2065,3375,2690
55049,2026,2896,2165,3626,2690
55051,2025,789,664,914,780
55051,2026,800,660,939,780
55053,2025,2943,2525,3361,2810
55053,2026,3102,2636,3568,2810
55055,2025,10860,7866,13854,10880
55055,2026,11750,8410,15090,10880
55057,2025,4011,3313,4708,3940
55057,2026,4216,3438,4994,3940
55059,2025,24001,18485,29516,24260
55059,2026,25719,19565,31873,24260
55061,2025,2168,1511,2825,2120
55061,2026,2316,1583,3049,2120
55063,2025,16547,12464,20630,16580
55063,2026,17830,13274,22385,16580
55065,2025,2131,1562,2700,2120
55065,2026,2290,1655,2925,2120
55067,2025,2986,2459,3513,2980
55067,2026,3166,2579,3754,2980
55069,2025,3855,3093,4618,3670
55069,2026,4142,3291,4993,3670
55071,2025,10666,8282,13050,10270
55071,2026,11458,8797,14118,10270
55073,2025,17669,13356,21982,17280
55073,2026,19051,14239,23863,17280
55075,2025,5401,3993,6809,5630
55075,2026,5608,4036,7179,5630
55077,2025,2415,1998,2833,2340
55077,2026,2594,2128,3060,2340
55078,2025,660,439,881,790
55078,2026,620,374,866,790
55079,2025,154787,122037,187537,156450
55079,2026,164163,127622,200704,156450
55081,2025,6589,5084,8094,6420
55081,2026,7068,5389,8747,6420
55083,2025,4861,3750,5971,4710
55083,2026,5213,3974,6452,4710
55085,2025,4875,3881,5870,4660
55085,2026,5242,4132,6351,4660
55087,2025,22635,17030,28239,22390
55087,2026,24461,18208,30715,22390
55089,2025,10124,7410,12838,9630
55089,2026,11137,8109,14164,9630
55091,2025,872,637,1107,900
55091,2026,925,663,1188,900
55093,2025,4959,3651,6266,4880
55093,2026,5336,3878,6795,4880
55095,2025,5779,4549,7008,5620
55095,2026,6159,4788,7531,5620
55097,2025,9025,6702,11349,9030
55097,2026,9662,7069,12254,9030
55099,2025,2074,1695,2453,2010
55099,2026,2199,1777,2622,2010
55101,2025,27539,21222,33856,27650
55101,2026,29510,22461,36558,27650
55103,2025,2612,2081,3143,2560
55103,2026,2788,2196,3381,2560
55105,2025,21543,16515,26571,21810
55105,2026,22718,17108,28327,21810
55107,2025,2150,1689,2611,2160
55107,2026,2284,1770,2799,2160
55109,2025,10746,8098,13394,10050
55109,2026,11763,8809,14718,10050
55111,2025,8396,6630,10162,8390
55111,2026,8948,6978,10918,8390
55113,2025,2995,2439,3551,2930
55113,2026,3198,2578,3819,2930
55115,2025,5739,4561,6916,5610
55115,2026,6155,4841,7469,5610
55117,2025,15207,11547,18866,14850
55117,2026,16611,12528,20694,14850
55119,2025,2499,1743,3254,2470
55119,2026,2668,1825,3510,2470
55121,2025,4155,3092,5218,4120
55121,2026,4537,3351,5723,4120
55123,2025,3916,2998,4834,3800
55123,2026,4096,3072,5121,3800
55125,2025,3185,2462,3908,3170
55125,2026,3373,2566,4180,3170
55127,2025,14145,10777,17514,14010
55127,2026,15376,11617,19134,14010
55129,2025,2450,2055,2845,2380
55129,2026,2601,2161,3042,2380
55131,2025,14411,10750,18071,13990
55131,2026,15696,11612,19780,13990
55133,2025,42713,31925,53501,41080
55133,2026,46633,34596,58670,41080
55135,2025,7015,5337,8692,6930
55135,2026,7504,5633,9376,6930
55137,2025,3473,2751,4196,3340
55137,2026,3723,2917,4529,3340
55139,2025,23705,18423,28987,23610
55139,2026,25476,19583,31369,23610
55141,2025,10684,8636,12732,10510
55141,2026,11408,9123,13693,10510
56001,2025,7226,6085,8367,7020
56001,2026,7726,6454,8999,7020
56003,2025,2099,1620,2579,2060
56003,2026,2238,1703,2773,2060
56005,2025,6622,5703,7541,6460
56005,2026,6894,5869,7919,6460
56007,2025,2625,2207,3044,2520
56007,2026,2800,2333,3267,2520
56009,2025,2336,1877,2795,2230
56009,2026,2498,1986,3010,2230
56011,2025,1023,812,1233,980
56011,2026,1083,848,1317,980
56013,2025,7029,5950,8107,6910
56013,2026,7378,6175,8581,6910
56015,2025,2314,1733,2895,2330
56015,2026,2481,1833,3129,2330
56017,2025,875,717,1033,840
56017,2026,924,748,1100,840
56019,2025,1327,1100,1553,1230
56019,2026,1365,1112,1618,1230
56021,2025,17077,13916,20239,16410
56021,2026,18380,14852,21908,16410
56023,2025,2920,2340,3500,2780
56023,2026,3119,2471,3766,2780
56025,2025,13320,11679,14961,13110
56025,2026,14039,12207,15870,13110
56027,2025,471,406,536,450
56027,2026,492,419,565,450
56029,2025,4623,3725,5521,4360
56029,2026,4912,3910,5914,4360
56031,2025,1449,1126,1771,1390
56031,2026,1522,1162,1882,1390
56033,2025,5269,4567,5970,4980
56033,2026,5668,4885,6450,4980
56035,2025,1242,979,1505,1250
56035,2026,1273,979,1566,1250
56037,2025,7691,6775,8608,7290
56037,2026,8218,7195,9241,7290
56039,2025,3291,2796,3786,3160
56039,2026,3526,2974,4079,3160
56041,2025,3183,2546,3820,3200
56041,2026,3342,2631,4052,3200
56043,2025,1236,953,1519,1230
56043,2026,1311,994,1627,1230
56045,2025,957,771,1144,920
56045,2026,987,779,1195,920
