ds,school_out,month_end_share,State,snap_index_lag4,y
2019-01-07,0,0.0,AK,1.0,593.0
2019-01-14,0,0.14285714285714285,AK,1.0,609.0
2019-01-21,0,1.0,AK,1.0,704.0
2019-01-28,0,0.5714285714285714,AK,1.0,658.0
2019-02-04,0,0.0,AK,1.0,616.0
2019-02-11,0,0.0,AK,1.0,621.0
2019-02-18,0,0.7142857142857143,AK,1.0,661.0
2019-02-25,0,0.5714285714285714,AK,1.0,668.0
2019-03-04,0,0.0,AK,1.0,633.0
2019-03-11,0,0.0,AK,1.0,653.0
2019-03-18,0,0.7142857142857143,AK,1.0,724.0
2019-03-25,0,1.0,AK,1.0,734.0
2019-04-01,0,0.0,AK,1.0,653.0
2019-04-08,0,0.0,AK,1.0,650.0
2019-04-15,0,0.2857142857142857,AK,1.0,690.0
2019-04-22,0,1.0,AK,1.0,752.0
2019-04-29,0,0.2857142857142857,AK,1.0,697.0
2019-05-06,0,0.0,AK,1.0,653.0
2019-05-13,0,0.0,AK,1.0,660.0
2019-05-20,0,1.0,AK,1.0,782.0
2019-05-27,0,0.7142857142857143,AK,1.0,755.0
2019-06-03,1,0.0,AK,1.0,781.0
2019-06-10,1,0.0,AK,1.0,726.0
2019-06-17,1,0.5714285714285714,AK,1.0,808.0
2019-06-24,1,1.0,AK,1.0,866.0
2019-07-01,1,0.0,AK,1.0,768.0
2019-07-08,1,0.0,AK,1.0,766.0
2019-07-15,1,0.2857142857142857,AK,1.0,786.0
2019-07-22,1,1.0,AK,1.0,825.0
2019-07-29,1,0.42857142857142855,AK,1.0,820.0
2019-08-05,1,0.0,AK,1.0,754.0
2019-08-12,1,0.0,AK,1.0,740.0
2019-08-19,0,0.8571428571428571,AK,1.0,717.0
2019-08-26,0,0.8571428571428571,AK,1.0,727.0
2019-09-02,0,0.0,AK,1.0,652.0
2019-09-09,0,0.0,AK,1.0,641.0
2019-09-16,0,0.42857142857142855,AK,1.0,646.0
2019-09-23,0,1.0,AK,1.0,693.0
2019-09-30,0,0.14285714285714285,AK,1.0,645.0
2019-10-07,0,0.0,AK,1.0,630.0
2019-10-14,0,0.14285714285714285,AK,1.0,605.0
2019-10-21,0,1.0,AK,1.0,716.0
2019-10-28,0,0.5714285714285714,AK,1.0,661.0
2019-11-04,0,0.0,AK,1.0,656.0
2019-11-11,0,0.0,AK,1.0,652.0
2019-11-18,0,0.7142857142857143,AK,1.0,711.0
2019-11-25,0,0.8571428571428571,AK,1.0,692.0
2019-12-02,0,0.0,AK,1.0,666.0
2019-12-09,0,0.0,AK,1.0,613.0
2019-12-16,0,0.42857142857142855,AK,1.0,679.0
2019-12-23,1,1.0,AK,1.0,795.0
2019-12-30,1,0.2857142857142857,AK,1.0,742.0
2020-01-06,0,0.0,AK,1.0,560.0
2020-01-13,0,0.0,AK,1.0,565.0
2020-01-20,0,1.0,AK,1.0,666.0
2020-01-27,0,0.7142857142857143,AK,1.0,641.0
2020-02-03,0,0.0,AK,1.0,590.0
2020-02-10,0,0.0,AK,1.0,565.0
2020-02-17,0,0.5714285714285714,AK,1.0,611.0
2020-02-24,0,0.8571428571428571,AK,1.0,658.0
2020-03-02,0,0.0,AK,1.0,574.0
2020-03-09,0,0.0,AK,1.0,600.0
2020-03-16,0,0.42857142857142855,AK,1.0,646.0
2020-03-23,0,1.0,AK,1.0,669.0
2020-03-30,0,0.2857142857142857,AK,1.0,645.0
2020-04-06,0,0.0,AK,1.0,616.0
2020-04-13,0,0.0,AK,1.0,591.0
2020-04-20,0,1.0,AK,1.0,683.0
2020-04-27,0,0.5714285714285714,AK,1.0,638.0
2020-05-04,0,0.0,AK,1.0,610.0
2020-05-11,0,0.0,AK,1.0,607.0
2020-05-18,0,0.7142857142857143,AK,1.0,691.0
2020-05-25,0,1.0,AK,1.0,681.0
2020-06-01,1,0.0,AK,1.0,665.0
2020-06-08,1,0.0,AK,1.0,704.0
2020-06-15,1,0.2857142857142857,AK,1.0,727.0
2020-06-22,1,1.0,AK,1.0,750.0
2020-06-29,1,0.2857142857142857,AK,1.0,711.0
2020-07-06,1,0.0,AK,1.0,697.0
2020-07-13,1,0.0,AK,1.0,658.0
2020-07-20,1,1.0,AK,1.0,782.0
2020-07-27,1,0.7142857142857143,AK,1.0,730.0
2020-08-03,1,0.0,AK,1.0,676.0
2020-08-10,1,0.0,AK,1.0,641.0
2020-08-17,0,0.5714285714285714,AK,1.0,636.0
2020-08-24,0,1.0,AK,1.0,696.0
2020-08-31,0,0.14285714285714285,AK,1.0,600.0
2020-09-07,0,0.0,AK,1.0,575.0
2020-09-14,0,0.14285714285714285,AK,1.0,576.0
2020-09-21,0,1.0,AK,1.0,645.0
2020-09-28,0,0.42857142857142855,AK,1.0,588.0
2020-10-05,0,0.0,AK,1.0,558.0
2020-10-12,0,0.0,AK,1.0,552.0
2020-10-19,0,0.8571428571428571,AK,1.0,613.0
2020-10-26,0,0.8571428571428571,AK,1.0,639.0
2020-11-02,0,0.0,AK,1.0,572.0
2020-11-09,0,0.0,AK,1.0,562.0
2020-11-16,0,0.42857142857142855,AK,1.0,616.0
2020-11-23,0,1.0,AK,1.0,676.0
2020-11-30,0,0.14285714285714285,AK,1.0,594.0
2020-12-07,0,0.0,AK,1.0,581.0
2020-12-14,0,0.14285714285714285,AK,1.0,581.0
2020-12-21,1,1.0,AK,1.0,740.0
2020-12-28,1,0.5714285714285714,AK,1.0,698.0
2021-01-04,1,0.0,AK,1.0,572.0
2021-01-11,0,0.0,AK,1.0,534.0
2021-01-18,0,0.7142857142857143,AK,1.0,590.0
2021-01-25,0,1.0,AK,1.0,591.0
2021-02-01,0,0.0,AK,1.0,545.0
2021-02-08,0,0.0,AK,1.0,536.0
2021-02-15,0,0.2857142857142857,AK,1.0,557.0
2021-02-22,0,1.0,AK,1.0,574.0
2021-03-01,0,0.0,AK,1.0,527.0
2021-03-08,0,0.0,AK,1.0,547.0
2021-03-15,0,0.2857142857142857,AK,1.0,583.0
2021-03-22,0,1.0,AK,1.0,598.0
2021-03-29,0,0.42857142857142855,AK,1.0,588.0
2021-04-05,0,0.0,AK,1.0,560.0
2021-04-12,0,0.0,AK,1.0,573.0
2021-04-19,0,0.8571428571428571,AK,1.0,646.0
2021-04-26,0,0.7142857142857143,AK,1.0,643.0
2021-05-03,0,0.0,AK,1.0,573.0
2021-05-10,0,0.0,AK,1.0,573.0
2021-05-17,0,0.5714285714285714,AK,1.0,620.0
2021-05-24,0,1.0,AK,1.0,660.0
2021-05-31,0,0.14285714285714285,AK,1.0,561.0
2021-06-07,1,0.0,AK,1.0,630.0
2021-06-14,1,0.14285714285714285,AK,1.0,659.0
2021-06-21,1,1.0,AK,1.0,762.0
2021-06-28,1,0.42857142857142855,AK,1.0,666.0
2021-07-05,1,0.0,AK,1.0,644.0
2021-07-12,1,0.0,AK,1.0,634.0
2021-07-19,1,0.8571428571428571,AK,1.0,732.0
2021-07-26,1,0.8571428571428571,AK,1.0,705.0
2021-08-02,1,0.0,AK,1.0,648.0
2021-08-09,1,0.0,AK,1.0,625.0
2021-08-16,0,0.42857142857142855,AK,1.0,592.0
2021-08-23,0,1.0,AK,1.0,647.0
2021-08-30,0,0.2857142857142857,AK,1.0,599.0
2021-09-06,0,0.0,AK,1.0,543.0
2021-09-13,0,0.0,AK,1.0,539.0
2021-09-20,0,1.0,AK,1.0,648.0
2021-09-27,0,0.5714285714285714,AK,1.0,575.0
2021-10-04,0,0.0,AK,1.0,569.0
2021-10-11,0,0.0,AK,1.0,565.0
2021-10-18,0,0.7142857142857143,AK,1.0,627.0
2021-10-25,0,1.0,AK,1.0,627.0
2021-11-01,0,0.0,AK,1.0,617.0
2021-11-08,0,0.0,AK,1.0,608.0
2021-11-15,0,0.2857142857142857,AK,1.0,629.0
2021-11-22,0,1.0,AK,1.0,701.0
2021-11-29,0,0.2857142857142857,AK,1.0,620.0
2021-12-06,0,0.0,AK,1.0,597.0
2021-12-13,0,0.0,AK,1.0,573.0
2021-12-20,1,1.0,AK,1.0,784.0
2021-12-27,1,0.7142857142857143,AK,1.0,738.0
2022-01-03,1,0.0,AK,1.0,615.0
2022-01-10,0,0.0,AK,1.0,558.0
2022-01-17,0,0.5714285714285714,AK,1.0,599.0
2022-01-24,0,1.0,AK,1.0,652.0
2022-01-31,0,0.14285714285714285,AK,1.0,589.0
2022-02-07,0,0.0,AK,1.0,568.0
2022-02-14,0,0.14285714285714285,AK,1.0,603.0
2022-02-21,0,1.0,AK,1.0,672.0
2022-02-28,0,0.14285714285714285,AK,1.0,610.0
2022-03-07,0,0.0,AK,1.0,600.0
2022-03-14,0,0.14285714285714285,AK,1.0,595.0
2022-03-21,0,1.0,AK,1.0,709.0
2022-03-28,0,0.5714285714285714,AK,1.0,677.0
2022-04-04,0,0.0,AK,1.0,615.0
2022-04-11,0,0.0,AK,1.0,623.0
2022-04-18,0,0.7142857142857143,AK,1.0,697.0
2022-04-25,0,0.8571428571428571,AK,1.0,742.0
2022-05-02,0,0.0,AK,1.0,665.0
2022-05-09,0,0.0,AK,1.0,672.0
2022-05-16,0,0.42857142857142855,AK,1.0,699.0
2022-05-23,0,1.0,AK,1.0,760.0
2022-05-30,0,0.2857142857142857,AK,1.0,691.0
2022-06-06,1,0.0,AK,1.0,748.0
2022-06-13,1,0.0,AK,1.0,753.0
2022-06-20,1,1.0,AK,1.0,852.0
2022-06-27,1,0.5714285714285714,AK,1.0,818.0
2022-07-04,1,0.0,AK,1.0,759.0
2022-07-11,1,0.0,AK,1.0,729.0
2022-07-18,1,0.7142857142857143,AK,1.0,831.0
2022-07-25,1,1.0,AK,1.0,892.0
2022-08-01,1,0.0,AK,1.0,738.0
2022-08-08,1,0.0,AK,1.0,742.0
2022-08-15,0,0.2857142857142857,AK,1.0,708.0
2022-08-22,0,1.0,AK,1.0,760.0
2022-08-29,0,0.42857142857142855,AK,1.0,730.0
2022-09-05,0,0.0,AK,1.0,644.0
2022-09-12,0,0.0,AK,1.0,667.0
2022-09-19,0,0.8571428571428571,AK,1.0,725.0
2022-09-26,0,0.7142857142857143,AK,1.0,722.0
2022-10-03,0,0.0,AK,1.0,645.0
2022-10-10,0,0.0,AK,1.0,650.0
2022-10-17,0,0.5714285714285714,AK,1.0,706.0
2022-10-24,0,1.0,AK,1.0,720.0
2022-10-31,0,0.14285714285714285,AK,1.0,649.0
2022-11-07,0,0.0,AK,1.0,694.0
2022-11-14,0,0.14285714285714285,AK,1.0,715.0
2022-11-21,0,1.0,AK,1.0,785.0
2022-11-28,0,0.42857142857142855,AK,1.0,752.0
2022-12-05,0,0.0,AK,1.0,691.0
2022-12-12,0,0.0,AK,1.0,713.0
2022-12-19,0,0.8571428571428571,AK,1.0,788.0
2022-12-26,1,0.8571428571428571,AK,1.0,895.0
2023-01-02,1,0.0,AK,1.0,685.0
2023-01-09,0,0.0,AK,1.0,602.0
2023-01-16,0,0.42857142857142855,AK,1.0,702.0
2023-01-23,0,1.0,AK,1.0,767.0
2023-01-30,0,0.2857142857142857,AK,1.0,723.0
2023-02-06,0,0.0,AK,1.0,647.0
2023-02-13,0,0.0,AK,1.0,662.0
2023-02-20,0,1.0,AK,1.0,745.0
2023-02-27,0,0.2857142857142857,AK,1.0,678.0
2023-03-06,0,0.0,AK,1.0,672.0
2023-03-13,0,0.0,AK,1.0,687.0
2023-03-20,0,1.0,AK,1.0,793.0
2023-03-27,0,0.7142857142857143,AK,1.0,764.0
2023-04-03,0,0.0,AK,1.0,719.0
2023-04-10,0,0.0,AK,1.0,741.0
2023-04-17,0,0.5714285714285714,AK,1.0,798.0
2023-04-24,0,1.0,AK,1.0,831.0
2023-05-01,0,0.0,AK,1.0,723.0
2023-05-08,0,0.0,AK,1.0,732.0
2023-05-15,0,0.2857142857142857,AK,1.0,767.0
2023-05-22,0,1.0,AK,1.0,819.0
2023-05-29,0,0.42857142857142855,AK,1.0,794.0
2023-06-05,1,0.0,AK,1.0,807.0
2023-06-12,1,0.0,AK,1.0,842.0
2023-06-19,1,0.8571428571428571,AK,1.0,932.0
2023-06-26,1,0.7142857142857143,AK,1.0,932.0
2023-07-03,1,0.0,AK,1.0,829.0
2023-07-10,1,0.0,AK,1.0,814.0
2023-07-17,1,0.5714285714285714,AK,1.0,912.0
2023-07-24,1,1.0,AK,1.0,912.0
2023-07-31,1,0.14285714285714285,AK,1.0,816.0
2023-08-07,1,0.0,AK,1.0,847.0
2023-08-14,1,0.14285714285714285,AK,1.0,857.0
2023-08-21,0,1.0,AK,1.0,838.0
2023-08-28,0,0.5714285714285714,AK,1.0,811.0
2023-09-04,0,0.0,AK,1.0,734.0
2023-09-11,0,0.0,AK,1.0,739.0
2023-09-18,0,0.7142857142857143,AK,1.0,790.0
2023-09-25,0,0.8571428571428571,AK,1.0,851.0
2023-10-02,0,0.0,AK,1.0,721.0
2023-10-09,0,0.0,AK,1.0,703.0
2023-10-16,0,0.42857142857142855,AK,1.0,763.0
2023-10-23,0,1.0,AK,1.0,780.0
2023-10-30,0,0.2857142857142857,AK,1.0,718.0
2023-11-06,0,0.0,AK,1.0,781.0
2023-11-13,0,0.0,AK,1.0,763.0
2023-11-20,0,1.0,AK,1.0,918.0
2023-11-27,0,0.5714285714285714,AK,1.0,816.0
2023-12-04,0,0.0,AK,1.0,792.0
2023-12-11,0,0.0,AK,1.0,785.0
2023-12-18,0,0.7142857142857143,AK,1.0,836.0
2023-12-25,1,1.0,AK,1.0,977.0
2024-01-01,1,0.0,AK,1.0,775.0
2024-01-08,0,0.0,AK,1.0,672.0
2024-01-15,0,0.2857142857142857,AK,1.0,732.0
2024-01-22,0,1.0,AK,1.0,821.0
2024-01-29,0,0.42857142857142855,AK,1.0,762.0
2024-02-05,0,0.0,AK,1.0,711.0
2024-02-12,0,0.0,AK,1.0,736.0
2024-02-19,0,0.8571428571428571,AK,1.0,802.0
2024-02-26,0,0.5714285714285714,AK,1.0,815.0
2024-03-04,0,0.0,AK,1.0,729.0
2024-03-11,0,0.0,AK,1.0,733.0
2024-03-18,0,0.7142857142857143,AK,1.0,830.0
2024-03-25,0,1.0,AK,1.0,877.0
2024-04-01,0,0.0,AK,1.0,769.0
2024-04-08,0,0.0,AK,1.0,767.0
2024-04-15,0,0.2857142857142857,AK,1.0,814.0
2024-04-22,0,1.0,AK,1.0,898.0
2024-04-29,0,0.2857142857142857,AK,1.0,801.0
2024-05-06,0,0.0,AK,1.0,843.0
2024-05-13,0,0.0,AK,1.0,786.0
2024-05-20,0,1.0,AK,1.0,871.0
2024-05-27,0,0.7142857142857143,AK,1.0,868.0
2024-06-03,1,0.0,AK,1.0,893.0
2024-06-10,1,0.0,AK,1.0,887.0
2024-06-17,1,0.5714285714285714,AK,1.0,1015.0
2024-06-24,1,1.0,AK,1.0,1085.0
2024-07-01,1,0.0,AK,1.0,901.0
2024-07-08,1,0.0,AK,1.0,872.0
2024-07-15,1,0.2857142857142857,AK,1.0,922.0
2024-07-22,1,1.0,AK,1.0,1042.0
2024-07-29,1,0.42857142857142855,AK,1.0,949.0
2024-08-05,1,0.0,AK,1.0,884.0
2024-08-12,1,0.0,AK,1.0,933.0
2024-08-19,0,0.8571428571428571,AK,1.0,889.0
2024-08-26,0,0.8571428571428571,AK,1.0,883.0
2024-09-02,0,0.0,AK,1.0,765.0
2024-09-09,0,0.0,AK,1.0,790.0
2024-09-16,0,0.42857142857142855,AK,1.0,826.0
2024-09-23,0,1.0,AK,1.0,905.0
2024-09-30,0,0.14285714285714285,AK,1.0,787.0
2024-10-07,0,0.0,AK,1.0,771.0
2024-10-14,0,0.14285714285714285,AK,1.0,769.0
2024-10-21,0,1.0,AK,1.0,861.0
2024-10-28,0,0.5714285714285714,AK,1.0,796.0
2024-11-04,0,0.0,AK,1.0,829.0
2024-11-11,0,0.0,AK,1.0,800.0
2024-11-18,0,0.7142857142857143,AK,1.0,887.0
2024-11-25,0,0.8571428571428571,AK,1.0,917.0
2024-12-02,0,0.0,AK,1.0,774.0
2024-12-09,0,0.0,AK,1.0,786.0
2024-12-16,0,0.42857142857142855,AK,1.0,847.0
2024-12-23,1,1.0,AK,1.0,1047.0
2024-12-30,1,0.2857142857142857,AK,1.0,885.0
2025-01-06,0,0.0,AK,1.0,733.0
2025-01-13,0,0.0,AK,1.0,722.0
2025-01-20,0,1.0,AK,1.0,837.0
2025-01-27,0,0.7142857142857143,AK,1.0,817.0
2025-02-03,0,0.0,AK,1.0,741.0
2025-02-10,0,0.0,AK,1.0,746.0
2025-02-17,0,0.5714285714285714,AK,1.0,840.0
2025-02-24,0,0.7142857142857143,AK,1.0,863.0
2025-03-03,0,0.0,AK,1.0,752.0
2025-03-10,0,0.0,AK,1.0,752.0
2025-03-17,0,0.5714285714285714,AK,1.0,828.0
2025-03-24,0,1.0,AK,1.0,896.0
2025-03-31,0,0.14285714285714285,AK,1.0,779.0
2025-04-07,0,0.0,AK,1.0,784.0
2025-04-14,0,0.14285714285714285,AK,1.0,792.0
2025-04-21,0,1.0,AK,1.0,916.0
2025-04-28,0,0.42857142857142855,AK,1.0,839.0
2025-05-05,0,0.0,AK,1.0,781.0
2025-05-12,0,0.0,AK,1.0,823.0
2025-05-19,0,0.8571428571428571,AK,1.0,923.0
2025-05-26,0,0.8571428571428571,AK,1.0,937.0
2025-06-02,1,0.0,AK,1.0,912.0
2025-06-09,1,0.0,AK,1.0,877.0
2025-06-16,1,0.42857142857142855,AK,1.0,967.0
2025-06-23,1,1.0,AK,1.0,1034.0
2025-06-30,1,0.14285714285714285,AK,1.0,943.0
2025-07-07,1,0.0,AK,1.0,922.0
2025-07-14,1,0.14285714285714285,AK,1.0,951.0
2025-07-21,1,1.0,AK,1.0,1051.0
2025-07-28,1,0.5714285714285714,AK,1.0,931.0
2025-08-04,1,0.0,AK,1.0007568247471033,879.0
2025-08-11,1,0.0,AK,1.0015136494942065,854.0
2025-08-18,0,0.7142857142857143,AK,1.0022704742413098,927.0
2025-08-25,0,1.0,AK,1.003027298988413,894.0
2025-09-01,0,0.0,AK,1.0037841237355163,760.0
2025-09-08,0,0.0,AK,1.0045409484826198,789.0
2025-09-15,0,0.2857142857142857,AK,1.005297773229723,787.0
2025-09-22,0,1.0,AK,1.0060545979768263,826.0
2025-09-29,0,0.2857142857142857,AK,1.0068114227239295,768.0
2025-10-06,0,0.0,AK,1.0075682474710328,748.0
2025-10-13,0,0.0,AK,1.008325072218136,756.0
2025-10-20,0,1.0,AK,1.0090818969652393,825.0
2025-10-27,0,0.7142857142857143,AK,1.0098387217123426,798.0
2025-11-03,0,0.0,AK,1.0105955464594458,797.0
2025-11-10,0,0.0,AK,1.011352371206549,811.0
2025-11-17,0,0.5714285714285714,AK,1.0121091959536526,857.0
2025-11-24,0,1.0,AK,1.0128660207007558,894.0
2025-12-01,0,0.0,AK,1.013622845447859,767.0
2025-12-08,0,0.0,AK,1.0143796701949623,791.0
2025-12-15,0,0.2857142857142857,AK,1.0151364949420656,842.0
2025-12-22,1,1.0,AK,1.0158933196891688,989.0
2025-12-29,1,0.42857142857142855,AK,1.016650144436272,954.0
2026-01-05,1,0.0,AK,1.0174069691833754,800.0
2026-01-12,0,0.0,AK,1.0181637939304786,685.0
2026-01-19,0,0.8571428571428571,AK,1.0189206186775819,763.0
2026-01-26,0,0.8571428571428571,AK,1.0196774434246854,807.0
2026-02-02,0,0.0,AK,1.0204342681717886,758.0
2026-02-09,0,0.0,AK,1.0211910929188919,726.0
2026-02-16,0,0.42857142857142855,AK,1.0219479176659951,770.0
2026-02-23,0,0.8571428571428571,AK,1.0227047424130984,812.0
2026-03-02,0,0.0,AK,1.0234615671602016,753.0
2026-03-09,0,0.0,AK,1.024218391907305,735.0
2026-03-16,0,0.42857142857142855,AK,1.0249752166544082,748.0
2026-03-23,0,1.0,AK,1.0257320414015114,889.0
2026-03-30,0,0.2857142857142857,AK,1.0264888661486147,760.0
2026-04-06,0,0.0,AK,1.0272456908957182,751.0
2026-04-13,0,0.0,AK,1.0280025156428214,745.0
2026-04-20,0,1.0,AK,1.0287593403899247,883.0
2026-04-27,0,0.5714285714285714,AK,1.029516165137028,837.0
2026-05-04,0,0.0,AK,1.0302729898841312,733.0
2026-05-11,0,0.0,AK,1.0310298146312344,790.0
2026-05-18,0,0.7142857142857143,AK,1.0317866393783377,878.0
2026-05-25,0,1.0,AK,1.032543464125441,904.0
2026-06-01,1,0.0,AK,1.0333002888725442,885.0
2026-06-08,1,0.0,AK,1.0340571136196475,888.0
2026-06-15,1,0.2857142857142857,AK,1.0348139383667507,917.0
2026-06-22,1,1.0,AK,1.0355707631138542,1048.0
2026-06-29,1,0.2857142857142857,AK,1.0363275878609575,917.0
2026-07-06,1,0.0,AK,1.0370844126080607,864.0
2026-07-13,1,0.0,AK,1.037841237355164,876.0
2026-07-20,1,1.0,AK,1.0385980621022672,997.0
2026-07-27,1,0.7142857142857143,AK,1.0385980621022672,938.0
2026-08-03,1,0.0,AK,1.0385980621022672,882.0
2026-08-10,1,0.0,AK,1.0385980621022672,867.0
2026-08-17,0,0.5714285714285714,AK,1.0385980621022672,795.0
2026-08-24,0,1.0,AK,1.0385980621022672,851.0
2026-08-31,0,0.14285714285714285,AK,1.0385980621022672,781.0
2026-09-07,0,0.0,AK,1.0385980621022672,725.0
2026-09-14,0,0.14285714285714285,AK,1.0385980621022672,745.0
2026-09-21,0,1.0,AK,1.0385980621022672,881.0
2019-01-07,0,0.0,AL,1.0,5268.0
2019-01-14,0,0.14285714285714285,AL,1.0,5605.0
2019-01-21,0,1.0,AL,1.0,6353.0
2019-01-28,0,0.5714285714285714,AL,1.0,5910.0
2019-02-04,0,0.0,AL,1.0,5466.0
2019-02-11,0,0.0,AL,1.0,5560.0
2019-02-18,0,0.7142857142857143,AL,1.0,6198.0
2019-02-25,0,0.5714285714285714,AL,1.0,6135.0
2019-03-04,0,0.0,AL,1.0,5678.0
2019-03-11,0,0.0,AL,1.0,5718.0
2019-03-18,0,0.7142857142857143,AL,1.0,6348.0
2019-03-25,0,1.0,AL,1.0,6756.0
2019-04-01,0,0.0,AL,1.0,5877.0
2019-04-08,0,0.0,AL,1.0,5888.0
2019-04-15,0,0.2857142857142857,AL,1.0,6069.0
2019-04-22,0,1.0,AL,1.0,6804.0
2019-04-29,0,0.2857142857142857,AL,1.0,6204.0
2019-05-06,0,0.0,AL,1.0,5900.0
2019-05-13,0,0.0,AL,1.0,5949.0
2019-05-20,0,1.0,AL,1.0,6929.0
2019-05-27,0,0.7142857142857143,AL,1.0,6641.0
2019-06-03,1,0.0,AL,1.0,6866.0
2019-06-10,1,0.0,AL,1.0,6847.0
2019-06-17,1,0.5714285714285714,AL,1.0,7450.0
2019-06-24,1,1.0,AL,1.0,7850.0
2019-07-01,1,0.0,AL,1.0,6794.0
2019-07-08,1,0.0,AL,1.0,6789.0
2019-07-15,1,0.2857142857142857,AL,1.0,7050.0
2019-07-22,1,1.0,AL,1.0,7760.0
2019-07-29,1,0.42857142857142855,AL,1.0,7135.0
2019-08-05,1,0.0,AL,1.0,6706.0
2019-08-12,1,0.0,AL,1.0,6591.0
2019-08-19,0,0.8571428571428571,AL,1.0,6753.0
2019-08-26,0,0.8571428571428571,AL,1.0,6725.0
2019-09-02,0,0.0,AL,1.0,5839.0
2019-09-09,0,0.0,AL,1.0,5831.0
2019-09-16,0,0.42857142857142855,AL,1.0,6099.0
2019-09-23,0,1.0,AL,1.0,6504.0
2019-09-30,0,0.14285714285714285,AL,1.0,5704.0
2019-10-07,0,0.0,AL,1.0,5469.0
2019-10-14,0,0.14285714285714285,AL,1.0,5644.0
2019-10-21,0,1.0,AL,1.0,6314.0
2019-10-28,0,0.5714285714285714,AL,1.0,6003.0
2019-11-04,0,0.0,AL,1.0,6033.0
2019-11-11,0,0.0,AL,1.0,5921.0
2019-11-18,0,0.7142857142857143,AL,1.0,6469.0
2019-11-25,0,0.8571428571428571,AL,1.0,6553.0
2019-12-02,0,0.0,AL,1.0,5945.0
2019-12-09,0,0.0,AL,1.0,5823.0
2019-12-16,0,0.42857142857142855,AL,1.0,6069.0
2019-12-23,1,1.0,AL,1.0,7476.0
2019-12-30,1,0.2857142857142857,AL,1.0,6669.0
2020-01-06,0,0.0,AL,1.0,5265.0
2020-01-13,0,0.0,AL,1.0,5262.0
2020-01-20,0,1.0,AL,1.0,6092.0
2020-01-27,0,0.7142857142857143,AL,1.0,5897.0
2020-02-03,0,0.0,AL,1.0,5313.0
2020-02-10,0,0.0,AL,1.0,5350.0
2020-02-17,0,0.5714285714285714,AL,1.0,6021.0
2020-02-24,0,0.8571428571428571,AL,1.0,6277.0
2020-03-02,0,0.0,AL,1.0,5439.0
2020-03-09,0,0.0,AL,1.0,5559.0
2020-03-16,0,0.42857142857142855,AL,1.0,5934.0
2020-03-23,0,1.0,AL,1.0,6504.0
2020-03-30,0,0.2857142857142857,AL,1.0,5857.0
2020-04-06,0,0.0,AL,1.0,5591.0
2020-04-13,0,0.0,AL,1.0,5639.0
2020-04-20,0,1.0,AL,1.0,6597.0
2020-04-27,0,0.5714285714285714,AL,1.0,6254.0
2020-05-04,0,0.0,AL,1.0,5777.0
2020-05-11,0,0.0,AL,1.0,5821.0
2020-05-18,0,0.7142857142857143,AL,1.0,6510.0
2020-05-25,0,1.0,AL,1.0,6627.0
2020-06-01,1,0.0,AL,1.0,6544.0
2020-06-08,1,0.0,AL,1.0,6463.0
2020-06-15,1,0.2857142857142857,AL,1.0,6778.0
2020-06-22,1,1.0,AL,1.0,7609.0
2020-06-29,1,0.2857142857142857,AL,1.0,6816.0
2020-07-06,1,0.0,AL,1.0,6373.0
2020-07-13,1,0.0,AL,1.0,6462.0
2020-07-20,1,1.0,AL,1.0,7437.0
2020-07-27,1,0.7142857142857143,AL,1.0,7277.0
2020-08-03,1,0.0,AL,1.0,6380.0
2020-08-10,1,0.0,AL,1.0,6373.0
2020-08-17,0,0.5714285714285714,AL,1.0,6270.0
2020-08-24,0,1.0,AL,1.0,6586.0
2020-08-31,0,0.14285714285714285,AL,1.0,5746.0
2020-09-07,0,0.0,AL,1.0,5557.0
2020-09-14,0,0.14285714285714285,AL,1.0,5619.0
2020-09-21,0,1.0,AL,1.0,6297.0
2020-09-28,0,0.42857142857142855,AL,1.0,5869.0
2020-10-05,0,0.0,AL,1.0,5331.0
2020-10-12,0,0.0,AL,1.0,5271.0
2020-10-19,0,0.8571428571428571,AL,1.0,5992.0
2020-10-26,0,0.8571428571428571,AL,1.0,5836.0
2020-11-02,0,0.0,AL,1.0,5749.0
2020-11-09,0,0.0,AL,1.0,5578.0
2020-11-16,0,0.42857142857142855,AL,1.0,5908.0
2020-11-23,0,1.0,AL,1.0,6369.0
2020-11-30,0,0.14285714285714285,AL,1.0,5809.0
2020-12-07,0,0.0,AL,1.0,5605.0
2020-12-14,0,0.14285714285714285,AL,1.0,5663.0
2020-12-21,1,1.0,AL,1.0,7216.0
2020-12-28,1,0.5714285714285714,AL,1.0,6740.0
2021-01-04,1,0.0,AL,1.0,5613.0
2021-01-11,0,0.0,AL,1.0,5048.0
2021-01-18,0,0.7142857142857143,AL,1.0,5639.0
2021-01-25,0,1.0,AL,1.0,5839.0
2021-02-01,0,0.0,AL,1.0,5153.0
2021-02-08,0,0.0,AL,1.0,5214.0
2021-02-15,0,0.2857142857142857,AL,1.0,5437.0
2021-02-22,0,1.0,AL,1.0,6042.0
2021-03-01,0,0.0,AL,1.0,5165.0
2021-03-08,0,0.0,AL,1.0,5303.0
2021-03-15,0,0.2857142857142857,AL,1.0,5611.0
2021-03-22,0,1.0,AL,1.0,6026.0
2021-03-29,0,0.42857142857142855,AL,1.0,5667.0
2021-04-05,0,0.0,AL,1.0,5300.0
2021-04-12,0,0.0,AL,1.0,5377.0
2021-04-19,0,0.8571428571428571,AL,1.0,6073.0
2021-04-26,0,0.7142857142857143,AL,1.0,6106.0
2021-05-03,0,0.0,AL,1.0,5357.0
2021-05-10,0,0.0,AL,1.0,5432.0
2021-05-17,0,0.5714285714285714,AL,1.0,6017.0
2021-05-24,0,1.0,AL,1.0,6317.0
2021-05-31,0,0.14285714285714285,AL,1.0,5659.0
2021-06-07,1,0.0,AL,1.0,6238.0
2021-06-14,1,0.14285714285714285,AL,1.0,6249.0
2021-06-21,1,1.0,AL,1.0,7110.0
2021-06-28,1,0.42857142857142855,AL,1.0,6594.0
2021-07-05,1,0.0,AL,1.0,6240.0
2021-07-12,1,0.0,AL,1.0,6259.0
2021-07-19,1,0.8571428571428571,AL,1.0,6984.0
2021-07-26,1,0.8571428571428571,AL,1.0,7028.0
2021-08-02,1,0.0,AL,1.0,6340.0
2021-08-09,1,0.0,AL,1.0,6280.0
2021-08-16,0,0.42857142857142855,AL,1.0,5895.0
2021-08-23,0,1.0,AL,1.0,6359.0
2021-08-30,0,0.2857142857142857,AL,1.0,5791.0
2021-09-06,0,0.0,AL,1.0,5509.0
2021-09-13,0,0.0,AL,1.0,5536.0
2021-09-20,0,1.0,AL,1.0,6349.0
2021-09-27,0,0.5714285714285714,AL,1.0,5916.0
2021-10-04,0,0.0,AL,1.0,5508.0
2021-10-11,0,0.0,AL,1.0,5388.0
2021-10-18,0,0.7142857142857143,AL,1.0,5915.0
2021-10-25,0,1.0,AL,1.0,6157.0
2021-11-01,0,0.0,AL,1.0,5913.0
2021-11-08,0,0.0,AL,1.0,5888.0
2021-11-15,0,0.2857142857142857,AL,1.0,6268.0
2021-11-22,0,1.0,AL,1.0,6770.0
2021-11-29,0,0.2857142857142857,AL,1.0,6100.0
2021-12-06,0,0.0,AL,1.0,5856.0
2021-12-13,0,0.0,AL,1.0,5951.0
2021-12-20,1,1.0,AL,1.0,7454.0
2021-12-27,1,0.7142857142857143,AL,1.0,7384.0
2022-01-03,1,0.0,AL,1.0,5905.0
2022-01-10,0,0.0,AL,1.0,5439.0
2022-01-17,0,0.5714285714285714,AL,1.0,5935.0
2022-01-24,0,1.0,AL,1.0,6360.0
2022-01-31,0,0.14285714285714285,AL,1.0,5741.0
2022-02-07,0,0.0,AL,1.0,5617.0
2022-02-14,0,0.14285714285714285,AL,1.0,5716.0
2022-02-21,0,1.0,AL,1.0,6679.0
2022-02-28,0,0.14285714285714285,AL,1.0,5971.0
2022-03-07,0,0.0,AL,1.0,5867.0
2022-03-14,0,0.14285714285714285,AL,1.0,6087.0
2022-03-21,0,1.0,AL,1.0,7013.0
2022-03-28,0,0.5714285714285714,AL,1.0,6528.0
2022-04-04,0,0.0,AL,1.0,6057.0
2022-04-11,0,0.0,AL,1.0,6252.0
2022-04-18,0,0.7142857142857143,AL,1.0,6823.0
2022-04-25,0,0.8571428571428571,AL,1.0,7071.0
2022-05-02,0,0.0,AL,1.0,6330.0
2022-05-09,0,0.0,AL,1.0,6417.0
2022-05-16,0,0.42857142857142855,AL,1.0,6984.0
2022-05-23,0,1.0,AL,1.0,7323.0
2022-05-30,0,0.2857142857142857,AL,1.0,6911.0
2022-06-06,1,0.0,AL,1.0,7456.0
2022-06-13,1,0.0,AL,1.0,7406.0
2022-06-20,1,1.0,AL,1.0,8461.0
2022-06-27,1,0.5714285714285714,AL,1.0,8161.0
2022-07-04,1,0.0,AL,1.0,7374.0
2022-07-11,1,0.0,AL,1.0,7377.0
2022-07-18,1,0.7142857142857143,AL,1.0,8314.0
2022-07-25,1,1.0,AL,1.0,8530.0
2022-08-01,1,0.0,AL,1.0,7415.0
2022-08-08,1,0.0,AL,1.0,7170.0
2022-08-15,0,0.2857142857142857,AL,1.0,6837.0
2022-08-22,0,1.0,AL,1.0,7496.0
2022-08-29,0,0.42857142857142855,AL,1.0,6735.0
2022-09-05,0,0.0,AL,1.0,6366.0
2022-09-12,0,0.0,AL,1.0,6392.0
2022-09-19,0,0.8571428571428571,AL,1.0,7162.0
2022-09-26,0,0.7142857142857143,AL,1.0,6880.0
2022-10-03,0,0.0,AL,1.0,6180.0
2022-10-10,0,0.0,AL,1.0,6126.0
2022-10-17,0,0.5714285714285714,AL,1.0,6611.0
2022-10-24,0,1.0,AL,1.0,7084.0
2022-10-31,0,0.14285714285714285,AL,1.0,6189.0
2022-11-07,0,0.0,AL,1.0,6694.0
2022-11-14,0,0.14285714285714285,AL,1.0,6822.0
2022-11-21,0,1.0,AL,1.0,7389.0
2022-11-28,0,0.42857142857142855,AL,1.0,6995.0
2022-12-05,0,0.0,AL,1.0,6577.0
2022-12-12,0,0.0,AL,1.0,6616.0
2022-12-19,0,0.8571428571428571,AL,1.0,7366.0
2022-12-26,1,0.8571428571428571,AL,1.0,8380.0
2023-01-02,1,0.0,AL,1.0,6775.0
2023-01-09,0,0.0,AL,1.0,5994.0
2023-01-16,0,0.42857142857142855,AL,1.0,6301.0
2023-01-23,0,1.0,AL,1.0,7189.0
2023-01-30,0,0.2857142857142857,AL,1.0,6371.0
2023-02-06,0,0.0,AL,1.0,6056.0
2023-02-13,0,0.0,AL,1.0,6223.0
2023-02-20,0,1.0,AL,1.0,7147.0
2023-02-27,0,0.2857142857142857,AL,1.0,6442.0
2023-03-06,0,0.0,AL,1.0,6404.0
2023-03-13,0,0.0,AL,1.0,6272.0
2023-03-20,0,1.0,AL,1.0,7443.0
2023-03-27,0,0.7142857142857143,AL,1.0,6991.0
2023-04-03,0,0.0,AL,1.0,6529.0
2023-04-10,0,0.0,AL,1.0,6469.0
2023-04-17,0,0.5714285714285714,AL,1.0,7321.0
2023-04-24,0,1.0,AL,1.0,7725.0
2023-05-01,0,0.0,AL,1.0,6750.0
2023-05-08,0,0.0,AL,1.0,6753.0
2023-05-15,0,0.2857142857142857,AL,1.0,6986.0
2023-05-22,0,1.0,AL,1.0,7762.0
2023-05-29,0,0.42857142857142855,AL,1.0,7230.0
2023-06-05,1,0.0,AL,1.0,7596.0
2023-06-12,1,0.0,AL,1.0,7617.0
2023-06-19,1,0.8571428571428571,AL,1.0,8558.0
2023-06-26,1,0.7142857142857143,AL,1.0,8735.0
2023-07-03,1,0.0,AL,1.0,7846.0
2023-07-10,1,0.0,AL,1.0,7735.0
2023-07-17,1,0.5714285714285714,AL,1.0,8319.0
2023-07-24,1,1.0,AL,1.0,8876.0
2023-07-31,1,0.14285714285714285,AL,1.0,7821.0
2023-08-07,1,0.0,AL,1.0,7558.0
2023-08-14,1,0.14285714285714285,AL,1.0,7774.0
2023-08-21,0,1.0,AL,1.0,7715.0
2023-08-28,0,0.5714285714285714,AL,1.0,7294.0
2023-09-04,0,0.0,AL,1.0,6670.0
2023-09-11,0,0.0,AL,1.0,6597.0
2023-09-18,0,0.7142857142857143,AL,1.0,7317.0
2023-09-25,0,0.8571428571428571,AL,1.0,7328.0
2023-10-02,0,0.0,AL,1.0,6496.0
2023-10-09,0,0.0,AL,1.0,6522.0
2023-10-16,0,0.42857142857142855,AL,1.0,6847.0
2023-10-23,0,1.0,AL,1.0,7408.0
2023-10-30,0,0.2857142857142857,AL,1.0,6609.0
2023-11-06,0,0.0,AL,1.0,7033.0
2023-11-13,0,0.0,AL,1.0,6950.0
2023-11-20,0,1.0,AL,1.0,7989.0
2023-11-27,0,0.5714285714285714,AL,1.0,7408.0
2023-12-04,0,0.0,AL,1.0,6775.0
2023-12-11,0,0.0,AL,1.0,6782.0
2023-12-18,0,0.7142857142857143,AL,1.0,7582.0
2023-12-25,1,1.0,AL,1.0,8790.0
2024-01-01,1,0.0,AL,1.0,6972.0
2024-01-08,0,0.0,AL,1.0,6348.0
2024-01-15,0,0.2857142857142857,AL,1.0,6478.0
2024-01-22,0,1.0,AL,1.0,7259.0
2024-01-29,0,0.42857142857142855,AL,1.0,6758.0
2024-02-05,0,0.0,AL,1.0,6273.0
2024-02-12,0,0.0,AL,1.0,6415.0
2024-02-19,0,0.8571428571428571,AL,1.0,7307.0
2024-02-26,0,0.5714285714285714,AL,1.0,7205.0
2024-03-04,0,0.0,AL,1.0,6606.0
2024-03-11,0,0.0,AL,1.0,6696.0
2024-03-18,0,0.7142857142857143,AL,1.0,7337.0
2024-03-25,0,1.0,AL,1.0,7593.0
2024-04-01,0,0.0,AL,1.0,6846.0
2024-04-08,0,0.0,AL,1.0,6927.0
2024-04-15,0,0.2857142857142857,AL,1.0,7170.0
2024-04-22,0,1.0,AL,1.0,7956.0
2024-04-29,0,0.2857142857142857,AL,1.0,7292.0
2024-05-06,0,0.0,AL,1.0,7002.0
2024-05-13,0,0.0,AL,1.0,7120.0
2024-05-20,0,1.0,AL,1.0,8202.0
2024-05-27,0,0.7142857142857143,AL,1.0,7786.0
2024-06-03,1,0.0,AL,1.0,7941.0
2024-06-10,1,0.0,AL,1.0,8083.0
2024-06-17,1,0.5714285714285714,AL,1.0,8562.0
2024-06-24,1,1.0,AL,1.0,9359.0
2024-07-01,1,0.0,AL,1.0,7930.0
2024-07-08,1,0.0,AL,1.0,7998.0
2024-07-15,1,0.2857142857142857,AL,1.0,8115.0
2024-07-22,1,1.0,AL,1.0,9072.0
2024-07-29,1,0.42857142857142855,AL,1.0,8455.0
2024-08-05,1,0.0,AL,1.0,7967.0
2024-08-12,1,0.0,AL,1.0,7933.0
2024-08-19,0,0.8571428571428571,AL,1.0,7694.0
2024-08-26,0,0.8571428571428571,AL,1.0,7743.0
2024-09-02,0,0.0,AL,1.0,7020.0
2024-09-09,0,0.0,AL,1.0,6735.0
2024-09-16,0,0.42857142857142855,AL,1.0,7367.0
2024-09-23,0,1.0,AL,1.0,7858.0
2024-09-30,0,0.14285714285714285,AL,1.0,6788.0
2024-10-07,0,0.0,AL,1.0,6643.0
2024-10-14,0,0.14285714285714285,AL,1.0,6749.0
2024-10-21,0,1.0,AL,1.0,7620.0
2024-10-28,0,0.5714285714285714,AL,1.0,7140.0
2024-11-04,0,0.0,AL,1.0,7104.0
2024-11-11,0,0.0,AL,1.0,6897.0
2024-11-18,0,0.7142857142857143,AL,1.0,7744.0
2024-11-25,0,0.8571428571428571,AL,1.0,7937.0
2024-12-02,0,0.0,AL,1.0,6950.0
2024-12-09,0,0.0,AL,1.0,6973.0
2024-12-16,0,0.42857142857142855,AL,1.0,7421.0
2024-12-23,1,1.0,AL,1.0,9118.0
2024-12-30,1,0.2857142857142857,AL,1.0,8275.0
2025-01-06,0,0.0,AL,1.0,6483.0
2025-01-13,0,0.0,AL,1.0,6305.0
2025-01-20,0,1.0,AL,1.0,7360.0
2025-01-27,0,0.7142857142857143,AL,1.0,7031.0
2025-02-03,0,0.0,AL,1.0,6546.0
2025-02-10,0,0.0,AL,1.0,6377.0
2025-02-17,0,0.5714285714285714,AL,1.0,7120.0
2025-02-24,0,0.7142857142857143,AL,1.0,7314.0
2025-03-03,0,0.0,AL,1.0,6687.0
2025-03-10,0,0.0,AL,1.0,6809.0
2025-03-17,0,0.5714285714285714,AL,1.0,7268.0
2025-03-24,0,1.0,AL,1.0,7750.0
2025-03-31,0,0.14285714285714285,AL,1.0,6974.0
2025-04-07,0,0.0,AL,1.0,6853.0
2025-04-14,0,0.14285714285714285,AL,1.0,7146.0
2025-04-21,0,1.0,AL,1.0,8020.0
2025-04-28,0,0.42857142857142855,AL,1.0,7528.0
2025-05-05,0,0.0,AL,1.0,6958.0
2025-05-12,0,0.0,AL,1.0,7060.0
2025-05-19,0,0.8571428571428571,AL,1.0,8089.0
2025-05-26,0,0.8571428571428571,AL,1.0,8018.0
2025-06-02,1,0.0,AL,1.0,7961.0
2025-06-09,1,0.0,AL,1.0,8023.0
2025-06-16,1,0.42857142857142855,AL,1.0,8560.0
2025-06-23,1,1.0,AL,1.0,9268.0
2025-06-30,1,0.14285714285714285,AL,1.0,8388.0
2025-07-07,1,0.0,AL,1.0,8078.0
2025-07-14,1,0.14285714285714285,AL,1.0,8232.0
2025-07-21,1,1.0,AL,1.0,9263.0
2025-07-28,1,0.5714285714285714,AL,1.0,8709.0
2025-08-04,1,0.0,AL,0.9975318608578356,7897.0
2025-08-11,1,0.0,AL,0.9950637217156713,8116.0
2025-08-18,0,0.7142857142857143,AL,0.9925955825735068,7832.0
2025-08-25,0,1.0,AL,0.9901274434313424,8004.0
2025-09-01,0,0.0,AL,0.987659304289178,7104.0
2025-09-08,0,0.0,AL,0.9851911651470137,6955.0
2025-09-15,0,0.2857142857142857,AL,0.9827230260048492,7295.0
2025-09-22,0,1.0,AL,0.9802548868626848,7936.0
2025-09-29,0,0.2857142857142857,AL,0.9777867477205204,7175.0
2025-10-06,0,0.0,AL,0.9753186085783561,6830.0
2025-10-13,0,0.0,AL,0.9728504694361916,6843.0
2025-10-20,0,1.0,AL,0.9703823302940272,7894.0
2025-10-27,0,0.7142857142857143,AL,0.9679141911518628,7427.0
2025-11-03,0,0.0,AL,0.9654460520096985,7383.0
2025-11-10,0,0.0,AL,0.962977912867534,7423.0
2025-11-17,0,0.5714285714285714,AL,0.9605097737253696,8011.0
2025-11-24,0,1.0,AL,0.9580416345832052,8512.0
2025-12-01,0,0.0,AL,0.9555734954410409,7441.0
2025-12-08,0,0.0,AL,0.9531053562988765,7356.0
2025-12-15,0,0.2857142857142857,AL,0.950637217156712,7703.0
2025-12-22,1,1.0,AL,0.9481690780145476,9726.0
2025-12-29,1,0.42857142857142855,AL,0.9457009388723833,8979.0
2026-01-05,1,0.0,AL,0.9432327997302189,7672.0
2026-01-12,0,0.0,AL,0.9407646605880544,6794.0
2026-01-19,0,0.8571428571428571,AL,0.93829652144589,7806.0
2026-01-26,0,0.8571428571428571,AL,0.9358283823037257,7868.0
2026-02-02,0,0.0,AL,0.9333602431615613,6903.0
2026-02-09,0,0.0,AL,0.9308921040193969,7071.0
2026-02-16,0,0.42857142857142855,AL,0.9284239648772324,7555.0
2026-02-23,0,0.8571428571428571,AL,0.9259558257350681,8003.0
2026-03-02,0,0.0,AL,0.9234876865929037,7230.0
2026-03-09,0,0.0,AL,0.9210195474507392,7297.0
2026-03-16,0,0.42857142857142855,AL,0.9185514083085748,7994.0
2026-03-23,0,1.0,AL,0.9160832691664105,8660.0
2026-03-30,0,0.2857142857142857,AL,0.9136151300242461,7889.0
2026-04-06,0,0.0,AL,0.9111469908820817,7836.0
2026-04-13,0,0.0,AL,0.9086788517399172,7687.0
2026-04-20,0,1.0,AL,0.9062107125977529,9043.0
2026-04-27,0,0.5714285714285714,AL,0.9037425734555885,8437.0
2026-05-04,0,0.0,AL,0.9012744343134241,7921.0
2026-05-11,0,0.0,AL,0.8988062951712597,7917.0
2026-05-18,0,0.7142857142857143,AL,0.8963381560290953,8914.0
2026-05-25,0,1.0,AL,0.8938700168869309,9209.0
2026-06-01,1,0.0,AL,0.8914018777447665,9023.0
2026-06-08,1,0.0,AL,0.8889337386026022,9109.0
2026-06-15,1,0.2857142857142857,AL,0.8864655994604377,9588.0
2026-06-22,1,1.0,AL,0.8839974603182733,10702.0
2026-06-29,1,0.2857142857142857,AL,0.8815293211761089,9452.0
2026-07-06,1,0.0,AL,0.8790611820339445,9182.0
2026-07-13,1,0.0,AL,0.8765930428917801,9285.0
2026-07-20,1,1.0,AL,0.8741249037496157,10458.0
2026-07-27,1,0.7142857142857143,AL,0.8741249037496157,10363.0
2026-08-03,1,0.0,AL,0.8741249037496157,9079.0
2026-08-10,1,0.0,AL,0.8741249037496157,9122.0
2026-08-17,0,0.5714285714285714,AL,0.8741249037496157,8846.0
2026-08-24,0,1.0,AL,0.8741249037496157,9234.0
2026-08-31,0,0.14285714285714285,AL,0.8741249037496157,8114.0
2026-09-07,0,0.0,AL,0.8741249037496157,7853.0
2026-09-14,0,0.14285714285714285,AL,0.8741249037496157,7978.0
2026-09-21,0,1.0,AL,0.8741249037496157,8889.0
2019-01-07,0,0.0,AR,1.0,3310.0
2019-01-14,0,0.14285714285714285,AR,1.0,3363.0
2019-01-21,0,1.0,AR,1.0,3865.0
2019-01-28,0,0.5714285714285714,AR,1.0,3584.0
2019-02-04,0,0.0,AR,1.0,3412.0
2019-02-11,0,0.0,AR,1.0,3386.0
2019-02-18,0,0.7142857142857143,AR,1.0,3766.0
2019-02-25,0,0.5714285714285714,AR,1.0,3761.0
2019-03-04,0,0.0,AR,1.0,3522.0
2019-03-11,0,0.0,AR,1.0,3567.0
2019-03-18,0,0.7142857142857143,AR,1.0,3908.0
2019-03-25,0,1.0,AR,1.0,4078.0
2019-04-01,0,0.0,AR,1.0,3518.0
2019-04-08,0,0.0,AR,1.0,3612.0
2019-04-15,0,0.2857142857142857,AR,1.0,3680.0
2019-04-22,0,1.0,AR,1.0,4232.0
2019-04-29,0,0.2857142857142857,AR,1.0,3826.0
2019-05-06,0,0.0,AR,1.0,3698.0
2019-05-13,0,0.0,AR,1.0,3633.0
2019-05-20,0,1.0,AR,1.0,4213.0
2019-05-27,0,0.7142857142857143,AR,1.0,4089.0
2019-06-03,1,0.0,AR,1.0,4201.0
2019-06-10,1,0.0,AR,1.0,4211.0
2019-06-17,1,0.5714285714285714,AR,1.0,4543.0
2019-06-24,1,1.0,AR,1.0,4819.0
2019-07-01,1,0.0,AR,1.0,4288.0
2019-07-08,1,0.0,AR,1.0,4118.0
2019-07-15,1,0.2857142857142857,AR,1.0,4350.0
2019-07-22,1,1.0,AR,1.0,4698.0
2019-07-29,1,0.42857142857142855,AR,1.0,4394.0
2019-08-05,1,0.0,AR,1.0,4078.0
2019-08-12,1,0.0,AR,1.0,4099.0
2019-08-19,0,0.8571428571428571,AR,1.0,4101.0
2019-08-26,0,0.8571428571428571,AR,1.0,4038.0
2019-09-02,0,0.0,AR,1.0,3560.0
2019-09-09,0,0.0,AR,1.0,3563.0
2019-09-16,0,0.42857142857142855,AR,1.0,3776.0
2019-09-23,0,1.0,AR,1.0,3965.0
2019-09-30,0,0.14285714285714285,AR,1.0,3514.0
2019-10-07,0,0.0,AR,1.0,3458.0
2019-10-14,0,0.14285714285714285,AR,1.0,3510.0
2019-10-21,0,1.0,AR,1.0,3959.0
2019-10-28,0,0.5714285714285714,AR,1.0,3586.0
2019-11-04,0,0.0,AR,1.0,3664.0
2019-11-11,0,0.0,AR,1.0,3678.0
2019-11-18,0,0.7142857142857143,AR,1.0,4011.0
2019-11-25,0,0.8571428571428571,AR,1.0,4096.0
2019-12-02,0,0.0,AR,1.0,3614.0
2019-12-09,0,0.0,AR,1.0,3599.0
2019-12-16,0,0.42857142857142855,AR,1.0,3748.0
2019-12-23,1,1.0,AR,1.0,4561.0
2019-12-30,1,0.2857142857142857,AR,1.0,4184.0
2020-01-06,0,0.0,AR,1.0,3243.0
2020-01-13,0,0.0,AR,1.0,3234.0
2020-01-20,0,1.0,AR,1.0,3738.0
2020-01-27,0,0.7142857142857143,AR,1.0,3598.0
2020-02-03,0,0.0,AR,1.0,3322.0
2020-02-10,0,0.0,AR,1.0,3338.0
2020-02-17,0,0.5714285714285714,AR,1.0,3613.0
2020-02-24,0,0.8571428571428571,AR,1.0,3786.0
2020-03-02,0,0.0,AR,1.0,3380.0
2020-03-09,0,0.0,AR,1.0,3377.0
2020-03-16,0,0.42857142857142855,AR,1.0,3614.0
2020-03-23,0,1.0,AR,1.0,3991.0
2020-03-30,0,0.2857142857142857,AR,1.0,3639.0
2020-04-06,0,0.0,AR,1.0,3371.0
2020-04-13,0,0.0,AR,1.0,3518.0
2020-04-20,0,1.0,AR,1.0,4066.0
2020-04-27,0,0.5714285714285714,AR,1.0,3756.0
2020-05-04,0,0.0,AR,1.0,3490.0
2020-05-11,0,0.0,AR,1.0,3516.0
2020-05-18,0,0.7142857142857143,AR,1.0,3998.0
2020-05-25,0,1.0,AR,1.0,4062.0
2020-06-01,1,0.0,AR,1.0,4022.0
2020-06-08,1,0.0,AR,1.0,4067.0
2020-06-15,1,0.2857142857142857,AR,1.0,4242.0
2020-06-22,1,1.0,AR,1.0,4610.0
2020-06-29,1,0.2857142857142857,AR,1.0,4196.0
2020-07-06,1,0.0,AR,1.0,4067.0
2020-07-13,1,0.0,AR,1.0,3950.0
2020-07-20,1,1.0,AR,1.0,4597.0
2020-07-27,1,0.7142857142857143,AR,1.0,4401.0
2020-08-03,1,0.0,AR,1.0,3945.0
2020-08-10,1,0.0,AR,1.0,3926.0
2020-08-17,0,0.5714285714285714,AR,1.0,3767.0
2020-08-24,0,1.0,AR,1.0,3885.0
2020-08-31,0,0.14285714285714285,AR,1.0,3493.0
2020-09-07,0,0.0,AR,1.0,3394.0
2020-09-14,0,0.14285714285714285,AR,1.0,3509.0
2020-09-21,0,1.0,AR,1.0,3846.0
2020-09-28,0,0.42857142857142855,AR,1.0,3539.0
2020-10-05,0,0.0,AR,1.0,3305.0
2020-10-12,0,0.0,AR,1.0,3230.0
2020-10-19,0,0.8571428571428571,AR,1.0,3646.0
2020-10-26,0,0.8571428571428571,AR,1.0,3625.0
2020-11-02,0,0.0,AR,1.0,3567.0
2020-11-09,0,0.0,AR,1.0,3527.0
2020-11-16,0,0.42857142857142855,AR,1.0,3720.0
2020-11-23,0,1.0,AR,1.0,4020.0
2020-11-30,0,0.14285714285714285,AR,1.0,3540.0
2020-12-07,0,0.0,AR,1.0,3472.0
2020-12-14,0,0.14285714285714285,AR,1.0,3515.0
2020-12-21,1,1.0,AR,1.0,4412.0
2020-12-28,1,0.5714285714285714,AR,1.0,4151.0
2021-01-04,1,0.0,AR,1.0,3451.0
2021-01-11,0,0.0,AR,1.0,3166.0
2021-01-18,0,0.7142857142857143,AR,1.0,3465.0
2021-01-25,0,1.0,AR,1.0,3647.0
2021-02-01,0,0.0,AR,1.0,3182.0
2021-02-08,0,0.0,AR,1.0,3203.0
2021-02-15,0,0.2857142857142857,AR,1.0,3367.0
2021-02-22,0,1.0,AR,1.0,3712.0
2021-03-01,0,0.0,AR,1.0,3212.0
2021-03-08,0,0.0,AR,1.0,3299.0
2021-03-15,0,0.2857142857142857,AR,1.0,3464.0
2021-03-22,0,1.0,AR,1.0,3864.0
2021-03-29,0,0.42857142857142855,AR,1.0,3571.0
2021-04-05,0,0.0,AR,1.0,3366.0
2021-04-12,0,0.0,AR,1.0,3318.0
2021-04-19,0,0.8571428571428571,AR,1.0,3863.0
2021-04-26,0,0.7142857142857143,AR,1.0,3740.0
2021-05-03,0,0.0,AR,1.0,3395.0
2021-05-10,0,0.0,AR,1.0,3509.0
2021-05-17,0,0.5714285714285714,AR,1.0,3771.0
2021-05-24,0,1.0,AR,1.0,3997.0
2021-05-31,0,0.14285714285714285,AR,1.0,3582.0
2021-06-07,1,0.0,AR,1.0,3825.0
2021-06-14,1,0.14285714285714285,AR,1.0,3902.0
2021-06-21,1,1.0,AR,1.0,4426.0
2021-06-28,1,0.42857142857142855,AR,1.0,4184.0
2021-07-05,1,0.0,AR,1.0,3887.0
2021-07-12,1,0.0,AR,1.0,3932.0
2021-07-19,1,0.8571428571428571,AR,1.0,4400.0
2021-07-26,1,0.8571428571428571,AR,1.0,4484.0
2021-08-02,1,0.0,AR,1.0,3962.0
2021-08-09,1,0.0,AR,1.0,3921.0
2021-08-16,0,0.42857142857142855,AR,1.0,3700.0
2021-08-23,0,1.0,AR,1.0,4011.0
2021-08-30,0,0.2857142857142857,AR,1.0,3649.0
2021-09-06,0,0.0,AR,1.0,3466.0
2021-09-13,0,0.0,AR,1.0,3445.0
2021-09-20,0,1.0,AR,1.0,3956.0
2021-09-27,0,0.5714285714285714,AR,1.0,3694.0
2021-10-04,0,0.0,AR,1.0,3364.0
2021-10-11,0,0.0,AR,1.0,3417.0
2021-10-18,0,0.7142857142857143,AR,1.0,3753.0
2021-10-25,0,1.0,AR,1.0,3915.0
2021-11-01,0,0.0,AR,1.0,3731.0
2021-11-08,0,0.0,AR,1.0,3779.0
2021-11-15,0,0.2857142857142857,AR,1.0,3880.0
2021-11-22,0,1.0,AR,1.0,4321.0
2021-11-29,0,0.2857142857142857,AR,1.0,3896.0
2021-12-06,0,0.0,AR,1.0,3731.0
2021-12-13,0,0.0,AR,1.0,3727.0
2021-12-20,1,1.0,AR,1.0,4825.0
2021-12-27,1,0.7142857142857143,AR,1.0,4613.0
2022-01-03,1,0.0,AR,1.0,3860.0
2022-01-10,0,0.0,AR,1.0,3403.0
2022-01-17,0,0.5714285714285714,AR,1.0,3787.0
2022-01-24,0,1.0,AR,1.0,4032.0
2022-01-31,0,0.14285714285714285,AR,1.0,3546.0
2022-02-07,0,0.0,AR,1.0,3608.0
2022-02-14,0,0.14285714285714285,AR,1.0,3687.0
2022-02-21,0,1.0,AR,1.0,4144.0
2022-02-28,0,0.14285714285714285,AR,1.0,3803.0
2022-03-07,0,0.0,AR,1.0,3764.0
2022-03-14,0,0.14285714285714285,AR,1.0,3824.0
2022-03-21,0,1.0,AR,1.0,4337.0
2022-03-28,0,0.5714285714285714,AR,1.0,4119.0
2022-04-04,0,0.0,AR,1.0,3948.0
2022-04-11,0,0.0,AR,1.0,3841.0
2022-04-18,0,0.7142857142857143,AR,1.0,4415.0
2022-04-25,0,0.8571428571428571,AR,1.0,4537.0
2022-05-02,0,0.0,AR,1.0,3943.0
2022-05-09,0,0.0,AR,1.0,4094.0
2022-05-16,0,0.42857142857142855,AR,1.0,4338.0
2022-05-23,0,1.0,AR,1.0,4742.0
2022-05-30,0,0.2857142857142857,AR,1.0,4335.0
2022-06-06,1,0.0,AR,1.0,4659.0
2022-06-13,1,0.0,AR,1.0,4766.0
2022-06-20,1,1.0,AR,1.0,5564.0
2022-06-27,1,0.5714285714285714,AR,1.0,5101.0
2022-07-04,1,0.0,AR,1.0,4801.0
2022-07-11,1,0.0,AR,1.0,4768.0
2022-07-18,1,0.7142857142857143,AR,1.0,5209.0
2022-07-25,1,1.0,AR,1.0,5429.0
2022-08-01,1,0.0,AR,1.0,4698.0
2022-08-08,1,0.0,AR,1.0,4725.0
2022-08-15,0,0.2857142857142857,AR,1.0,4405.0
2022-08-22,0,1.0,AR,1.0,4765.0
2022-08-29,0,0.42857142857142855,AR,1.0,4493.0
2022-09-05,0,0.0,AR,1.0,4109.0
2022-09-12,0,0.0,AR,1.0,4120.0
2022-09-19,0,0.8571428571428571,AR,1.0,4574.0
2022-09-26,0,0.7142857142857143,AR,1.0,4430.0
2022-10-03,0,0.0,AR,1.0,4089.0
2022-10-10,0,0.0,AR,1.0,3978.0
2022-10-17,0,0.5714285714285714,AR,1.0,4248.0
2022-10-24,0,1.0,AR,1.0,4570.0
2022-10-31,0,0.14285714285714285,AR,1.0,4024.0
2022-11-07,0,0.0,AR,1.0,4309.0
2022-11-14,0,0.14285714285714285,AR,1.0,4333.0
2022-11-21,0,1.0,AR,1.0,4914.0
2022-11-28,0,0.42857142857142855,AR,1.0,4502.0
2022-12-05,0,0.0,AR,1.0,4360.0
2022-12-12,0,0.0,AR,1.0,4229.0
2022-12-19,0,0.8571428571428571,AR,1.0,4831.0
2022-12-26,1,0.8571428571428571,AR,1.0,5388.0
2023-01-02,1,0.0,AR,1.0,4380.0
2023-01-09,0,0.0,AR,1.0,3962.0
2023-01-16,0,0.42857142857142855,AR,1.0,4145.0
2023-01-23,0,1.0,AR,1.0,4453.0
2023-01-30,0,0.2857142857142857,AR,1.0,4170.0
2023-02-06,0,0.0,AR,1.0,3921.0
2023-02-13,0,0.0,AR,1.0,4025.0
2023-02-20,0,1.0,AR,1.0,4706.0
2023-02-27,0,0.2857142857142857,AR,1.0,4233.0
2023-03-06,0,0.0,AR,1.0,4125.0
2023-03-13,0,0.0,AR,1.0,4162.0
2023-03-20,0,1.0,AR,1.0,4901.0
2023-03-27,0,0.7142857142857143,AR,1.0,4669.0
2023-04-03,0,0.0,AR,1.0,4328.0
2023-04-10,0,0.0,AR,1.0,4235.0
2023-04-17,0,0.5714285714285714,AR,1.0,4725.0
2023-04-24,0,1.0,AR,1.0,4973.0
2023-05-01,0,0.0,AR,1.0,4359.0
2023-05-08,0,0.0,AR,1.0,4369.0
2023-05-15,0,0.2857142857142857,AR,1.0,4580.0
2023-05-22,0,1.0,AR,1.0,5051.0
2023-05-29,0,0.42857142857142855,AR,1.0,4714.0
2023-06-05,1,0.0,AR,1.0,5070.0
2023-06-12,1,0.0,AR,1.0,5023.0
2023-06-19,1,0.8571428571428571,AR,1.0,5607.0
2023-06-26,1,0.7142857142857143,AR,1.0,5497.0
2023-07-03,1,0.0,AR,1.0,5160.0
2023-07-10,1,0.0,AR,1.0,5136.0
2023-07-17,1,0.5714285714285714,AR,1.0,5419.0
2023-07-24,1,1.0,AR,1.0,5927.0
2023-07-31,1,0.14285714285714285,AR,1.0,5174.0
2023-08-07,1,0.0,AR,1.0,5006.0
2023-08-14,1,0.14285714285714285,AR,1.0,5098.0
2023-08-21,0,1.0,AR,1.0,5129.0
2023-08-28,0,0.5714285714285714,AR,1.0,4783.0
2023-09-04,0,0.0,AR,1.0,4510.0
2023-09-11,0,0.0,AR,1.0,4375.0
2023-09-18,0,0.7142857142857143,AR,1.0,4970.0
2023-09-25,0,0.8571428571428571,AR,1.0,4965.0
2023-10-02,0,0.0,AR,1.0,4370.0
2023-10-09,0,0.0,AR,1.0,4239.0
2023-10-16,0,0.42857142857142855,AR,1.0,4580.0
2023-10-23,0,1.0,AR,1.0,4987.0
2023-10-30,0,0.2857142857142857,AR,1.0,4523.0
2023-11-06,0,0.0,AR,1.0,4703.0
2023-11-13,0,0.0,AR,1.0,4655.0
2023-11-20,0,1.0,AR,1.0,5304.0
2023-11-27,0,0.5714285714285714,AR,1.0,5051.0
2023-12-04,0,0.0,AR,1.0,4563.0
2023-12-11,0,0.0,AR,1.0,4604.0
2023-12-18,0,0.7142857142857143,AR,1.0,5137.0
2023-12-25,1,1.0,AR,1.0,6032.0
2024-01-01,1,0.0,AR,1.0,4735.0
2024-01-08,0,0.0,AR,1.0,4171.0
2024-01-15,0,0.2857142857142857,AR,1.0,4374.0
2024-01-22,0,1.0,AR,1.0,4912.0
2024-01-29,0,0.42857142857142855,AR,1.0,4649.0
2024-02-05,0,0.0,AR,1.0,4388.0
2024-02-12,0,0.0,AR,1.0,4395.0
2024-02-19,0,0.8571428571428571,AR,1.0,4949.0
2024-02-26,0,0.5714285714285714,AR,1.0,4880.0
2024-03-04,0,0.0,AR,1.0,4588.0
2024-03-11,0,0.0,AR,1.0,4564.0
2024-03-18,0,0.7142857142857143,AR,1.0,4991.0
2024-03-25,0,1.0,AR,1.0,5259.0
2024-04-01,0,0.0,AR,1.0,4688.0
2024-04-08,0,0.0,AR,1.0,4648.0
2024-04-15,0,0.2857142857142857,AR,1.0,4873.0
2024-04-22,0,1.0,AR,1.0,5374.0
2024-04-29,0,0.2857142857142857,AR,1.0,4979.0
2024-05-06,0,0.0,AR,1.0,4748.0
2024-05-13,0,0.0,AR,1.0,4804.0
2024-05-20,0,1.0,AR,1.0,5612.0
2024-05-27,0,0.7142857142857143,AR,1.0,5462.0
2024-06-03,1,0.0,AR,1.0,5484.0
2024-06-10,1,0.0,AR,1.0,5548.0
2024-06-17,1,0.5714285714285714,AR,1.0,6153.0
2024-06-24,1,1.0,AR,1.0,6475.0
2024-07-01,1,0.0,AR,1.0,5595.0
2024-07-08,1,0.0,AR,1.0,5539.0
2024-07-15,1,0.2857142857142857,AR,1.0,5779.0
2024-07-22,1,1.0,AR,1.0,6334.0
2024-07-29,1,0.42857142857142855,AR,1.0,5943.0
2024-08-05,1,0.0,AR,1.0,5517.0
2024-08-12,1,0.0,AR,1.0,5484.0
2024-08-19,0,0.8571428571428571,AR,1.0,5577.0
2024-08-26,0,0.8571428571428571,AR,1.0,5390.0
2024-09-02,0,0.0,AR,1.0,4777.0
2024-09-09,0,0.0,AR,1.0,4768.0
2024-09-16,0,0.42857142857142855,AR,1.0,4879.0
2024-09-23,0,1.0,AR,1.0,5416.0
2024-09-30,0,0.14285714285714285,AR,1.0,4819.0
2024-10-07,0,0.0,AR,1.0,4615.0
2024-10-14,0,0.14285714285714285,AR,1.0,4705.0
2024-10-21,0,1.0,AR,1.0,5306.0
2024-10-28,0,0.5714285714285714,AR,1.0,4840.0
2024-11-04,0,0.0,AR,1.0,4935.0
2024-11-11,0,0.0,AR,1.0,4897.0
2024-11-18,0,0.7142857142857143,AR,1.0,5386.0
2024-11-25,0,0.8571428571428571,AR,1.0,5612.0
2024-12-02,0,0.0,AR,1.0,4842.0
2024-12-09,0,0.0,AR,1.0,4885.0
2024-12-16,0,0.42857142857142855,AR,1.0,5280.0
2024-12-23,1,1.0,AR,1.0,6449.0
2024-12-30,1,0.2857142857142857,AR,1.0,5637.0
2025-01-06,0,0.0,AR,1.0,4452.0
2025-01-13,0,0.0,AR,1.0,4416.0
2025-01-20,0,1.0,AR,1.0,5133.0
2025-01-27,0,0.7142857142857143,AR,1.0,5011.0
2025-02-03,0,0.0,AR,1.0,4474.0
2025-02-10,0,0.0,AR,1.0,4478.0
2025-02-17,0,0.5714285714285714,AR,1.0,4955.0
2025-02-24,0,0.7142857142857143,AR,1.0,5099.0
2025-03-03,0,0.0,AR,1.0,4645.0
2025-03-10,0,0.0,AR,1.0,4655.0
2025-03-17,0,0.5714285714285714,AR,1.0,4987.0
2025-03-24,0,1.0,AR,1.0,5462.0
2025-03-31,0,0.14285714285714285,AR,1.0,4938.0
2025-04-07,0,0.0,AR,1.0,4847.0
2025-04-14,0,0.14285714285714285,AR,1.0,4899.0
2025-04-21,0,1.0,AR,1.0,5451.0
2025-04-28,0,0.42857142857142855,AR,1.0,5066.0
2025-05-05,0,0.0,AR,1.0,4819.0
2025-05-12,0,0.0,AR,1.0,4921.0
2025-05-19,0,0.8571428571428571,AR,1.0,5604.0
2025-05-26,0,0.8571428571428571,AR,1.0,5684.0
2025-06-02,1,0.0,AR,1.0,5578.0
2025-06-09,1,0.0,AR,1.0,5487.0
2025-06-16,1,0.42857142857142855,AR,1.0,5933.0
2025-06-23,1,1.0,AR,1.0,6477.0
2025-06-30,1,0.14285714285714285,AR,1.0,5724.0
2025-07-07,1,0.0,AR,1.0,5583.0
2025-07-14,1,0.14285714285714285,AR,1.0,5738.0
2025-07-21,1,1.0,AR,1.0,6343.0
2025-07-28,1,0.5714285714285714,AR,1.0,6026.0
2025-08-04,1,0.0,AR,0.9983375898796798,5401.0
2025-08-11,1,0.0,AR,0.9966751797593596,5467.0
2025-08-18,0,0.7142857142857143,AR,0.9950127696390393,5391.0
2025-08-25,0,1.0,AR,0.9933503595187191,5661.0
2025-09-01,0,0.0,AR,0.9916879493983989,4816.0
2025-09-08,0,0.0,AR,0.9900255392780787,4816.0
2025-09-15,0,0.2857142857142857,AR,0.9883631291577584,4962.0
2025-09-22,0,1.0,AR,0.9867007190374382,5516.0
2025-09-29,0,0.2857142857142857,AR,0.985038308917118,4976.0
2025-10-06,0,0.0,AR,0.9833758987967978,4781.0
2025-10-13,0,0.0,AR,0.9817134886764776,4622.0
2025-10-20,0,1.0,AR,0.9800510785561573,5324.0
2025-10-27,0,0.7142857142857143,AR,0.978388668435837,5275.0
2025-11-03,0,0.0,AR,0.9767262583155168,5147.0
2025-11-10,0,0.0,AR,0.9750638481951966,5256.0
2025-11-17,0,0.5714285714285714,AR,0.9734014380748764,5444.0
2025-11-24,0,1.0,AR,0.9717390279545561,5786.0
2025-12-01,0,0.0,AR,0.9700766178342359,5002.0
2025-12-08,0,0.0,AR,0.9684142077139157,5076.0
2025-12-15,0,0.2857142857142857,AR,0.9667517975935955,5318.0
2025-12-22,1,1.0,AR,0.9650893874732753,6543.0
2025-12-29,1,0.42857142857142855,AR,0.963426977352955,6037.0
2026-01-05,1,0.0,AR,0.9617645672326348,5146.0
2026-01-12,0,0.0,AR,0.9601021571123146,4594.0
2026-01-19,0,0.8571428571428571,AR,0.9584397469919944,5373.0
2026-01-26,0,0.8571428571428571,AR,0.9567773368716741,5408.0
2026-02-02,0,0.0,AR,0.9551149267513539,4693.0
2026-02-09,0,0.0,AR,0.9534525166310337,4820.0
2026-02-16,0,0.42857142857142855,AR,0.9517901065107135,5160.0
2026-02-23,0,0.8571428571428571,AR,0.9501276963903933,5511.0
2026-03-02,0,0.0,AR,0.948465286270073,4907.0
2026-03-09,0,0.0,AR,0.9468028761497528,4924.0
2026-03-16,0,0.42857142857142855,AR,0.9451404660294326,5234.0
2026-03-23,0,1.0,AR,0.9434780559091124,5910.0
2026-03-30,0,0.2857142857142857,AR,0.9418156457887921,5234.0
2026-04-06,0,0.0,AR,0.9401532356684719,5197.0
2026-04-13,0,0.0,AR,0.9384908255481517,5266.0
2026-04-20,0,1.0,AR,0.9368284154278315,5906.0
2026-04-27,0,0.5714285714285714,AR,0.9351660053075113,5703.0
2026-05-04,0,0.0,AR,0.933503595187191,5263.0
2026-05-11,0,0.0,AR,0.9318411850668707,5244.0
2026-05-18,0,0.7142857142857143,AR,0.9301787749465505,5991.0
2026-05-25,0,1.0,AR,0.9285163648262303,6134.0
2026-06-01,1,0.0,AR,0.92685395470591,5984.0
2026-06-08,1,0.0,AR,0.9251915445855898,6073.0
2026-06-15,1,0.2857142857142857,AR,0.9235291344652696,6334.0
2026-06-22,1,1.0,AR,0.9218667243449494,7064.0
2026-06-29,1,0.2857142857142857,AR,0.9202043142246292,6506.0
2026-07-06,1,0.0,AR,0.918541904104309,6236.0
2026-07-13,1,0.0,AR,0.9168794939839887,6137.0
2026-07-20,1,1.0,AR,0.9152170838636685,6933.0
2026-07-27,1,0.7142857142857143,AR,0.9152170838636685,6748.0
2026-08-03,1,0.0,AR,0.9152170838636685,5984.0
2026-08-10,1,0.0,AR,0.9152170838636685,5958.0
2026-08-17,0,0.5714285714285714,AR,0.9152170838636685,5825.0
2026-08-24,0,1.0,AR,0.9152170838636685,6074.0
2026-08-31,0,0.14285714285714285,AR,0.9152170838636685,5405.0
2026-09-07,0,0.0,AR,0.9152170838636685,5317.0
2026-09-14,0,0.14285714285714285,AR,0.9152170838636685,5322.0
2026-09-21,0,1.0,AR,0.9152170838636685,5997.0
2019-01-07,0,0.0,AZ,1.0,6771.0
2019-01-14,0,0.14285714285714285,AZ,1.0,7538.0
2019-01-21,0,1.0,AZ,1.0,8711.0
2019-01-28,0,0.5714285714285714,AZ,1.0,8039.0
2019-02-04,0,0.0,AZ,1.0,7586.0
2019-02-11,0,0.0,AZ,1.0,7344.0
2019-02-18,0,0.7142857142857143,AZ,1.0,8453.0
2019-02-25,0,0.5714285714285714,AZ,1.0,8082.0
2019-03-04,0,0.0,AZ,1.0,7769.0
2019-03-11,0,0.0,AZ,1.0,7734.0
2019-03-18,0,0.7142857142857143,AZ,1.0,8534.0
2019-03-25,0,1.0,AZ,1.0,9126.0
2019-04-01,0,0.0,AZ,1.0,7889.0
2019-04-08,0,0.0,AZ,1.0,8204.0
2019-04-15,0,0.2857142857142857,AZ,1.0,8444.0
2019-04-22,0,1.0,AZ,1.0,9402.0
2019-04-29,0,0.2857142857142857,AZ,1.0,8050.0
2019-05-06,0,0.0,AZ,1.0,7841.0
2019-05-13,0,0.0,AZ,1.0,8098.0
2019-05-20,0,1.0,AZ,1.0,9692.0
2019-05-27,0,0.7142857142857143,AZ,1.0,9243.0
2019-06-03,1,0.0,AZ,1.0,9049.0
2019-06-10,1,0.0,AZ,1.0,9292.0
2019-06-17,1,0.5714285714285714,AZ,1.0,9771.0
2019-06-24,1,1.0,AZ,1.0,10731.0
2019-07-01,1,0.0,AZ,1.0,9257.0
2019-07-08,1,0.0,AZ,1.0,9021.0
2019-07-15,1,0.2857142857142857,AZ,1.0,9400.0
2019-07-22,1,1.0,AZ,1.0,10383.0
2019-07-29,1,0.42857142857142855,AZ,1.0,9761.0
2019-08-05,1,0.0,AZ,1.0,8796.0
2019-08-12,1,0.0,AZ,1.0,8999.0
2019-08-19,0,0.8571428571428571,AZ,1.0,9157.0
2019-08-26,0,0.8571428571428571,AZ,1.0,9126.0
2019-09-02,0,0.0,AZ,1.0,7950.0
2019-09-09,0,0.0,AZ,1.0,7657.0
2019-09-16,0,0.42857142857142855,AZ,1.0,8200.0
2019-09-23,0,1.0,AZ,1.0,8690.0
2019-09-30,0,0.14285714285714285,AZ,1.0,7765.0
2019-10-07,0,0.0,AZ,1.0,7675.0
2019-10-14,0,0.14285714285714285,AZ,1.0,7551.0
2019-10-21,0,1.0,AZ,1.0,8013.0
2019-10-28,0,0.5714285714285714,AZ,1.0,8209.0
2019-11-04,0,0.0,AZ,1.0,8255.0
2019-11-11,0,0.0,AZ,1.0,7995.0
2019-11-18,0,0.7142857142857143,AZ,1.0,8400.0
2019-11-25,0,0.8571428571428571,AZ,1.0,8558.0
2019-12-02,0,0.0,AZ,1.0,7740.0
2019-12-09,0,0.0,AZ,1.0,7629.0
2019-12-16,0,0.42857142857142855,AZ,1.0,8325.0
2019-12-23,1,1.0,AZ,1.0,9746.0
2019-12-30,1,0.2857142857142857,AZ,1.0,9715.0
2020-01-06,0,0.0,AZ,1.0,7434.0
2020-01-13,0,0.0,AZ,1.0,7226.0
2020-01-20,0,1.0,AZ,1.0,8157.0
2020-01-27,0,0.7142857142857143,AZ,1.0,8470.0
2020-02-03,0,0.0,AZ,1.0,7665.0
2020-02-10,0,0.0,AZ,1.0,7050.0
2020-02-17,0,0.5714285714285714,AZ,1.0,8005.0
2020-02-24,0,0.8571428571428571,AZ,1.0,8276.0
2020-03-02,0,0.0,AZ,1.0,7299.0
2020-03-09,0,0.0,AZ,1.0,7369.0
2020-03-16,0,0.42857142857142855,AZ,1.0,7921.0
2020-03-23,0,1.0,AZ,1.0,8739.0
2020-03-30,0,0.2857142857142857,AZ,1.0,7991.0
2020-04-06,0,0.0,AZ,1.0,8069.0
2020-04-13,0,0.0,AZ,1.0,7451.0
2020-04-20,0,1.0,AZ,1.0,9121.0
2020-04-27,0,0.5714285714285714,AZ,1.0,8067.0
2020-05-04,0,0.0,AZ,1.0,7791.0
2020-05-11,0,0.0,AZ,1.0,7953.0
2020-05-18,0,0.7142857142857143,AZ,1.0,8690.0
2020-05-25,0,1.0,AZ,1.0,8979.0
2020-06-01,1,0.0,AZ,1.0,8924.0
2020-06-08,1,0.0,AZ,1.0,9238.0
2020-06-15,1,0.2857142857142857,AZ,1.0,8921.0
2020-06-22,1,1.0,AZ,1.0,10269.0
2020-06-29,1,0.2857142857142857,AZ,1.0,9290.0
2020-07-06,1,0.0,AZ,1.0,8599.0
2020-07-13,1,0.0,AZ,1.0,9172.0
2020-07-20,1,1.0,AZ,1.0,10533.0
2020-07-27,1,0.7142857142857143,AZ,1.0,9755.0
2020-08-03,1,0.0,AZ,1.0,8755.0
2020-08-10,1,0.0,AZ,1.0,8033.0
2020-08-17,0,0.5714285714285714,AZ,1.0,7834.0
2020-08-24,0,1.0,AZ,1.0,8361.0
2020-08-31,0,0.14285714285714285,AZ,1.0,7376.0
2020-09-07,0,0.0,AZ,1.0,7445.0
2020-09-14,0,0.14285714285714285,AZ,1.0,6653.0
2020-09-21,0,1.0,AZ,1.0,8474.0
2020-09-28,0,0.42857142857142855,AZ,1.0,7477.0
2020-10-05,0,0.0,AZ,1.0,6840.0
2020-10-12,0,0.0,AZ,1.0,7285.0
2020-10-19,0,0.8571428571428571,AZ,1.0,7662.0
2020-10-26,0,0.8571428571428571,AZ,1.0,7190.0
2020-11-02,0,0.0,AZ,1.0,7460.0
2020-11-09,0,0.0,AZ,1.0,7440.0
2020-11-16,0,0.42857142857142855,AZ,1.0,7724.0
2020-11-23,0,1.0,AZ,1.0,8930.0
2020-11-30,0,0.14285714285714285,AZ,1.0,7369.0
2020-12-07,0,0.0,AZ,1.0,7214.0
2020-12-14,0,0.14285714285714285,AZ,1.0,7305.0
2020-12-21,1,1.0,AZ,1.0,9383.0
2020-12-28,1,0.5714285714285714,AZ,1.0,8520.0
2021-01-04,1,0.0,AZ,1.0,7039.0
2021-01-11,0,0.0,AZ,1.0,6553.0
2021-01-18,0,0.7142857142857143,AZ,1.0,6986.0
2021-01-25,0,1.0,AZ,1.0,7387.0
2021-02-01,0,0.0,AZ,1.0,6226.0
2021-02-08,0,0.0,AZ,1.0,6455.0
2021-02-15,0,0.2857142857142857,AZ,1.0,6316.0
2021-02-22,0,1.0,AZ,1.0,7349.0
2021-03-01,0,0.0,AZ,1.0,6307.0
2021-03-08,0,0.0,AZ,1.0,6506.0
2021-03-15,0,0.2857142857142857,AZ,1.0,6649.0
2021-03-22,0,1.0,AZ,1.0,7112.0
2021-03-29,0,0.42857142857142855,AZ,1.0,6803.0
2021-04-05,0,0.0,AZ,1.0,6710.0
2021-04-12,0,0.0,AZ,1.0,6645.0
2021-04-19,0,0.8571428571428571,AZ,1.0,7284.0
2021-04-26,0,0.7142857142857143,AZ,1.0,7507.0
2021-05-03,0,0.0,AZ,1.0,7013.0
2021-05-10,0,0.0,AZ,1.0,6741.0
2021-05-17,0,0.5714285714285714,AZ,1.0,6770.0
2021-05-24,0,1.0,AZ,1.0,7705.0
2021-05-31,0,0.14285714285714285,AZ,1.0,6700.0
2021-06-07,1,0.0,AZ,1.0,6990.0
2021-06-14,1,0.14285714285714285,AZ,1.0,7262.0
2021-06-21,1,1.0,AZ,1.0,8622.0
2021-06-28,1,0.42857142857142855,AZ,1.0,7826.0
2021-07-05,1,0.0,AZ,1.0,7323.0
2021-07-12,1,0.0,AZ,1.0,7276.0
2021-07-19,1,0.8571428571428571,AZ,1.0,8549.0
2021-07-26,1,0.8571428571428571,AZ,1.0,7970.0
2021-08-02,1,0.0,AZ,1.0,7254.0
2021-08-09,1,0.0,AZ,1.0,7285.0
2021-08-16,0,0.42857142857142855,AZ,1.0,6702.0
2021-08-23,0,1.0,AZ,1.0,7348.0
2021-08-30,0,0.2857142857142857,AZ,1.0,7099.0
2021-09-06,0,0.0,AZ,1.0,6357.0
2021-09-13,0,0.0,AZ,1.0,6723.0
2021-09-20,0,1.0,AZ,1.0,7797.0
2021-09-27,0,0.5714285714285714,AZ,1.0,7012.0
2021-10-04,0,0.0,AZ,1.0,6289.0
2021-10-11,0,0.0,AZ,1.0,6497.0
2021-10-18,0,0.7142857142857143,AZ,1.0,6861.0
2021-10-25,0,1.0,AZ,1.0,7326.0
2021-11-01,0,0.0,AZ,1.0,7185.0
2021-11-08,0,0.0,AZ,1.0,7397.0
2021-11-15,0,0.2857142857142857,AZ,1.0,7552.0
2021-11-22,0,1.0,AZ,1.0,8217.0
2021-11-29,0,0.2857142857142857,AZ,1.0,7321.0
2021-12-06,0,0.0,AZ,1.0,6948.0
2021-12-13,0,0.0,AZ,1.0,7393.0
2021-12-20,1,1.0,AZ,1.0,9407.0
2021-12-27,1,0.7142857142857143,AZ,1.0,9014.0
2022-01-03,1,0.0,AZ,1.0,7556.0
2022-01-10,0,0.0,AZ,1.0,6743.0
2022-01-17,0,0.5714285714285714,AZ,1.0,7054.0
2022-01-24,0,1.0,AZ,1.0,7503.0
2022-01-31,0,0.14285714285714285,AZ,1.0,7205.0
2022-02-07,0,0.0,AZ,1.0,6653.0
2022-02-14,0,0.14285714285714285,AZ,1.0,7125.0
2022-02-21,0,1.0,AZ,1.0,8089.0
2022-02-28,0,0.14285714285714285,AZ,1.0,7076.0
2022-03-07,0,0.0,AZ,1.0,6948.0
2022-03-14,0,0.14285714285714285,AZ,1.0,7288.0
2022-03-21,0,1.0,AZ,1.0,8081.0
2022-03-28,0,0.5714285714285714,AZ,1.0,8314.0
2022-04-04,0,0.0,AZ,1.0,7805.0
2022-04-11,0,0.0,AZ,1.0,7521.0
2022-04-18,0,0.7142857142857143,AZ,1.0,8371.0
2022-04-25,0,0.8571428571428571,AZ,1.0,9325.0
2022-05-02,0,0.0,AZ,1.0,8034.0
2022-05-09,0,0.0,AZ,1.0,7964.0
2022-05-16,0,0.42857142857142855,AZ,1.0,9023.0
2022-05-23,0,1.0,AZ,1.0,9467.0
2022-05-30,0,0.2857142857142857,AZ,1.0,8673.0
2022-06-06,1,0.0,AZ,1.0,9023.0
2022-06-13,1,0.0,AZ,1.0,8916.0
2022-06-20,1,1.0,AZ,1.0,10278.0
2022-06-27,1,0.5714285714285714,AZ,1.0,11022.0
2022-07-04,1,0.0,AZ,1.0,9286.0
2022-07-11,1,0.0,AZ,1.0,9523.0
2022-07-18,1,0.7142857142857143,AZ,1.0,10742.0
2022-07-25,1,1.0,AZ,1.0,10765.0
2022-08-01,1,0.0,AZ,1.0,9525.0
2022-08-08,1,0.0,AZ,1.0,9404.0
2022-08-15,0,0.2857142857142857,AZ,1.0,8802.0
2022-08-22,0,1.0,AZ,1.0,9255.0
2022-08-29,0,0.42857142857142855,AZ,1.0,8729.0
2022-09-05,0,0.0,AZ,1.0,7611.0
2022-09-12,0,0.0,AZ,1.0,7795.0
2022-09-19,0,0.8571428571428571,AZ,1.0,8901.0
2022-09-26,0,0.7142857142857143,AZ,1.0,9233.0
2022-10-03,0,0.0,AZ,1.0,8044.0
2022-10-10,0,0.0,AZ,1.0,8361.0
2022-10-17,0,0.5714285714285714,AZ,1.0,8833.0
2022-10-24,0,1.0,AZ,1.0,9272.0
2022-10-31,0,0.14285714285714285,AZ,1.0,7914.0
2022-11-07,0,0.0,AZ,1.0,8683.0
2022-11-14,0,0.14285714285714285,AZ,1.0,8984.0
2022-11-21,0,1.0,AZ,1.0,10696.0
2022-11-28,0,0.42857142857142855,AZ,1.0,9266.0
2022-12-05,0,0.0,AZ,1.0,8855.0
2022-12-12,0,0.0,AZ,1.0,8562.0
2022-12-19,0,0.8571428571428571,AZ,1.0,9523.0
2022-12-26,1,0.8571428571428571,AZ,1.0,11388.0
2023-01-02,1,0.0,AZ,1.0,9399.0
2023-01-09,0,0.0,AZ,1.0,8081.0
2023-01-16,0,0.42857142857142855,AZ,1.0,8404.0
2023-01-23,0,1.0,AZ,1.0,9230.0
2023-01-30,0,0.2857142857142857,AZ,1.0,8630.0
2023-02-06,0,0.0,AZ,1.0,8848.0
2023-02-13,0,0.0,AZ,1.0,8469.0
2023-02-20,0,1.0,AZ,1.0,9257.0
2023-02-27,0,0.2857142857142857,AZ,1.0,9194.0
2023-03-06,0,0.0,AZ,1.0,8615.0
2023-03-13,0,0.0,AZ,1.0,8842.0
2023-03-20,0,1.0,AZ,1.0,10112.0
2023-03-27,0,0.7142857142857143,AZ,1.0,10070.0
2023-04-03,0,0.0,AZ,1.0,8846.0
2023-04-10,0,0.0,AZ,1.0,8799.0
2023-04-17,0,0.5714285714285714,AZ,1.0,9798.0
2023-04-24,0,1.0,AZ,1.0,10398.0
2023-05-01,0,0.0,AZ,1.0,9197.0
2023-05-08,0,0.0,AZ,1.0,9001.0
2023-05-15,0,0.2857142857142857,AZ,1.0,9321.0
2023-05-22,0,1.0,AZ,1.0,10677.0
2023-05-29,0,0.42857142857142855,AZ,1.0,10001.0
2023-06-05,1,0.0,AZ,1.0,9870.0
2023-06-12,1,0.0,AZ,1.0,10668.0
2023-06-19,1,0.8571428571428571,AZ,1.0,11887.0
2023-06-26,1,0.7142857142857143,AZ,1.0,11513.0
2023-07-03,1,0.0,AZ,1.0,10598.0
2023-07-10,1,0.0,AZ,1.0,10258.0
2023-07-17,1,0.5714285714285714,AZ,1.0,11243.0
2023-07-24,1,1.0,AZ,1.0,12254.0
2023-07-31,1,0.14285714285714285,AZ,1.0,11141.0
2023-08-07,1,0.0,AZ,1.0,10517.0
2023-08-14,1,0.14285714285714285,AZ,1.0,10375.0
2023-08-21,0,1.0,AZ,1.0,10391.0
2023-08-28,0,0.5714285714285714,AZ,1.0,10263.0
2023-09-04,0,0.0,AZ,1.0,9306.0
2023-09-11,0,0.0,AZ,1.0,9351.0
2023-09-18,0,0.7142857142857143,AZ,1.0,10068.0
2023-09-25,0,0.8571428571428571,AZ,1.0,10470.0
2023-10-02,0,0.0,AZ,1.0,9429.0
2023-10-09,0,0.0,AZ,1.0,8432.0
2023-10-16,0,0.42857142857142855,AZ,1.0,10082.0
2023-10-23,0,1.0,AZ,1.0,10148.0
2023-10-30,0,0.2857142857142857,AZ,1.0,9738.0
2023-11-06,0,0.0,AZ,1.0,9198.0
2023-11-13,0,0.0,AZ,1.0,9478.0
2023-11-20,0,1.0,AZ,1.0,10901.0
2023-11-27,0,0.5714285714285714,AZ,1.0,10412.0
2023-12-04,0,0.0,AZ,1.0,9547.0
2023-12-11,0,0.0,AZ,1.0,9513.0
2023-12-18,0,0.7142857142857143,AZ,1.0,10520.0
2023-12-25,1,1.0,AZ,1.0,11999.0
2024-01-01,1,0.0,AZ,1.0,9373.0
2024-01-08,0,0.0,AZ,1.0,8710.0
2024-01-15,0,0.2857142857142857,AZ,1.0,8906.0
2024-01-22,0,1.0,AZ,1.0,9949.0
2024-01-29,0,0.42857142857142855,AZ,1.0,8827.0
2024-02-05,0,0.0,AZ,1.0,8782.0
2024-02-12,0,0.0,AZ,1.0,8560.0
2024-02-19,0,0.8571428571428571,AZ,1.0,9933.0
2024-02-26,0,0.5714285714285714,AZ,1.0,9442.0
2024-03-04,0,0.0,AZ,1.0,8997.0
2024-03-11,0,0.0,AZ,1.0,9334.0
2024-03-18,0,0.7142857142857143,AZ,1.0,9951.0
2024-03-25,0,1.0,AZ,1.0,10364.0
2024-04-01,0,0.0,AZ,1.0,9579.0
2024-04-08,0,0.0,AZ,1.0,9521.0
2024-04-15,0,0.2857142857142857,AZ,1.0,10086.0
2024-04-22,0,1.0,AZ,1.0,10612.0
2024-04-29,0,0.2857142857142857,AZ,1.0,9751.0
2024-05-06,0,0.0,AZ,1.0,9527.0
2024-05-13,0,0.0,AZ,1.0,9772.0
2024-05-20,0,1.0,AZ,1.0,10658.0
2024-05-27,0,0.7142857142857143,AZ,1.0,10400.0
2024-06-03,1,0.0,AZ,1.0,11364.0
2024-06-10,1,0.0,AZ,1.0,11070.0
2024-06-17,1,0.5714285714285714,AZ,1.0,12511.0
2024-06-24,1,1.0,AZ,1.0,12974.0
2024-07-01,1,0.0,AZ,1.0,11007.0
2024-07-08,1,0.0,AZ,1.0,10830.0
2024-07-15,1,0.2857142857142857,AZ,1.0,11864.0
2024-07-22,1,1.0,AZ,1.0,12846.0
2024-07-29,1,0.42857142857142855,AZ,1.0,11914.0
2024-08-05,1,0.0,AZ,1.0,10785.0
2024-08-12,1,0.0,AZ,1.0,10703.0
2024-08-19,0,0.8571428571428571,AZ,1.0,10736.0
2024-08-26,0,0.8571428571428571,AZ,1.0,10861.0
2024-09-02,0,0.0,AZ,1.0,9090.0
2024-09-09,0,0.0,AZ,1.0,9314.0
2024-09-16,0,0.42857142857142855,AZ,1.0,9795.0
2024-09-23,0,1.0,AZ,1.0,10532.0
2024-09-30,0,0.14285714285714285,AZ,1.0,9712.0
2024-10-07,0,0.0,AZ,1.0,8666.0
2024-10-14,0,0.14285714285714285,AZ,1.0,9260.0
2024-10-21,0,1.0,AZ,1.0,9879.0
2024-10-28,0,0.5714285714285714,AZ,1.0,9626.0
2024-11-04,0,0.0,AZ,1.0,9554.0
2024-11-11,0,0.0,AZ,1.0,9635.0
2024-11-18,0,0.7142857142857143,AZ,1.0,9967.0
2024-11-25,0,0.8571428571428571,AZ,1.0,10897.0
2024-12-02,0,0.0,AZ,1.0,9560.0
2024-12-09,0,0.0,AZ,1.0,9244.0
2024-12-16,0,0.42857142857142855,AZ,1.0,10045.0
2024-12-23,1,1.0,AZ,1.0,11937.0
2024-12-30,1,0.2857142857142857,AZ,1.0,11350.0
2025-01-06,0,0.0,AZ,1.0,8325.0
2025-01-13,0,0.0,AZ,1.0,9370.0
2025-01-20,0,1.0,AZ,1.0,10404.0
2025-01-27,0,0.7142857142857143,AZ,1.0,9848.0
2025-02-03,0,0.0,AZ,1.0,8726.0
2025-02-10,0,0.0,AZ,1.0,8903.0
2025-02-17,0,0.5714285714285714,AZ,1.0,9749.0
2025-02-24,0,0.7142857142857143,AZ,1.0,10057.0
2025-03-03,0,0.0,AZ,1.0,9225.0
2025-03-10,0,0.0,AZ,1.0,9334.0
2025-03-17,0,0.5714285714285714,AZ,1.0,10058.0
2025-03-24,0,1.0,AZ,1.0,10352.0
2025-03-31,0,0.14285714285714285,AZ,1.0,9569.0
2025-04-07,0,0.0,AZ,1.0,9209.0
2025-04-14,0,0.14285714285714285,AZ,1.0,9465.0
2025-04-21,0,1.0,AZ,1.0,11536.0
2025-04-28,0,0.42857142857142855,AZ,1.0,10430.0
2025-05-05,0,0.0,AZ,1.0,10055.0
2025-05-12,0,0.0,AZ,1.0,9665.0
2025-05-19,0,0.8571428571428571,AZ,1.0,11799.0
2025-05-26,0,0.8571428571428571,AZ,1.0,11098.0
2025-06-02,1,0.0,AZ,1.0,11520.0
2025-06-09,1,0.0,AZ,1.0,11122.0
2025-06-16,1,0.42857142857142855,AZ,1.0,11641.0
2025-06-23,1,1.0,AZ,1.0,12599.0
2025-06-30,1,0.14285714285714285,AZ,1.0,10955.0
2025-07-07,1,0.0,AZ,1.0,11169.0
2025-07-14,1,0.14285714285714285,AZ,1.0,11305.0
2025-07-21,1,1.0,AZ,1.0,13064.0
2025-07-28,1,0.5714285714285714,AZ,1.0,12156.0
2025-08-04,1,0.0,AZ,0.990395157714493,11577.0
2025-08-11,1,0.0,AZ,0.9807903154289862,11160.0
2025-08-18,0,0.7142857142857143,AZ,0.9711854731434792,10473.0
2025-08-25,0,1.0,AZ,0.9615806308579724,11495.0
2025-09-01,0,0.0,AZ,0.9519757885724655,9859.0
2025-09-08,0,0.0,AZ,0.9423709462869586,10102.0
2025-09-15,0,0.2857142857142857,AZ,0.9327661040014517,10948.0
2025-09-22,0,1.0,AZ,0.9231612617159448,11970.0
2025-09-29,0,0.2857142857142857,AZ,0.9135564194304379,10482.0
2025-10-06,0,0.0,AZ,0.903951577144931,10713.0
2025-10-13,0,0.0,AZ,0.8943467348594241,10032.0
2025-10-20,0,1.0,AZ,0.8847418925739172,11711.0
2025-10-27,0,0.7142857142857143,AZ,0.8751370502884103,10946.0
2025-11-03,0,0.0,AZ,0.8655322080029034,10720.0
2025-11-10,0,0.0,AZ,0.8559273657173965,11003.0
2025-11-17,0,0.5714285714285714,AZ,0.8463225234318896,12850.0
2025-11-24,0,1.0,AZ,0.8367176811463827,13485.0
2025-12-01,0,0.0,AZ,0.8271128388608758,11374.0
2025-12-08,0,0.0,AZ,0.8175079965753689,11782.0
2025-12-15,0,0.2857142857142857,AZ,0.807903154289862,12581.0
2025-12-22,1,1.0,AZ,0.7982983120043551,14409.0
2025-12-29,1,0.42857142857142855,AZ,0.7886934697188482,15061.0
2026-01-05,1,0.0,AZ,0.7790886274333413,12717.0
2026-01-12,0,0.0,AZ,0.7694837851478344,11435.0
2026-01-19,0,0.8571428571428571,AZ,0.7598789428623275,13147.0
2026-01-26,0,0.8571428571428571,AZ,0.7502741005768205,12075.0
2026-02-02,0,0.0,AZ,0.7406692582913137,11654.0
2026-02-09,0,0.0,AZ,0.7310644160058068,12301.0
2026-02-16,0,0.42857142857142855,AZ,0.7214595737202999,12714.0
2026-02-23,0,0.8571428571428571,AZ,0.7118547314347929,13998.0
2026-03-02,0,0.0,AZ,0.7022498891492861,12908.0
2026-03-09,0,0.0,AZ,0.6926450468637793,12837.0
2026-03-16,0,0.42857142857142855,AZ,0.6830402045782723,13457.0
2026-03-23,0,1.0,AZ,0.6734353622927653,15110.0
2026-03-30,0,0.2857142857142857,AZ,0.6638305200072585,12835.0
2026-04-06,0,0.0,AZ,0.6542256777217517,13488.0
2026-04-13,0,0.0,AZ,0.6446208354362447,13876.0
2026-04-20,0,1.0,AZ,0.6350159931507378,15979.0
2026-04-27,0,0.5714285714285714,AZ,0.6254111508652309,15470.0
2026-05-04,0,0.0,AZ,0.6158063085797241,14097.0
2026-05-11,0,0.0,AZ,0.6062014662942171,14301.0
2026-05-18,0,0.7142857142857143,AZ,0.5965966240087102,17150.0
2026-05-25,0,1.0,AZ,0.5869917817232033,16222.0
2026-06-01,1,0.0,AZ,0.5773869394376965,17331.0
2026-06-08,1,0.0,AZ,0.5677820971521895,17412.0
2026-06-15,1,0.2857142857142857,AZ,0.5581772548666826,17816.0
2026-06-22,1,1.0,AZ,0.5485724125811757,19224.0
2026-06-29,1,0.2857142857142857,AZ,0.5389675702956688,17978.0
2026-07-06,1,0.0,AZ,0.5293627280101618,16739.0
2026-07-13,1,0.0,AZ,0.519757885724655,16938.0
2026-07-20,1,1.0,AZ,0.5101530434391481,20035.0
2026-07-27,1,0.7142857142857143,AZ,0.5101530434391481,18695.0
2026-08-03,1,0.0,AZ,0.5101530434391481,17199.0
2026-08-10,1,0.0,AZ,0.5101530434391481,16504.0
2026-08-17,0,0.5714285714285714,AZ,0.5101530434391481,16781.0
2026-08-24,0,1.0,AZ,0.5101530434391481,18351.0
2026-08-31,0,0.14285714285714285,AZ,0.5101530434391481,16556.0
2026-09-07,0,0.0,AZ,0.5101530434391481,14548.0
2026-09-14,0,0.14285714285714285,AZ,0.5101530434391481,14459.0
2026-09-21,0,1.0,AZ,0.5101530434391481,16713.0
2019-01-07,0,0.0,CA,1.0,30126.0
2019-01-14,0,0.14285714285714285,CA,1.0,31237.0
2019-01-21,0,1.0,CA,1.0,34883.0
2019-01-28,0,0.5714285714285714,CA,1.0,32360.0
2019-02-04,0,0.0,CA,1.0,31116.0
2019-02-11,0,0.0,CA,1.0,31217.0
2019-02-18,0,0.7142857142857143,CA,1.0,33567.0
2019-02-25,0,0.5714285714285714,CA,1.0,33826.0
2019-03-04,0,0.0,CA,1.0,31542.0
2019-03-11,0,0.0,CA,1.0,31855.0
2019-03-18,0,0.7142857142857143,CA,1.0,35718.0
2019-03-25,0,1.0,CA,1.0,36472.0
2019-04-01,0,0.0,CA,1.0,31722.0
2019-04-08,0,0.0,CA,1.0,33663.0
2019-04-15,0,0.2857142857142857,CA,1.0,34425.0
2019-04-22,0,1.0,CA,1.0,37838.0
2019-04-29,0,0.2857142857142857,CA,1.0,34126.0
2019-05-06,0,0.0,CA,1.0,32225.0
2019-05-13,0,0.0,CA,1.0,33538.0
2019-05-20,0,1.0,CA,1.0,39143.0
2019-05-27,0,0.7142857142857143,CA,1.0,37269.0
2019-06-03,1,0.0,CA,1.0,38262.0
2019-06-10,1,0.0,CA,1.0,38515.0
2019-06-17,1,0.5714285714285714,CA,1.0,41397.0
2019-06-24,1,1.0,CA,1.0,43034.0
2019-07-01,1,0.0,CA,1.0,38045.0
2019-07-08,1,0.0,CA,1.0,38435.0
2019-07-15,1,0.2857142857142857,CA,1.0,39204.0
2019-07-22,1,1.0,CA,1.0,44141.0
2019-07-29,1,0.42857142857142855,CA,1.0,39399.0
2019-08-05,1,0.0,CA,1.0,37210.0
2019-08-12,1,0.0,CA,1.0,37446.0
2019-08-19,0,0.8571428571428571,CA,1.0,38727.0
2019-08-26,0,0.8571428571428571,CA,1.0,37566.0
2019-09-02,0,0.0,CA,1.0,33272.0
2019-09-09,0,0.0,CA,1.0,33094.0
2019-09-16,0,0.42857142857142855,CA,1.0,35829.0
2019-09-23,0,1.0,CA,1.0,37427.0
2019-09-30,0,0.14285714285714285,CA,1.0,32713.0
2019-10-07,0,0.0,CA,1.0,31765.0
2019-10-14,0,0.14285714285714285,CA,1.0,33740.0
2019-10-21,0,1.0,CA,1.0,36741.0
2019-10-28,0,0.5714285714285714,CA,1.0,34055.0
2019-11-04,0,0.0,CA,1.0,34877.0
2019-11-11,0,0.0,CA,1.0,34323.0
2019-11-18,0,0.7142857142857143,CA,1.0,38101.0
2019-11-25,0,0.8571428571428571,CA,1.0,39059.0
2019-12-02,0,0.0,CA,1.0,33539.0
2019-12-09,0,0.0,CA,1.0,34104.0
2019-12-16,0,0.42857142857142855,CA,1.0,37829.0
2019-12-23,1,1.0,CA,1.0,44736.0
2019-12-30,1,0.2857142857142857,CA,1.0,40232.0
2020-01-06,0,0.0,CA,1.0,31820.0
2020-01-13,0,0.0,CA,1.0,30674.0
2020-01-20,0,1.0,CA,1.0,36852.0
2020-01-27,0,0.7142857142857143,CA,1.0,35848.0
2020-02-03,0,0.0,CA,1.0,32738.0
2020-02-10,0,0.0,CA,1.0,31912.0
2020-02-17,0,0.5714285714285714,CA,1.0,36210.0
2020-02-24,0,0.8571428571428571,CA,1.0,37038.0
2020-03-02,0,0.0,CA,1.0,32408.0
2020-03-09,0,0.0,CA,1.0,34088.0
2020-03-16,0,0.42857142857142855,CA,1.0,36395.0
2020-03-23,0,1.0,CA,1.0,40485.0
2020-03-30,0,0.2857142857142857,CA,1.0,35022.0
2020-04-06,0,0.0,CA,1.0,34457.0
2020-04-13,0,0.0,CA,1.0,34681.0
2020-04-20,0,1.0,CA,1.0,40699.0
2020-04-27,0,0.5714285714285714,CA,1.0,38355.0
2020-05-04,0,0.0,CA,1.0,35814.0
2020-05-11,0,0.0,CA,1.0,36655.0
2020-05-18,0,0.7142857142857143,CA,1.0,39778.0
2020-05-25,0,1.0,CA,1.0,41810.0
2020-06-01,1,0.0,CA,1.0,41278.0
2020-06-08,1,0.0,CA,1.0,41999.0
2020-06-15,1,0.2857142857142857,CA,1.0,43472.0
2020-06-22,1,1.0,CA,1.0,46842.0
2020-06-29,1,0.2857142857142857,CA,1.0,43080.0
2020-07-06,1,0.0,CA,1.0,41302.0
2020-07-13,1,0.0,CA,1.0,40735.0
2020-07-20,1,1.0,CA,1.0,47301.0
2020-07-27,1,0.7142857142857143,CA,1.0,45722.0
2020-08-03,1,0.0,CA,1.0,40219.0
2020-08-10,1,0.0,CA,1.0,40765.0
2020-08-17,0,0.5714285714285714,CA,1.0,39102.0
2020-08-24,0,1.0,CA,1.0,41097.0
2020-08-31,0,0.14285714285714285,CA,1.0,35647.0
2020-09-07,0,0.0,CA,1.0,34459.0
2020-09-14,0,0.14285714285714285,CA,1.0,35033.0
2020-09-21,0,1.0,CA,1.0,40379.0
2020-09-28,0,0.42857142857142855,CA,1.0,36549.0
2020-10-05,0,0.0,CA,1.0,34012.0
2020-10-12,0,0.0,CA,1.0,33005.0
2020-10-19,0,0.8571428571428571,CA,1.0,36736.0
2020-10-26,0,0.8571428571428571,CA,1.0,37280.0
2020-11-02,0,0.0,CA,1.0,35916.0
2020-11-09,0,0.0,CA,1.0,35905.0
2020-11-16,0,0.42857142857142855,CA,1.0,38616.0
2020-11-23,0,1.0,CA,1.0,40568.0
2020-11-30,0,0.14285714285714285,CA,1.0,35210.0
2020-12-07,0,0.0,CA,1.0,34850.0
2020-12-14,0,0.14285714285714285,CA,1.0,36049.0
2020-12-21,1,1.0,CA,1.0,45097.0
2020-12-28,1,0.5714285714285714,CA,1.0,42302.0
2021-01-04,1,0.0,CA,1.0,35130.0
2021-01-11,0,0.0,CA,1.0,31797.0
2021-01-18,0,0.7142857142857143,CA,1.0,33811.0
2021-01-25,0,1.0,CA,1.0,36713.0
2021-02-01,0,0.0,CA,1.0,31478.0
2021-02-08,0,0.0,CA,1.0,31383.0
2021-02-15,0,0.2857142857142857,CA,1.0,33394.0
2021-02-22,0,1.0,CA,1.0,36296.0
2021-03-01,0,0.0,CA,1.0,31196.0
2021-03-08,0,0.0,CA,1.0,32983.0
2021-03-15,0,0.2857142857142857,CA,1.0,32479.0
2021-03-22,0,1.0,CA,1.0,36539.0
2021-03-29,0,0.42857142857142855,CA,1.0,34603.0
2021-04-05,0,0.0,CA,1.0,32795.0
2021-04-12,0,0.0,CA,1.0,32664.0
2021-04-19,0,0.8571428571428571,CA,1.0,36798.0
2021-04-26,0,0.7142857142857143,CA,1.0,36617.0
2021-05-03,0,0.0,CA,1.0,33575.0
2021-05-10,0,0.0,CA,1.0,33892.0
2021-05-17,0,0.5714285714285714,CA,1.0,36594.0
2021-05-24,0,1.0,CA,1.0,37664.0
2021-05-31,0,0.14285714285714285,CA,1.0,34262.0
2021-06-07,1,0.0,CA,1.0,38826.0
2021-06-14,1,0.14285714285714285,CA,1.0,39538.0
2021-06-21,1,1.0,CA,1.0,43370.0
2021-06-28,1,0.42857142857142855,CA,1.0,39969.0
2021-07-05,1,0.0,CA,1.0,38057.0
2021-07-12,1,0.0,CA,1.0,37908.0
2021-07-19,1,0.8571428571428571,CA,1.0,42444.0
2021-07-26,1,0.8571428571428571,CA,1.0,42550.0
2021-08-02,1,0.0,CA,1.0,38079.0
2021-08-09,1,0.0,CA,1.0,37221.0
2021-08-16,0,0.42857142857142855,CA,1.0,34809.0
2021-08-23,0,1.0,CA,1.0,38080.0
2021-08-30,0,0.2857142857142857,CA,1.0,35132.0
2021-09-06,0,0.0,CA,1.0,33612.0
2021-09-13,0,0.0,CA,1.0,32861.0
2021-09-20,0,1.0,CA,1.0,37617.0
2021-09-27,0,0.5714285714285714,CA,1.0,35155.0
2021-10-04,0,0.0,CA,1.0,32332.0
2021-10-11,0,0.0,CA,1.0,33406.0
2021-10-18,0,0.7142857142857143,CA,1.0,36188.0
2021-10-25,0,1.0,CA,1.0,37106.0
2021-11-01,0,0.0,CA,1.0,37323.0
2021-11-08,0,0.0,CA,1.0,35200.0
2021-11-15,0,0.2857142857142857,CA,1.0,36769.0
2021-11-22,0,1.0,CA,1.0,41671.0
2021-11-29,0,0.2857142857142857,CA,1.0,37732.0
2021-12-06,0,0.0,CA,1.0,34832.0
2021-12-13,0,0.0,CA,1.0,36601.0
2021-12-20,1,1.0,CA,1.0,45773.0
2021-12-27,1,0.7142857142857143,CA,1.0,45081.0
2022-01-03,1,0.0,CA,1.0,37436.0
2022-01-10,0,0.0,CA,1.0,32946.0
2022-01-17,0,0.5714285714285714,CA,1.0,35367.0
2022-01-24,0,1.0,CA,1.0,39211.0
2022-01-31,0,0.14285714285714285,CA,1.0,34585.0
2022-02-07,0,0.0,CA,1.0,33999.0
2022-02-14,0,0.14285714285714285,CA,1.0,35661.0
2022-02-21,0,1.0,CA,1.0,39367.0
2022-02-28,0,0.14285714285714285,CA,1.0,35927.0
2022-03-07,0,0.0,CA,1.0,35748.0
2022-03-14,0,0.14285714285714285,CA,1.0,36839.0
2022-03-21,0,1.0,CA,1.0,42795.0
2022-03-28,0,0.5714285714285714,CA,1.0,40001.0
2022-04-04,0,0.0,CA,1.0,36647.0
2022-04-11,0,0.0,CA,1.0,37034.0
2022-04-18,0,0.7142857142857143,CA,1.0,42273.0
2022-04-25,0,0.8571428571428571,CA,1.0,43334.0
2022-05-02,0,0.0,CA,1.0,37312.0
2022-05-09,0,0.0,CA,1.0,38394.0
2022-05-16,0,0.42857142857142855,CA,1.0,41965.0
2022-05-23,0,1.0,CA,1.0,43980.0
2022-05-30,0,0.2857142857142857,CA,1.0,39937.0
2022-06-06,1,0.0,CA,1.0,44228.0
2022-06-13,1,0.0,CA,1.0,44481.0
2022-06-20,1,1.0,CA,1.0,52356.0
2022-06-27,1,0.5714285714285714,CA,1.0,51419.0
2022-07-04,1,0.0,CA,1.0,44895.0
2022-07-11,1,0.0,CA,1.0,45968.0
2022-07-18,1,0.7142857142857143,CA,1.0,50744.0
2022-07-25,1,1.0,CA,1.0,50861.0
2022-08-01,1,0.0,CA,1.0,43768.0
2022-08-08,1,0.0,CA,1.0,44412.0
2022-08-15,0,0.2857142857142857,CA,1.0,41744.0
2022-08-22,0,1.0,CA,1.0,47220.0
2022-08-29,0,0.42857142857142855,CA,1.0,42635.0
2022-09-05,0,0.0,CA,1.0,39404.0
2022-09-12,0,0.0,CA,1.0,39135.0
2022-09-19,0,0.8571428571428571,CA,1.0,43716.0
2022-09-26,0,0.7142857142857143,CA,1.0,42175.0
2022-10-03,0,0.0,CA,1.0,38331.0
2022-10-10,0,0.0,CA,1.0,38818.0
2022-10-17,0,0.5714285714285714,CA,1.0,41342.0
2022-10-24,0,1.0,CA,1.0,44045.0
2022-10-31,0,0.14285714285714285,CA,1.0,39261.0
2022-11-07,0,0.0,CA,1.0,40797.0
2022-11-14,0,0.14285714285714285,CA,1.0,42796.0
2022-11-21,0,1.0,CA,1.0,47750.0
2022-11-28,0,0.42857142857142855,CA,1.0,44806.0
2022-12-05,0,0.0,CA,1.0,41987.0
2022-12-12,0,0.0,CA,1.0,41839.0
2022-12-19,0,0.8571428571428571,CA,1.0,46828.0
2022-12-26,1,0.8571428571428571,CA,1.0,52534.0
2023-01-02,1,0.0,CA,1.0,42574.0
2023-01-09,0,0.0,CA,1.0,38321.0
2023-01-16,0,0.42857142857142855,CA,1.0,40885.0
2023-01-23,0,1.0,CA,1.0,44319.0
2023-01-30,0,0.2857142857142857,CA,1.0,40809.0
2023-02-06,0,0.0,CA,1.0,39101.0
2023-02-13,0,0.0,CA,1.0,40115.0
2023-02-20,0,1.0,CA,1.0,45915.0
2023-02-27,0,0.2857142857142857,CA,1.0,41210.0
2023-03-06,0,0.0,CA,1.0,40213.0
2023-03-13,0,0.0,CA,1.0,42113.0
2023-03-20,0,1.0,CA,1.0,47078.0
2023-03-27,0,0.7142857142857143,CA,1.0,46642.0
2023-04-03,0,0.0,CA,1.0,42047.0
2023-04-10,0,0.0,CA,1.0,42249.0
2023-04-17,0,0.5714285714285714,CA,1.0,46311.0
2023-04-24,0,1.0,CA,1.0,50444.0
2023-05-01,0,0.0,CA,1.0,43794.0
2023-05-08,0,0.0,CA,1.0,44034.0
2023-05-15,0,0.2857142857142857,CA,1.0,44644.0
2023-05-22,0,1.0,CA,1.0,50736.0
2023-05-29,0,0.42857142857142855,CA,1.0,48248.0
2023-06-05,1,0.0,CA,1.0,47981.0
2023-06-12,1,0.0,CA,1.0,51220.0
2023-06-19,1,0.8571428571428571,CA,1.0,58770.0
2023-06-26,1,0.7142857142857143,CA,1.0,57816.0
2023-07-03,1,0.0,CA,1.0,52062.0
2023-07-10,1,0.0,CA,1.0,50773.0
2023-07-17,1,0.5714285714285714,CA,1.0,54218.0
2023-07-24,1,1.0,CA,1.0,57691.0
2023-07-31,1,0.14285714285714285,CA,1.0,50929.0
2023-08-07,1,0.0,CA,1.0,50595.0
2023-08-14,1,0.14285714285714285,CA,1.0,50030.0
2023-08-21,0,1.0,CA,1.0,50779.0
2023-08-28,0,0.5714285714285714,CA,1.0,48914.0
2023-09-04,0,0.0,CA,1.0,43547.0
2023-09-11,0,0.0,CA,1.0,44533.0
2023-09-18,0,0.7142857142857143,CA,1.0,47500.0
2023-09-25,0,0.8571428571428571,CA,1.0,48086.0
2023-10-02,0,0.0,CA,1.0,42556.0
2023-10-09,0,0.0,CA,1.0,42786.0
2023-10-16,0,0.42857142857142855,CA,1.0,45226.0
2023-10-23,0,1.0,CA,1.0,47454.0
2023-10-30,0,0.2857142857142857,CA,1.0,43569.0
2023-11-06,0,0.0,CA,1.0,46662.0
2023-11-13,0,0.0,CA,1.0,44860.0
2023-11-20,0,1.0,CA,1.0,52374.0
2023-11-27,0,0.5714285714285714,CA,1.0,50303.0
2023-12-04,0,0.0,CA,1.0,45513.0
2023-12-11,0,0.0,CA,1.0,45855.0
2023-12-18,0,0.7142857142857143,CA,1.0,50900.0
2023-12-25,1,1.0,CA,1.0,59632.0
2024-01-01,1,0.0,CA,1.0,46402.0
2024-01-08,0,0.0,CA,1.0,41045.0
2024-01-15,0,0.2857142857142857,CA,1.0,44355.0
2024-01-22,0,1.0,CA,1.0,48902.0
2024-01-29,0,0.42857142857142855,CA,1.0,46384.0
2024-02-05,0,0.0,CA,1.0,44924.0
2024-02-12,0,0.0,CA,1.0,43627.0
2024-02-19,0,0.8571428571428571,CA,1.0,49339.0
2024-02-26,0,0.5714285714285714,CA,1.0,47633.0
2024-03-04,0,0.0,CA,1.0,44566.0
2024-03-11,0,0.0,CA,1.0,44331.0
2024-03-18,0,0.7142857142857143,CA,1.0,51345.0
2024-03-25,0,1.0,CA,1.0,51850.0
2024-04-01,0,0.0,CA,1.0,46541.0
2024-04-08,0,0.0,CA,1.0,47020.0
2024-04-15,0,0.2857142857142857,CA,1.0,47196.0
2024-04-22,0,1.0,CA,1.0,53748.0
2024-04-29,0,0.2857142857142857,CA,1.0,50921.0
2024-05-06,0,0.0,CA,1.0,48773.0
2024-05-13,0,0.0,CA,1.0,47954.0
2024-05-20,0,1.0,CA,1.0,56667.0
2024-05-27,0,0.7142857142857143,CA,1.0,53061.0
2024-06-03,1,0.0,CA,1.0,55749.0
2024-06-10,1,0.0,CA,1.0,53880.0
2024-06-17,1,0.5714285714285714,CA,1.0,60172.0
2024-06-24,1,1.0,CA,1.0,63310.0
2024-07-01,1,0.0,CA,1.0,56907.0
2024-07-08,1,0.0,CA,1.0,55727.0
2024-07-15,1,0.2857142857142857,CA,1.0,56541.0
2024-07-22,1,1.0,CA,1.0,63194.0
2024-07-29,1,0.42857142857142855,CA,1.0,57181.0
2024-08-05,1,0.0,CA,1.0,55365.0
2024-08-12,1,0.0,CA,1.0,52981.0
2024-08-19,0,0.8571428571428571,CA,1.0,55860.0
2024-08-26,0,0.8571428571428571,CA,1.0,52930.0
2024-09-02,0,0.0,CA,1.0,48582.0
2024-09-09,0,0.0,CA,1.0,46504.0
2024-09-16,0,0.42857142857142855,CA,1.0,49276.0
2024-09-23,0,1.0,CA,1.0,54310.0
2024-09-30,0,0.14285714285714285,CA,1.0,47382.0
2024-10-07,0,0.0,CA,1.0,46263.0
2024-10-14,0,0.14285714285714285,CA,1.0,45082.0
2024-10-21,0,1.0,CA,1.0,50504.0
2024-10-28,0,0.5714285714285714,CA,1.0,49168.0
2024-11-04,0,0.0,CA,1.0,49750.0
2024-11-11,0,0.0,CA,1.0,49280.0
2024-11-18,0,0.7142857142857143,CA,1.0,53459.0
2024-11-25,0,0.8571428571428571,CA,1.0,54881.0
2024-12-02,0,0.0,CA,1.0,48848.0
2024-12-09,0,0.0,CA,1.0,47848.0
2024-12-16,0,0.42857142857142855,CA,1.0,52966.0
2024-12-23,1,1.0,CA,1.0,62386.0
2024-12-30,1,0.2857142857142857,CA,1.0,55989.0
2025-01-06,0,0.0,CA,1.0,43280.0
2025-01-13,0,0.0,CA,1.0,42251.0
2025-01-20,0,1.0,CA,1.0,50882.0
2025-01-27,0,0.7142857142857143,CA,1.0,47235.0
2025-02-03,0,0.0,CA,1.0,44653.0
2025-02-10,0,0.0,CA,1.0,45531.0
2025-02-17,0,0.5714285714285714,CA,1.0,49082.0
2025-02-24,0,0.7142857142857143,CA,1.0,50127.0
2025-03-03,0,0.0,CA,1.0,46199.0
2025-03-10,0,0.0,CA,1.0,46266.0
2025-03-17,0,0.5714285714285714,CA,1.0,50305.0
2025-03-24,0,1.0,CA,1.0,53284.0
2025-03-31,0,0.14285714285714285,CA,1.0,47753.0
2025-04-07,0,0.0,CA,1.0,48979.0
2025-04-14,0,0.14285714285714285,CA,1.0,48693.0
2025-04-21,0,1.0,CA,1.0,54605.0
2025-04-28,0,0.42857142857142855,CA,1.0,52616.0
2025-05-05,0,0.0,CA,1.0,48193.0
2025-05-12,0,0.0,CA,1.0,49269.0
2025-05-19,0,0.8571428571428571,CA,1.0,54479.0
2025-05-26,0,0.8571428571428571,CA,1.0,54765.0
2025-06-02,1,0.0,CA,1.0,55763.0
2025-06-09,1,0.0,CA,1.0,54580.0
2025-06-16,1,0.42857142857142855,CA,1.0,59723.0
2025-06-23,1,1.0,CA,1.0,64377.0
2025-06-30,1,0.14285714285714285,CA,1.0,57140.0
2025-07-07,1,0.0,CA,1.0,55918.0
2025-07-14,1,0.14285714285714285,CA,1.0,57557.0
2025-07-21,1,1.0,CA,1.0,63043.0
2025-07-28,1,0.5714285714285714,CA,1.0,59750.0
2025-08-04,1,0.0,CA,0.9990037228257584,55654.0
2025-08-11,1,0.0,CA,0.9980074456515168,53312.0
2025-08-18,0,0.7142857142857143,CA,0.9970111684772752,52004.0
2025-08-25,0,1.0,CA,0.9960148913030337,54213.0
2025-09-01,0,0.0,CA,0.995018614128792,48598.0
2025-09-08,0,0.0,CA,0.9940223369545504,47887.0
2025-09-15,0,0.2857142857142857,CA,0.9930260597803089,48027.0
2025-09-22,0,1.0,CA,0.9920297826060672,55776.0
2025-09-29,0,0.2857142857142857,CA,0.9910335054318257,49092.0
2025-10-06,0,0.0,CA,0.9900372282575841,46477.0
2025-10-13,0,0.0,CA,0.9890409510833426,46912.0
2025-10-20,0,1.0,CA,0.9880446739091009,52395.0
2025-10-27,0,0.7142857142857143,CA,0.9870483967348593,51616.0
2025-11-03,0,0.0,CA,0.9860521195606178,51581.0
2025-11-10,0,0.0,CA,0.9850558423863761,50496.0
2025-11-17,0,0.5714285714285714,CA,0.9840595652121346,54059.0
2025-11-24,0,1.0,CA,0.983063288037893,57610.0
2025-12-01,0,0.0,CA,0.9820670108636513,50042.0
2025-12-08,0,0.0,CA,0.9810707336894098,50919.0
2025-12-15,0,0.2857142857142857,CA,0.9800744565151682,52055.0
2025-12-22,1,1.0,CA,0.9790781793409266,64909.0
2025-12-29,1,0.42857142857142855,CA,0.978081902166685,59284.0
2026-01-05,1,0.0,CA,0.9770856249924434,50164.0
2026-01-12,0,0.0,CA,0.9760893478182018,45643.0
2026-01-19,0,0.8571428571428571,CA,0.9750930706439602,50558.0
2026-01-26,0,0.8571428571428571,CA,0.9740967934697187,49427.0
2026-02-02,0,0.0,CA,0.9731005162954771,46047.0
2026-02-09,0,0.0,CA,0.9721042391212354,48541.0
2026-02-16,0,0.42857142857142855,CA,0.9711079619469939,48701.0
2026-02-23,0,0.8571428571428571,CA,0.9701116847727523,54065.0
2026-03-02,0,0.0,CA,0.9691154075985107,47094.0
2026-03-09,0,0.0,CA,0.9681191304242691,48314.0
2026-03-16,0,0.42857142857142855,CA,0.9671228532500276,51185.0
2026-03-23,0,1.0,CA,0.9661265760757859,56584.0
2026-03-30,0,0.2857142857142857,CA,0.9651302989015443,51174.0
2026-04-06,0,0.0,CA,0.9641340217273028,50227.0
2026-04-13,0,0.0,CA,0.9631377445530611,51616.0
2026-04-20,0,1.0,CA,0.9621414673788196,57978.0
2026-04-27,0,0.5714285714285714,CA,0.961145190204578,54793.0
2026-05-04,0,0.0,CA,0.9601489130303363,50657.0
2026-05-11,0,0.0,CA,0.9591526358560948,51203.0
2026-05-18,0,0.7142857142857143,CA,0.9581563586818532,57322.0
2026-05-25,0,1.0,CA,0.9571600815076116,59334.0
2026-06-01,1,0.0,CA,0.95616380433337,58355.0
2026-06-08,1,0.0,CA,0.9551675271591284,58488.0
2026-06-15,1,0.2857142857142857,CA,0.9541712499848869,60680.0
2026-06-22,1,1.0,CA,0.9531749728106452,65173.0
2026-06-29,1,0.2857142857142857,CA,0.9521786956364037,58953.0
2026-07-06,1,0.0,CA,0.9511824184621621,57664.0
2026-07-13,1,0.0,CA,0.9501861412879204,60105.0
2026-07-20,1,1.0,CA,0.9491898641136789,63050.0
2026-07-27,1,0.7142857142857143,CA,0.9491898641136789,64490.0
2026-08-03,1,0.0,CA,0.9491898641136789,57780.0
2026-08-10,1,0.0,CA,0.9491898641136789,58933.0
2026-08-17,0,0.5714285714285714,CA,0.9491898641136789,55534.0
2026-08-24,0,1.0,CA,0.9491898641136789,59925.0
2026-08-31,0,0.14285714285714285,CA,0.9491898641136789,52942.0
2026-09-07,0,0.0,CA,0.9491898641136789,50347.0
2026-09-14,0,0.14285714285714285,CA,0.9491898641136789,50101.0
2026-09-21,0,1.0,CA,0.9491898641136789,56192.0
2019-01-07,0,0.0,CO,1.0,4092.0
2019-01-14,0,0.14285714285714285,CO,1.0,4199.0
2019-01-21,0,1.0,CO,1.0,4834.0
2019-01-28,0,0.5714285714285714,CO,1.0,4442.0
2019-02-04,0,0.0,CO,1.0,4200.0
2019-02-11,0,0.0,CO,1.0,4152.0
2019-02-18,0,0.7142857142857143,CO,1.0,4538.0
2019-02-25,0,0.5714285714285714,CO,1.0,4541.0
2019-03-04,0,0.0,CO,1.0,4406.0
2019-03-11,0,0.0,CO,1.0,4281.0
2019-03-18,0,0.7142857142857143,CO,1.0,4724.0
2019-03-25,0,1.0,CO,1.0,4927.0
2019-04-01,0,0.0,CO,1.0,4452.0
2019-04-08,0,0.0,CO,1.0,4414.0
2019-04-15,0,0.2857142857142857,CO,1.0,4596.0
2019-04-22,0,1.0,CO,1.0,5137.0
2019-04-29,0,0.2857142857142857,CO,1.0,4673.0
2019-05-06,0,0.0,CO,1.0,4513.0
2019-05-13,0,0.0,CO,1.0,4580.0
2019-05-20,0,1.0,CO,1.0,5237.0
2019-05-27,0,0.7142857142857143,CO,1.0,4953.0
2019-06-03,1,0.0,CO,1.0,5151.0
2019-06-10,1,0.0,CO,1.0,5213.0
2019-06-17,1,0.5714285714285714,CO,1.0,5643.0
2019-06-24,1,1.0,CO,1.0,5794.0
2019-07-01,1,0.0,CO,1.0,5186.0
2019-07-08,1,0.0,CO,1.0,5286.0
2019-07-15,1,0.2857142857142857,CO,1.0,5433.0
2019-07-22,1,1.0,CO,1.0,6014.0
2019-07-29,1,0.42857142857142855,CO,1.0,5339.0
2019-08-05,1,0.0,CO,1.0,5027.0
2019-08-12,1,0.0,CO,1.0,5047.0
2019-08-19,0,0.8571428571428571,CO,1.0,4967.0
2019-08-26,0,0.8571428571428571,CO,1.0,4996.0
2019-09-02,0,0.0,CO,1.0,4446.0
2019-09-09,0,0.0,CO,1.0,4424.0
2019-09-16,0,0.42857142857142855,CO,1.0,4737.0
2019-09-23,0,1.0,CO,1.0,4996.0
2019-09-30,0,0.14285714285714285,CO,1.0,4320.0
2019-10-07,0,0.0,CO,1.0,4268.0
2019-10-14,0,0.14285714285714285,CO,1.0,4432.0
2019-10-21,0,1.0,CO,1.0,4980.0
2019-10-28,0,0.5714285714285714,CO,1.0,4576.0
2019-11-04,0,0.0,CO,1.0,4717.0
2019-11-11,0,0.0,CO,1.0,4676.0
2019-11-18,0,0.7142857142857143,CO,1.0,5153.0
2019-11-25,0,0.8571428571428571,CO,1.0,5218.0
2019-12-02,0,0.0,CO,1.0,4608.0
2019-12-09,0,0.0,CO,1.0,4386.0
2019-12-16,0,0.42857142857142855,CO,1.0,4818.0
2019-12-23,1,1.0,CO,1.0,5849.0
2019-12-30,1,0.2857142857142857,CO,1.0,5381.0
2020-01-06,0,0.0,CO,1.0,4176.0
2020-01-13,0,0.0,CO,1.0,4162.0
2020-01-20,0,1.0,CO,1.0,4890.0
2020-01-27,0,0.7142857142857143,CO,1.0,4727.0
2020-02-03,0,0.0,CO,1.0,4118.0
2020-02-10,0,0.0,CO,1.0,4312.0
2020-02-17,0,0.5714285714285714,CO,1.0,4647.0
2020-02-24,0,0.8571428571428571,CO,1.0,4800.0
2020-03-02,0,0.0,CO,1.0,4260.0
2020-03-09,0,0.0,CO,1.0,4394.0
2020-03-16,0,0.42857142857142855,CO,1.0,4638.0
2020-03-23,0,1.0,CO,1.0,5079.0
2020-03-30,0,0.2857142857142857,CO,1.0,4670.0
2020-04-06,0,0.0,CO,1.0,4529.0
2020-04-13,0,0.0,CO,1.0,4624.0
2020-04-20,0,1.0,CO,1.0,5145.0
2020-04-27,0,0.5714285714285714,CO,1.0,5046.0
2020-05-04,0,0.0,CO,1.0,4691.0
2020-05-11,0,0.0,CO,1.0,4735.0
2020-05-18,0,0.7142857142857143,CO,1.0,5043.0
2020-05-25,0,1.0,CO,1.0,5434.0
2020-06-01,1,0.0,CO,1.0,5228.0
2020-06-08,1,0.0,CO,1.0,5220.0
2020-06-15,1,0.2857142857142857,CO,1.0,5561.0
2020-06-22,1,1.0,CO,1.0,6057.0
2020-06-29,1,0.2857142857142857,CO,1.0,5692.0
2020-07-06,1,0.0,CO,1.0,5214.0
2020-07-13,1,0.0,CO,1.0,5196.0
2020-07-20,1,1.0,CO,1.0,6046.0
2020-07-27,1,0.7142857142857143,CO,1.0,5885.0
2020-08-03,1,0.0,CO,1.0,5197.0
2020-08-10,1,0.0,CO,1.0,5137.0
2020-08-17,0,0.5714285714285714,CO,1.0,5050.0
2020-08-24,0,1.0,CO,1.0,5273.0
2020-08-31,0,0.14285714285714285,CO,1.0,4577.0
2020-09-07,0,0.0,CO,1.0,4532.0
2020-09-14,0,0.14285714285714285,CO,1.0,4622.0
2020-09-21,0,1.0,CO,1.0,5017.0
2020-09-28,0,0.42857142857142855,CO,1.0,4593.0
2020-10-05,0,0.0,CO,1.0,4311.0
2020-10-12,0,0.0,CO,1.0,4193.0
2020-10-19,0,0.8571428571428571,CO,1.0,4837.0
2020-10-26,0,0.8571428571428571,CO,1.0,4736.0
2020-11-02,0,0.0,CO,1.0,4657.0
2020-11-09,0,0.0,CO,1.0,4636.0
2020-11-16,0,0.42857142857142855,CO,1.0,4919.0
2020-11-23,0,1.0,CO,1.0,5174.0
2020-11-30,0,0.14285714285714285,CO,1.0,4547.0
2020-12-07,0,0.0,CO,1.0,4488.0
2020-12-14,0,0.14285714285714285,CO,1.0,4729.0
2020-12-21,1,1.0,CO,1.0,5685.0
2020-12-28,1,0.5714285714285714,CO,1.0,5412.0
2021-01-04,1,0.0,CO,1.0,4683.0
2021-01-11,0,0.0,CO,1.0,4049.0
2021-01-18,0,0.7142857142857143,CO,1.0,4589.0
2021-01-25,0,1.0,CO,1.0,4812.0
2021-02-01,0,0.0,CO,1.0,4125.0
2021-02-08,0,0.0,CO,1.0,4113.0
2021-02-15,0,0.2857142857142857,CO,1.0,4355.0
2021-02-22,0,1.0,CO,1.0,4840.0
2021-03-01,0,0.0,CO,1.0,4255.0
2021-03-08,0,0.0,CO,1.0,4217.0
2021-03-15,0,0.2857142857142857,CO,1.0,4486.0
2021-03-22,0,1.0,CO,1.0,5056.0
2021-03-29,0,0.42857142857142855,CO,1.0,4662.0
2021-04-05,0,0.0,CO,1.0,4419.0
2021-04-12,0,0.0,CO,1.0,4608.0
2021-04-19,0,0.8571428571428571,CO,1.0,5066.0
2021-04-26,0,0.7142857142857143,CO,1.0,4873.0
2021-05-03,0,0.0,CO,1.0,4466.0
2021-05-10,0,0.0,CO,1.0,4482.0
2021-05-17,0,0.5714285714285714,CO,1.0,4801.0
2021-05-24,0,1.0,CO,1.0,5230.0
2021-05-31,0,0.14285714285714285,CO,1.0,4668.0
2021-06-07,1,0.0,CO,1.0,5027.0
2021-06-14,1,0.14285714285714285,CO,1.0,5159.0
2021-06-21,1,1.0,CO,1.0,5791.0
2021-06-28,1,0.42857142857142855,CO,1.0,5420.0
2021-07-05,1,0.0,CO,1.0,5124.0
2021-07-12,1,0.0,CO,1.0,5126.0
2021-07-19,1,0.8571428571428571,CO,1.0,5811.0
2021-07-26,1,0.8571428571428571,CO,1.0,5597.0
2021-08-02,1,0.0,CO,1.0,5194.0
2021-08-09,1,0.0,CO,1.0,5096.0
2021-08-16,0,0.42857142857142855,CO,1.0,4885.0
2021-08-23,0,1.0,CO,1.0,5258.0
2021-08-30,0,0.2857142857142857,CO,1.0,4728.0
2021-09-06,0,0.0,CO,1.0,4405.0
2021-09-13,0,0.0,CO,1.0,4457.0
2021-09-20,0,1.0,CO,1.0,5244.0
2021-09-27,0,0.5714285714285714,CO,1.0,4819.0
2021-10-04,0,0.0,CO,1.0,4403.0
2021-10-11,0,0.0,CO,1.0,4509.0
2021-10-18,0,0.7142857142857143,CO,1.0,4884.0
2021-10-25,0,1.0,CO,1.0,4968.0
2021-11-01,0,0.0,CO,1.0,4888.0
2021-11-08,0,0.0,CO,1.0,4749.0
2021-11-15,0,0.2857142857142857,CO,1.0,5076.0
2021-11-22,0,1.0,CO,1.0,5542.0
2021-11-29,0,0.2857142857142857,CO,1.0,5294.0
2021-12-06,0,0.0,CO,1.0,5006.0
2021-12-13,0,0.0,CO,1.0,5034.0
2021-12-20,1,1.0,CO,1.0,6310.0
2021-12-27,1,0.7142857142857143,CO,1.0,6175.0
2022-01-03,1,0.0,CO,1.0,5085.0
2022-01-10,0,0.0,CO,1.0,4490.0
2022-01-17,0,0.5714285714285714,CO,1.0,4953.0
2022-01-24,0,1.0,CO,1.0,5174.0
2022-01-31,0,0.14285714285714285,CO,1.0,4808.0
2022-02-07,0,0.0,CO,1.0,4690.0
2022-02-14,0,0.14285714285714285,CO,1.0,4789.0
2022-02-21,0,1.0,CO,1.0,5551.0
2022-02-28,0,0.14285714285714285,CO,1.0,5067.0
2022-03-07,0,0.0,CO,1.0,5032.0
2022-03-14,0,0.14285714285714285,CO,1.0,4978.0
2022-03-21,0,1.0,CO,1.0,5812.0
2022-03-28,0,0.5714285714285714,CO,1.0,5715.0
2022-04-04,0,0.0,CO,1.0,5136.0
2022-04-11,0,0.0,CO,1.0,5284.0
2022-04-18,0,0.7142857142857143,CO,1.0,5860.0
2022-04-25,0,0.8571428571428571,CO,1.0,5769.0
2022-05-02,0,0.0,CO,1.0,5255.0
2022-05-09,0,0.0,CO,1.0,5365.0
2022-05-16,0,0.42857142857142855,CO,1.0,5725.0
2022-05-23,0,1.0,CO,1.0,6278.0
2022-05-30,0,0.2857142857142857,CO,1.0,5845.0
2022-06-06,1,0.0,CO,1.0,6216.0
2022-06-13,1,0.0,CO,1.0,6145.0
2022-06-20,1,1.0,CO,1.0,7133.0
2022-06-27,1,0.5714285714285714,CO,1.0,6965.0
2022-07-04,1,0.0,CO,1.0,6390.0
2022-07-11,1,0.0,CO,1.0,6140.0
2022-07-18,1,0.7142857142857143,CO,1.0,6972.0
2022-07-25,1,1.0,CO,1.0,7126.0
2022-08-01,1,0.0,CO,1.0,6047.0
2022-08-08,1,0.0,CO,1.0,6094.0
2022-08-15,0,0.2857142857142857,CO,1.0,5750.0
2022-08-22,0,1.0,CO,1.0,6401.0
2022-08-29,0,0.42857142857142855,CO,1.0,5921.0
2022-09-05,0,0.0,CO,1.0,5428.0
2022-09-12,0,0.0,CO,1.0,5462.0
2022-09-19,0,0.8571428571428571,CO,1.0,6077.0
2022-09-26,0,0.7142857142857143,CO,1.0,6008.0
2022-10-03,0,0.0,CO,1.0,5267.0
2022-10-10,0,0.0,CO,1.0,5164.0
2022-10-17,0,0.5714285714285714,CO,1.0,5738.0
2022-10-24,0,1.0,CO,1.0,6095.0
2022-10-31,0,0.14285714285714285,CO,1.0,5450.0
2022-11-07,0,0.0,CO,1.0,5772.0
2022-11-14,0,0.14285714285714285,CO,1.0,5925.0
2022-11-21,0,1.0,CO,1.0,6582.0
2022-11-28,0,0.42857142857142855,CO,1.0,6178.0
2022-12-05,0,0.0,CO,1.0,5710.0
2022-12-12,0,0.0,CO,1.0,5558.0
2022-12-19,0,0.8571428571428571,CO,1.0,6389.0
2022-12-26,1,0.8571428571428571,CO,1.0,7356.0
2023-01-02,1,0.0,CO,1.0,5783.0
2023-01-09,0,0.0,CO,1.0,5181.0
2023-01-16,0,0.42857142857142855,CO,1.0,5576.0
2023-01-23,0,1.0,CO,1.0,6055.0
2023-01-30,0,0.2857142857142857,CO,1.0,5436.0
2023-02-06,0,0.0,CO,1.0,5176.0
2023-02-13,0,0.0,CO,1.0,5419.0
2023-02-20,0,1.0,CO,1.0,6130.0
2023-02-27,0,0.2857142857142857,CO,1.0,5699.0
2023-03-06,0,0.0,CO,1.0,5491.0
2023-03-13,0,0.0,CO,1.0,5525.0
2023-03-20,0,1.0,CO,1.0,6515.0
2023-03-27,0,0.7142857142857143,CO,1.0,6450.0
2023-04-03,0,0.0,CO,1.0,5848.0
2023-04-10,0,0.0,CO,1.0,5743.0
2023-04-17,0,0.5714285714285714,CO,1.0,6358.0
2023-04-24,0,1.0,CO,1.0,6753.0
2023-05-01,0,0.0,CO,1.0,5973.0
2023-05-08,0,0.0,CO,1.0,6014.0
2023-05-15,0,0.2857142857142857,CO,1.0,6257.0
2023-05-22,0,1.0,CO,1.0,6909.0
2023-05-29,0,0.42857142857142855,CO,1.0,6667.0
2023-06-05,1,0.0,CO,1.0,6817.0
2023-06-12,1,0.0,CO,1.0,6872.0
2023-06-19,1,0.8571428571428571,CO,1.0,7758.0
2023-06-26,1,0.7142857142857143,CO,1.0,7610.0
2023-07-03,1,0.0,CO,1.0,7013.0
2023-07-10,1,0.0,CO,1.0,6938.0
2023-07-17,1,0.5714285714285714,CO,1.0,7529.0
2023-07-24,1,1.0,CO,1.0,7721.0
2023-07-31,1,0.14285714285714285,CO,1.0,6916.0
2023-08-07,1,0.0,CO,1.0,6817.0
2023-08-14,1,0.14285714285714285,CO,1.0,6749.0
2023-08-21,0,1.0,CO,1.0,6678.0
2023-08-28,0,0.5714285714285714,CO,1.0,6537.0
2023-09-04,0,0.0,CO,1.0,6163.0
2023-09-11,0,0.0,CO,1.0,6072.0
2023-09-18,0,0.7142857142857143,CO,1.0,6448.0
2023-09-25,0,0.8571428571428571,CO,1.0,6527.0
2023-10-02,0,0.0,CO,1.0,5880.0
2023-10-09,0,0.0,CO,1.0,5926.0
2023-10-16,0,0.42857142857142855,CO,1.0,6170.0
2023-10-23,0,1.0,CO,1.0,6464.0
2023-10-30,0,0.2857142857142857,CO,1.0,5981.0
2023-11-06,0,0.0,CO,1.0,6148.0
2023-11-13,0,0.0,CO,1.0,6461.0
2023-11-20,0,1.0,CO,1.0,7215.0
2023-11-27,0,0.5714285714285714,CO,1.0,6708.0
2023-12-04,0,0.0,CO,1.0,6251.0
2023-12-11,0,0.0,CO,1.0,6384.0
2023-12-18,0,0.7142857142857143,CO,1.0,6949.0
2023-12-25,1,1.0,CO,1.0,8183.0
2024-01-01,1,0.0,CO,1.0,6204.0
2024-01-08,0,0.0,CO,1.0,5702.0
2024-01-15,0,0.2857142857142857,CO,1.0,5990.0
2024-01-22,0,1.0,CO,1.0,6673.0
2024-01-29,0,0.42857142857142855,CO,1.0,6178.0
2024-02-05,0,0.0,CO,1.0,5655.0
2024-02-12,0,0.0,CO,1.0,5762.0
2024-02-19,0,0.8571428571428571,CO,1.0,6635.0
2024-02-26,0,0.5714285714285714,CO,1.0,6654.0
2024-03-04,0,0.0,CO,1.0,6150.0
2024-03-11,0,0.0,CO,1.0,6035.0
2024-03-18,0,0.7142857142857143,CO,1.0,6701.0
2024-03-25,0,1.0,CO,1.0,7268.0
2024-04-01,0,0.0,CO,1.0,6186.0
2024-04-08,0,0.0,CO,1.0,6315.0
2024-04-15,0,0.2857142857142857,CO,1.0,6553.0
2024-04-22,0,1.0,CO,1.0,7423.0
2024-04-29,0,0.2857142857142857,CO,1.0,6717.0
2024-05-06,0,0.0,CO,1.0,6373.0
2024-05-13,0,0.0,CO,1.0,6394.0
2024-05-20,0,1.0,CO,1.0,7638.0
2024-05-27,0,0.7142857142857143,CO,1.0,7157.0
2024-06-03,1,0.0,CO,1.0,7438.0
2024-06-10,1,0.0,CO,1.0,7314.0
2024-06-17,1,0.5714285714285714,CO,1.0,8259.0
2024-06-24,1,1.0,CO,1.0,8482.0
2024-07-01,1,0.0,CO,1.0,7469.0
2024-07-08,1,0.0,CO,1.0,7558.0
2024-07-15,1,0.2857142857142857,CO,1.0,7663.0
2024-07-22,1,1.0,CO,1.0,8616.0
2024-07-29,1,0.42857142857142855,CO,1.0,7844.0
2024-08-05,1,0.0,CO,1.0,7344.0
2024-08-12,1,0.0,CO,1.0,7430.0
2024-08-19,0,0.8571428571428571,CO,1.0,7324.0
2024-08-26,0,0.8571428571428571,CO,1.0,7377.0
2024-09-02,0,0.0,CO,1.0,6438.0
2024-09-09,0,0.0,CO,1.0,6372.0
2024-09-16,0,0.42857142857142855,CO,1.0,6598.0
2024-09-23,0,1.0,CO,1.0,7232.0
2024-09-30,0,0.14285714285714285,CO,1.0,6361.0
2024-10-07,0,0.0,CO,1.0,5903.0
2024-10-14,0,0.14285714285714285,CO,1.0,6355.0
2024-10-21,0,1.0,CO,1.0,6926.0
2024-10-28,0,0.5714285714285714,CO,1.0,6589.0
2024-11-04,0,0.0,CO,1.0,6568.0
2024-11-11,0,0.0,CO,1.0,6540.0
2024-11-18,0,0.7142857142857143,CO,1.0,7432.0
2024-11-25,0,0.8571428571428571,CO,1.0,7328.0
2024-12-02,0,0.0,CO,1.0,6679.0
2024-12-09,0,0.0,CO,1.0,6388.0
2024-12-16,0,0.42857142857142855,CO,1.0,6892.0
2024-12-23,1,1.0,CO,1.0,8295.0
2024-12-30,1,0.2857142857142857,CO,1.0,7632.0
2025-01-06,0,0.0,CO,1.0,6007.0
2025-01-13,0,0.0,CO,1.0,6007.0
2025-01-20,0,1.0,CO,1.0,7025.0
2025-01-27,0,0.7142857142857143,CO,1.0,6537.0
2025-02-03,0,0.0,CO,1.0,6049.0
2025-02-10,0,0.0,CO,1.0,6156.0
2025-02-17,0,0.5714285714285714,CO,1.0,6638.0
2025-02-24,0,0.7142857142857143,CO,1.0,6640.0
2025-03-03,0,0.0,CO,1.0,6175.0
2025-03-10,0,0.0,CO,1.0,6175.0
2025-03-17,0,0.5714285714285714,CO,1.0,6764.0
2025-03-24,0,1.0,CO,1.0,7300.0
2025-03-31,0,0.14285714285714285,CO,1.0,6533.0
2025-04-07,0,0.0,CO,1.0,6527.0
2025-04-14,0,0.14285714285714285,CO,1.0,6732.0
2025-04-21,0,1.0,CO,1.0,7290.0
2025-04-28,0,0.42857142857142855,CO,1.0,6994.0
2025-05-05,0,0.0,CO,1.0,6599.0
2025-05-12,0,0.0,CO,1.0,6645.0
2025-05-19,0,0.8571428571428571,CO,1.0,7339.0
2025-05-26,0,0.8571428571428571,CO,1.0,7424.0
2025-06-02,1,0.0,CO,1.0,7298.0
2025-06-09,1,0.0,CO,1.0,7456.0
2025-06-16,1,0.42857142857142855,CO,1.0,7949.0
2025-06-23,1,1.0,CO,1.0,8698.0
2025-06-30,1,0.14285714285714285,CO,1.0,7546.0
2025-07-07,1,0.0,CO,1.0,7546.0
2025-07-14,1,0.14285714285714285,CO,1.0,7628.0
2025-07-21,1,1.0,CO,1.0,8771.0
2025-07-28,1,0.5714285714285714,CO,1.0,7933.0
2025-08-04,1,0.0,CO,0.9989426919337626,7160.0
2025-08-11,1,0.0,CO,0.9978853838675253,7392.0
2025-08-18,0,0.7142857142857143,CO,0.996828075801288,7176.0
2025-08-25,0,1.0,CO,0.9957707677350506,7418.0
2025-09-01,0,0.0,CO,0.9947134596688133,6520.0
2025-09-08,0,0.0,CO,0.9936561516025759,6202.0
2025-09-15,0,0.2857142857142857,CO,0.9925988435363385,6702.0
2025-09-22,0,1.0,CO,0.9915415354701013,7553.0
2025-09-29,0,0.2857142857142857,CO,0.9904842274038639,6548.0
2025-10-06,0,0.0,CO,0.9894269193376266,6239.0
2025-10-13,0,0.0,CO,0.9883696112713892,6138.0
2025-10-20,0,1.0,CO,0.9873123032051518,7069.0
2025-10-27,0,0.7142857142857143,CO,0.9862549951389146,6946.0
2025-11-03,0,0.0,CO,0.9851976870726772,6716.0
2025-11-10,0,0.0,CO,0.9841403790064398,6662.0
2025-11-17,0,0.5714285714285714,CO,0.9830830709402025,7440.0
2025-11-24,0,1.0,CO,0.9820257628739651,7654.0
2025-12-01,0,0.0,CO,0.9809684548077278,6775.0
2025-12-08,0,0.0,CO,0.9799111467414905,6698.0
2025-12-15,0,0.2857142857142857,CO,0.9788538386752531,6902.0
2025-12-22,1,1.0,CO,0.9777965306090157,8684.0
2025-12-29,1,0.42857142857142855,CO,0.9767392225427785,7915.0
2026-01-05,1,0.0,CO,0.9756819144765411,6764.0
2026-01-12,0,0.0,CO,0.9746246064103037,6012.0
2026-01-19,0,0.8571428571428571,CO,0.9735672983440664,7136.0
2026-01-26,0,0.8571428571428571,CO,0.972509990277829,7023.0
2026-02-02,0,0.0,CO,0.9714526822115918,6202.0
2026-02-09,0,0.0,CO,0.9703953741453544,6370.0
2026-02-16,0,0.42857142857142855,CO,0.969338066079117,6615.0
2026-02-23,0,0.8571428571428571,CO,0.9682807580128797,7215.0
2026-03-02,0,0.0,CO,0.9672234499466423,6437.0
2026-03-09,0,0.0,CO,0.966166141880405,6453.0
2026-03-16,0,0.42857142857142855,CO,0.9651088338141677,6789.0
2026-03-23,0,1.0,CO,0.9640515257479303,7676.0
2026-03-30,0,0.2857142857142857,CO,0.9629942176816929,6749.0
2026-04-06,0,0.0,CO,0.9619369096154556,6657.0
2026-04-13,0,0.0,CO,0.9608796015492183,6721.0
2026-04-20,0,1.0,CO,0.9598222934829809,7925.0
2026-04-27,0,0.5714285714285714,CO,0.9587649854167436,7365.0
2026-05-04,0,0.0,CO,0.9577076773505062,6893.0
2026-05-11,0,0.0,CO,0.9566503692842689,6977.0
2026-05-18,0,0.7142857142857143,CO,0.9555930612180316,7792.0
2026-05-25,0,1.0,CO,0.9545357531517942,7953.0
2026-06-01,1,0.0,CO,0.9534784450855569,7977.0
2026-06-08,1,0.0,CO,0.9524211370193195,7741.0
2026-06-15,1,0.2857142857142857,CO,0.9513638289530821,8094.0
2026-06-22,1,1.0,CO,0.9503065208868449,9012.0
2026-06-29,1,0.2857142857142857,CO,0.9492492128206075,8254.0
2026-07-06,1,0.0,CO,0.9481919047543701,8039.0
2026-07-13,1,0.0,CO,0.9471345966881328,8003.0
2026-07-20,1,1.0,CO,0.9460772886218954,9132.0
2026-07-27,1,0.7142857142857143,CO,0.9460772886218954,8567.0
2026-08-03,1,0.0,CO,0.9460772886218954,7820.0
2026-08-10,1,0.0,CO,0.9460772886218954,7815.0
2026-08-17,0,0.5714285714285714,CO,0.9460772886218954,7447.0
2026-08-24,0,1.0,CO,0.9460772886218954,8135.0
2026-08-31,0,0.14285714285714285,CO,0.9460772886218954,6922.0
2026-09-07,0,0.0,CO,0.9460772886218954,6842.0
2026-09-14,0,0.14285714285714285,CO,0.9460772886218954,6942.0
2026-09-21,0,1.0,CO,0.9460772886218954,7632.0
2019-01-07,0,0.0,CT,1.0,3448.0
2019-01-14,0,0.14285714285714285,CT,1.0,3576.0
2019-01-21,0,1.0,CT,1.0,3903.0
2019-01-28,0,0.5714285714285714,CT,1.0,3713.0
2019-02-04,0,0.0,CT,1.0,3401.0
2019-02-11,0,0.0,CT,1.0,3515.0
2019-02-18,0,0.7142857142857143,CT,1.0,3851.0
2019-02-25,0,0.5714285714285714,CT,1.0,3751.0
2019-03-04,0,0.0,CT,1.0,3500.0
2019-03-11,0,0.0,CT,1.0,3614.0
2019-03-18,0,0.7142857142857143,CT,1.0,3921.0
2019-03-25,0,1.0,CT,1.0,4121.0
2019-04-01,0,0.0,CT,1.0,3770.0
2019-04-08,0,0.0,CT,1.0,3748.0
2019-04-15,0,0.2857142857142857,CT,1.0,3956.0
2019-04-22,0,1.0,CT,1.0,4227.0
2019-04-29,0,0.2857142857142857,CT,1.0,3936.0
2019-05-06,0,0.0,CT,1.0,3688.0
2019-05-13,0,0.0,CT,1.0,3906.0
2019-05-20,0,1.0,CT,1.0,4361.0
2019-05-27,0,0.7142857142857143,CT,1.0,4161.0
2019-06-03,1,0.0,CT,1.0,4263.0
2019-06-10,1,0.0,CT,1.0,4209.0
2019-06-17,1,0.5714285714285714,CT,1.0,4665.0
2019-06-24,1,1.0,CT,1.0,4917.0
2019-07-01,1,0.0,CT,1.0,4156.0
2019-07-08,1,0.0,CT,1.0,4324.0
2019-07-15,1,0.2857142857142857,CT,1.0,4518.0
2019-07-22,1,1.0,CT,1.0,4690.0
2019-07-29,1,0.42857142857142855,CT,1.0,4443.0
2019-08-05,1,0.0,CT,1.0,4274.0
2019-08-12,1,0.0,CT,1.0,4220.0
2019-08-19,0,0.8571428571428571,CT,1.0,4202.0
2019-08-26,0,0.8571428571428571,CT,1.0,4212.0
2019-09-02,0,0.0,CT,1.0,3631.0
2019-09-09,0,0.0,CT,1.0,3580.0
2019-09-16,0,0.42857142857142855,CT,1.0,3789.0
2019-09-23,0,1.0,CT,1.0,4265.0
2019-09-30,0,0.14285714285714285,CT,1.0,3651.0
2019-10-07,0,0.0,CT,1.0,3591.0
2019-10-14,0,0.14285714285714285,CT,1.0,3651.0
2019-10-21,0,1.0,CT,1.0,4009.0
2019-10-28,0,0.5714285714285714,CT,1.0,3881.0
2019-11-04,0,0.0,CT,1.0,3663.0
2019-11-11,0,0.0,CT,1.0,3687.0
2019-11-18,0,0.7142857142857143,CT,1.0,4122.0
2019-11-25,0,0.8571428571428571,CT,1.0,4257.0
2019-12-02,0,0.0,CT,1.0,3875.0
2019-12-09,0,0.0,CT,1.0,3749.0
2019-12-16,0,0.42857142857142855,CT,1.0,3992.0
2019-12-23,1,1.0,CT,1.0,4747.0
2019-12-30,1,0.2857142857142857,CT,1.0,4346.0
2020-01-06,0,0.0,CT,1.0,3511.0
2020-01-13,0,0.0,CT,1.0,3372.0
2020-01-20,0,1.0,CT,1.0,3941.0
2020-01-27,0,0.7142857142857143,CT,1.0,3690.0
2020-02-03,0,0.0,CT,1.0,3506.0
2020-02-10,0,0.0,CT,1.0,3361.0
2020-02-17,0,0.5714285714285714,CT,1.0,3766.0
2020-02-24,0,0.8571428571428571,CT,1.0,4070.0
2020-03-02,0,0.0,CT,1.0,3353.0
2020-03-09,0,0.0,CT,1.0,3668.0
2020-03-16,0,0.42857142857142855,CT,1.0,3784.0
2020-03-23,0,1.0,CT,1.0,4111.0
2020-03-30,0,0.2857142857142857,CT,1.0,3747.0
2020-04-06,0,0.0,CT,1.0,3755.0
2020-04-13,0,0.0,CT,1.0,3591.0
2020-04-20,0,1.0,CT,1.0,4165.0
2020-04-27,0,0.5714285714285714,CT,1.0,4154.0
2020-05-04,0,0.0,CT,1.0,3766.0
2020-05-11,0,0.0,CT,1.0,3823.0
2020-05-18,0,0.7142857142857143,CT,1.0,4014.0
2020-05-25,0,1.0,CT,1.0,4460.0
2020-06-01,1,0.0,CT,1.0,4266.0
2020-06-08,1,0.0,CT,1.0,4175.0
2020-06-15,1,0.2857142857142857,CT,1.0,4346.0
2020-06-22,1,1.0,CT,1.0,4930.0
2020-06-29,1,0.2857142857142857,CT,1.0,4434.0
2020-07-06,1,0.0,CT,1.0,4395.0
2020-07-13,1,0.0,CT,1.0,4282.0
2020-07-20,1,1.0,CT,1.0,4829.0
2020-07-27,1,0.7142857142857143,CT,1.0,4566.0
2020-08-03,1,0.0,CT,1.0,4114.0
2020-08-10,1,0.0,CT,1.0,4150.0
2020-08-17,0,0.5714285714285714,CT,1.0,4080.0
2020-08-24,0,1.0,CT,1.0,4272.0
2020-08-31,0,0.14285714285714285,CT,1.0,3812.0
2020-09-07,0,0.0,CT,1.0,3564.0
2020-09-14,0,0.14285714285714285,CT,1.0,3641.0
2020-09-21,0,1.0,CT,1.0,4122.0
2020-09-28,0,0.42857142857142855,CT,1.0,3741.0
2020-10-05,0,0.0,CT,1.0,3460.0
2020-10-12,0,0.0,CT,1.0,3580.0
2020-10-19,0,0.8571428571428571,CT,1.0,3915.0
2020-10-26,0,0.8571428571428571,CT,1.0,3865.0
2020-11-02,0,0.0,CT,1.0,3678.0
2020-11-09,0,0.0,CT,1.0,3754.0
2020-11-16,0,0.42857142857142855,CT,1.0,4018.0
2020-11-23,0,1.0,CT,1.0,4282.0
2020-11-30,0,0.14285714285714285,CT,1.0,3943.0
2020-12-07,0,0.0,CT,1.0,3660.0
2020-12-14,0,0.14285714285714285,CT,1.0,3814.0
2020-12-21,1,1.0,CT,1.0,4831.0
2020-12-28,1,0.5714285714285714,CT,1.0,4620.0
2021-01-04,1,0.0,CT,1.0,3894.0
2021-01-11,0,0.0,CT,1.0,3579.0
2021-01-18,0,0.7142857142857143,CT,1.0,3702.0
2021-01-25,0,1.0,CT,1.0,3872.0
2021-02-01,0,0.0,CT,1.0,3341.0
2021-02-08,0,0.0,CT,1.0,3450.0
2021-02-15,0,0.2857142857142857,CT,1.0,3552.0
2021-02-22,0,1.0,CT,1.0,3893.0
2021-03-01,0,0.0,CT,1.0,3455.0
2021-03-08,0,0.0,CT,1.0,3576.0
2021-03-15,0,0.2857142857142857,CT,1.0,3614.0
2021-03-22,0,1.0,CT,1.0,4237.0
2021-03-29,0,0.42857142857142855,CT,1.0,3712.0
2021-04-05,0,0.0,CT,1.0,3661.0
2021-04-12,0,0.0,CT,1.0,3656.0
2021-04-19,0,0.8571428571428571,CT,1.0,4067.0
2021-04-26,0,0.7142857142857143,CT,1.0,4052.0
2021-05-03,0,0.0,CT,1.0,3654.0
2021-05-10,0,0.0,CT,1.0,3775.0
2021-05-17,0,0.5714285714285714,CT,1.0,3989.0
2021-05-24,0,1.0,CT,1.0,4530.0
2021-05-31,0,0.14285714285714285,CT,1.0,3975.0
2021-06-07,1,0.0,CT,1.0,4189.0
2021-06-14,1,0.14285714285714285,CT,1.0,4317.0
2021-06-21,1,1.0,CT,1.0,4874.0
2021-06-28,1,0.42857142857142855,CT,1.0,4430.0
2021-07-05,1,0.0,CT,1.0,4356.0
2021-07-12,1,0.0,CT,1.0,4182.0
2021-07-19,1,0.8571428571428571,CT,1.0,4994.0
2021-07-26,1,0.8571428571428571,CT,1.0,4653.0
2021-08-02,1,0.0,CT,1.0,4123.0
2021-08-09,1,0.0,CT,1.0,4153.0
2021-08-16,0,0.42857142857142855,CT,1.0,3860.0
2021-08-23,0,1.0,CT,1.0,4323.0
2021-08-30,0,0.2857142857142857,CT,1.0,3826.0
2021-09-06,0,0.0,CT,1.0,3691.0
2021-09-13,0,0.0,CT,1.0,3721.0
2021-09-20,0,1.0,CT,1.0,4162.0
2021-09-27,0,0.5714285714285714,CT,1.0,3832.0
2021-10-04,0,0.0,CT,1.0,3445.0
2021-10-11,0,0.0,CT,1.0,3573.0
2021-10-18,0,0.7142857142857143,CT,1.0,3979.0
2021-10-25,0,1.0,CT,1.0,3909.0
2021-11-01,0,0.0,CT,1.0,3746.0
2021-11-08,0,0.0,CT,1.0,3781.0
2021-11-15,0,0.2857142857142857,CT,1.0,4019.0
2021-11-22,0,1.0,CT,1.0,4374.0
2021-11-29,0,0.2857142857142857,CT,1.0,3909.0
2021-12-06,0,0.0,CT,1.0,3780.0
2021-12-13,0,0.0,CT,1.0,3804.0
2021-12-20,1,1.0,CT,1.0,4848.0
2021-12-27,1,0.7142857142857143,CT,1.0,4763.0
2022-01-03,1,0.0,CT,1.0,3805.0
2022-01-10,0,0.0,CT,1.0,3484.0
2022-01-17,0,0.5714285714285714,CT,1.0,3592.0
2022-01-24,0,1.0,CT,1.0,3905.0
2022-01-31,0,0.14285714285714285,CT,1.0,3509.0
2022-02-07,0,0.0,CT,1.0,3520.0
2022-02-14,0,0.14285714285714285,CT,1.0,3585.0
2022-02-21,0,1.0,CT,1.0,3899.0
2022-02-28,0,0.14285714285714285,CT,1.0,3687.0
2022-03-07,0,0.0,CT,1.0,3629.0
2022-03-14,0,0.14285714285714285,CT,1.0,3644.0
2022-03-21,0,1.0,CT,1.0,4124.0
2022-03-28,0,0.5714285714285714,CT,1.0,3897.0
2022-04-04,0,0.0,CT,1.0,3728.0
2022-04-11,0,0.0,CT,1.0,3703.0
2022-04-18,0,0.7142857142857143,CT,1.0,4208.0
2022-04-25,0,0.8571428571428571,CT,1.0,4279.0
2022-05-02,0,0.0,CT,1.0,3664.0
2022-05-09,0,0.0,CT,1.0,3686.0
2022-05-16,0,0.42857142857142855,CT,1.0,3919.0
2022-05-23,0,1.0,CT,1.0,4427.0
2022-05-30,0,0.2857142857142857,CT,1.0,3902.0
2022-06-06,1,0.0,CT,1.0,4188.0
2022-06-13,1,0.0,CT,1.0,4179.0
2022-06-20,1,1.0,CT,1.0,4972.0
2022-06-27,1,0.5714285714285714,CT,1.0,4626.0
2022-07-04,1,0.0,CT,1.0,4389.0
2022-07-11,1,0.0,CT,1.0,4146.0
2022-07-18,1,0.7142857142857143,CT,1.0,4593.0
2022-07-25,1,1.0,CT,1.0,4872.0
2022-08-01,1,0.0,CT,1.0,4191.0
2022-08-08,1,0.0,CT,1.0,4184.0
2022-08-15,0,0.2857142857142857,CT,1.0,3860.0
2022-08-22,0,1.0,CT,1.0,4423.0
2022-08-29,0,0.42857142857142855,CT,1.0,3917.0
2022-09-05,0,0.0,CT,1.0,3728.0
2022-09-12,0,0.0,CT,1.0,3733.0
2022-09-19,0,0.8571428571428571,CT,1.0,4139.0
2022-09-26,0,0.7142857142857143,CT,1.0,4080.0
2022-10-03,0,0.0,CT,1.0,3628.0
2022-10-10,0,0.0,CT,1.0,3552.0
2022-10-17,0,0.5714285714285714,CT,1.0,3856.0
2022-10-24,0,1.0,CT,1.0,4038.0
2022-10-31,0,0.14285714285714285,CT,1.0,3730.0
2022-11-07,0,0.0,CT,1.0,3763.0
2022-11-14,0,0.14285714285714285,CT,1.0,3978.0
2022-11-21,0,1.0,CT,1.0,4455.0
2022-11-28,0,0.42857142857142855,CT,1.0,4148.0
2022-12-05,0,0.0,CT,1.0,3793.0
2022-12-12,0,0.0,CT,1.0,3834.0
2022-12-19,0,0.8571428571428571,CT,1.0,4350.0
2022-12-26,1,0.8571428571428571,CT,1.0,4984.0
2023-01-02,1,0.0,CT,1.0,3974.0
2023-01-09,0,0.0,CT,1.0,3565.0
2023-01-16,0,0.42857142857142855,CT,1.0,3883.0
2023-01-23,0,1.0,CT,1.0,4030.0
2023-01-30,0,0.2857142857142857,CT,1.0,3721.0
2023-02-06,0,0.0,CT,1.0,3790.0
2023-02-13,0,0.0,CT,1.0,3662.0
2023-02-20,0,1.0,CT,1.0,4307.0
2023-02-27,0,0.2857142857142857,CT,1.0,3850.0
2023-03-06,0,0.0,CT,1.0,3811.0
2023-03-13,0,0.0,CT,1.0,3713.0
2023-03-20,0,1.0,CT,1.0,4370.0
2023-03-27,0,0.7142857142857143,CT,1.0,4368.0
2023-04-03,0,0.0,CT,1.0,3872.0
2023-04-10,0,0.0,CT,1.0,3847.0
2023-04-17,0,0.5714285714285714,CT,1.0,4194.0
2023-04-24,0,1.0,CT,1.0,4552.0
2023-05-01,0,0.0,CT,1.0,4047.0
2023-05-08,0,0.0,CT,1.0,4149.0
2023-05-15,0,0.2857142857142857,CT,1.0,4269.0
2023-05-22,0,1.0,CT,1.0,4777.0
2023-05-29,0,0.42857142857142855,CT,1.0,4458.0
2023-06-05,1,0.0,CT,1.0,4751.0
2023-06-12,1,0.0,CT,1.0,4520.0
2023-06-19,1,0.8571428571428571,CT,1.0,5053.0
2023-06-26,1,0.7142857142857143,CT,1.0,4919.0
2023-07-03,1,0.0,CT,1.0,4855.0
2023-07-10,1,0.0,CT,1.0,4463.0
2023-07-17,1,0.5714285714285714,CT,1.0,4994.0
2023-07-24,1,1.0,CT,1.0,5395.0
2023-07-31,1,0.14285714285714285,CT,1.0,4585.0
2023-08-07,1,0.0,CT,1.0,4659.0
2023-08-14,1,0.14285714285714285,CT,1.0,4746.0
2023-08-21,0,1.0,CT,1.0,4641.0
2023-08-28,0,0.5714285714285714,CT,1.0,4355.0
2023-09-04,0,0.0,CT,1.0,3896.0
2023-09-11,0,0.0,CT,1.0,3981.0
2023-09-18,0,0.7142857142857143,CT,1.0,4231.0
2023-09-25,0,0.8571428571428571,CT,1.0,4499.0
2023-10-02,0,0.0,CT,1.0,3845.0
2023-10-09,0,0.0,CT,1.0,3872.0
2023-10-16,0,0.42857142857142855,CT,1.0,4064.0
2023-10-23,0,1.0,CT,1.0,4312.0
2023-10-30,0,0.2857142857142857,CT,1.0,3913.0
2023-11-06,0,0.0,CT,1.0,4205.0
2023-11-13,0,0.0,CT,1.0,4156.0
2023-11-20,0,1.0,CT,1.0,4652.0
2023-11-27,0,0.5714285714285714,CT,1.0,4465.0
2023-12-04,0,0.0,CT,1.0,4084.0
2023-12-11,0,0.0,CT,1.0,4165.0
2023-12-18,0,0.7142857142857143,CT,1.0,4555.0
2023-12-25,1,1.0,CT,1.0,5264.0
2024-01-01,1,0.0,CT,1.0,3989.0
2024-01-08,0,0.0,CT,1.0,3774.0
2024-01-15,0,0.2857142857142857,CT,1.0,3855.0
2024-01-22,0,1.0,CT,1.0,4188.0
2024-01-29,0,0.42857142857142855,CT,1.0,3901.0
2024-02-05,0,0.0,CT,1.0,3764.0
2024-02-12,0,0.0,CT,1.0,3778.0
2024-02-19,0,0.8571428571428571,CT,1.0,4160.0
2024-02-26,0,0.5714285714285714,CT,1.0,4356.0
2024-03-04,0,0.0,CT,1.0,3804.0
2024-03-11,0,0.0,CT,1.0,4022.0
2024-03-18,0,0.7142857142857143,CT,1.0,4512.0
2024-03-25,0,1.0,CT,1.0,4536.0
2024-04-01,0,0.0,CT,1.0,3996.0
2024-04-08,0,0.0,CT,1.0,4051.0
2024-04-15,0,0.2857142857142857,CT,1.0,4386.0
2024-04-22,0,1.0,CT,1.0,4629.0
2024-04-29,0,0.2857142857142857,CT,1.0,4226.0
2024-05-06,0,0.0,CT,1.0,4082.0
2024-05-13,0,0.0,CT,1.0,4150.0
2024-05-20,0,1.0,CT,1.0,4794.0
2024-05-27,0,0.7142857142857143,CT,1.0,4719.0
2024-06-03,1,0.0,CT,1.0,4770.0
2024-06-10,1,0.0,CT,1.0,4923.0
2024-06-17,1,0.5714285714285714,CT,1.0,4930.0
2024-06-24,1,1.0,CT,1.0,5461.0
2024-07-01,1,0.0,CT,1.0,4882.0
2024-07-08,1,0.0,CT,1.0,4808.0
2024-07-15,1,0.2857142857142857,CT,1.0,4894.0
2024-07-22,1,1.0,CT,1.0,5525.0
2024-07-29,1,0.42857142857142855,CT,1.0,5012.0
2024-08-05,1,0.0,CT,1.0,4633.0
2024-08-12,1,0.0,CT,1.0,4598.0
2024-08-19,0,0.8571428571428571,CT,1.0,4531.0
2024-08-26,0,0.8571428571428571,CT,1.0,4687.0
2024-09-02,0,0.0,CT,1.0,4167.0
2024-09-09,0,0.0,CT,1.0,3924.0
2024-09-16,0,0.42857142857142855,CT,1.0,4188.0
2024-09-23,0,1.0,CT,1.0,4611.0
2024-09-30,0,0.14285714285714285,CT,1.0,4000.0
2024-10-07,0,0.0,CT,1.0,4039.0
2024-10-14,0,0.14285714285714285,CT,1.0,3842.0
2024-10-21,0,1.0,CT,1.0,4444.0
2024-10-28,0,0.5714285714285714,CT,1.0,4068.0
2024-11-04,0,0.0,CT,1.0,4195.0
2024-11-11,0,0.0,CT,1.0,4237.0
2024-11-18,0,0.7142857142857143,CT,1.0,4824.0
2024-11-25,0,0.8571428571428571,CT,1.0,4843.0
2024-12-02,0,0.0,CT,1.0,4243.0
2024-12-09,0,0.0,CT,1.0,4060.0
2024-12-16,0,0.42857142857142855,CT,1.0,4475.0
2024-12-23,1,1.0,CT,1.0,5364.0
2024-12-30,1,0.2857142857142857,CT,1.0,4770.0
2025-01-06,0,0.0,CT,1.0,3757.0
2025-01-13,0,0.0,CT,1.0,3638.0
2025-01-20,0,1.0,CT,1.0,4313.0
2025-01-27,0,0.7142857142857143,CT,1.0,4241.0
2025-02-03,0,0.0,CT,1.0,3769.0
2025-02-10,0,0.0,CT,1.0,3834.0
2025-02-17,0,0.5714285714285714,CT,1.0,4287.0
2025-02-24,0,0.7142857142857143,CT,1.0,4293.0
2025-03-03,0,0.0,CT,1.0,4042.0
2025-03-10,0,0.0,CT,1.0,4118.0
2025-03-17,0,0.5714285714285714,CT,1.0,4265.0
2025-03-24,0,1.0,CT,1.0,4630.0
2025-03-31,0,0.14285714285714285,CT,1.0,4275.0
2025-04-07,0,0.0,CT,1.0,4062.0
2025-04-14,0,0.14285714285714285,CT,1.0,4178.0
2025-04-21,0,1.0,CT,1.0,4811.0
2025-04-28,0,0.42857142857142855,CT,1.0,4619.0
2025-05-05,0,0.0,CT,1.0,4286.0
2025-05-12,0,0.0,CT,1.0,4130.0
2025-05-19,0,0.8571428571428571,CT,1.0,4840.0
2025-05-26,0,0.8571428571428571,CT,1.0,4807.0
2025-06-02,1,0.0,CT,1.0,4730.0
2025-06-09,1,0.0,CT,1.0,4698.0
2025-06-16,1,0.42857142857142855,CT,1.0,5323.0
2025-06-23,1,1.0,CT,1.0,5405.0
2025-06-30,1,0.14285714285714285,CT,1.0,4662.0
2025-07-07,1,0.0,CT,1.0,4673.0
2025-07-14,1,0.14285714285714285,CT,1.0,4870.0
2025-07-21,1,1.0,CT,1.0,5268.0
2025-07-28,1,0.5714285714285714,CT,1.0,5038.0
2025-08-04,1,0.0,CT,0.9971785428807588,4678.0
2025-08-11,1,0.0,CT,0.9943570857615176,4720.0
2025-08-18,0,0.7142857142857143,CT,0.9915356286422764,4587.0
2025-08-25,0,1.0,CT,0.9887141715230352,4747.0
2025-09-01,0,0.0,CT,0.985892714403794,4095.0
2025-09-08,0,0.0,CT,0.9830712572845528,4117.0
2025-09-15,0,0.2857142857142857,CT,0.9802498001653116,4287.0
2025-09-22,0,1.0,CT,0.9774283430460704,4564.0
2025-09-29,0,0.2857142857142857,CT,0.9746068859268292,4309.0
2025-10-06,0,0.0,CT,0.971785428807588,4045.0
2025-10-13,0,0.0,CT,0.9689639716883468,4065.0
2025-10-20,0,1.0,CT,0.9661425145691056,4650.0
2025-10-27,0,0.7142857142857143,CT,0.9633210574498644,4483.0
2025-11-03,0,0.0,CT,0.9604996003306232,4390.0
2025-11-10,0,0.0,CT,0.957678143211382,4429.0
2025-11-17,0,0.5714285714285714,CT,0.9548566860921408,4732.0
2025-11-24,0,1.0,CT,0.9520352289728996,4991.0
2025-12-01,0,0.0,CT,0.9492137718536584,4565.0
2025-12-08,0,0.0,CT,0.9463923147344172,4343.0
2025-12-15,0,0.2857142857142857,CT,0.943570857615176,4626.0
2025-12-22,1,1.0,CT,0.9407494004959348,5634.0
2025-12-29,1,0.42857142857142855,CT,0.9379279433766936,5292.0
2026-01-05,1,0.0,CT,0.9351064862574524,4583.0
2026-01-12,0,0.0,CT,0.9322850291382112,4070.0
2026-01-19,0,0.8571428571428571,CT,0.92946357201897,4682.0
2026-01-26,0,0.8571428571428571,CT,0.9266421148997288,4762.0
2026-02-02,0,0.0,CT,0.9238206577804876,4218.0
2026-02-09,0,0.0,CT,0.9209992006612464,4253.0
2026-02-16,0,0.42857142857142855,CT,0.9181777435420052,4580.0
2026-02-23,0,0.8571428571428571,CT,0.915356286422764,4917.0
2026-03-02,0,0.0,CT,0.9125348293035228,4441.0
2026-03-09,0,0.0,CT,0.9097133721842816,4292.0
2026-03-16,0,0.42857142857142855,CT,0.9068919150650404,4660.0
2026-03-23,0,1.0,CT,0.9040704579457992,5096.0
2026-03-30,0,0.2857142857142857,CT,0.901249000826558,4725.0
2026-04-06,0,0.0,CT,0.8984275437073168,4495.0
2026-04-13,0,0.0,CT,0.8956060865880756,4593.0
2026-04-20,0,1.0,CT,0.8927846294688344,5321.0
2026-04-27,0,0.5714285714285714,CT,0.8899631723495932,5005.0
2026-05-04,0,0.0,CT,0.887141715230352,4581.0
2026-05-11,0,0.0,CT,0.8843202581111108,4734.0
2026-05-18,0,0.7142857142857143,CT,0.8814988009918696,5110.0
2026-05-25,0,1.0,CT,0.8786773438726284,5847.0
2026-06-01,1,0.0,CT,0.8758558867533872,5466.0
2026-06-08,1,0.0,CT,0.873034429634146,5467.0
2026-06-15,1,0.2857142857142857,CT,0.8702129725149048,5624.0
2026-06-22,1,1.0,CT,0.8673915153956636,6219.0
2026-06-29,1,0.2857142857142857,CT,0.8645700582764224,5730.0
2026-07-06,1,0.0,CT,0.8617486011571812,5390.0
2026-07-13,1,0.0,CT,0.85892714403794,5481.0
2026-07-20,1,1.0,CT,0.8561056869186988,6445.0
2026-07-27,1,0.7142857142857143,CT,0.8561056869186988,6290.0
2026-08-03,1,0.0,CT,0.8561056869186988,5660.0
2026-08-10,1,0.0,CT,0.8561056869186988,5388.0
2026-08-17,0,0.5714285714285714,CT,0.8561056869186988,5389.0
2026-08-24,0,1.0,CT,0.8561056869186988,5437.0
2026-08-31,0,0.14285714285714285,CT,0.8561056869186988,4661.0
2026-09-07,0,0.0,CT,0.8561056869186988,4739.0
2026-09-14,0,0.14285714285714285,CT,0.8561056869186988,4630.0
2026-09-21,0,1.0,CT,0.8561056869186988,5634.0
2019-01-07,0,0.0,DC,1.0,555.0
2019-01-14,0,0.14285714285714285,DC,1.0,574.0
2019-01-21,0,1.0,DC,1.0,638.0
2019-01-28,0,0.5714285714285714,DC,1.0,582.0
2019-02-04,0,0.0,DC,1.0,616.0
2019-02-11,0,0.0,DC,1.0,576.0
2019-02-18,0,0.7142857142857143,DC,1.0,648.0
2019-02-25,0,0.5714285714285714,DC,1.0,658.0
2019-03-04,0,0.0,DC,1.0,605.0
2019-03-11,0,0.0,DC,1.0,579.0
2019-03-18,0,0.7142857142857143,DC,1.0,647.0
2019-03-25,0,1.0,DC,1.0,684.0
2019-04-01,0,0.0,DC,1.0,639.0
2019-04-08,0,0.0,DC,1.0,599.0
2019-04-15,0,0.2857142857142857,DC,1.0,623.0
2019-04-22,0,1.0,DC,1.0,691.0
2019-04-29,0,0.2857142857142857,DC,1.0,650.0
2019-05-06,0,0.0,DC,1.0,636.0
2019-05-13,0,0.0,DC,1.0,713.0
2019-05-20,0,1.0,DC,1.0,684.0
2019-05-27,0,0.7142857142857143,DC,1.0,662.0
2019-06-03,1,0.0,DC,1.0,766.0
2019-06-10,1,0.0,DC,1.0,634.0
2019-06-17,1,0.5714285714285714,DC,1.0,811.0
2019-06-24,1,1.0,DC,1.0,790.0
2019-07-01,1,0.0,DC,1.0,707.0
2019-07-08,1,0.0,DC,1.0,705.0
2019-07-15,1,0.2857142857142857,DC,1.0,793.0
2019-07-22,1,1.0,DC,1.0,797.0
2019-07-29,1,0.42857142857142855,DC,1.0,777.0
2019-08-05,1,0.0,DC,1.0,682.0
2019-08-12,1,0.0,DC,1.0,667.0
2019-08-19,0,0.8571428571428571,DC,1.0,673.0
2019-08-26,0,0.8571428571428571,DC,1.0,674.0
2019-09-02,0,0.0,DC,1.0,567.0
2019-09-09,0,0.0,DC,1.0,594.0
2019-09-16,0,0.42857142857142855,DC,1.0,678.0
2019-09-23,0,1.0,DC,1.0,707.0
2019-09-30,0,0.14285714285714285,DC,1.0,600.0
2019-10-07,0,0.0,DC,1.0,595.0
2019-10-14,0,0.14285714285714285,DC,1.0,581.0
2019-10-21,0,1.0,DC,1.0,664.0
2019-10-28,0,0.5714285714285714,DC,1.0,632.0
2019-11-04,0,0.0,DC,1.0,582.0
2019-11-11,0,0.0,DC,1.0,636.0
2019-11-18,0,0.7142857142857143,DC,1.0,700.0
2019-11-25,0,0.8571428571428571,DC,1.0,671.0
2019-12-02,0,0.0,DC,1.0,597.0
2019-12-09,0,0.0,DC,1.0,641.0
2019-12-16,0,0.42857142857142855,DC,1.0,687.0
2019-12-23,1,1.0,DC,1.0,770.0
2019-12-30,1,0.2857142857142857,DC,1.0,735.0
2020-01-06,0,0.0,DC,1.0,597.0
2020-01-13,0,0.0,DC,1.0,562.0
2020-01-20,0,1.0,DC,1.0,601.0
2020-01-27,0,0.7142857142857143,DC,1.0,605.0
2020-02-03,0,0.0,DC,1.0,521.0
2020-02-10,0,0.0,DC,1.0,600.0
2020-02-17,0,0.5714285714285714,DC,1.0,680.0
2020-02-24,0,0.8571428571428571,DC,1.0,657.0
2020-03-02,0,0.0,DC,1.0,550.0
2020-03-09,0,0.0,DC,1.0,604.0
2020-03-16,0,0.42857142857142855,DC,1.0,592.0
2020-03-23,0,1.0,DC,1.0,738.0
2020-03-30,0,0.2857142857142857,DC,1.0,590.0
2020-04-06,0,0.0,DC,1.0,599.0
2020-04-13,0,0.0,DC,1.0,624.0
2020-04-20,0,1.0,DC,1.0,696.0
2020-04-27,0,0.5714285714285714,DC,1.0,597.0
2020-05-04,0,0.0,DC,1.0,620.0
2020-05-11,0,0.0,DC,1.0,584.0
2020-05-18,0,0.7142857142857143,DC,1.0,684.0
2020-05-25,0,1.0,DC,1.0,661.0
2020-06-01,1,0.0,DC,1.0,695.0
2020-06-08,1,0.0,DC,1.0,709.0
2020-06-15,1,0.2857142857142857,DC,1.0,755.0
2020-06-22,1,1.0,DC,1.0,824.0
2020-06-29,1,0.2857142857142857,DC,1.0,769.0
2020-07-06,1,0.0,DC,1.0,706.0
2020-07-13,1,0.0,DC,1.0,672.0
2020-07-20,1,1.0,DC,1.0,785.0
2020-07-27,1,0.7142857142857143,DC,1.0,774.0
2020-08-03,1,0.0,DC,1.0,617.0
2020-08-10,1,0.0,DC,1.0,599.0
2020-08-17,0,0.5714285714285714,DC,1.0,650.0
2020-08-24,0,1.0,DC,1.0,744.0
2020-08-31,0,0.14285714285714285,DC,1.0,625.0
2020-09-07,0,0.0,DC,1.0,566.0
2020-09-14,0,0.14285714285714285,DC,1.0,611.0
2020-09-21,0,1.0,DC,1.0,640.0
2020-09-28,0,0.42857142857142855,DC,1.0,572.0
2020-10-05,0,0.0,DC,1.0,519.0
2020-10-12,0,0.0,DC,1.0,546.0
2020-10-19,0,0.8571428571428571,DC,1.0,591.0
2020-10-26,0,0.8571428571428571,DC,1.0,637.0
2020-11-02,0,0.0,DC,1.0,545.0
2020-11-09,0,0.0,DC,1.0,606.0
2020-11-16,0,0.42857142857142855,DC,1.0,594.0
2020-11-23,0,1.0,DC,1.0,672.0
2020-11-30,0,0.14285714285714285,DC,1.0,569.0
2020-12-07,0,0.0,DC,1.0,602.0
2020-12-14,0,0.14285714285714285,DC,1.0,577.0
2020-12-21,1,1.0,DC,1.0,764.0
2020-12-28,1,0.5714285714285714,DC,1.0,703.0
2021-01-04,1,0.0,DC,1.0,608.0
2021-01-11,0,0.0,DC,1.0,506.0
2021-01-18,0,0.7142857142857143,DC,1.0,616.0
2021-01-25,0,1.0,DC,1.0,583.0
2021-02-01,0,0.0,DC,1.0,525.0
2021-02-08,0,0.0,DC,1.0,521.0
2021-02-15,0,0.2857142857142857,DC,1.0,569.0
2021-02-22,0,1.0,DC,1.0,652.0
2021-03-01,0,0.0,DC,1.0,529.0
2021-03-08,0,0.0,DC,1.0,559.0
2021-03-15,0,0.2857142857142857,DC,1.0,529.0
2021-03-22,0,1.0,DC,1.0,629.0
2021-03-29,0,0.42857142857142855,DC,1.0,624.0
2021-04-05,0,0.0,DC,1.0,547.0
2021-04-12,0,0.0,DC,1.0,558.0
2021-04-19,0,0.8571428571428571,DC,1.0,655.0
2021-04-26,0,0.7142857142857143,DC,1.0,595.0
2021-05-03,0,0.0,DC,1.0,612.0
2021-05-10,0,0.0,DC,1.0,549.0
2021-05-17,0,0.5714285714285714,DC,1.0,615.0
2021-05-24,0,1.0,DC,1.0,589.0
2021-05-31,0,0.14285714285714285,DC,1.0,601.0
2021-06-07,1,0.0,DC,1.0,634.0
2021-06-14,1,0.14285714285714285,DC,1.0,633.0
2021-06-21,1,1.0,DC,1.0,682.0
2021-06-28,1,0.42857142857142855,DC,1.0,727.0
2021-07-05,1,0.0,DC,1.0,638.0
2021-07-12,1,0.0,DC,1.0,677.0
2021-07-19,1,0.8571428571428571,DC,1.0,714.0
2021-07-26,1,0.8571428571428571,DC,1.0,716.0
2021-08-02,1,0.0,DC,1.0,633.0
2021-08-09,1,0.0,DC,1.0,605.0
2021-08-16,0,0.42857142857142855,DC,1.0,578.0
2021-08-23,0,1.0,DC,1.0,641.0
2021-08-30,0,0.2857142857142857,DC,1.0,629.0
2021-09-06,0,0.0,DC,1.0,490.0
2021-09-13,0,0.0,DC,1.0,584.0
2021-09-20,0,1.0,DC,1.0,601.0
2021-09-27,0,0.5714285714285714,DC,1.0,590.0
2021-10-04,0,0.0,DC,1.0,530.0
2021-10-11,0,0.0,DC,1.0,561.0
2021-10-18,0,0.7142857142857143,DC,1.0,643.0
2021-10-25,0,1.0,DC,1.0,643.0
2021-11-01,0,0.0,DC,1.0,569.0
2021-11-08,0,0.0,DC,1.0,599.0
2021-11-15,0,0.2857142857142857,DC,1.0,643.0
2021-11-22,0,1.0,DC,1.0,692.0
2021-11-29,0,0.2857142857142857,DC,1.0,641.0
2021-12-06,0,0.0,DC,1.0,625.0
2021-12-13,0,0.0,DC,1.0,579.0
2021-12-20,1,1.0,DC,1.0,768.0
2021-12-27,1,0.7142857142857143,DC,1.0,757.0
2022-01-03,1,0.0,DC,1.0,637.0
2022-01-10,0,0.0,DC,1.0,554.0
2022-01-17,0,0.5714285714285714,DC,1.0,556.0
2022-01-24,0,1.0,DC,1.0,644.0
2022-01-31,0,0.14285714285714285,DC,1.0,570.0
2022-02-07,0,0.0,DC,1.0,551.0
2022-02-14,0,0.14285714285714285,DC,1.0,557.0
2022-02-21,0,1.0,DC,1.0,630.0
2022-02-28,0,0.14285714285714285,DC,1.0,584.0
2022-03-07,0,0.0,DC,1.0,573.0
2022-03-14,0,0.14285714285714285,DC,1.0,602.0
2022-03-21,0,1.0,DC,1.0,684.0
2022-03-28,0,0.5714285714285714,DC,1.0,625.0
2022-04-04,0,0.0,DC,1.0,548.0
2022-04-11,0,0.0,DC,1.0,664.0
2022-04-18,0,0.7142857142857143,DC,1.0,708.0
2022-04-25,0,0.8571428571428571,DC,1.0,692.0
2022-05-02,0,0.0,DC,1.0,642.0
2022-05-09,0,0.0,DC,1.0,698.0
2022-05-16,0,0.42857142857142855,DC,1.0,743.0
2022-05-23,0,1.0,DC,1.0,694.0
2022-05-30,0,0.2857142857142857,DC,1.0,683.0
2022-06-06,1,0.0,DC,1.0,755.0
2022-06-13,1,0.0,DC,1.0,800.0
2022-06-20,1,1.0,DC,1.0,818.0
2022-06-27,1,0.5714285714285714,DC,1.0,815.0
2022-07-04,1,0.0,DC,1.0,720.0
2022-07-11,1,0.0,DC,1.0,739.0
2022-07-18,1,0.7142857142857143,DC,1.0,835.0
2022-07-25,1,1.0,DC,1.0,826.0
2022-08-01,1,0.0,DC,1.0,733.0
2022-08-08,1,0.0,DC,1.0,748.0
2022-08-15,0,0.2857142857142857,DC,1.0,721.0
2022-08-22,0,1.0,DC,1.0,728.0
2022-08-29,0,0.42857142857142855,DC,1.0,711.0
2022-09-05,0,0.0,DC,1.0,649.0
2022-09-12,0,0.0,DC,1.0,673.0
2022-09-19,0,0.8571428571428571,DC,1.0,669.0
2022-09-26,0,0.7142857142857143,DC,1.0,675.0
2022-10-03,0,0.0,DC,1.0,614.0
2022-10-10,0,0.0,DC,1.0,591.0
2022-10-17,0,0.5714285714285714,DC,1.0,687.0
2022-10-24,0,1.0,DC,1.0,719.0
2022-10-31,0,0.14285714285714285,DC,1.0,647.0
2022-11-07,0,0.0,DC,1.0,687.0
2022-11-14,0,0.14285714285714285,DC,1.0,762.0
2022-11-21,0,1.0,DC,1.0,808.0
2022-11-28,0,0.42857142857142855,DC,1.0,740.0
2022-12-05,0,0.0,DC,1.0,670.0
2022-12-12,0,0.0,DC,1.0,731.0
2022-12-19,0,0.8571428571428571,DC,1.0,752.0
2022-12-26,1,0.8571428571428571,DC,1.0,881.0
2023-01-02,1,0.0,DC,1.0,680.0
2023-01-09,0,0.0,DC,1.0,626.0
2023-01-16,0,0.42857142857142855,DC,1.0,678.0
2023-01-23,0,1.0,DC,1.0,751.0
2023-01-30,0,0.2857142857142857,DC,1.0,621.0
2023-02-06,0,0.0,DC,1.0,637.0
2023-02-13,0,0.0,DC,1.0,606.0
2023-02-20,0,1.0,DC,1.0,725.0
2023-02-27,0,0.2857142857142857,DC,1.0,677.0
2023-03-06,0,0.0,DC,1.0,661.0
2023-03-13,0,0.0,DC,1.0,656.0
2023-03-20,0,1.0,DC,1.0,726.0
2023-03-27,0,0.7142857142857143,DC,1.0,769.0
2023-04-03,0,0.0,DC,1.0,618.0
2023-04-10,0,0.0,DC,1.0,690.0
2023-04-17,0,0.5714285714285714,DC,1.0,747.0
2023-04-24,0,1.0,DC,1.0,795.0
2023-05-01,0,0.0,DC,1.0,741.0
2023-05-08,0,0.0,DC,1.0,705.0
2023-05-15,0,0.2857142857142857,DC,1.0,797.0
2023-05-22,0,1.0,DC,1.0,871.0
2023-05-29,0,0.42857142857142855,DC,1.0,732.0
2023-06-05,1,0.0,DC,1.0,797.0
2023-06-12,1,0.0,DC,1.0,780.0
2023-06-19,1,0.8571428571428571,DC,1.0,960.0
2023-06-26,1,0.7142857142857143,DC,1.0,910.0
2023-07-03,1,0.0,DC,1.0,757.0
2023-07-10,1,0.0,DC,1.0,837.0
2023-07-17,1,0.5714285714285714,DC,1.0,876.0
2023-07-24,1,1.0,DC,1.0,964.0
2023-07-31,1,0.14285714285714285,DC,1.0,767.0
2023-08-07,1,0.0,DC,1.0,797.0
2023-08-14,1,0.14285714285714285,DC,1.0,833.0
2023-08-21,0,1.0,DC,1.0,795.0
2023-08-28,0,0.5714285714285714,DC,1.0,788.0
2023-09-04,0,0.0,DC,1.0,689.0
2023-09-11,0,0.0,DC,1.0,711.0
2023-09-18,0,0.7142857142857143,DC,1.0,808.0
2023-09-25,0,0.8571428571428571,DC,1.0,803.0
2023-10-02,0,0.0,DC,1.0,647.0
2023-10-09,0,0.0,DC,1.0,743.0
2023-10-16,0,0.42857142857142855,DC,1.0,767.0
2023-10-23,0,1.0,DC,1.0,805.0
2023-10-30,0,0.2857142857142857,DC,1.0,783.0
2023-11-06,0,0.0,DC,1.0,752.0
2023-11-13,0,0.0,DC,1.0,782.0
2023-11-20,0,1.0,DC,1.0,784.0
2023-11-27,0,0.5714285714285714,DC,1.0,878.0
2023-12-04,0,0.0,DC,1.0,780.0
2023-12-11,0,0.0,DC,1.0,812.0
2023-12-18,0,0.7142857142857143,DC,1.0,811.0
2023-12-25,1,1.0,DC,1.0,1080.0
2024-01-01,1,0.0,DC,1.0,805.0
2024-01-08,0,0.0,DC,1.0,725.0
2024-01-15,0,0.2857142857142857,DC,1.0,698.0
2024-01-22,0,1.0,DC,1.0,831.0
2024-01-29,0,0.42857142857142855,DC,1.0,768.0
2024-02-05,0,0.0,DC,1.0,721.0
2024-02-12,0,0.0,DC,1.0,739.0
2024-02-19,0,0.8571428571428571,DC,1.0,758.0
2024-02-26,0,0.5714285714285714,DC,1.0,838.0
2024-03-04,0,0.0,DC,1.0,713.0
2024-03-11,0,0.0,DC,1.0,750.0
2024-03-18,0,0.7142857142857143,DC,1.0,830.0
2024-03-25,0,1.0,DC,1.0,881.0
2024-04-01,0,0.0,DC,1.0,721.0
2024-04-08,0,0.0,DC,1.0,724.0
2024-04-15,0,0.2857142857142857,DC,1.0,808.0
2024-04-22,0,1.0,DC,1.0,840.0
2024-04-29,0,0.2857142857142857,DC,1.0,795.0
2024-05-06,0,0.0,DC,1.0,832.0
2024-05-13,0,0.0,DC,1.0,801.0
2024-05-20,0,1.0,DC,1.0,932.0
2024-05-27,0,0.7142857142857143,DC,1.0,981.0
2024-06-03,1,0.0,DC,1.0,814.0
2024-06-10,1,0.0,DC,1.0,911.0
2024-06-17,1,0.5714285714285714,DC,1.0,1025.0
2024-06-24,1,1.0,DC,1.0,1103.0
2024-07-01,1,0.0,DC,1.0,877.0
2024-07-08,1,0.0,DC,1.0,956.0
2024-07-15,1,0.2857142857142857,DC,1.0,957.0
2024-07-22,1,1.0,DC,1.0,1149.0
2024-07-29,1,0.42857142857142855,DC,1.0,1033.0
2024-08-05,1,0.0,DC,1.0,914.0
2024-08-12,1,0.0,DC,1.0,920.0
2024-08-19,0,0.8571428571428571,DC,1.0,936.0
2024-08-26,0,0.8571428571428571,DC,1.0,926.0
2024-09-02,0,0.0,DC,1.0,805.0
2024-09-09,0,0.0,DC,1.0,793.0
2024-09-16,0,0.42857142857142855,DC,1.0,930.0
2024-09-23,0,1.0,DC,1.0,948.0
2024-09-30,0,0.14285714285714285,DC,1.0,814.0
2024-10-07,0,0.0,DC,1.0,803.0
2024-10-14,0,0.14285714285714285,DC,1.0,762.0
2024-10-21,0,1.0,DC,1.0,875.0
2024-10-28,0,0.5714285714285714,DC,1.0,783.0
2024-11-04,0,0.0,DC,1.0,834.0
2024-11-11,0,0.0,DC,1.0,790.0
2024-11-18,0,0.7142857142857143,DC,1.0,902.0
2024-11-25,0,0.8571428571428571,DC,1.0,920.0
2024-12-02,0,0.0,DC,1.0,798.0
2024-12-09,0,0.0,DC,1.0,856.0
2024-12-16,0,0.42857142857142855,DC,1.0,975.0
2024-12-23,1,1.0,DC,1.0,978.0
2024-12-30,1,0.2857142857142857,DC,1.0,998.0
2025-01-06,0,0.0,DC,1.0,745.0
2025-01-13,0,0.0,DC,1.0,707.0
2025-01-20,0,1.0,DC,1.0,833.0
2025-01-27,0,0.7142857142857143,DC,1.0,843.0
2025-02-03,0,0.0,DC,1.0,762.0
2025-02-10,0,0.0,DC,1.0,777.0
2025-02-17,0,0.5714285714285714,DC,1.0,801.0
2025-02-24,0,0.7142857142857143,DC,1.0,779.0
2025-03-03,0,0.0,DC,1.0,783.0
2025-03-10,0,0.0,DC,1.0,826.0
2025-03-17,0,0.5714285714285714,DC,1.0,808.0
2025-03-24,0,1.0,DC,1.0,948.0
2025-03-31,0,0.14285714285714285,DC,1.0,826.0
2025-04-07,0,0.0,DC,1.0,863.0
2025-04-14,0,0.14285714285714285,DC,1.0,850.0
2025-04-21,0,1.0,DC,1.0,1027.0
2025-04-28,0,0.42857142857142855,DC,1.0,928.0
2025-05-05,0,0.0,DC,1.0,751.0
2025-05-12,0,0.0,DC,1.0,808.0
2025-05-19,0,0.8571428571428571,DC,1.0,860.0
2025-05-26,0,0.8571428571428571,DC,1.0,1006.0
2025-06-02,1,0.0,DC,1.0,929.0
2025-06-09,1,0.0,DC,1.0,959.0
2025-06-16,1,0.42857142857142855,DC,1.0,915.0
2025-06-23,1,1.0,DC,1.0,993.0
2025-06-30,1,0.14285714285714285,DC,1.0,940.0
2025-07-07,1,0.0,DC,1.0,934.0
2025-07-14,1,0.14285714285714285,DC,1.0,917.0
2025-07-21,1,1.0,DC,1.0,1065.0
2025-07-28,1,0.5714285714285714,DC,1.0,1019.0
2025-08-04,1,0.0,DC,0.998349801230706,948.0
2025-08-11,1,0.0,DC,0.996699602461412,912.0
2025-08-18,0,0.7142857142857143,DC,0.995049403692118,950.0
2025-08-25,0,1.0,DC,0.9933992049228241,979.0
2025-09-01,0,0.0,DC,0.9917490061535301,880.0
2025-09-08,0,0.0,DC,0.9900988073842361,878.0
2025-09-15,0,0.2857142857142857,DC,0.9884486086149421,827.0
2025-09-22,0,1.0,DC,0.9867984098456482,869.0
2025-09-29,0,0.2857142857142857,DC,0.9851482110763541,822.0
2025-10-06,0,0.0,DC,0.9834980123070601,814.0
2025-10-13,0,0.0,DC,0.9818478135377662,782.0
2025-10-20,0,1.0,DC,0.9801976147684721,897.0
2025-10-27,0,0.7142857142857143,DC,0.9785474159991782,873.0
2025-11-03,0,0.0,DC,0.9768972172298842,842.0
2025-11-10,0,0.0,DC,0.9752470184605903,828.0
2025-11-17,0,0.5714285714285714,DC,0.9735968196912962,883.0
2025-11-24,0,1.0,DC,0.9719466209220022,1028.0
2025-12-01,0,0.0,DC,0.9702964221527083,846.0
2025-12-08,0,0.0,DC,0.9686462233834142,876.0
2025-12-15,0,0.2857142857142857,DC,0.9669960246141203,890.0
2025-12-22,1,1.0,DC,0.9653458258448263,1063.0
2025-12-29,1,0.42857142857142855,DC,0.9636956270755324,1001.0
2026-01-05,1,0.0,DC,0.9620454283062383,808.0
2026-01-12,0,0.0,DC,0.9603952295369443,796.0
2026-01-19,0,0.8571428571428571,DC,0.9587450307676504,969.0
2026-01-26,0,0.8571428571428571,DC,0.9570948319983563,907.0
2026-02-02,0,0.0,DC,0.9554446332290624,834.0
2026-02-09,0,0.0,DC,0.9537944344597684,757.0
2026-02-16,0,0.42857142857142855,DC,0.9521442356904743,780.0
2026-02-23,0,0.8571428571428571,DC,0.9504940369211804,907.0
2026-03-02,0,0.0,DC,0.9488438381518864,931.0
2026-03-09,0,0.0,DC,0.9471936393825925,761.0
2026-03-16,0,0.42857142857142855,DC,0.9455434406132984,945.0
2026-03-23,0,1.0,DC,0.9438932418440045,991.0
2026-03-30,0,0.2857142857142857,DC,0.9422430430747105,918.0
2026-04-06,0,0.0,DC,0.9405928443054165,873.0
2026-04-13,0,0.0,DC,0.9389426455361225,847.0
2026-04-20,0,1.0,DC,0.9372924467668285,992.0
2026-04-27,0,0.5714285714285714,DC,0.9356422479975346,998.0
2026-05-04,0,0.0,DC,0.9339920492282405,931.0
2026-05-11,0,0.0,DC,0.9323418504589466,829.0
2026-05-18,0,0.7142857142857143,DC,0.9306916516896526,1003.0
2026-05-25,0,1.0,DC,0.9290414529203586,1028.0
2026-06-01,1,0.0,DC,0.9273912541510646,957.0
2026-06-08,1,0.0,DC,0.9257410553817707,1089.0
2026-06-15,1,0.2857142857142857,DC,0.9240908566124766,1053.0
2026-06-22,1,1.0,DC,0.9224406578431826,1193.0
2026-06-29,1,0.2857142857142857,DC,0.9207904590738887,1140.0
2026-07-06,1,0.0,DC,0.9191402603045946,1077.0
2026-07-13,1,0.0,DC,0.9174900615353007,1099.0
2026-07-20,1,1.0,DC,0.9158398627660067,1121.0
2026-07-27,1,0.7142857142857143,DC,0.9158398627660067,1225.0
2026-08-03,1,0.0,DC,0.9158398627660067,993.0
2026-08-10,1,0.0,DC,0.9158398627660067,971.0
2026-08-17,0,0.5714285714285714,DC,0.9158398627660067,1006.0
2026-08-24,0,1.0,DC,0.9158398627660067,1010.0
2026-08-31,0,0.14285714285714285,DC,0.9158398627660067,945.0
2026-09-07,0,0.0,DC,0.9158398627660067,851.0
2026-09-14,0,0.14285714285714285,DC,0.9158398627660067,903.0
2026-09-21,0,1.0,DC,0.9158398627660067,1087.0
2019-01-07,0,0.0,DE,1.0,899.0
2019-01-14,0,0.14285714285714285,DE,1.0,917.0
2019-01-21,0,1.0,DE,1.0,1021.0
2019-01-28,0,0.5714285714285714,DE,1.0,963.0
2019-02-04,0,0.0,DE,1.0,895.0
2019-02-11,0,0.0,DE,1.0,941.0
2019-02-18,0,0.7142857142857143,DE,1.0,1040.0
2019-02-25,0,0.5714285714285714,DE,1.0,991.0
2019-03-04,0,0.0,DE,1.0,1003.0
2019-03-11,0,0.0,DE,1.0,882.0
2019-03-18,0,0.7142857142857143,DE,1.0,1058.0
2019-03-25,0,1.0,DE,1.0,1105.0
2019-04-01,0,0.0,DE,1.0,933.0
2019-04-08,0,0.0,DE,1.0,977.0
2019-04-15,0,0.2857142857142857,DE,1.0,1039.0
2019-04-22,0,1.0,DE,1.0,1119.0
2019-04-29,0,0.2857142857142857,DE,1.0,991.0
2019-05-06,0,0.0,DE,1.0,999.0
2019-05-13,0,0.0,DE,1.0,984.0
2019-05-20,0,1.0,DE,1.0,1170.0
2019-05-27,0,0.7142857142857143,DE,1.0,1114.0
2019-06-03,1,0.0,DE,1.0,1061.0
2019-06-10,1,0.0,DE,1.0,1134.0
2019-06-17,1,0.5714285714285714,DE,1.0,1151.0
2019-06-24,1,1.0,DE,1.0,1295.0
2019-07-01,1,0.0,DE,1.0,1045.0
2019-07-08,1,0.0,DE,1.0,1170.0
2019-07-15,1,0.2857142857142857,DE,1.0,1148.0
2019-07-22,1,1.0,DE,1.0,1275.0
2019-07-29,1,0.42857142857142855,DE,1.0,1257.0
2019-08-05,1,0.0,DE,1.0,1120.0
2019-08-12,1,0.0,DE,1.0,1120.0
2019-08-19,0,0.8571428571428571,DE,1.0,1033.0
2019-08-26,0,0.8571428571428571,DE,1.0,1030.0
2019-09-02,0,0.0,DE,1.0,955.0
2019-09-09,0,0.0,DE,1.0,962.0
2019-09-16,0,0.42857142857142855,DE,1.0,988.0
2019-09-23,0,1.0,DE,1.0,1094.0
2019-09-30,0,0.14285714285714285,DE,1.0,925.0
2019-10-07,0,0.0,DE,1.0,896.0
2019-10-14,0,0.14285714285714285,DE,1.0,951.0
2019-10-21,0,1.0,DE,1.0,1035.0
2019-10-28,0,0.5714285714285714,DE,1.0,982.0
2019-11-04,0,0.0,DE,1.0,1041.0
2019-11-11,0,0.0,DE,1.0,1000.0
2019-11-18,0,0.7142857142857143,DE,1.0,1085.0
2019-11-25,0,0.8571428571428571,DE,1.0,1094.0
2019-12-02,0,0.0,DE,1.0,931.0
2019-12-09,0,0.0,DE,1.0,935.0
2019-12-16,0,0.42857142857142855,DE,1.0,1037.0
2019-12-23,1,1.0,DE,1.0,1261.0
2019-12-30,1,0.2857142857142857,DE,1.0,1104.0
2020-01-06,0,0.0,DE,1.0,870.0
2020-01-13,0,0.0,DE,1.0,887.0
2020-01-20,0,1.0,DE,1.0,1062.0
2020-01-27,0,0.7142857142857143,DE,1.0,968.0
2020-02-03,0,0.0,DE,1.0,876.0
2020-02-10,0,0.0,DE,1.0,980.0
2020-02-17,0,0.5714285714285714,DE,1.0,941.0
2020-02-24,0,0.8571428571428571,DE,1.0,1063.0
2020-03-02,0,0.0,DE,1.0,938.0
2020-03-09,0,0.0,DE,1.0,907.0
2020-03-16,0,0.42857142857142855,DE,1.0,1015.0
2020-03-23,0,1.0,DE,1.0,1109.0
2020-03-30,0,0.2857142857142857,DE,1.0,971.0
2020-04-06,0,0.0,DE,1.0,951.0
2020-04-13,0,0.0,DE,1.0,1012.0
2020-04-20,0,1.0,DE,1.0,1115.0
2020-04-27,0,0.5714285714285714,DE,1.0,998.0
2020-05-04,0,0.0,DE,1.0,932.0
2020-05-11,0,0.0,DE,1.0,982.0
2020-05-18,0,0.7142857142857143,DE,1.0,1072.0
2020-05-25,0,1.0,DE,1.0,1141.0
2020-06-01,1,0.0,DE,1.0,1134.0
2020-06-08,1,0.0,DE,1.0,1165.0
2020-06-15,1,0.2857142857142857,DE,1.0,1112.0
2020-06-22,1,1.0,DE,1.0,1247.0
2020-06-29,1,0.2857142857142857,DE,1.0,1086.0
2020-07-06,1,0.0,DE,1.0,1103.0
2020-07-13,1,0.0,DE,1.0,1017.0
2020-07-20,1,1.0,DE,1.0,1261.0
2020-07-27,1,0.7142857142857143,DE,1.0,1193.0
2020-08-03,1,0.0,DE,1.0,1054.0
2020-08-10,1,0.0,DE,1.0,1107.0
2020-08-17,0,0.5714285714285714,DE,1.0,1007.0
2020-08-24,0,1.0,DE,1.0,1067.0
2020-08-31,0,0.14285714285714285,DE,1.0,933.0
2020-09-07,0,0.0,DE,1.0,949.0
2020-09-14,0,0.14285714285714285,DE,1.0,900.0
2020-09-21,0,1.0,DE,1.0,1087.0
2020-09-28,0,0.42857142857142855,DE,1.0,908.0
2020-10-05,0,0.0,DE,1.0,872.0
2020-10-12,0,0.0,DE,1.0,888.0
2020-10-19,0,0.8571428571428571,DE,1.0,1063.0
2020-10-26,0,0.8571428571428571,DE,1.0,990.0
2020-11-02,0,0.0,DE,1.0,950.0
2020-11-09,0,0.0,DE,1.0,903.0
2020-11-16,0,0.42857142857142855,DE,1.0,1069.0
2020-11-23,0,1.0,DE,1.0,1022.0
2020-11-30,0,0.14285714285714285,DE,1.0,981.0
2020-12-07,0,0.0,DE,1.0,949.0
2020-12-14,0,0.14285714285714285,DE,1.0,938.0
2020-12-21,1,1.0,DE,1.0,1205.0
2020-12-28,1,0.5714285714285714,DE,1.0,1168.0
2021-01-04,1,0.0,DE,1.0,919.0
2021-01-11,0,0.0,DE,1.0,887.0
2021-01-18,0,0.7142857142857143,DE,1.0,931.0
2021-01-25,0,1.0,DE,1.0,981.0
2021-02-01,0,0.0,DE,1.0,823.0
2021-02-08,0,0.0,DE,1.0,810.0
2021-02-15,0,0.2857142857142857,DE,1.0,961.0
2021-02-22,0,1.0,DE,1.0,1010.0
2021-03-01,0,0.0,DE,1.0,888.0
2021-03-08,0,0.0,DE,1.0,913.0
2021-03-15,0,0.2857142857142857,DE,1.0,967.0
2021-03-22,0,1.0,DE,1.0,977.0
2021-03-29,0,0.42857142857142855,DE,1.0,920.0
2021-04-05,0,0.0,DE,1.0,896.0
2021-04-12,0,0.0,DE,1.0,919.0
2021-04-19,0,0.8571428571428571,DE,1.0,987.0
2021-04-26,0,0.7142857142857143,DE,1.0,971.0
2021-05-03,0,0.0,DE,1.0,944.0
2021-05-10,0,0.0,DE,1.0,912.0
2021-05-17,0,0.5714285714285714,DE,1.0,982.0
2021-05-24,0,1.0,DE,1.0,998.0
2021-05-31,0,0.14285714285714285,DE,1.0,905.0
2021-06-07,1,0.0,DE,1.0,1049.0
2021-06-14,1,0.14285714285714285,DE,1.0,1088.0
2021-06-21,1,1.0,DE,1.0,1224.0
2021-06-28,1,0.42857142857142855,DE,1.0,1088.0
2021-07-05,1,0.0,DE,1.0,1064.0
2021-07-12,1,0.0,DE,1.0,1077.0
2021-07-19,1,0.8571428571428571,DE,1.0,1148.0
2021-07-26,1,0.8571428571428571,DE,1.0,1166.0
2021-08-02,1,0.0,DE,1.0,1059.0
2021-08-09,1,0.0,DE,1.0,987.0
2021-08-16,0,0.42857142857142855,DE,1.0,967.0
2021-08-23,0,1.0,DE,1.0,1078.0
2021-08-30,0,0.2857142857142857,DE,1.0,966.0
2021-09-06,0,0.0,DE,1.0,844.0
2021-09-13,0,0.0,DE,1.0,943.0
2021-09-20,0,1.0,DE,1.0,1099.0
2021-09-27,0,0.5714285714285714,DE,1.0,1049.0
2021-10-04,0,0.0,DE,1.0,903.0
2021-10-11,0,0.0,DE,1.0,942.0
2021-10-18,0,0.7142857142857143,DE,1.0,1058.0
2021-10-25,0,1.0,DE,1.0,1116.0
2021-11-01,0,0.0,DE,1.0,1015.0
2021-11-08,0,0.0,DE,1.0,1000.0
2021-11-15,0,0.2857142857142857,DE,1.0,1076.0
2021-11-22,0,1.0,DE,1.0,1227.0
2021-11-29,0,0.2857142857142857,DE,1.0,928.0
2021-12-06,0,0.0,DE,1.0,1041.0
2021-12-13,0,0.0,DE,1.0,999.0
2021-12-20,1,1.0,DE,1.0,1328.0
2021-12-27,1,0.7142857142857143,DE,1.0,1294.0
2022-01-03,1,0.0,DE,1.0,1060.0
2022-01-10,0,0.0,DE,1.0,965.0
2022-01-17,0,0.5714285714285714,DE,1.0,1015.0
2022-01-24,0,1.0,DE,1.0,1122.0
2022-01-31,0,0.14285714285714285,DE,1.0,990.0
2022-02-07,0,0.0,DE,1.0,977.0
2022-02-14,0,0.14285714285714285,DE,1.0,1019.0
2022-02-21,0,1.0,DE,1.0,1184.0
2022-02-28,0,0.14285714285714285,DE,1.0,1030.0
2022-03-07,0,0.0,DE,1.0,1057.0
2022-03-14,0,0.14285714285714285,DE,1.0,1058.0
2022-03-21,0,1.0,DE,1.0,1194.0
2022-03-28,0,0.5714285714285714,DE,1.0,1154.0
2022-04-04,0,0.0,DE,1.0,1086.0
2022-04-11,0,0.0,DE,1.0,1044.0
2022-04-18,0,0.7142857142857143,DE,1.0,1236.0
2022-04-25,0,0.8571428571428571,DE,1.0,1354.0
2022-05-02,0,0.0,DE,1.0,1115.0
2022-05-09,0,0.0,DE,1.0,1111.0
2022-05-16,0,0.42857142857142855,DE,1.0,1154.0
2022-05-23,0,1.0,DE,1.0,1330.0
2022-05-30,0,0.2857142857142857,DE,1.0,1265.0
2022-06-06,1,0.0,DE,1.0,1317.0
2022-06-13,1,0.0,DE,1.0,1317.0
2022-06-20,1,1.0,DE,1.0,1428.0
2022-06-27,1,0.5714285714285714,DE,1.0,1482.0
2022-07-04,1,0.0,DE,1.0,1303.0
2022-07-11,1,0.0,DE,1.0,1379.0
2022-07-18,1,0.7142857142857143,DE,1.0,1492.0
2022-07-25,1,1.0,DE,1.0,1529.0
2022-08-01,1,0.0,DE,1.0,1374.0
2022-08-08,1,0.0,DE,1.0,1288.0
2022-08-15,0,0.2857142857142857,DE,1.0,1259.0
2022-08-22,0,1.0,DE,1.0,1385.0
2022-08-29,0,0.42857142857142855,DE,1.0,1242.0
2022-09-05,0,0.0,DE,1.0,1143.0
2022-09-12,0,0.0,DE,1.0,1212.0
2022-09-19,0,0.8571428571428571,DE,1.0,1262.0
2022-09-26,0,0.7142857142857143,DE,1.0,1303.0
2022-10-03,0,0.0,DE,1.0,1186.0
2022-10-10,0,0.0,DE,1.0,1086.0
2022-10-17,0,0.5714285714285714,DE,1.0,1249.0
2022-10-24,0,1.0,DE,1.0,1224.0
2022-10-31,0,0.14285714285714285,DE,1.0,1167.0
2022-11-07,0,0.0,DE,1.0,1213.0
2022-11-14,0,0.14285714285714285,DE,1.0,1233.0
2022-11-21,0,1.0,DE,1.0,1281.0
2022-11-28,0,0.42857142857142855,DE,1.0,1305.0
2022-12-05,0,0.0,DE,1.0,1201.0
2022-12-12,0,0.0,DE,1.0,1154.0
2022-12-19,0,0.8571428571428571,DE,1.0,1381.0
2022-12-26,1,0.8571428571428571,DE,1.0,1624.0
2023-01-02,1,0.0,DE,1.0,1289.0
2023-01-09,0,0.0,DE,1.0,1104.0
2023-01-16,0,0.42857142857142855,DE,1.0,1135.0
2023-01-23,0,1.0,DE,1.0,1353.0
2023-01-30,0,0.2857142857142857,DE,1.0,1088.0
2023-02-06,0,0.0,DE,1.0,1099.0
2023-02-13,0,0.0,DE,1.0,1178.0
2023-02-20,0,1.0,DE,1.0,1352.0
2023-02-27,0,0.2857142857142857,DE,1.0,1217.0
2023-03-06,0,0.0,DE,1.0,1143.0
2023-03-13,0,0.0,DE,1.0,1199.0
2023-03-20,0,1.0,DE,1.0,1426.0
2023-03-27,0,0.7142857142857143,DE,1.0,1347.0
2023-04-03,0,0.0,DE,1.0,1109.0
2023-04-10,0,0.0,DE,1.0,1202.0
2023-04-17,0,0.5714285714285714,DE,1.0,1371.0
2023-04-24,0,1.0,DE,1.0,1347.0
2023-05-01,0,0.0,DE,1.0,1246.0
2023-05-08,0,0.0,DE,1.0,1249.0
2023-05-15,0,0.2857142857142857,DE,1.0,1328.0
2023-05-22,0,1.0,DE,1.0,1466.0
2023-05-29,0,0.42857142857142855,DE,1.0,1360.0
2023-06-05,1,0.0,DE,1.0,1460.0
2023-06-12,1,0.0,DE,1.0,1433.0
2023-06-19,1,0.8571428571428571,DE,1.0,1628.0
2023-06-26,1,0.7142857142857143,DE,1.0,1631.0
2023-07-03,1,0.0,DE,1.0,1410.0
2023-07-10,1,0.0,DE,1.0,1471.0
2023-07-17,1,0.5714285714285714,DE,1.0,1509.0
2023-07-24,1,1.0,DE,1.0,1620.0
2023-07-31,1,0.14285714285714285,DE,1.0,1422.0
2023-08-07,1,0.0,DE,1.0,1389.0
2023-08-14,1,0.14285714285714285,DE,1.0,1490.0
2023-08-21,0,1.0,DE,1.0,1447.0
2023-08-28,0,0.5714285714285714,DE,1.0,1481.0
2023-09-04,0,0.0,DE,1.0,1221.0
2023-09-11,0,0.0,DE,1.0,1233.0
2023-09-18,0,0.7142857142857143,DE,1.0,1417.0
2023-09-25,0,0.8571428571428571,DE,1.0,1402.0
2023-10-02,0,0.0,DE,1.0,1248.0
2023-10-09,0,0.0,DE,1.0,1188.0
2023-10-16,0,0.42857142857142855,DE,1.0,1281.0
2023-10-23,0,1.0,DE,1.0,1400.0
2023-10-30,0,0.2857142857142857,DE,1.0,1274.0
2023-11-06,0,0.0,DE,1.0,1321.0
2023-11-13,0,0.0,DE,1.0,1275.0
2023-11-20,0,1.0,DE,1.0,1565.0
2023-11-27,0,0.5714285714285714,DE,1.0,1511.0
2023-12-04,0,0.0,DE,1.0,1336.0
2023-12-11,0,0.0,DE,1.0,1332.0
2023-12-18,0,0.7142857142857143,DE,1.0,1459.0
2023-12-25,1,1.0,DE,1.0,1624.0
2024-01-01,1,0.0,DE,1.0,1266.0
2024-01-08,0,0.0,DE,1.0,1237.0
2024-01-15,0,0.2857142857142857,DE,1.0,1262.0
2024-01-22,0,1.0,DE,1.0,1364.0
2024-01-29,0,0.42857142857142855,DE,1.0,1384.0
2024-02-05,0,0.0,DE,1.0,1221.0
2024-02-12,0,0.0,DE,1.0,1234.0
2024-02-19,0,0.8571428571428571,DE,1.0,1407.0
2024-02-26,0,0.5714285714285714,DE,1.0,1415.0
2024-03-04,0,0.0,DE,1.0,1353.0
2024-03-11,0,0.0,DE,1.0,1207.0
2024-03-18,0,0.7142857142857143,DE,1.0,1395.0
2024-03-25,0,1.0,DE,1.0,1471.0
2024-04-01,0,0.0,DE,1.0,1323.0
2024-04-08,0,0.0,DE,1.0,1356.0
2024-04-15,0,0.2857142857142857,DE,1.0,1383.0
2024-04-22,0,1.0,DE,1.0,1604.0
2024-04-29,0,0.2857142857142857,DE,1.0,1477.0
2024-05-06,0,0.0,DE,1.0,1313.0
2024-05-13,0,0.0,DE,1.0,1399.0
2024-05-20,0,1.0,DE,1.0,1601.0
2024-05-27,0,0.7142857142857143,DE,1.0,1523.0
2024-06-03,1,0.0,DE,1.0,1527.0
2024-06-10,1,0.0,DE,1.0,1507.0
2024-06-17,1,0.5714285714285714,DE,1.0,1700.0
2024-06-24,1,1.0,DE,1.0,1865.0
2024-07-01,1,0.0,DE,1.0,1618.0
2024-07-08,1,0.0,DE,1.0,1571.0
2024-07-15,1,0.2857142857142857,DE,1.0,1739.0
2024-07-22,1,1.0,DE,1.0,1902.0
2024-07-29,1,0.42857142857142855,DE,1.0,1676.0
2024-08-05,1,0.0,DE,1.0,1527.0
2024-08-12,1,0.0,DE,1.0,1543.0
2024-08-19,0,0.8571428571428571,DE,1.0,1561.0
2024-08-26,0,0.8571428571428571,DE,1.0,1598.0
2024-09-02,0,0.0,DE,1.0,1395.0
2024-09-09,0,0.0,DE,1.0,1302.0
2024-09-16,0,0.42857142857142855,DE,1.0,1407.0
2024-09-23,0,1.0,DE,1.0,1542.0
2024-09-30,0,0.14285714285714285,DE,1.0,1278.0
2024-10-07,0,0.0,DE,1.0,1321.0
2024-10-14,0,0.14285714285714285,DE,1.0,1399.0
2024-10-21,0,1.0,DE,1.0,1553.0
2024-10-28,0,0.5714285714285714,DE,1.0,1408.0
2024-11-04,0,0.0,DE,1.0,1428.0
2024-11-11,0,0.0,DE,1.0,1365.0
2024-11-18,0,0.7142857142857143,DE,1.0,1598.0
2024-11-25,0,0.8571428571428571,DE,1.0,1621.0
2024-12-02,0,0.0,DE,1.0,1341.0
2024-12-09,0,0.0,DE,1.0,1395.0
2024-12-16,0,0.42857142857142855,DE,1.0,1407.0
2024-12-23,1,1.0,DE,1.0,1836.0
2024-12-30,1,0.2857142857142857,DE,1.0,1587.0
2025-01-06,0,0.0,DE,1.0,1328.0
2025-01-13,0,0.0,DE,1.0,1288.0
2025-01-20,0,1.0,DE,1.0,1518.0
2025-01-27,0,0.7142857142857143,DE,1.0,1465.0
2025-02-03,0,0.0,DE,1.0,1345.0
2025-02-10,0,0.0,DE,1.0,1294.0
2025-02-17,0,0.5714285714285714,DE,1.0,1342.0
2025-02-24,0,0.7142857142857143,DE,1.0,1458.0
2025-03-03,0,0.0,DE,1.0,1276.0
2025-03-10,0,0.0,DE,1.0,1428.0
2025-03-17,0,0.5714285714285714,DE,1.0,1516.0
2025-03-24,0,1.0,DE,1.0,1532.0
2025-03-31,0,0.14285714285714285,DE,1.0,1336.0
2025-04-07,0,0.0,DE,1.0,1359.0
2025-04-14,0,0.14285714285714285,DE,1.0,1418.0
2025-04-21,0,1.0,DE,1.0,1449.0
2025-04-28,0,0.42857142857142855,DE,1.0,1479.0
2025-05-05,0,0.0,DE,1.0,1394.0
2025-05-12,0,0.0,DE,1.0,1482.0
2025-05-19,0,0.8571428571428571,DE,1.0,1608.0
2025-05-26,0,0.8571428571428571,DE,1.0,1608.0
2025-06-02,1,0.0,DE,1.0,1637.0
2025-06-09,1,0.0,DE,1.0,1573.0
2025-06-16,1,0.42857142857142855,DE,1.0,1711.0
2025-06-23,1,1.0,DE,1.0,1800.0
2025-06-30,1,0.14285714285714285,DE,1.0,1656.0
2025-07-07,1,0.0,DE,1.0,1574.0
2025-07-14,1,0.14285714285714285,DE,1.0,1600.0
2025-07-21,1,1.0,DE,1.0,1843.0
2025-07-28,1,0.5714285714285714,DE,1.0,1633.0
2025-08-04,1,0.0,DE,0.9968272919223073,1635.0
2025-08-11,1,0.0,DE,0.9936545838446147,1561.0
2025-08-18,0,0.7142857142857143,DE,0.990481875766922,1447.0
2025-08-25,0,1.0,DE,0.9873091676892294,1691.0
2025-09-01,0,0.0,DE,0.9841364596115367,1485.0
2025-09-08,0,0.0,DE,0.9809637515338441,1400.0
2025-09-15,0,0.2857142857142857,DE,0.9777910434561514,1416.0
2025-09-22,0,1.0,DE,0.9746183353784588,1560.0
2025-09-29,0,0.2857142857142857,DE,0.9714456273007661,1558.0
2025-10-06,0,0.0,DE,0.9682729192230735,1384.0
2025-10-13,0,0.0,DE,0.9651002111453808,1363.0
2025-10-20,0,1.0,DE,0.9619275030676881,1500.0
2025-10-27,0,0.7142857142857143,DE,0.9587547949899955,1574.0
2025-11-03,0,0.0,DE,0.9555820869123028,1548.0
2025-11-10,0,0.0,DE,0.9524093788346102,1554.0
2025-11-17,0,0.5714285714285714,DE,0.9492366707569175,1605.0
2025-11-24,0,1.0,DE,0.9460639626792249,1738.0
2025-12-01,0,0.0,DE,0.9428912546015322,1438.0
2025-12-08,0,0.0,DE,0.9397185465238396,1455.0
2025-12-15,0,0.2857142857142857,DE,0.9365458384461469,1514.0
2025-12-22,1,1.0,DE,0.9333731303684543,2076.0
2025-12-29,1,0.42857142857142855,DE,0.9302004222907616,1783.0
2026-01-05,1,0.0,DE,0.927027714213069,1572.0
2026-01-12,0,0.0,DE,0.9238550061353763,1441.0
2026-01-19,0,0.8571428571428571,DE,0.9206822980576836,1609.0
2026-01-26,0,0.8571428571428571,DE,0.917509589979991,1585.0
2026-02-02,0,0.0,DE,0.9143368819022983,1503.0
2026-02-09,0,0.0,DE,0.9111641738246057,1419.0
2026-02-16,0,0.42857142857142855,DE,0.9079914657469129,1521.0
2026-02-23,0,0.8571428571428571,DE,0.9048187576692203,1733.0
2026-03-02,0,0.0,DE,0.9016460495915276,1516.0
2026-03-09,0,0.0,DE,0.898473341513835,1511.0
2026-03-16,0,0.42857142857142855,DE,0.8953006334361423,1631.0
2026-03-23,0,1.0,DE,0.8921279253584496,1648.0
2026-03-30,0,0.2857142857142857,DE,0.888955217280757,1555.0
2026-04-06,0,0.0,DE,0.8857825092030643,1602.0
2026-04-13,0,0.0,DE,0.8826098011253717,1524.0
2026-04-20,0,1.0,DE,0.879437093047679,1752.0
2026-04-27,0,0.5714285714285714,DE,0.8762643849699864,1735.0
2026-05-04,0,0.0,DE,0.8730916768922937,1552.0
2026-05-11,0,0.0,DE,0.8699189688146011,1615.0
2026-05-18,0,0.7142857142857143,DE,0.8667462607369084,1773.0
2026-05-25,0,1.0,DE,0.8635735526592158,1962.0
2026-06-01,1,0.0,DE,0.8604008445815231,1830.0
2026-06-08,1,0.0,DE,0.8572281365038305,1921.0
2026-06-15,1,0.2857142857142857,DE,0.8540554284261378,1943.0
2026-06-22,1,1.0,DE,0.8508827203484451,2079.0
2026-06-29,1,0.2857142857142857,DE,0.8477100122707525,1967.0
2026-07-06,1,0.0,DE,0.8445373041930598,1969.0
2026-07-13,1,0.0,DE,0.8413645961153672,1823.0
2026-07-20,1,1.0,DE,0.8381918880376745,2118.0
2026-07-27,1,0.7142857142857143,DE,0.8381918880376745,2069.0
2026-08-03,1,0.0,DE,0.8381918880376745,1923.0
2026-08-10,1,0.0,DE,0.8381918880376745,1836.0
2026-08-17,0,0.5714285714285714,DE,0.8381918880376745,1892.0
2026-08-24,0,1.0,DE,0.8381918880376745,1883.0
2026-08-31,0,0.14285714285714285,DE,0.8381918880376745,1672.0
2026-09-07,0,0.0,DE,0.8381918880376745,1696.0
2026-09-14,0,0.14285714285714285,DE,0.8381918880376745,1634.0
2026-09-21,0,1.0,DE,0.8381918880376745,1919.0
2019-01-07,0,0.0,FL,1.0,18955.0
2019-01-14,0,0.14285714285714285,FL,1.0,19554.0
2019-01-21,0,1.0,FL,1.0,21664.0
2019-01-28,0,0.5714285714285714,FL,1.0,20963.0
2019-02-04,0,0.0,FL,1.0,19195.0
2019-02-11,0,0.0,FL,1.0,19367.0
2019-02-18,0,0.7142857142857143,FL,1.0,21430.0
2019-02-25,0,0.5714285714285714,FL,1.0,21328.0
2019-03-04,0,0.0,FL,1.0,19941.0
2019-03-11,0,0.0,FL,1.0,19949.0
2019-03-18,0,0.7142857142857143,FL,1.0,22571.0
2019-03-25,0,1.0,FL,1.0,23158.0
2019-04-01,0,0.0,FL,1.0,20432.0
2019-04-08,0,0.0,FL,1.0,20382.0
2019-04-15,0,0.2857142857142857,FL,1.0,21185.0
2019-04-22,0,1.0,FL,1.0,23756.0
2019-04-29,0,0.2857142857142857,FL,1.0,21557.0
2019-05-06,0,0.0,FL,1.0,20923.0
2019-05-13,0,0.0,FL,1.0,21252.0
2019-05-20,0,1.0,FL,1.0,23734.0
2019-05-27,0,0.7142857142857143,FL,1.0,22927.0
2019-06-03,1,0.0,FL,1.0,23618.0
2019-06-10,1,0.0,FL,1.0,23922.0
2019-06-17,1,0.5714285714285714,FL,1.0,25462.0
2019-06-24,1,1.0,FL,1.0,27049.0
2019-07-01,1,0.0,FL,1.0,23787.0
2019-07-08,1,0.0,FL,1.0,23980.0
2019-07-15,1,0.2857142857142857,FL,1.0,24389.0
2019-07-22,1,1.0,FL,1.0,27544.0
2019-07-29,1,0.42857142857142855,FL,1.0,24968.0
2019-08-05,1,0.0,FL,1.0,23524.0
2019-08-12,1,0.0,FL,1.0,23259.0
2019-08-19,0,0.8571428571428571,FL,1.0,23412.0
2019-08-26,0,0.8571428571428571,FL,1.0,23416.0
2019-09-02,0,0.0,FL,1.0,20293.0
2019-09-09,0,0.0,FL,1.0,20416.0
2019-09-16,0,0.42857142857142855,FL,1.0,21302.0
2019-09-23,0,1.0,FL,1.0,23182.0
2019-09-30,0,0.14285714285714285,FL,1.0,20434.0
2019-10-07,0,0.0,FL,1.0,19844.0
2019-10-14,0,0.14285714285714285,FL,1.0,20305.0
2019-10-21,0,1.0,FL,1.0,22488.0
2019-10-28,0,0.5714285714285714,FL,1.0,21275.0
2019-11-04,0,0.0,FL,1.0,21276.0
2019-11-11,0,0.0,FL,1.0,21413.0
2019-11-18,0,0.7142857142857143,FL,1.0,23251.0
2019-11-25,0,0.8571428571428571,FL,1.0,23503.0
2019-12-02,0,0.0,FL,1.0,21277.0
2019-12-09,0,0.0,FL,1.0,20762.0
2019-12-16,0,0.42857142857142855,FL,1.0,22513.0
2019-12-23,1,1.0,FL,1.0,26764.0
2019-12-30,1,0.2857142857142857,FL,1.0,24009.0
2020-01-06,0,0.0,FL,1.0,19019.0
2020-01-13,0,0.0,FL,1.0,19032.0
2020-01-20,0,1.0,FL,1.0,21818.0
2020-01-27,0,0.7142857142857143,FL,1.0,21258.0
2020-02-03,0,0.0,FL,1.0,19710.0
2020-02-10,0,0.0,FL,1.0,19479.0
2020-02-17,0,0.5714285714285714,FL,1.0,21505.0
2020-02-24,0,0.8571428571428571,FL,1.0,22273.0
2020-03-02,0,0.0,FL,1.0,19736.0
2020-03-09,0,0.0,FL,1.0,19927.0
2020-03-16,0,0.42857142857142855,FL,1.0,21431.0
2020-03-23,0,1.0,FL,1.0,23117.0
2020-03-30,0,0.2857142857142857,FL,1.0,21104.0
2020-04-06,0,0.0,FL,1.0,20852.0
2020-04-13,0,0.0,FL,1.0,21037.0
2020-04-20,0,1.0,FL,1.0,23620.0
2020-04-27,0,0.5714285714285714,FL,1.0,22772.0
2020-05-04,0,0.0,FL,1.0,21334.0
2020-05-11,0,0.0,FL,1.0,20915.0
2020-05-18,0,0.7142857142857143,FL,1.0,23880.0
2020-05-25,0,1.0,FL,1.0,24144.0
2020-06-01,1,0.0,FL,1.0,24166.0
2020-06-08,1,0.0,FL,1.0,24499.0
2020-06-15,1,0.2857142857142857,FL,1.0,25520.0
2020-06-22,1,1.0,FL,1.0,27975.0
2020-06-29,1,0.2857142857142857,FL,1.0,24643.0
2020-07-06,1,0.0,FL,1.0,23924.0
2020-07-13,1,0.0,FL,1.0,24138.0
2020-07-20,1,1.0,FL,1.0,27608.0
2020-07-27,1,0.7142857142857143,FL,1.0,26474.0
2020-08-03,1,0.0,FL,1.0,23750.0
2020-08-10,1,0.0,FL,1.0,23435.0
2020-08-17,0,0.5714285714285714,FL,1.0,22632.0
2020-08-24,0,1.0,FL,1.0,24000.0
2020-08-31,0,0.14285714285714285,FL,1.0,20937.0
2020-09-07,0,0.0,FL,1.0,20601.0
2020-09-14,0,0.14285714285714285,FL,1.0,20602.0
2020-09-21,0,1.0,FL,1.0,22947.0
2020-09-28,0,0.42857142857142855,FL,1.0,21056.0
2020-10-05,0,0.0,FL,1.0,19588.0
2020-10-12,0,0.0,FL,1.0,19287.0
2020-10-19,0,0.8571428571428571,FL,1.0,21711.0
2020-10-26,0,0.8571428571428571,FL,1.0,21399.0
2020-11-02,0,0.0,FL,1.0,20360.0
2020-11-09,0,0.0,FL,1.0,20581.0
2020-11-16,0,0.42857142857142855,FL,1.0,21793.0
2020-11-23,0,1.0,FL,1.0,23536.0
2020-11-30,0,0.14285714285714285,FL,1.0,20426.0
2020-12-07,0,0.0,FL,1.0,20345.0
2020-12-14,0,0.14285714285714285,FL,1.0,20471.0
2020-12-21,1,1.0,FL,1.0,24999.0
2020-12-28,1,0.5714285714285714,FL,1.0,24373.0
2021-01-04,1,0.0,FL,1.0,19905.0
2021-01-11,0,0.0,FL,1.0,18323.0
2021-01-18,0,0.7142857142857143,FL,1.0,19713.0
2021-01-25,0,1.0,FL,1.0,20648.0
2021-02-01,0,0.0,FL,1.0,18024.0
2021-02-08,0,0.0,FL,1.0,18308.0
2021-02-15,0,0.2857142857142857,FL,1.0,19139.0
2021-02-22,0,1.0,FL,1.0,21011.0
2021-03-01,0,0.0,FL,1.0,18252.0
2021-03-08,0,0.0,FL,1.0,18271.0
2021-03-15,0,0.2857142857142857,FL,1.0,19394.0
2021-03-22,0,1.0,FL,1.0,21457.0
2021-03-29,0,0.42857142857142855,FL,1.0,19817.0
2021-04-05,0,0.0,FL,1.0,18959.0
2021-04-12,0,0.0,FL,1.0,18862.0
2021-04-19,0,0.8571428571428571,FL,1.0,20833.0
2021-04-26,0,0.7142857142857143,FL,1.0,21092.0
2021-05-03,0,0.0,FL,1.0,19212.0
2021-05-10,0,0.0,FL,1.0,18777.0
2021-05-17,0,0.5714285714285714,FL,1.0,20751.0
2021-05-24,0,1.0,FL,1.0,21897.0
2021-05-31,0,0.14285714285714285,FL,1.0,19855.0
2021-06-07,1,0.0,FL,1.0,21410.0
2021-06-14,1,0.14285714285714285,FL,1.0,22057.0
2021-06-21,1,1.0,FL,1.0,24037.0
2021-06-28,1,0.42857142857142855,FL,1.0,22527.0
2021-07-05,1,0.0,FL,1.0,21505.0
2021-07-12,1,0.0,FL,1.0,21683.0
2021-07-19,1,0.8571428571428571,FL,1.0,23862.0
2021-07-26,1,0.8571428571428571,FL,1.0,23932.0
2021-08-02,1,0.0,FL,1.0,21475.0
2021-08-09,1,0.0,FL,1.0,21471.0
2021-08-16,0,0.42857142857142855,FL,1.0,19766.0
2021-08-23,0,1.0,FL,1.0,21966.0
2021-08-30,0,0.2857142857142857,FL,1.0,20202.0
2021-09-06,0,0.0,FL,1.0,19284.0
2021-09-13,0,0.0,FL,1.0,19216.0
2021-09-20,0,1.0,FL,1.0,22231.0
2021-09-27,0,0.5714285714285714,FL,1.0,20538.0
2021-10-04,0,0.0,FL,1.0,18862.0
2021-10-11,0,0.0,FL,1.0,19132.0
2021-10-18,0,0.7142857142857143,FL,1.0,21071.0
2021-10-25,0,1.0,FL,1.0,21355.0
2021-11-01,0,0.0,FL,1.0,20479.0
2021-11-08,0,0.0,FL,1.0,20485.0
2021-11-15,0,0.2857142857142857,FL,1.0,21526.0
2021-11-22,0,1.0,FL,1.0,23611.0
2021-11-29,0,0.2857142857142857,FL,1.0,21303.0
2021-12-06,0,0.0,FL,1.0,20620.0
2021-12-13,0,0.0,FL,1.0,20820.0
2021-12-20,1,1.0,FL,1.0,26635.0
2021-12-27,1,0.7142857142857143,FL,1.0,26103.0
2022-01-03,1,0.0,FL,1.0,21927.0
2022-01-10,0,0.0,FL,1.0,19509.0
2022-01-17,0,0.5714285714285714,FL,1.0,21399.0
2022-01-24,0,1.0,FL,1.0,22529.0
2022-01-31,0,0.14285714285714285,FL,1.0,20357.0
2022-02-07,0,0.0,FL,1.0,20097.0
2022-02-14,0,0.14285714285714285,FL,1.0,20991.0
2022-02-21,0,1.0,FL,1.0,23573.0
2022-02-28,0,0.14285714285714285,FL,1.0,20757.0
2022-03-07,0,0.0,FL,1.0,20927.0
2022-03-14,0,0.14285714285714285,FL,1.0,21470.0
2022-03-21,0,1.0,FL,1.0,24056.0
2022-03-28,0,0.5714285714285714,FL,1.0,24212.0
2022-04-04,0,0.0,FL,1.0,22228.0
2022-04-11,0,0.0,FL,1.0,22174.0
2022-04-18,0,0.7142857142857143,FL,1.0,24343.0
2022-04-25,0,0.8571428571428571,FL,1.0,25221.0
2022-05-02,0,0.0,FL,1.0,22844.0
2022-05-09,0,0.0,FL,1.0,22623.0
2022-05-16,0,0.42857142857142855,FL,1.0,24811.0
2022-05-23,0,1.0,FL,1.0,27198.0
2022-05-30,0,0.2857142857142857,FL,1.0,25212.0
2022-06-06,1,0.0,FL,1.0,26368.0
2022-06-13,1,0.0,FL,1.0,27333.0
2022-06-20,1,1.0,FL,1.0,30706.0
2022-06-27,1,0.5714285714285714,FL,1.0,29287.0
2022-07-04,1,0.0,FL,1.0,27067.0
2022-07-11,1,0.0,FL,1.0,27106.0
2022-07-18,1,0.7142857142857143,FL,1.0,30204.0
2022-07-25,1,1.0,FL,1.0,30951.0
2022-08-01,1,0.0,FL,1.0,26338.0
2022-08-08,1,0.0,FL,1.0,27290.0
2022-08-15,0,0.2857142857142857,FL,1.0,25307.0
2022-08-22,0,1.0,FL,1.0,27146.0
2022-08-29,0,0.42857142857142855,FL,1.0,24801.0
2022-09-05,0,0.0,FL,1.0,23677.0
2022-09-12,0,0.0,FL,1.0,24106.0
2022-09-19,0,0.8571428571428571,FL,1.0,26744.0
2022-09-26,0,0.7142857142857143,FL,1.0,26064.0
2022-10-03,0,0.0,FL,1.0,23075.0
2022-10-10,0,0.0,FL,1.0,22698.0
2022-10-17,0,0.5714285714285714,FL,1.0,25235.0
2022-10-24,0,1.0,FL,1.0,26294.0
2022-10-31,0,0.14285714285714285,FL,1.0,22918.0
2022-11-07,0,0.0,FL,1.0,25468.0
2022-11-14,0,0.14285714285714285,FL,1.0,25183.0
2022-11-21,0,1.0,FL,1.0,28875.0
2022-11-28,0,0.42857142857142855,FL,1.0,26007.0
2022-12-05,0,0.0,FL,1.0,24537.0
2022-12-12,0,0.0,FL,1.0,24415.0
2022-12-19,0,0.8571428571428571,FL,1.0,27711.0
2022-12-26,1,0.8571428571428571,FL,1.0,31410.0
2023-01-02,1,0.0,FL,1.0,25474.0
2023-01-09,0,0.0,FL,1.0,22365.0
2023-01-16,0,0.42857142857142855,FL,1.0,24238.0
2023-01-23,0,1.0,FL,1.0,26996.0
2023-01-30,0,0.2857142857142857,FL,1.0,24345.0
2023-02-06,0,0.0,FL,1.0,22896.0
2023-02-13,0,0.0,FL,1.0,23566.0
2023-02-20,0,1.0,FL,1.0,27356.0
2023-02-27,0,0.2857142857142857,FL,1.0,24688.0
2023-03-06,0,0.0,FL,1.0,23877.0
2023-03-13,0,0.0,FL,1.0,24306.0
2023-03-20,0,1.0,FL,1.0,28394.0
2023-03-27,0,0.7142857142857143,FL,1.0,27225.0
2023-04-03,0,0.0,FL,1.0,25319.0
2023-04-10,0,0.0,FL,1.0,25296.0
2023-04-17,0,0.5714285714285714,FL,1.0,27872.0
2023-04-24,0,1.0,FL,1.0,29699.0
2023-05-01,0,0.0,FL,1.0,26138.0
2023-05-08,0,0.0,FL,1.0,25701.0
2023-05-15,0,0.2857142857142857,FL,1.0,27047.0
2023-05-22,0,1.0,FL,1.0,30621.0
2023-05-29,0,0.42857142857142855,FL,1.0,28559.0
2023-06-05,1,0.0,FL,1.0,29922.0
2023-06-12,1,0.0,FL,1.0,29903.0
2023-06-19,1,0.8571428571428571,FL,1.0,33237.0
2023-06-26,1,0.7142857142857143,FL,1.0,33037.0
2023-07-03,1,0.0,FL,1.0,29203.0
2023-07-10,1,0.0,FL,1.0,30331.0
2023-07-17,1,0.5714285714285714,FL,1.0,32348.0
2023-07-24,1,1.0,FL,1.0,34035.0
2023-07-31,1,0.14285714285714285,FL,1.0,30790.0
2023-08-07,1,0.0,FL,1.0,29881.0
2023-08-14,1,0.14285714285714285,FL,1.0,30311.0
2023-08-21,0,1.0,FL,1.0,30641.0
2023-08-28,0,0.5714285714285714,FL,1.0,28675.0
2023-09-04,0,0.0,FL,1.0,26451.0
2023-09-11,0,0.0,FL,1.0,26434.0
2023-09-18,0,0.7142857142857143,FL,1.0,28467.0
2023-09-25,0,0.8571428571428571,FL,1.0,29843.0
2023-10-02,0,0.0,FL,1.0,25933.0
2023-10-09,0,0.0,FL,1.0,25516.0
2023-10-16,0,0.42857142857142855,FL,1.0,27276.0
2023-10-23,0,1.0,FL,1.0,29350.0
2023-10-30,0,0.2857142857142857,FL,1.0,26519.0
2023-11-06,0,0.0,FL,1.0,27757.0
2023-11-13,0,0.0,FL,1.0,26923.0
2023-11-20,0,1.0,FL,1.0,31603.0
2023-11-27,0,0.5714285714285714,FL,1.0,29482.0
2023-12-04,0,0.0,FL,1.0,27182.0
2023-12-11,0,0.0,FL,1.0,27227.0
2023-12-18,0,0.7142857142857143,FL,1.0,30445.0
2023-12-25,1,1.0,FL,1.0,35313.0
2024-01-01,1,0.0,FL,1.0,28579.0
2024-01-08,0,0.0,FL,1.0,24818.0
2024-01-15,0,0.2857142857142857,FL,1.0,26020.0
2024-01-22,0,1.0,FL,1.0,29280.0
2024-01-29,0,0.42857142857142855,FL,1.0,27233.0
2024-02-05,0,0.0,FL,1.0,25942.0
2024-02-12,0,0.0,FL,1.0,25421.0
2024-02-19,0,0.8571428571428571,FL,1.0,29831.0
2024-02-26,0,0.5714285714285714,FL,1.0,28959.0
2024-03-04,0,0.0,FL,1.0,26583.0
2024-03-11,0,0.0,FL,1.0,26722.0
2024-03-18,0,0.7142857142857143,FL,1.0,29904.0
2024-03-25,0,1.0,FL,1.0,31085.0
2024-04-01,0,0.0,FL,1.0,26862.0
2024-04-08,0,0.0,FL,1.0,27768.0
2024-04-15,0,0.2857142857142857,FL,1.0,29269.0
2024-04-22,0,1.0,FL,1.0,32615.0
2024-04-29,0,0.2857142857142857,FL,1.0,29415.0
2024-05-06,0,0.0,FL,1.0,29006.0
2024-05-13,0,0.0,FL,1.0,29127.0
2024-05-20,0,1.0,FL,1.0,33116.0
2024-05-27,0,0.7142857142857143,FL,1.0,32844.0
2024-06-03,1,0.0,FL,1.0,33055.0
2024-06-10,1,0.0,FL,1.0,33320.0
2024-06-17,1,0.5714285714285714,FL,1.0,35644.0
2024-06-24,1,1.0,FL,1.0,38110.0
2024-07-01,1,0.0,FL,1.0,33148.0
2024-07-08,1,0.0,FL,1.0,33105.0
2024-07-15,1,0.2857142857142857,FL,1.0,34295.0
2024-07-22,1,1.0,FL,1.0,37068.0
2024-07-29,1,0.42857142857142855,FL,1.0,34334.0
2024-08-05,1,0.0,FL,1.0,32201.0
2024-08-12,1,0.0,FL,1.0,32719.0
2024-08-19,0,0.8571428571428571,FL,1.0,32359.0
2024-08-26,0,0.8571428571428571,FL,1.0,32239.0
2024-09-02,0,0.0,FL,1.0,28113.0
2024-09-09,0,0.0,FL,1.0,28686.0
2024-09-16,0,0.42857142857142855,FL,1.0,29054.0
2024-09-23,0,1.0,FL,1.0,31642.0
2024-09-30,0,0.14285714285714285,FL,1.0,27953.0
2024-10-07,0,0.0,FL,1.0,26878.0
2024-10-14,0,0.14285714285714285,FL,1.0,27697.0
2024-10-21,0,1.0,FL,1.0,30801.0
2024-10-28,0,0.5714285714285714,FL,1.0,28576.0
2024-11-04,0,0.0,FL,1.0,29202.0
2024-11-11,0,0.0,FL,1.0,29160.0
2024-11-18,0,0.7142857142857143,FL,1.0,32014.0
2024-11-25,0,0.8571428571428571,FL,1.0,32404.0
2024-12-02,0,0.0,FL,1.0,29192.0
2024-12-09,0,0.0,FL,1.0,29468.0
2024-12-16,0,0.42857142857142855,FL,1.0,31096.0
2024-12-23,1,1.0,FL,1.0,36952.0
2024-12-30,1,0.2857142857142857,FL,1.0,33651.0
2025-01-06,0,0.0,FL,1.0,26375.0
2025-01-13,0,0.0,FL,1.0,26289.0
2025-01-20,0,1.0,FL,1.0,29930.0
2025-01-27,0,0.7142857142857143,FL,1.0,29043.0
2025-02-03,0,0.0,FL,1.0,26650.0
2025-02-10,0,0.0,FL,1.0,26043.0
2025-02-17,0,0.5714285714285714,FL,1.0,29183.0
2025-02-24,0,0.7142857142857143,FL,1.0,29436.0
2025-03-03,0,0.0,FL,1.0,27239.0
2025-03-10,0,0.0,FL,1.0,27725.0
2025-03-17,0,0.5714285714285714,FL,1.0,29980.0
2025-03-24,0,1.0,FL,1.0,32430.0
2025-03-31,0,0.14285714285714285,FL,1.0,29205.0
2025-04-07,0,0.0,FL,1.0,28066.0
2025-04-14,0,0.14285714285714285,FL,1.0,29367.0
2025-04-21,0,1.0,FL,1.0,33237.0
2025-04-28,0,0.42857142857142855,FL,1.0,31098.0
2025-05-05,0,0.0,FL,1.0,29847.0
2025-05-12,0,0.0,FL,1.0,29351.0
2025-05-19,0,0.8571428571428571,FL,1.0,33537.0
2025-05-26,0,0.8571428571428571,FL,1.0,32659.0
2025-06-02,1,0.0,FL,1.0,32580.0
2025-06-09,1,0.0,FL,1.0,32653.0
2025-06-16,1,0.42857142857142855,FL,1.0,35497.0
2025-06-23,1,1.0,FL,1.0,37293.0
2025-06-30,1,0.14285714285714285,FL,1.0,33567.0
2025-07-07,1,0.0,FL,1.0,32479.0
2025-07-14,1,0.14285714285714285,FL,1.0,32456.0
2025-07-21,1,1.0,FL,1.0,37156.0
2025-07-28,1,0.5714285714285714,FL,1.0,35423.0
2025-08-04,1,0.0,FL,0.9965117057280946,32530.0
2025-08-11,1,0.0,FL,0.9930234114561891,32279.0
2025-08-18,0,0.7142857142857143,FL,0.9895351171842837,31883.0
2025-08-25,0,1.0,FL,0.9860468229123782,32715.0
2025-09-01,0,0.0,FL,0.9825585286404728,29011.0
2025-09-08,0,0.0,FL,0.9790702343685673,28921.0
2025-09-15,0,0.2857142857142857,FL,0.9755819400966619,30028.0
2025-09-22,0,1.0,FL,0.9720936458247564,33134.0
2025-09-29,0,0.2857142857142857,FL,0.968605351552851,29801.0
2025-10-06,0,0.0,FL,0.9651170572809457,28948.0
2025-10-13,0,0.0,FL,0.9616287630090402,28946.0
2025-10-20,0,1.0,FL,0.9581404687371348,32652.0
2025-10-27,0,0.7142857142857143,FL,0.9546521744652293,31485.0
2025-11-03,0,0.0,FL,0.9511638801933239,30511.0
2025-11-10,0,0.0,FL,0.9476755859214184,31043.0
2025-11-17,0,0.5714285714285714,FL,0.944187291649513,33753.0
2025-11-24,0,1.0,FL,0.9406989973776075,34615.0
2025-12-01,0,0.0,FL,0.9372107031057021,30854.0
2025-12-08,0,0.0,FL,0.9337224088337966,31196.0
2025-12-15,0,0.2857142857142857,FL,0.9302341145618912,32427.0
2025-12-22,1,1.0,FL,0.9267458202899858,40426.0
2025-12-29,1,0.42857142857142855,FL,0.9232575260180803,37351.0
2026-01-05,1,0.0,FL,0.9197692317461749,31964.0
2026-01-12,0,0.0,FL,0.9162809374742694,28945.0
2026-01-19,0,0.8571428571428571,FL,0.9127926432023641,32796.0
2026-01-26,0,0.8571428571428571,FL,0.9093043489304586,33910.0
2026-02-02,0,0.0,FL,0.9058160546585532,28788.0
2026-02-09,0,0.0,FL,0.9023277603866477,29878.0
2026-02-16,0,0.42857142857142855,FL,0.8988394661147423,32633.0
2026-02-23,0,0.8571428571428571,FL,0.8953511718428369,34033.0
2026-03-02,0,0.0,FL,0.8918628775709314,31164.0
2026-03-09,0,0.0,FL,0.888374583299026,31245.0
2026-03-16,0,0.42857142857142855,FL,0.8848862890271205,33912.0
2026-03-23,0,1.0,FL,0.8813979947552151,36916.0
2026-03-30,0,0.2857142857142857,FL,0.8779097004833096,33643.0
2026-04-06,0,0.0,FL,0.8744214062114042,32671.0
2026-04-13,0,0.0,FL,0.8709331119394987,32833.0
2026-04-20,0,1.0,FL,0.8674448176675933,37949.0
2026-04-27,0,0.5714285714285714,FL,0.8639565233956878,36247.0
2026-05-04,0,0.0,FL,0.8604682291237824,34288.0
2026-05-11,0,0.0,FL,0.856979934851877,33598.0
2026-05-18,0,0.7142857142857143,FL,0.8534916405799715,38575.0
2026-05-25,0,1.0,FL,0.8500033463080661,40718.0
2026-06-01,1,0.0,FL,0.8465150520361606,39205.0
2026-06-08,1,0.0,FL,0.8430267577642553,38743.0
2026-06-15,1,0.2857142857142857,FL,0.8395384634923498,40352.0
2026-06-22,1,1.0,FL,0.8360501692204444,45675.0
2026-06-29,1,0.2857142857142857,FL,0.832561874948539,40621.0
2026-07-06,1,0.0,FL,0.8290735806766335,40088.0
2026-07-13,1,0.0,FL,0.8255852864047281,39047.0
2026-07-20,1,1.0,FL,0.8220969921328226,45408.0
2026-07-27,1,0.7142857142857143,FL,0.8220969921328226,42999.0
2026-08-03,1,0.0,FL,0.8220969921328226,40397.0
2026-08-10,1,0.0,FL,0.8220969921328226,39864.0
2026-08-17,0,0.5714285714285714,FL,0.8220969921328226,37250.0
2026-08-24,0,1.0,FL,0.8220969921328226,39543.0
2026-08-31,0,0.14285714285714285,FL,0.8220969921328226,35516.0
2026-09-07,0,0.0,FL,0.8220969921328226,35297.0
2026-09-14,0,0.14285714285714285,FL,0.8220969921328226,35125.0
2026-09-21,0,1.0,FL,0.8220969921328226,39245.0
2019-01-07,0,0.0,GA,1.0,9051.0
2019-01-14,0,0.14285714285714285,GA,1.0,9233.0
2019-01-21,0,1.0,GA,1.0,10399.0
2019-01-28,0,0.5714285714285714,GA,1.0,9704.0
2019-02-04,0,0.0,GA,1.0,9140.0
2019-02-11,0,0.0,GA,1.0,9197.0
2019-02-18,0,0.7142857142857143,GA,1.0,10037.0
2019-02-25,0,0.5714285714285714,GA,1.0,10255.0
2019-03-04,0,0.0,GA,1.0,9313.0
2019-03-11,0,0.0,GA,1.0,9395.0
2019-03-18,0,0.7142857142857143,GA,1.0,10492.0
2019-03-25,0,1.0,GA,1.0,11014.0
2019-04-01,0,0.0,GA,1.0,9704.0
2019-04-08,0,0.0,GA,1.0,9619.0
2019-04-15,0,0.2857142857142857,GA,1.0,10142.0
2019-04-22,0,1.0,GA,1.0,11265.0
2019-04-29,0,0.2857142857142857,GA,1.0,10096.0
2019-05-06,0,0.0,GA,1.0,9935.0
2019-05-13,0,0.0,GA,1.0,9953.0
2019-05-20,0,1.0,GA,1.0,11437.0
2019-05-27,0,0.7142857142857143,GA,1.0,11168.0
2019-06-03,1,0.0,GA,1.0,11212.0
2019-06-10,1,0.0,GA,1.0,11268.0
2019-06-17,1,0.5714285714285714,GA,1.0,12160.0
2019-06-24,1,1.0,GA,1.0,13046.0
2019-07-01,1,0.0,GA,1.0,11294.0
2019-07-08,1,0.0,GA,1.0,11204.0
2019-07-15,1,0.2857142857142857,GA,1.0,11633.0
2019-07-22,1,1.0,GA,1.0,12859.0
2019-07-29,1,0.42857142857142855,GA,1.0,11757.0
2019-08-05,1,0.0,GA,1.0,11137.0
2019-08-12,1,0.0,GA,1.0,10984.0
2019-08-19,0,0.8571428571428571,GA,1.0,11109.0
2019-08-26,0,0.8571428571428571,GA,1.0,10884.0
2019-09-02,0,0.0,GA,1.0,9590.0
2019-09-09,0,0.0,GA,1.0,9402.0
2019-09-16,0,0.42857142857142855,GA,1.0,9923.0
2019-09-23,0,1.0,GA,1.0,10846.0
2019-09-30,0,0.14285714285714285,GA,1.0,9504.0
2019-10-07,0,0.0,GA,1.0,9272.0
2019-10-14,0,0.14285714285714285,GA,1.0,9356.0
2019-10-21,0,1.0,GA,1.0,10469.0
2019-10-28,0,0.5714285714285714,GA,1.0,9691.0
2019-11-04,0,0.0,GA,1.0,9904.0
2019-11-11,0,0.0,GA,1.0,9698.0
2019-11-18,0,0.7142857142857143,GA,1.0,10846.0
2019-11-25,0,0.8571428571428571,GA,1.0,11066.0
2019-12-02,0,0.0,GA,1.0,9712.0
2019-12-09,0,0.0,GA,1.0,9706.0
2019-12-16,0,0.42857142857142855,GA,1.0,10244.0
2019-12-23,1,1.0,GA,1.0,12605.0
2019-12-30,1,0.2857142857142857,GA,1.0,11402.0
2020-01-06,0,0.0,GA,1.0,8781.0
2020-01-13,0,0.0,GA,1.0,8679.0
2020-01-20,0,1.0,GA,1.0,10200.0
2020-01-27,0,0.7142857142857143,GA,1.0,9739.0
2020-02-03,0,0.0,GA,1.0,8931.0
2020-02-10,0,0.0,GA,1.0,8947.0
2020-02-17,0,0.5714285714285714,GA,1.0,9824.0
2020-02-24,0,0.8571428571428571,GA,1.0,10335.0
2020-03-02,0,0.0,GA,1.0,9105.0
2020-03-09,0,0.0,GA,1.0,9118.0
2020-03-16,0,0.42857142857142855,GA,1.0,9959.0
2020-03-23,0,1.0,GA,1.0,10552.0
2020-03-30,0,0.2857142857142857,GA,1.0,9713.0
2020-04-06,0,0.0,GA,1.0,9478.0
2020-04-13,0,0.0,GA,1.0,9598.0
2020-04-20,0,1.0,GA,1.0,10824.0
2020-04-27,0,0.5714285714285714,GA,1.0,10429.0
2020-05-04,0,0.0,GA,1.0,9541.0
2020-05-11,0,0.0,GA,1.0,9591.0
2020-05-18,0,0.7142857142857143,GA,1.0,10814.0
2020-05-25,0,1.0,GA,1.0,11146.0
2020-06-01,1,0.0,GA,1.0,10819.0
2020-06-08,1,0.0,GA,1.0,10802.0
2020-06-15,1,0.2857142857142857,GA,1.0,11475.0
2020-06-22,1,1.0,GA,1.0,12499.0
2020-06-29,1,0.2857142857142857,GA,1.0,11362.0
2020-07-06,1,0.0,GA,1.0,10759.0
2020-07-13,1,0.0,GA,1.0,10919.0
2020-07-20,1,1.0,GA,1.0,12387.0
2020-07-27,1,0.7142857142857143,GA,1.0,11768.0
2020-08-03,1,0.0,GA,1.0,10456.0
2020-08-10,1,0.0,GA,1.0,10557.0
2020-08-17,0,0.5714285714285714,GA,1.0,10147.0
2020-08-24,0,1.0,GA,1.0,10549.0
2020-08-31,0,0.14285714285714285,GA,1.0,9398.0
2020-09-07,0,0.0,GA,1.0,9068.0
2020-09-14,0,0.14285714285714285,GA,1.0,9143.0
2020-09-21,0,1.0,GA,1.0,10292.0
2020-09-28,0,0.42857142857142855,GA,1.0,9466.0
2020-10-05,0,0.0,GA,1.0,8728.0
2020-10-12,0,0.0,GA,1.0,8695.0
2020-10-19,0,0.8571428571428571,GA,1.0,9639.0
2020-10-26,0,0.8571428571428571,GA,1.0,9497.0
2020-11-02,0,0.0,GA,1.0,9381.0
2020-11-09,0,0.0,GA,1.0,9376.0
2020-11-16,0,0.42857142857142855,GA,1.0,9794.0
2020-11-23,0,1.0,GA,1.0,10518.0
2020-11-30,0,0.14285714285714285,GA,1.0,9093.0
2020-12-07,0,0.0,GA,1.0,8884.0
2020-12-14,0,0.14285714285714285,GA,1.0,9235.0
2020-12-21,1,1.0,GA,1.0,11467.0
2020-12-28,1,0.5714285714285714,GA,1.0,10837.0
2021-01-04,1,0.0,GA,1.0,9223.0
2021-01-11,0,0.0,GA,1.0,8152.0
2021-01-18,0,0.7142857142857143,GA,1.0,8891.0
2021-01-25,0,1.0,GA,1.0,9270.0
2021-02-01,0,0.0,GA,1.0,8093.0
2021-02-08,0,0.0,GA,1.0,8090.0
2021-02-15,0,0.2857142857142857,GA,1.0,8646.0
2021-02-22,0,1.0,GA,1.0,9562.0
2021-03-01,0,0.0,GA,1.0,8224.0
2021-03-08,0,0.0,GA,1.0,8260.0
2021-03-15,0,0.2857142857142857,GA,1.0,8680.0
2021-03-22,0,1.0,GA,1.0,9772.0
2021-03-29,0,0.42857142857142855,GA,1.0,8970.0
2021-04-05,0,0.0,GA,1.0,8400.0
2021-04-12,0,0.0,GA,1.0,8421.0
2021-04-19,0,0.8571428571428571,GA,1.0,9710.0
2021-04-26,0,0.7142857142857143,GA,1.0,9498.0
2021-05-03,0,0.0,GA,1.0,8634.0
2021-05-10,0,0.0,GA,1.0,8588.0
2021-05-17,0,0.5714285714285714,GA,1.0,9455.0
2021-05-24,0,1.0,GA,1.0,10013.0
2021-05-31,0,0.14285714285714285,GA,1.0,9023.0
2021-06-07,1,0.0,GA,1.0,9645.0
2021-06-14,1,0.14285714285714285,GA,1.0,9992.0
2021-06-21,1,1.0,GA,1.0,11060.0
2021-06-28,1,0.42857142857142855,GA,1.0,10224.0
2021-07-05,1,0.0,GA,1.0,9619.0
2021-07-12,1,0.0,GA,1.0,9615.0
2021-07-19,1,0.8571428571428571,GA,1.0,10882.0
2021-07-26,1,0.8571428571428571,GA,1.0,10858.0
2021-08-02,1,0.0,GA,1.0,9694.0
2021-08-09,1,0.0,GA,1.0,9706.0
2021-08-16,0,0.42857142857142855,GA,1.0,9182.0
2021-08-23,0,1.0,GA,1.0,9896.0
2021-08-30,0,0.2857142857142857,GA,1.0,8976.0
2021-09-06,0,0.0,GA,1.0,8680.0
2021-09-13,0,0.0,GA,1.0,8694.0
2021-09-20,0,1.0,GA,1.0,10061.0
2021-09-27,0,0.5714285714285714,GA,1.0,9450.0
2021-10-04,0,0.0,GA,1.0,8612.0
2021-10-11,0,0.0,GA,1.0,8638.0
2021-10-18,0,0.7142857142857143,GA,1.0,9632.0
2021-10-25,0,1.0,GA,1.0,9903.0
2021-11-01,0,0.0,GA,1.0,9451.0
2021-11-08,0,0.0,GA,1.0,9451.0
2021-11-15,0,0.2857142857142857,GA,1.0,9752.0
2021-11-22,0,1.0,GA,1.0,10818.0
2021-11-29,0,0.2857142857142857,GA,1.0,9896.0
2021-12-06,0,0.0,GA,1.0,9526.0
2021-12-13,0,0.0,GA,1.0,9460.0
2021-12-20,1,1.0,GA,1.0,12520.0
2021-12-27,1,0.7142857142857143,GA,1.0,12050.0
2022-01-03,1,0.0,GA,1.0,9866.0
2022-01-10,0,0.0,GA,1.0,8843.0
2022-01-17,0,0.5714285714285714,GA,1.0,9769.0
2022-01-24,0,1.0,GA,1.0,10321.0
2022-01-31,0,0.14285714285714285,GA,1.0,9313.0
2022-02-07,0,0.0,GA,1.0,9199.0
2022-02-14,0,0.14285714285714285,GA,1.0,9428.0
2022-02-21,0,1.0,GA,1.0,10912.0
2022-02-28,0,0.14285714285714285,GA,1.0,9730.0
2022-03-07,0,0.0,GA,1.0,9839.0
2022-03-14,0,0.14285714285714285,GA,1.0,9946.0
2022-03-21,0,1.0,GA,1.0,11292.0
2022-03-28,0,0.5714285714285714,GA,1.0,10794.0
2022-04-04,0,0.0,GA,1.0,10079.0
2022-04-11,0,0.0,GA,1.0,10205.0
2022-04-18,0,0.7142857142857143,GA,1.0,11278.0
2022-04-25,0,0.8571428571428571,GA,1.0,11941.0
2022-05-02,0,0.0,GA,1.0,10697.0
2022-05-09,0,0.0,GA,1.0,10758.0
2022-05-16,0,0.42857142857142855,GA,1.0,11454.0
2022-05-23,0,1.0,GA,1.0,12620.0
2022-05-30,0,0.2857142857142857,GA,1.0,11440.0
2022-06-06,1,0.0,GA,1.0,12287.0
2022-06-13,1,0.0,GA,1.0,12602.0
2022-06-20,1,1.0,GA,1.0,14444.0
2022-06-27,1,0.5714285714285714,GA,1.0,13647.0
2022-07-04,1,0.0,GA,1.0,12620.0
2022-07-11,1,0.0,GA,1.0,12647.0
2022-07-18,1,0.7142857142857143,GA,1.0,13792.0
2022-07-25,1,1.0,GA,1.0,14426.0
2022-08-01,1,0.0,GA,1.0,12489.0
2022-08-08,1,0.0,GA,1.0,12538.0
2022-08-15,0,0.2857142857142857,GA,1.0,11721.0
2022-08-22,0,1.0,GA,1.0,12887.0
2022-08-29,0,0.42857142857142855,GA,1.0,11728.0
2022-09-05,0,0.0,GA,1.0,11097.0
2022-09-12,0,0.0,GA,1.0,11167.0
2022-09-19,0,0.8571428571428571,GA,1.0,12209.0
2022-09-26,0,0.7142857142857143,GA,1.0,12150.0
2022-10-03,0,0.0,GA,1.0,10796.0
2022-10-10,0,0.0,GA,1.0,10758.0
2022-10-17,0,0.5714285714285714,GA,1.0,11450.0
2022-10-24,0,1.0,GA,1.0,12209.0
2022-10-31,0,0.14285714285714285,GA,1.0,10773.0
2022-11-07,0,0.0,GA,1.0,11554.0
2022-11-14,0,0.14285714285714285,GA,1.0,11723.0
2022-11-21,0,1.0,GA,1.0,13527.0
2022-11-28,0,0.42857142857142855,GA,1.0,12369.0
2022-12-05,0,0.0,GA,1.0,11625.0
2022-12-12,0,0.0,GA,1.0,11386.0
2022-12-19,0,0.8571428571428571,GA,1.0,13126.0
2022-12-26,1,0.8571428571428571,GA,1.0,14826.0
2023-01-02,1,0.0,GA,1.0,12089.0
2023-01-09,0,0.0,GA,1.0,10721.0
2023-01-16,0,0.42857142857142855,GA,1.0,11305.0
2023-01-23,0,1.0,GA,1.0,12313.0
2023-01-30,0,0.2857142857142857,GA,1.0,11266.0
2023-02-06,0,0.0,GA,1.0,11084.0
2023-02-13,0,0.0,GA,1.0,11170.0
2023-02-20,0,1.0,GA,1.0,12710.0
2023-02-27,0,0.2857142857142857,GA,1.0,11644.0
2023-03-06,0,0.0,GA,1.0,11347.0
2023-03-13,0,0.0,GA,1.0,11488.0
2023-03-20,0,1.0,GA,1.0,13365.0
2023-03-27,0,0.7142857142857143,GA,1.0,12942.0
2023-04-03,0,0.0,GA,1.0,11891.0
2023-04-10,0,0.0,GA,1.0,11823.0
2023-04-17,0,0.5714285714285714,GA,1.0,12917.0
2023-04-24,0,1.0,GA,1.0,13974.0
2023-05-01,0,0.0,GA,1.0,12129.0
2023-05-08,0,0.0,GA,1.0,12244.0
2023-05-15,0,0.2857142857142857,GA,1.0,12980.0
2023-05-22,0,1.0,GA,1.0,14408.0
2023-05-29,0,0.42857142857142855,GA,1.0,13346.0
2023-06-05,1,0.0,GA,1.0,13967.0
2023-06-12,1,0.0,GA,1.0,13991.0
2023-06-19,1,0.8571428571428571,GA,1.0,16033.0
2023-06-26,1,0.7142857142857143,GA,1.0,15550.0
2023-07-03,1,0.0,GA,1.0,14112.0
2023-07-10,1,0.0,GA,1.0,14221.0
2023-07-17,1,0.5714285714285714,GA,1.0,15383.0
2023-07-24,1,1.0,GA,1.0,16038.0
2023-07-31,1,0.14285714285714285,GA,1.0,14409.0
2023-08-07,1,0.0,GA,1.0,14006.0
2023-08-14,1,0.14285714285714285,GA,1.0,14493.0
2023-08-21,0,1.0,GA,1.0,14324.0
2023-08-28,0,0.5714285714285714,GA,1.0,13229.0
2023-09-04,0,0.0,GA,1.0,12322.0
2023-09-11,0,0.0,GA,1.0,12242.0
2023-09-18,0,0.7142857142857143,GA,1.0,13540.0
2023-09-25,0,0.8571428571428571,GA,1.0,13746.0
2023-10-02,0,0.0,GA,1.0,12113.0
2023-10-09,0,0.0,GA,1.0,12131.0
2023-10-16,0,0.42857142857142855,GA,1.0,12789.0
2023-10-23,0,1.0,GA,1.0,13494.0
2023-10-30,0,0.2857142857142857,GA,1.0,12157.0
2023-11-06,0,0.0,GA,1.0,12910.0
2023-11-13,0,0.0,GA,1.0,13103.0
2023-11-20,0,1.0,GA,1.0,14842.0
2023-11-27,0,0.5714285714285714,GA,1.0,13924.0
2023-12-04,0,0.0,GA,1.0,12805.0
2023-12-11,0,0.0,GA,1.0,12832.0
2023-12-18,0,0.7142857142857143,GA,1.0,14219.0
2023-12-25,1,1.0,GA,1.0,16784.0
2024-01-01,1,0.0,GA,1.0,13079.0
2024-01-08,0,0.0,GA,1.0,11732.0
2024-01-15,0,0.2857142857142857,GA,1.0,12424.0
2024-01-22,0,1.0,GA,1.0,13420.0
2024-01-29,0,0.42857142857142855,GA,1.0,12931.0
2024-02-05,0,0.0,GA,1.0,12197.0
2024-02-12,0,0.0,GA,1.0,12242.0
2024-02-19,0,0.8571428571428571,GA,1.0,13843.0
2024-02-26,0,0.5714285714285714,GA,1.0,13319.0
2024-03-04,0,0.0,GA,1.0,12539.0
2024-03-11,0,0.0,GA,1.0,12480.0
2024-03-18,0,0.7142857142857143,GA,1.0,13955.0
2024-03-25,0,1.0,GA,1.0,14827.0
2024-04-01,0,0.0,GA,1.0,12898.0
2024-04-08,0,0.0,GA,1.0,12845.0
2024-04-15,0,0.2857142857142857,GA,1.0,13800.0
2024-04-22,0,1.0,GA,1.0,15237.0
2024-04-29,0,0.2857142857142857,GA,1.0,14020.0
2024-05-06,0,0.0,GA,1.0,13325.0
2024-05-13,0,0.0,GA,1.0,13512.0
2024-05-20,0,1.0,GA,1.0,15686.0
2024-05-27,0,0.7142857142857143,GA,1.0,15061.0
2024-06-03,1,0.0,GA,1.0,15223.0
2024-06-10,1,0.0,GA,1.0,14987.0
2024-06-17,1,0.5714285714285714,GA,1.0,16692.0
2024-06-24,1,1.0,GA,1.0,17634.0
2024-07-01,1,0.0,GA,1.0,15748.0
2024-07-08,1,0.0,GA,1.0,15511.0
2024-07-15,1,0.2857142857142857,GA,1.0,16015.0
2024-07-22,1,1.0,GA,1.0,17404.0
2024-07-29,1,0.42857142857142855,GA,1.0,16263.0
2024-08-05,1,0.0,GA,1.0,15056.0
2024-08-12,1,0.0,GA,1.0,15211.0
2024-08-19,0,0.8571428571428571,GA,1.0,15468.0
2024-08-26,0,0.8571428571428571,GA,1.0,15237.0
2024-09-02,0,0.0,GA,1.0,13015.0
2024-09-09,0,0.0,GA,1.0,13162.0
2024-09-16,0,0.42857142857142855,GA,1.0,13876.0
2024-09-23,0,1.0,GA,1.0,14648.0
2024-09-30,0,0.14285714285714285,GA,1.0,13217.0
2024-10-07,0,0.0,GA,1.0,12777.0
2024-10-14,0,0.14285714285714285,GA,1.0,12982.0
2024-10-21,0,1.0,GA,1.0,14207.0
2024-10-28,0,0.5714285714285714,GA,1.0,13656.0
2024-11-04,0,0.0,GA,1.0,13627.0
2024-11-11,0,0.0,GA,1.0,13847.0
2024-11-18,0,0.7142857142857143,GA,1.0,15243.0
2024-11-25,0,0.8571428571428571,GA,1.0,15236.0
2024-12-02,0,0.0,GA,1.0,13691.0
2024-12-09,0,0.0,GA,1.0,13501.0
2024-12-16,0,0.42857142857142855,GA,1.0,14329.0
2024-12-23,1,1.0,GA,1.0,17258.0
2024-12-30,1,0.2857142857142857,GA,1.0,15759.0
2025-01-06,0,0.0,GA,1.0,12207.0
2025-01-13,0,0.0,GA,1.0,12459.0
2025-01-20,0,1.0,GA,1.0,14017.0
2025-01-27,0,0.7142857142857143,GA,1.0,13680.0
2025-02-03,0,0.0,GA,1.0,12275.0
2025-02-10,0,0.0,GA,1.0,12749.0
2025-02-17,0,0.5714285714285714,GA,1.0,13722.0
2025-02-24,0,0.7142857142857143,GA,1.0,14216.0
2025-03-03,0,0.0,GA,1.0,12844.0
2025-03-10,0,0.0,GA,1.0,12882.0
2025-03-17,0,0.5714285714285714,GA,1.0,14262.0
2025-03-24,0,1.0,GA,1.0,15125.0
2025-03-31,0,0.14285714285714285,GA,1.0,13352.0
2025-04-07,0,0.0,GA,1.0,13262.0
2025-04-14,0,0.14285714285714285,GA,1.0,13726.0
2025-04-21,0,1.0,GA,1.0,15306.0
2025-04-28,0,0.42857142857142855,GA,1.0,14635.0
2025-05-05,0,0.0,GA,1.0,13796.0
2025-05-12,0,0.0,GA,1.0,13685.0
2025-05-19,0,0.8571428571428571,GA,1.0,15374.0
2025-05-26,0,0.8571428571428571,GA,1.0,15526.0
2025-06-02,1,0.0,GA,1.0,15388.0
2025-06-09,1,0.0,GA,1.0,15557.0
2025-06-16,1,0.42857142857142855,GA,1.0,16468.0
2025-06-23,1,1.0,GA,1.0,17598.0
2025-06-30,1,0.14285714285714285,GA,1.0,15719.0
2025-07-07,1,0.0,GA,1.0,15501.0
2025-07-14,1,0.14285714285714285,GA,1.0,15849.0
2025-07-21,1,1.0,GA,1.0,17633.0
2025-07-28,1,0.5714285714285714,GA,1.0,16811.0
2025-08-04,1,0.0,GA,0.9965237092487857,15362.0
2025-08-11,1,0.0,GA,0.9930474184975714,15335.0
2025-08-18,0,0.7142857142857143,GA,0.9895711277463571,15089.0
2025-08-25,0,1.0,GA,0.9860948369951429,15605.0
2025-09-01,0,0.0,GA,0.9826185462439285,13314.0
2025-09-08,0,0.0,GA,0.9791422554927143,13544.0
2025-09-15,0,0.2857142857142857,GA,0.9756659647415,13792.0
2025-09-22,0,1.0,GA,0.9721896739902857,15364.0
2025-09-29,0,0.2857142857142857,GA,0.9687133832390714,13928.0
2025-10-06,0,0.0,GA,0.9652370924878572,13335.0
2025-10-13,0,0.0,GA,0.9617608017366428,13177.0
2025-10-20,0,1.0,GA,0.9582845109854286,15378.0
2025-10-27,0,0.7142857142857143,GA,0.9548082202342143,14645.0
2025-11-03,0,0.0,GA,0.9513319294829999,14305.0
2025-11-10,0,0.0,GA,0.9478556387317857,14524.0
2025-11-17,0,0.5714285714285714,GA,0.9443793479805714,15731.0
2025-11-24,0,1.0,GA,0.9409030572293571,16839.0
2025-12-01,0,0.0,GA,0.9374267664781428,14391.0
2025-12-08,0,0.0,GA,0.9339504757269286,14500.0
2025-12-15,0,0.2857142857142857,GA,0.9304741849757142,15068.0
2025-12-22,1,1.0,GA,0.9269978942245,18774.0
2025-12-29,1,0.42857142857142855,GA,0.9235216034732857,17599.0
2026-01-05,1,0.0,GA,0.9200453127220714,14932.0
2026-01-12,0,0.0,GA,0.9165690219708571,13535.0
2026-01-19,0,0.8571428571428571,GA,0.9130927312196429,15419.0
2026-01-26,0,0.8571428571428571,GA,0.9096164404684285,15452.0
2026-02-02,0,0.0,GA,0.9061401497172142,13727.0
2026-02-09,0,0.0,GA,0.902663858966,14163.0
2026-02-16,0,0.42857142857142855,GA,0.8991875682147856,14794.0
2026-02-23,0,0.8571428571428571,GA,0.8957112774635714,16330.0
2026-03-02,0,0.0,GA,0.8922349867123571,14474.0
2026-03-09,0,0.0,GA,0.8887586959611428,14499.0
2026-03-16,0,0.42857142857142855,GA,0.8852824052099285,15742.0
2026-03-23,0,1.0,GA,0.8818061144587143,17142.0
2026-03-30,0,0.2857142857142857,GA,0.8783298237074999,15580.0
2026-04-06,0,0.0,GA,0.8748535329562857,15032.0
2026-04-13,0,0.0,GA,0.8713772422050714,15397.0
2026-04-20,0,1.0,GA,0.8679009514538572,17563.0
2026-04-27,0,0.5714285714285714,GA,0.8644246607026428,16914.0
2026-05-04,0,0.0,GA,0.8609483699514285,15646.0
2026-05-11,0,0.0,GA,0.8574720792002142,15901.0
2026-05-18,0,0.7142857142857143,GA,0.8539957884489999,17653.0
2026-05-25,0,1.0,GA,0.8505194976977857,18589.0
2026-06-01,1,0.0,GA,0.8470432069465714,18248.0
2026-06-08,1,0.0,GA,0.8435669161953571,18421.0
2026-06-15,1,0.2857142857142857,GA,0.8400906254441428,19424.0
2026-06-22,1,1.0,GA,0.8366143346929285,21567.0
2026-06-29,1,0.2857142857142857,GA,0.8331380439417142,19249.0
2026-07-06,1,0.0,GA,0.8296617531905,18600.0
2026-07-13,1,0.0,GA,0.8261854624392857,18474.0
2026-07-20,1,1.0,GA,0.8227091716880713,21717.0
2026-07-27,1,0.7142857142857143,GA,0.8227091716880713,20386.0
2026-08-03,1,0.0,GA,0.8227091716880713,18247.0
2026-08-10,1,0.0,GA,0.8227091716880713,18141.0
2026-08-17,0,0.5714285714285714,GA,0.8227091716880713,17605.0
2026-08-24,0,1.0,GA,0.8227091716880713,18804.0
2026-08-31,0,0.14285714285714285,GA,0.8227091716880713,16626.0
2026-09-07,0,0.0,GA,0.8227091716880713,16054.0
2026-09-14,0,0.14285714285714285,GA,0.8227091716880713,16430.0
2026-09-21,0,1.0,GA,0.8227091716880713,18107.0
2019-01-07,0,0.0,HI,1.0,1156.0
2019-01-14,0,0.14285714285714285,HI,1.0,1196.0
2019-01-21,0,1.0,HI,1.0,1316.0
2019-01-28,0,0.5714285714285714,HI,1.0,1249.0
2019-02-04,0,0.0,HI,1.0,1132.0
2019-02-11,0,0.0,HI,1.0,1194.0
2019-02-18,0,0.7142857142857143,HI,1.0,1359.0
2019-02-25,0,0.5714285714285714,HI,1.0,1370.0
2019-03-04,0,0.0,HI,1.0,1154.0
2019-03-11,0,0.0,HI,1.0,1114.0
2019-03-18,0,0.7142857142857143,HI,1.0,1400.0
2019-03-25,0,1.0,HI,1.0,1479.0
2019-04-01,0,0.0,HI,1.0,1211.0
2019-04-08,0,0.0,HI,1.0,1300.0
2019-04-15,0,0.2857142857142857,HI,1.0,1278.0
2019-04-22,0,1.0,HI,1.0,1445.0
2019-04-29,0,0.2857142857142857,HI,1.0,1296.0
2019-05-06,0,0.0,HI,1.0,1291.0
2019-05-13,0,0.0,HI,1.0,1307.0
2019-05-20,0,1.0,HI,1.0,1449.0
2019-05-27,0,0.7142857142857143,HI,1.0,1453.0
2019-06-03,1,0.0,HI,1.0,1480.0
2019-06-10,1,0.0,HI,1.0,1503.0
2019-06-17,1,0.5714285714285714,HI,1.0,1540.0
2019-06-24,1,1.0,HI,1.0,1626.0
2019-07-01,1,0.0,HI,1.0,1505.0
2019-07-08,1,0.0,HI,1.0,1356.0
2019-07-15,1,0.2857142857142857,HI,1.0,1376.0
2019-07-22,1,1.0,HI,1.0,1661.0
2019-07-29,1,0.42857142857142855,HI,1.0,1526.0
2019-08-05,1,0.0,HI,1.0,1410.0
2019-08-12,1,0.0,HI,1.0,1438.0
2019-08-19,0,0.8571428571428571,HI,1.0,1399.0
2019-08-26,0,0.8571428571428571,HI,1.0,1459.0
2019-09-02,0,0.0,HI,1.0,1344.0
2019-09-09,0,0.0,HI,1.0,1350.0
2019-09-16,0,0.42857142857142855,HI,1.0,1391.0
2019-09-23,0,1.0,HI,1.0,1433.0
2019-09-30,0,0.14285714285714285,HI,1.0,1272.0
2019-10-07,0,0.0,HI,1.0,1183.0
2019-10-14,0,0.14285714285714285,HI,1.0,1316.0
2019-10-21,0,1.0,HI,1.0,1413.0
2019-10-28,0,0.5714285714285714,HI,1.0,1373.0
2019-11-04,0,0.0,HI,1.0,1278.0
2019-11-11,0,0.0,HI,1.0,1378.0
2019-11-18,0,0.7142857142857143,HI,1.0,1541.0
2019-11-25,0,0.8571428571428571,HI,1.0,1488.0
2019-12-02,0,0.0,HI,1.0,1357.0
2019-12-09,0,0.0,HI,1.0,1362.0
2019-12-16,0,0.42857142857142855,HI,1.0,1478.0
2019-12-23,1,1.0,HI,1.0,1719.0
2019-12-30,1,0.2857142857142857,HI,1.0,1586.0
2020-01-06,0,0.0,HI,1.0,1343.0
2020-01-13,0,0.0,HI,1.0,1282.0
2020-01-20,0,1.0,HI,1.0,1496.0
2020-01-27,0,0.7142857142857143,HI,1.0,1478.0
2020-02-03,0,0.0,HI,1.0,1302.0
2020-02-10,0,0.0,HI,1.0,1342.0
2020-02-17,0,0.5714285714285714,HI,1.0,1445.0
2020-02-24,0,0.8571428571428571,HI,1.0,1539.0
2020-03-02,0,0.0,HI,1.0,1421.0
2020-03-09,0,0.0,HI,1.0,1317.0
2020-03-16,0,0.42857142857142855,HI,1.0,1626.0
2020-03-23,0,1.0,HI,1.0,1617.0
2020-03-30,0,0.2857142857142857,HI,1.0,1527.0
2020-04-06,0,0.0,HI,1.0,1424.0
2020-04-13,0,0.0,HI,1.0,1425.0
2020-04-20,0,1.0,HI,1.0,1691.0
2020-04-27,0,0.5714285714285714,HI,1.0,1594.0
2020-05-04,0,0.0,HI,1.0,1478.0
2020-05-11,0,0.0,HI,1.0,1576.0
2020-05-18,0,0.7142857142857143,HI,1.0,1702.0
2020-05-25,0,1.0,HI,1.0,1670.0
2020-06-01,1,0.0,HI,1.0,1621.0
2020-06-08,1,0.0,HI,1.0,1673.0
2020-06-15,1,0.2857142857142857,HI,1.0,1782.0
2020-06-22,1,1.0,HI,1.0,2160.0
2020-06-29,1,0.2857142857142857,HI,1.0,1807.0
2020-07-06,1,0.0,HI,1.0,1803.0
2020-07-13,1,0.0,HI,1.0,1584.0
2020-07-20,1,1.0,HI,1.0,1866.0
2020-07-27,1,0.7142857142857143,HI,1.0,1819.0
2020-08-03,1,0.0,HI,1.0,1739.0
2020-08-10,1,0.0,HI,1.0,1610.0
2020-08-17,0,0.5714285714285714,HI,1.0,1639.0
2020-08-24,0,1.0,HI,1.0,1807.0
2020-08-31,0,0.14285714285714285,HI,1.0,1491.0
2020-09-07,0,0.0,HI,1.0,1428.0
2020-09-14,0,0.14285714285714285,HI,1.0,1404.0
2020-09-21,0,1.0,HI,1.0,1650.0
2020-09-28,0,0.42857142857142855,HI,1.0,1529.0
2020-10-05,0,0.0,HI,1.0,1316.0
2020-10-12,0,0.0,HI,1.0,1304.0
2020-10-19,0,0.8571428571428571,HI,1.0,1475.0
2020-10-26,0,0.8571428571428571,HI,1.0,1413.0
2020-11-02,0,0.0,HI,1.0,1454.0
2020-11-09,0,0.0,HI,1.0,1438.0
2020-11-16,0,0.42857142857142855,HI,1.0,1486.0
2020-11-23,0,1.0,HI,1.0,1570.0
2020-11-30,0,0.14285714285714285,HI,1.0,1462.0
2020-12-07,0,0.0,HI,1.0,1464.0
2020-12-14,0,0.14285714285714285,HI,1.0,1484.0
2020-12-21,1,1.0,HI,1.0,1697.0
2020-12-28,1,0.5714285714285714,HI,1.0,1608.0
2021-01-04,1,0.0,HI,1.0,1432.0
2021-01-11,0,0.0,HI,1.0,1226.0
2021-01-18,0,0.7142857142857143,HI,1.0,1309.0
2021-01-25,0,1.0,HI,1.0,1423.0
2021-02-01,0,0.0,HI,1.0,1196.0
2021-02-08,0,0.0,HI,1.0,1233.0
2021-02-15,0,0.2857142857142857,HI,1.0,1172.0
2021-02-22,0,1.0,HI,1.0,1451.0
2021-03-01,0,0.0,HI,1.0,1205.0
2021-03-08,0,0.0,HI,1.0,1226.0
2021-03-15,0,0.2857142857142857,HI,1.0,1330.0
2021-03-22,0,1.0,HI,1.0,1321.0
2021-03-29,0,0.42857142857142855,HI,1.0,1276.0
2021-04-05,0,0.0,HI,1.0,1225.0
2021-04-12,0,0.0,HI,1.0,1196.0
2021-04-19,0,0.8571428571428571,HI,1.0,1499.0
2021-04-26,0,0.7142857142857143,HI,1.0,1408.0
2021-05-03,0,0.0,HI,1.0,1266.0
2021-05-10,0,0.0,HI,1.0,1209.0
2021-05-17,0,0.5714285714285714,HI,1.0,1420.0
2021-05-24,0,1.0,HI,1.0,1440.0
2021-05-31,0,0.14285714285714285,HI,1.0,1364.0
2021-06-07,1,0.0,HI,1.0,1456.0
2021-06-14,1,0.14285714285714285,HI,1.0,1519.0
2021-06-21,1,1.0,HI,1.0,1521.0
2021-06-28,1,0.42857142857142855,HI,1.0,1565.0
2021-07-05,1,0.0,HI,1.0,1308.0
2021-07-12,1,0.0,HI,1.0,1388.0
2021-07-19,1,0.8571428571428571,HI,1.0,1585.0
2021-07-26,1,0.8571428571428571,HI,1.0,1579.0
2021-08-02,1,0.0,HI,1.0,1363.0
2021-08-09,1,0.0,HI,1.0,1460.0
2021-08-16,0,0.42857142857142855,HI,1.0,1428.0
2021-08-23,0,1.0,HI,1.0,1466.0
2021-08-30,0,0.2857142857142857,HI,1.0,1261.0
2021-09-06,0,0.0,HI,1.0,1270.0
2021-09-13,0,0.0,HI,1.0,1268.0
2021-09-20,0,1.0,HI,1.0,1432.0
2021-09-27,0,0.5714285714285714,HI,1.0,1249.0
2021-10-04,0,0.0,HI,1.0,1179.0
2021-10-11,0,0.0,HI,1.0,1256.0
2021-10-18,0,0.7142857142857143,HI,1.0,1352.0
2021-10-25,0,1.0,HI,1.0,1415.0
2021-11-01,0,0.0,HI,1.0,1306.0
2021-11-08,0,0.0,HI,1.0,1292.0
2021-11-15,0,0.2857142857142857,HI,1.0,1363.0
2021-11-22,0,1.0,HI,1.0,1524.0
2021-11-29,0,0.2857142857142857,HI,1.0,1361.0
2021-12-06,0,0.0,HI,1.0,1235.0
2021-12-13,0,0.0,HI,1.0,1351.0
2021-12-20,1,1.0,HI,1.0,1678.0
2021-12-27,1,0.7142857142857143,HI,1.0,1627.0
2022-01-03,1,0.0,HI,1.0,1440.0
2022-01-10,0,0.0,HI,1.0,1267.0
2022-01-17,0,0.5714285714285714,HI,1.0,1389.0
2022-01-24,0,1.0,HI,1.0,1480.0
2022-01-31,0,0.14285714285714285,HI,1.0,1259.0
2022-02-07,0,0.0,HI,1.0,1261.0
2022-02-14,0,0.14285714285714285,HI,1.0,1393.0
2022-02-21,0,1.0,HI,1.0,1563.0
2022-02-28,0,0.14285714285714285,HI,1.0,1333.0
2022-03-07,0,0.0,HI,1.0,1345.0
2022-03-14,0,0.14285714285714285,HI,1.0,1456.0
2022-03-21,0,1.0,HI,1.0,1641.0
2022-03-28,0,0.5714285714285714,HI,1.0,1385.0
2022-04-04,0,0.0,HI,1.0,1505.0
2022-04-11,0,0.0,HI,1.0,1429.0
2022-04-18,0,0.7142857142857143,HI,1.0,1517.0
2022-04-25,0,0.8571428571428571,HI,1.0,1618.0
2022-05-02,0,0.0,HI,1.0,1420.0
2022-05-09,0,0.0,HI,1.0,1497.0
2022-05-16,0,0.42857142857142855,HI,1.0,1563.0
2022-05-23,0,1.0,HI,1.0,1800.0
2022-05-30,0,0.2857142857142857,HI,1.0,1539.0
2022-06-06,1,0.0,HI,1.0,1711.0
2022-06-13,1,0.0,HI,1.0,1745.0
2022-06-20,1,1.0,HI,1.0,1935.0
2022-06-27,1,0.5714285714285714,HI,1.0,1960.0
2022-07-04,1,0.0,HI,1.0,1635.0
2022-07-11,1,0.0,HI,1.0,1674.0
2022-07-18,1,0.7142857142857143,HI,1.0,1992.0
2022-07-25,1,1.0,HI,1.0,1988.0
2022-08-01,1,0.0,HI,1.0,1668.0
2022-08-08,1,0.0,HI,1.0,1775.0
2022-08-15,0,0.2857142857142857,HI,1.0,1597.0
2022-08-22,0,1.0,HI,1.0,1571.0
2022-08-29,0,0.42857142857142855,HI,1.0,1556.0
2022-09-05,0,0.0,HI,1.0,1639.0
2022-09-12,0,0.0,HI,1.0,1419.0
2022-09-19,0,0.8571428571428571,HI,1.0,1700.0
2022-09-26,0,0.7142857142857143,HI,1.0,1616.0
2022-10-03,0,0.0,HI,1.0,1507.0
2022-10-10,0,0.0,HI,1.0,1509.0
2022-10-17,0,0.5714285714285714,HI,1.0,1558.0
2022-10-24,0,1.0,HI,1.0,1702.0
2022-10-31,0,0.14285714285714285,HI,1.0,1507.0
2022-11-07,0,0.0,HI,1.0,1484.0
2022-11-14,0,0.14285714285714285,HI,1.0,1653.0
2022-11-21,0,1.0,HI,1.0,1774.0
2022-11-28,0,0.42857142857142855,HI,1.0,1643.0
2022-12-05,0,0.0,HI,1.0,1556.0
2022-12-12,0,0.0,HI,1.0,1471.0
2022-12-19,0,0.8571428571428571,HI,1.0,1754.0
2022-12-26,1,0.8571428571428571,HI,1.0,1913.0
2023-01-02,1,0.0,HI,1.0,1539.0
2023-01-09,0,0.0,HI,1.0,1482.0
2023-01-16,0,0.42857142857142855,HI,1.0,1471.0
2023-01-23,0,1.0,HI,1.0,1656.0
2023-01-30,0,0.2857142857142857,HI,1.0,1498.0
2023-02-06,0,0.0,HI,1.0,1470.0
2023-02-13,0,0.0,HI,1.0,1371.0
2023-02-20,0,1.0,HI,1.0,1618.0
2023-02-27,0,0.2857142857142857,HI,1.0,1609.0
2023-03-06,0,0.0,HI,1.0,1449.0
2023-03-13,0,0.0,HI,1.0,1479.0
2023-03-20,0,1.0,HI,1.0,1755.0
2023-03-27,0,0.7142857142857143,HI,1.0,1647.0
2023-04-03,0,0.0,HI,1.0,1479.0
2023-04-10,0,0.0,HI,1.0,1651.0
2023-04-17,0,0.5714285714285714,HI,1.0,1737.0
2023-04-24,0,1.0,HI,1.0,1888.0
2023-05-01,0,0.0,HI,1.0,1619.0
2023-05-08,0,0.0,HI,1.0,1563.0
2023-05-15,0,0.2857142857142857,HI,1.0,1636.0
2023-05-22,0,1.0,HI,1.0,1792.0
2023-05-29,0,0.42857142857142855,HI,1.0,1688.0
2023-06-05,1,0.0,HI,1.0,1898.0
2023-06-12,1,0.0,HI,1.0,1819.0
2023-06-19,1,0.8571428571428571,HI,1.0,2057.0
2023-06-26,1,0.7142857142857143,HI,1.0,2058.0
2023-07-03,1,0.0,HI,1.0,1788.0
2023-07-10,1,0.0,HI,1.0,1835.0
2023-07-17,1,0.5714285714285714,HI,1.0,1893.0
2023-07-24,1,1.0,HI,1.0,2031.0
2023-07-31,1,0.14285714285714285,HI,1.0,1781.0
2023-08-07,1,0.0,HI,1.0,1795.0
2023-08-14,1,0.14285714285714285,HI,1.0,1994.0
2023-08-21,0,1.0,HI,1.0,1729.0
2023-08-28,0,0.5714285714285714,HI,1.0,1683.0
2023-09-04,0,0.0,HI,1.0,1555.0
2023-09-11,0,0.0,HI,1.0,1590.0
2023-09-18,0,0.7142857142857143,HI,1.0,1752.0
2023-09-25,0,0.8571428571428571,HI,1.0,1829.0
2023-10-02,0,0.0,HI,1.0,1505.0
2023-10-09,0,0.0,HI,1.0,1539.0
2023-10-16,0,0.42857142857142855,HI,1.0,1605.0
2023-10-23,0,1.0,HI,1.0,1664.0
2023-10-30,0,0.2857142857142857,HI,1.0,1586.0
2023-11-06,0,0.0,HI,1.0,1515.0
2023-11-13,0,0.0,HI,1.0,1607.0
2023-11-20,0,1.0,HI,1.0,1982.0
2023-11-27,0,0.5714285714285714,HI,1.0,1658.0
2023-12-04,0,0.0,HI,1.0,1631.0
2023-12-11,0,0.0,HI,1.0,1735.0
2023-12-18,0,0.7142857142857143,HI,1.0,1657.0
2023-12-25,1,1.0,HI,1.0,2014.0
2024-01-01,1,0.0,HI,1.0,1648.0
2024-01-08,0,0.0,HI,1.0,1403.0
2024-01-15,0,0.2857142857142857,HI,1.0,1534.0
2024-01-22,0,1.0,HI,1.0,1724.0
2024-01-29,0,0.42857142857142855,HI,1.0,1454.0
2024-02-05,0,0.0,HI,1.0,1461.0
2024-02-12,0,0.0,HI,1.0,1504.0
2024-02-19,0,0.8571428571428571,HI,1.0,1588.0
2024-02-26,0,0.5714285714285714,HI,1.0,1751.0
2024-03-04,0,0.0,HI,1.0,1547.0
2024-03-11,0,0.0,HI,1.0,1428.0
2024-03-18,0,0.7142857142857143,HI,1.0,1695.0
2024-03-25,0,1.0,HI,1.0,1815.0
2024-04-01,0,0.0,HI,1.0,1541.0
2024-04-08,0,0.0,HI,1.0,1556.0
2024-04-15,0,0.2857142857142857,HI,1.0,1612.0
2024-04-22,0,1.0,HI,1.0,1819.0
2024-04-29,0,0.2857142857142857,HI,1.0,1668.0
2024-05-06,0,0.0,HI,1.0,1636.0
2024-05-13,0,0.0,HI,1.0,1749.0
2024-05-20,0,1.0,HI,1.0,1854.0
2024-05-27,0,0.7142857142857143,HI,1.0,1619.0
2024-06-03,1,0.0,HI,1.0,1843.0
2024-06-10,1,0.0,HI,1.0,1854.0
2024-06-17,1,0.5714285714285714,HI,1.0,1977.0
2024-06-24,1,1.0,HI,1.0,2187.0
2024-07-01,1,0.0,HI,1.0,1810.0
2024-07-08,1,0.0,HI,1.0,1945.0
2024-07-15,1,0.2857142857142857,HI,1.0,1856.0
2024-07-22,1,1.0,HI,1.0,2083.0
2024-07-29,1,0.42857142857142855,HI,1.0,1870.0
2024-08-05,1,0.0,HI,1.0,1756.0
2024-08-12,1,0.0,HI,1.0,1735.0
2024-08-19,0,0.8571428571428571,HI,1.0,1692.0
2024-08-26,0,0.8571428571428571,HI,1.0,1617.0
2024-09-02,0,0.0,HI,1.0,1496.0
2024-09-09,0,0.0,HI,1.0,1580.0
2024-09-16,0,0.42857142857142855,HI,1.0,1627.0
2024-09-23,0,1.0,HI,1.0,1708.0
2024-09-30,0,0.14285714285714285,HI,1.0,1567.0
2024-10-07,0,0.0,HI,1.0,1488.0
2024-10-14,0,0.14285714285714285,HI,1.0,1619.0
2024-10-21,0,1.0,HI,1.0,1823.0
2024-10-28,0,0.5714285714285714,HI,1.0,1618.0
2024-11-04,0,0.0,HI,1.0,1593.0
2024-11-11,0,0.0,HI,1.0,1653.0
2024-11-18,0,0.7142857142857143,HI,1.0,1770.0
2024-11-25,0,0.8571428571428571,HI,1.0,1765.0
2024-12-02,0,0.0,HI,1.0,1529.0
2024-12-09,0,0.0,HI,1.0,1565.0
2024-12-16,0,0.42857142857142855,HI,1.0,1664.0
2024-12-23,1,1.0,HI,1.0,2094.0
2024-12-30,1,0.2857142857142857,HI,1.0,1867.0
2025-01-06,0,0.0,HI,1.0,1414.0
2025-01-13,0,0.0,HI,1.0,1400.0
2025-01-20,0,1.0,HI,1.0,1616.0
2025-01-27,0,0.7142857142857143,HI,1.0,1681.0
2025-02-03,0,0.0,HI,1.0,1481.0
2025-02-10,0,0.0,HI,1.0,1443.0
2025-02-17,0,0.5714285714285714,HI,1.0,1514.0
2025-02-24,0,0.7142857142857143,HI,1.0,1633.0
2025-03-03,0,0.0,HI,1.0,1526.0
2025-03-10,0,0.0,HI,1.0,1612.0
2025-03-17,0,0.5714285714285714,HI,1.0,1661.0
2025-03-24,0,1.0,HI,1.0,1740.0
2025-03-31,0,0.14285714285714285,HI,1.0,1492.0
2025-04-07,0,0.0,HI,1.0,1446.0
2025-04-14,0,0.14285714285714285,HI,1.0,1545.0
2025-04-21,0,1.0,HI,1.0,1729.0
2025-04-28,0,0.42857142857142855,HI,1.0,1766.0
2025-05-05,0,0.0,HI,1.0,1630.0
2025-05-12,0,0.0,HI,1.0,1581.0
2025-05-19,0,0.8571428571428571,HI,1.0,1737.0
2025-05-26,0,0.8571428571428571,HI,1.0,1799.0
2025-06-02,1,0.0,HI,1.0,1790.0
2025-06-09,1,0.0,HI,1.0,1896.0
2025-06-16,1,0.42857142857142855,HI,1.0,1900.0
2025-06-23,1,1.0,HI,1.0,2012.0
2025-06-30,1,0.14285714285714285,HI,1.0,1825.0
2025-07-07,1,0.0,HI,1.0,1889.0
2025-07-14,1,0.14285714285714285,HI,1.0,1890.0
2025-07-21,1,1.0,HI,1.0,2003.0
2025-07-28,1,0.5714285714285714,HI,1.0,1867.0
2025-08-04,1,0.0,HI,0.9985997206380223,1778.0
2025-08-11,1,0.0,HI,0.9971994412760444,1864.0
2025-08-18,0,0.7142857142857143,HI,0.9957991619140667,1902.0
2025-08-25,0,1.0,HI,0.994398882552089,1786.0
2025-09-01,0,0.0,HI,0.9929986031901111,1552.0
2025-09-08,0,0.0,HI,0.9915983238281334,1625.0
2025-09-15,0,0.2857142857142857,HI,0.9901980444661557,1643.0
2025-09-22,0,1.0,HI,0.9887977651041778,1843.0
2025-09-29,0,0.2857142857142857,HI,0.9873974857422001,1597.0
2025-10-06,0,0.0,HI,0.9859972063802224,1458.0
2025-10-13,0,0.0,HI,0.9845969270182445,1570.0
2025-10-20,0,1.0,HI,0.9831966476562668,1647.0
2025-10-27,0,0.7142857142857143,HI,0.9817963682942891,1678.0
2025-11-03,0,0.0,HI,0.9803960889323112,1577.0
2025-11-10,0,0.0,HI,0.9789958095703335,1651.0
2025-11-17,0,0.5714285714285714,HI,0.9775955302083558,1785.0
2025-11-24,0,1.0,HI,0.9761952508463779,1904.0
2025-12-01,0,0.0,HI,0.9747949714844002,1660.0
2025-12-08,0,0.0,HI,0.9733946921224225,1656.0
2025-12-15,0,0.2857142857142857,HI,0.9719944127604446,1621.0
2025-12-22,1,1.0,HI,0.9705941333984669,2007.0
2025-12-29,1,0.42857142857142855,HI,0.9691938540364892,1995.0
2026-01-05,1,0.0,HI,0.9677935746745113,1646.0
2026-01-12,0,0.0,HI,0.9663932953125336,1507.0
2026-01-19,0,0.8571428571428571,HI,0.9649930159505559,1734.0
2026-01-26,0,0.8571428571428571,HI,0.963592736588578,1742.0
2026-02-02,0,0.0,HI,0.9621924572266003,1520.0
2026-02-09,0,0.0,HI,0.9607921778646226,1483.0
2026-02-16,0,0.42857142857142855,HI,0.9593918985026447,1598.0
2026-02-23,0,0.8571428571428571,HI,0.957991619140667,1739.0
2026-03-02,0,0.0,HI,0.9565913397786893,1592.0
2026-03-09,0,0.0,HI,0.9551910604167114,1604.0
2026-03-16,0,0.42857142857142855,HI,0.9537907810547337,1781.0
2026-03-23,0,1.0,HI,0.952390501692756,1738.0
2026-03-30,0,0.2857142857142857,HI,0.9509902223307781,1815.0
2026-04-06,0,0.0,HI,0.9495899429688004,1666.0
2026-04-13,0,0.0,HI,0.9481896636068227,1654.0
2026-04-20,0,1.0,HI,0.9467893842448448,1962.0
2026-04-27,0,0.5714285714285714,HI,0.9453891048828671,1949.0
2026-05-04,0,0.0,HI,0.9439888255208894,1676.0
2026-05-11,0,0.0,HI,0.9425885461589115,1768.0
2026-05-18,0,0.7142857142857143,HI,0.9411882667969338,1919.0
2026-05-25,0,1.0,HI,0.9397879874349561,1922.0
2026-06-01,1,0.0,HI,0.9383877080729782,1879.0
2026-06-08,1,0.0,HI,0.9369874287110005,1959.0
2026-06-15,1,0.2857142857142857,HI,0.9355871493490228,2057.0
2026-06-22,1,1.0,HI,0.9341868699870449,2336.0
2026-06-29,1,0.2857142857142857,HI,0.9327865906250672,2064.0
2026-07-06,1,0.0,HI,0.9313863112630895,1871.0
2026-07-13,1,0.0,HI,0.9299860319011116,1988.0
2026-07-20,1,1.0,HI,0.9285857525391339,2224.0
2026-07-27,1,0.7142857142857143,HI,0.9285857525391339,2203.0
2026-08-03,1,0.0,HI,0.9285857525391339,1904.0
2026-08-10,1,0.0,HI,0.9285857525391339,2027.0
2026-08-17,0,0.5714285714285714,HI,0.9285857525391339,1758.0
2026-08-24,0,1.0,HI,0.9285857525391339,1824.0
2026-08-31,0,0.14285714285714285,HI,0.9285857525391339,1727.0
2026-09-07,0,0.0,HI,0.9285857525391339,1675.0
2026-09-14,0,0.14285714285714285,HI,0.9285857525391339,1635.0
2026-09-21,0,1.0,HI,0.9285857525391339,2007.0
2019-01-07,0,0.0,IA,1.0,1836.0
2019-01-14,0,0.14285714285714285,IA,1.0,1907.0
2019-01-21,0,1.0,IA,1.0,2233.0
2019-01-28,0,0.5714285714285714,IA,1.0,2062.0
2019-02-04,0,0.0,IA,1.0,1924.0
2019-02-11,0,0.0,IA,1.0,1942.0
2019-02-18,0,0.7142857142857143,IA,1.0,2179.0
2019-02-25,0,0.5714285714285714,IA,1.0,2111.0
2019-03-04,0,0.0,IA,1.0,1995.0
2019-03-11,0,0.0,IA,1.0,1988.0
2019-03-18,0,0.7142857142857143,IA,1.0,2210.0
2019-03-25,0,1.0,IA,1.0,2367.0
2019-04-01,0,0.0,IA,1.0,2076.0
2019-04-08,0,0.0,IA,1.0,2068.0
2019-04-15,0,0.2857142857142857,IA,1.0,2158.0
2019-04-22,0,1.0,IA,1.0,2385.0
2019-04-29,0,0.2857142857142857,IA,1.0,2208.0
2019-05-06,0,0.0,IA,1.0,2098.0
2019-05-13,0,0.0,IA,1.0,2087.0
2019-05-20,0,1.0,IA,1.0,2430.0
2019-05-27,0,0.7142857142857143,IA,1.0,2388.0
2019-06-03,1,0.0,IA,1.0,2365.0
2019-06-10,1,0.0,IA,1.0,2359.0
2019-06-17,1,0.5714285714285714,IA,1.0,2616.0
2019-06-24,1,1.0,IA,1.0,2802.0
2019-07-01,1,0.0,IA,1.0,2370.0
2019-07-08,1,0.0,IA,1.0,2364.0
2019-07-15,1,0.2857142857142857,IA,1.0,2499.0
2019-07-22,1,1.0,IA,1.0,2728.0
2019-07-29,1,0.42857142857142855,IA,1.0,2474.0
2019-08-05,1,0.0,IA,1.0,2309.0
2019-08-12,1,0.0,IA,1.0,2301.0
2019-08-19,0,0.8571428571428571,IA,1.0,2254.0
2019-08-26,0,0.8571428571428571,IA,1.0,2323.0
2019-09-02,0,0.0,IA,1.0,2006.0
2019-09-09,0,0.0,IA,1.0,1973.0
2019-09-16,0,0.42857142857142855,IA,1.0,2142.0
2019-09-23,0,1.0,IA,1.0,2274.0
2019-09-30,0,0.14285714285714285,IA,1.0,2015.0
2019-10-07,0,0.0,IA,1.0,1939.0
2019-10-14,0,0.14285714285714285,IA,1.0,1957.0
2019-10-21,0,1.0,IA,1.0,2241.0
2019-10-28,0,0.5714285714285714,IA,1.0,2052.0
2019-11-04,0,0.0,IA,1.0,2065.0
2019-11-11,0,0.0,IA,1.0,2045.0
2019-11-18,0,0.7142857142857143,IA,1.0,2270.0
2019-11-25,0,0.8571428571428571,IA,1.0,2264.0
2019-12-02,0,0.0,IA,1.0,2065.0
2019-12-09,0,0.0,IA,1.0,2045.0
2019-12-16,0,0.42857142857142855,IA,1.0,2142.0
2019-12-23,1,1.0,IA,1.0,2546.0
2019-12-30,1,0.2857142857142857,IA,1.0,2343.0
2020-01-06,0,0.0,IA,1.0,1813.0
2020-01-13,0,0.0,IA,1.0,1845.0
2020-01-20,0,1.0,IA,1.0,2113.0
2020-01-27,0,0.7142857142857143,IA,1.0,2011.0
2020-02-03,0,0.0,IA,1.0,1863.0
2020-02-10,0,0.0,IA,1.0,1828.0
2020-02-17,0,0.5714285714285714,IA,1.0,2014.0
2020-02-24,0,0.8571428571428571,IA,1.0,2087.0
2020-03-02,0,0.0,IA,1.0,1914.0
2020-03-09,0,0.0,IA,1.0,1921.0
2020-03-16,0,0.42857142857142855,IA,1.0,2043.0
2020-03-23,0,1.0,IA,1.0,2195.0
2020-03-30,0,0.2857142857142857,IA,1.0,2001.0
2020-04-06,0,0.0,IA,1.0,1939.0
2020-04-13,0,0.0,IA,1.0,1978.0
2020-04-20,0,1.0,IA,1.0,2257.0
2020-04-27,0,0.5714285714285714,IA,1.0,2110.0
2020-05-04,0,0.0,IA,1.0,1988.0
2020-05-11,0,0.0,IA,1.0,1957.0
2020-05-18,0,0.7142857142857143,IA,1.0,2186.0
2020-05-25,0,1.0,IA,1.0,2333.0
2020-06-01,1,0.0,IA,1.0,2239.0
2020-06-08,1,0.0,IA,1.0,2218.0
2020-06-15,1,0.2857142857142857,IA,1.0,2312.0
2020-06-22,1,1.0,IA,1.0,2556.0
2020-06-29,1,0.2857142857142857,IA,1.0,2340.0
2020-07-06,1,0.0,IA,1.0,2222.0
2020-07-13,1,0.0,IA,1.0,2245.0
2020-07-20,1,1.0,IA,1.0,2555.0
2020-07-27,1,0.7142857142857143,IA,1.0,2440.0
2020-08-03,1,0.0,IA,1.0,2165.0
2020-08-10,1,0.0,IA,1.0,2185.0
2020-08-17,0,0.5714285714285714,IA,1.0,2072.0
2020-08-24,0,1.0,IA,1.0,2163.0
2020-08-31,0,0.14285714285714285,IA,1.0,1949.0
2020-09-07,0,0.0,IA,1.0,1905.0
2020-09-14,0,0.14285714285714285,IA,1.0,1884.0
2020-09-21,0,1.0,IA,1.0,2092.0
2020-09-28,0,0.42857142857142855,IA,1.0,1959.0
2020-10-05,0,0.0,IA,1.0,1782.0
2020-10-12,0,0.0,IA,1.0,1801.0
2020-10-19,0,0.8571428571428571,IA,1.0,2014.0
2020-10-26,0,0.8571428571428571,IA,1.0,2059.0
2020-11-02,0,0.0,IA,1.0,1942.0
2020-11-09,0,0.0,IA,1.0,1939.0
2020-11-16,0,0.42857142857142855,IA,1.0,2071.0
2020-11-23,0,1.0,IA,1.0,2214.0
2020-11-30,0,0.14285714285714285,IA,1.0,1929.0
2020-12-07,0,0.0,IA,1.0,1920.0
2020-12-14,0,0.14285714285714285,IA,1.0,1894.0
2020-12-21,1,1.0,IA,1.0,2443.0
2020-12-28,1,0.5714285714285714,IA,1.0,2301.0
2021-01-04,1,0.0,IA,1.0,1930.0
2021-01-11,0,0.0,IA,1.0,1717.0
2021-01-18,0,0.7142857142857143,IA,1.0,1919.0
2021-01-25,0,1.0,IA,1.0,2022.0
2021-02-01,0,0.0,IA,1.0,1781.0
2021-02-08,0,0.0,IA,1.0,1764.0
2021-02-15,0,0.2857142857142857,IA,1.0,1837.0
2021-02-22,0,1.0,IA,1.0,2023.0
2021-03-01,0,0.0,IA,1.0,1812.0
2021-03-08,0,0.0,IA,1.0,1781.0
2021-03-15,0,0.2857142857142857,IA,1.0,1886.0
2021-03-22,0,1.0,IA,1.0,2135.0
2021-03-29,0,0.42857142857142855,IA,1.0,1929.0
2021-04-05,0,0.0,IA,1.0,1840.0
2021-04-12,0,0.0,IA,1.0,1868.0
2021-04-19,0,0.8571428571428571,IA,1.0,2123.0
2021-04-26,0,0.7142857142857143,IA,1.0,2094.0
2021-05-03,0,0.0,IA,1.0,1920.0
2021-05-10,0,0.0,IA,1.0,1891.0
2021-05-17,0,0.5714285714285714,IA,1.0,2051.0
2021-05-24,0,1.0,IA,1.0,2207.0
2021-05-31,0,0.14285714285714285,IA,1.0,1934.0
2021-06-07,1,0.0,IA,1.0,2172.0
2021-06-14,1,0.14285714285714285,IA,1.0,2209.0
2021-06-21,1,1.0,IA,1.0,2467.0
2021-06-28,1,0.42857142857142855,IA,1.0,2314.0
2021-07-05,1,0.0,IA,1.0,2173.0
2021-07-12,1,0.0,IA,1.0,2201.0
2021-07-19,1,0.8571428571428571,IA,1.0,2501.0
2021-07-26,1,0.8571428571428571,IA,1.0,2497.0
2021-08-02,1,0.0,IA,1.0,2162.0
2021-08-09,1,0.0,IA,1.0,2177.0
2021-08-16,0,0.42857142857142855,IA,1.0,2095.0
2021-08-23,0,1.0,IA,1.0,2234.0
2021-08-30,0,0.2857142857142857,IA,1.0,1984.0
2021-09-06,0,0.0,IA,1.0,1920.0
2021-09-13,0,0.0,IA,1.0,1966.0
2021-09-20,0,1.0,IA,1.0,2271.0
2021-09-27,0,0.5714285714285714,IA,1.0,2178.0
2021-10-04,0,0.0,IA,1.0,1973.0
2021-10-11,0,0.0,IA,1.0,1979.0
2021-10-18,0,0.7142857142857143,IA,1.0,2173.0
2021-10-25,0,1.0,IA,1.0,2282.0
2021-11-01,0,0.0,IA,1.0,2149.0
2021-11-08,0,0.0,IA,1.0,2185.0
2021-11-15,0,0.2857142857142857,IA,1.0,2256.0
2021-11-22,0,1.0,IA,1.0,2489.0
2021-11-29,0,0.2857142857142857,IA,1.0,2263.0
2021-12-06,0,0.0,IA,1.0,2184.0
2021-12-13,0,0.0,IA,1.0,2158.0
2021-12-20,1,1.0,IA,1.0,2831.0
2021-12-27,1,0.7142857142857143,IA,1.0,2734.0
2022-01-03,1,0.0,IA,1.0,2309.0
2022-01-10,0,0.0,IA,1.0,2057.0
2022-01-17,0,0.5714285714285714,IA,1.0,2229.0
2022-01-24,0,1.0,IA,1.0,2356.0
2022-01-31,0,0.14285714285714285,IA,1.0,2185.0
2022-02-07,0,0.0,IA,1.0,2160.0
2022-02-14,0,0.14285714285714285,IA,1.0,2211.0
2022-02-21,0,1.0,IA,1.0,2500.0
2022-02-28,0,0.14285714285714285,IA,1.0,2257.0
2022-03-07,0,0.0,IA,1.0,2254.0
2022-03-14,0,0.14285714285714285,IA,1.0,2285.0
2022-03-21,0,1.0,IA,1.0,2708.0
2022-03-28,0,0.5714285714285714,IA,1.0,2574.0
2022-04-04,0,0.0,IA,1.0,2386.0
2022-04-11,0,0.0,IA,1.0,2432.0
2022-04-18,0,0.7142857142857143,IA,1.0,2731.0
2022-04-25,0,0.8571428571428571,IA,1.0,2818.0
2022-05-02,0,0.0,IA,1.0,2518.0
2022-05-09,0,0.0,IA,1.0,2521.0
2022-05-16,0,0.42857142857142855,IA,1.0,2740.0
2022-05-23,0,1.0,IA,1.0,2971.0
2022-05-30,0,0.2857142857142857,IA,1.0,2703.0
2022-06-06,1,0.0,IA,1.0,2906.0
2022-06-13,1,0.0,IA,1.0,3008.0
2022-06-20,1,1.0,IA,1.0,3398.0
2022-06-27,1,0.5714285714285714,IA,1.0,3205.0
2022-07-04,1,0.0,IA,1.0,2930.0
2022-07-11,1,0.0,IA,1.0,2957.0
2022-07-18,1,0.7142857142857143,IA,1.0,3333.0
2022-07-25,1,1.0,IA,1.0,3431.0
2022-08-01,1,0.0,IA,1.0,3026.0
2022-08-08,1,0.0,IA,1.0,2928.0
2022-08-15,0,0.2857142857142857,IA,1.0,2752.0
2022-08-22,0,1.0,IA,1.0,3080.0
2022-08-29,0,0.42857142857142855,IA,1.0,2795.0
2022-09-05,0,0.0,IA,1.0,2647.0
2022-09-12,0,0.0,IA,1.0,2604.0
2022-09-19,0,0.8571428571428571,IA,1.0,2940.0
2022-09-26,0,0.7142857142857143,IA,1.0,2847.0
2022-10-03,0,0.0,IA,1.0,2565.0
2022-10-10,0,0.0,IA,1.0,2552.0
2022-10-17,0,0.5714285714285714,IA,1.0,2783.0
2022-10-24,0,1.0,IA,1.0,2981.0
2022-10-31,0,0.14285714285714285,IA,1.0,2611.0
2022-11-07,0,0.0,IA,1.0,2823.0
2022-11-14,0,0.14285714285714285,IA,1.0,2785.0
2022-11-21,0,1.0,IA,1.0,3111.0
2022-11-28,0,0.42857142857142855,IA,1.0,2928.0
2022-12-05,0,0.0,IA,1.0,2692.0
2022-12-12,0,0.0,IA,1.0,2792.0
2022-12-19,0,0.8571428571428571,IA,1.0,3158.0
2022-12-26,1,0.8571428571428571,IA,1.0,3460.0
2023-01-02,1,0.0,IA,1.0,2831.0
2023-01-09,0,0.0,IA,1.0,2464.0
2023-01-16,0,0.42857142857142855,IA,1.0,2680.0
2023-01-23,0,1.0,IA,1.0,2974.0
2023-01-30,0,0.2857142857142857,IA,1.0,2723.0
2023-02-06,0,0.0,IA,1.0,2597.0
2023-02-13,0,0.0,IA,1.0,2615.0
2023-02-20,0,1.0,IA,1.0,3006.0
2023-02-27,0,0.2857142857142857,IA,1.0,2756.0
2023-03-06,0,0.0,IA,1.0,2675.0
2023-03-13,0,0.0,IA,1.0,2710.0
2023-03-20,0,1.0,IA,1.0,3109.0
2023-03-27,0,0.7142857142857143,IA,1.0,3059.0
2023-04-03,0,0.0,IA,1.0,2803.0
2023-04-10,0,0.0,IA,1.0,2797.0
2023-04-17,0,0.5714285714285714,IA,1.0,2972.0
2023-04-24,0,1.0,IA,1.0,3330.0
2023-05-01,0,0.0,IA,1.0,2897.0
2023-05-08,0,0.0,IA,1.0,2908.0
2023-05-15,0,0.2857142857142857,IA,1.0,3067.0
2023-05-22,0,1.0,IA,1.0,3487.0
2023-05-29,0,0.42857142857142855,IA,1.0,3153.0
2023-06-05,1,0.0,IA,1.0,3381.0
2023-06-12,1,0.0,IA,1.0,3320.0
2023-06-19,1,0.8571428571428571,IA,1.0,3779.0
2023-06-26,1,0.7142857142857143,IA,1.0,3639.0
2023-07-03,1,0.0,IA,1.0,3317.0
2023-07-10,1,0.0,IA,1.0,3402.0
2023-07-17,1,0.5714285714285714,IA,1.0,3668.0
2023-07-24,1,1.0,IA,1.0,3887.0
2023-07-31,1,0.14285714285714285,IA,1.0,3361.0
2023-08-07,1,0.0,IA,1.0,3321.0
2023-08-14,1,0.14285714285714285,IA,1.0,3424.0
2023-08-21,0,1.0,IA,1.0,3364.0
2023-08-28,0,0.5714285714285714,IA,1.0,3161.0
2023-09-04,0,0.0,IA,1.0,2863.0
2023-09-11,0,0.0,IA,1.0,2915.0
2023-09-18,0,0.7142857142857143,IA,1.0,3153.0
2023-09-25,0,0.8571428571428571,IA,1.0,3208.0
2023-10-02,0,0.0,IA,1.0,2757.0
2023-10-09,0,0.0,IA,1.0,2773.0
2023-10-16,0,0.42857142857142855,IA,1.0,2912.0
2023-10-23,0,1.0,IA,1.0,3154.0
2023-10-30,0,0.2857142857142857,IA,1.0,2860.0
2023-11-06,0,0.0,IA,1.0,3096.0
2023-11-13,0,0.0,IA,1.0,3020.0
2023-11-20,0,1.0,IA,1.0,3472.0
2023-11-27,0,0.5714285714285714,IA,1.0,3228.0
2023-12-04,0,0.0,IA,1.0,2952.0
2023-12-11,0,0.0,IA,1.0,2920.0
2023-12-18,0,0.7142857142857143,IA,1.0,3237.0
2023-12-25,1,1.0,IA,1.0,3875.0
2024-01-01,1,0.0,IA,1.0,3040.0
2024-01-08,0,0.0,IA,1.0,2702.0
2024-01-15,0,0.2857142857142857,IA,1.0,2885.0
2024-01-22,0,1.0,IA,1.0,3159.0
2024-01-29,0,0.42857142857142855,IA,1.0,2936.0
2024-02-05,0,0.0,IA,1.0,2769.0
2024-02-12,0,0.0,IA,1.0,2819.0
2024-02-19,0,0.8571428571428571,IA,1.0,3129.0
2024-02-26,0,0.5714285714285714,IA,1.0,3023.0
2024-03-04,0,0.0,IA,1.0,2856.0
2024-03-11,0,0.0,IA,1.0,2860.0
2024-03-18,0,0.7142857142857143,IA,1.0,3175.0
2024-03-25,0,1.0,IA,1.0,3388.0
2024-04-01,0,0.0,IA,1.0,2921.0
2024-04-08,0,0.0,IA,1.0,2939.0
2024-04-15,0,0.2857142857142857,IA,1.0,3088.0
2024-04-22,0,1.0,IA,1.0,3449.0
2024-04-29,0,0.2857142857142857,IA,1.0,3231.0
2024-05-06,0,0.0,IA,1.0,3031.0
2024-05-13,0,0.0,IA,1.0,2982.0
2024-05-20,0,1.0,IA,1.0,3494.0
2024-05-27,0,0.7142857142857143,IA,1.0,3369.0
2024-06-03,1,0.0,IA,1.0,3428.0
2024-06-10,1,0.0,IA,1.0,3447.0
2024-06-17,1,0.5714285714285714,IA,1.0,3815.0
2024-06-24,1,1.0,IA,1.0,3965.0
2024-07-01,1,0.0,IA,1.0,3393.0
2024-07-08,1,0.0,IA,1.0,3522.0
2024-07-15,1,0.2857142857142857,IA,1.0,3622.0
2024-07-22,1,1.0,IA,1.0,3973.0
2024-07-29,1,0.42857142857142855,IA,1.0,3641.0
2024-08-05,1,0.0,IA,1.0,3427.0
2024-08-12,1,0.0,IA,1.0,3371.0
2024-08-19,0,0.8571428571428571,IA,1.0,3423.0
2024-08-26,0,0.8571428571428571,IA,1.0,3376.0
2024-09-02,0,0.0,IA,1.0,2935.0
2024-09-09,0,0.0,IA,1.0,2927.0
2024-09-16,0,0.42857142857142855,IA,1.0,3027.0
2024-09-23,0,1.0,IA,1.0,3345.0
2024-09-30,0,0.14285714285714285,IA,1.0,2961.0
2024-10-07,0,0.0,IA,1.0,2920.0
2024-10-14,0,0.14285714285714285,IA,1.0,2950.0
2024-10-21,0,1.0,IA,1.0,3213.0
2024-10-28,0,0.5714285714285714,IA,1.0,3014.0
2024-11-04,0,0.0,IA,1.0,3112.0
2024-11-11,0,0.0,IA,1.0,3008.0
2024-11-18,0,0.7142857142857143,IA,1.0,3406.0
2024-11-25,0,0.8571428571428571,IA,1.0,3408.0
2024-12-02,0,0.0,IA,1.0,3112.0
2024-12-09,0,0.0,IA,1.0,3002.0
2024-12-16,0,0.42857142857142855,IA,1.0,3202.0
2024-12-23,1,1.0,IA,1.0,3901.0
2024-12-30,1,0.2857142857142857,IA,1.0,3501.0
2025-01-06,0,0.0,IA,1.0,2718.0
2025-01-13,0,0.0,IA,1.0,2760.0
2025-01-20,0,1.0,IA,1.0,3198.0
2025-01-27,0,0.7142857142857143,IA,1.0,3084.0
2025-02-03,0,0.0,IA,1.0,2747.0
2025-02-10,0,0.0,IA,1.0,2778.0
2025-02-17,0,0.5714285714285714,IA,1.0,3034.0
2025-02-24,0,0.7142857142857143,IA,1.0,3111.0
2025-03-03,0,0.0,IA,1.0,2928.0
2025-03-10,0,0.0,IA,1.0,2868.0
2025-03-17,0,0.5714285714285714,IA,1.0,3148.0
2025-03-24,0,1.0,IA,1.0,3387.0
2025-03-31,0,0.14285714285714285,IA,1.0,3047.0
2025-04-07,0,0.0,IA,1.0,2978.0
2025-04-14,0,0.14285714285714285,IA,1.0,3051.0
2025-04-21,0,1.0,IA,1.0,3405.0
2025-04-28,0,0.42857142857142855,IA,1.0,3209.0
2025-05-05,0,0.0,IA,1.0,3078.0
2025-05-12,0,0.0,IA,1.0,3075.0
2025-05-19,0,0.8571428571428571,IA,1.0,3504.0
2025-05-26,0,0.8571428571428571,IA,1.0,3482.0
2025-06-02,1,0.0,IA,1.0,3453.0
2025-06-09,1,0.0,IA,1.0,3410.0
2025-06-16,1,0.42857142857142855,IA,1.0,3663.0
2025-06-23,1,1.0,IA,1.0,3992.0
2025-06-30,1,0.14285714285714285,IA,1.0,3450.0
2025-07-07,1,0.0,IA,1.0,3451.0
2025-07-14,1,0.14285714285714285,IA,1.0,3460.0
2025-07-21,1,1.0,IA,1.0,3936.0
2025-07-28,1,0.5714285714285714,IA,1.0,3743.0
2025-08-04,1,0.0,IA,0.9985395315930832,3452.0
2025-08-11,1,0.0,IA,0.9970790631861665,3453.0
2025-08-18,0,0.7142857142857143,IA,0.9956185947792496,3403.0
2025-08-25,0,1.0,IA,0.9941581263723328,3451.0
2025-09-01,0,0.0,IA,0.992697657965416,2957.0
2025-09-08,0,0.0,IA,0.9912371895584993,2984.0
2025-09-15,0,0.2857142857142857,IA,0.9897767211515824,3119.0
2025-09-22,0,1.0,IA,0.9883162527446656,3360.0
2025-09-29,0,0.2857142857142857,IA,0.9868557843377488,3010.0
2025-10-06,0,0.0,IA,0.9853953159308321,2878.0
2025-10-13,0,0.0,IA,0.9839348475239152,2922.0
2025-10-20,0,1.0,IA,0.9824743791169984,3271.0
2025-10-27,0,0.7142857142857143,IA,0.9810139107100816,3126.0
2025-11-03,0,0.0,IA,0.9795534423031649,3157.0
2025-11-10,0,0.0,IA,0.978092973896248,3094.0
2025-11-17,0,0.5714285714285714,IA,0.9766325054893312,3367.0
2025-11-24,0,1.0,IA,0.9751720370824144,3557.0
2025-12-01,0,0.0,IA,0.9737115686754977,3130.0
2025-12-08,0,0.0,IA,0.9722511002685809,3107.0
2025-12-15,0,0.2857142857142857,IA,0.970790631861664,3209.0
2025-12-22,1,1.0,IA,0.9693301634547472,3951.0
2025-12-29,1,0.42857142857142855,IA,0.9678696950478305,3740.0
2026-01-05,1,0.0,IA,0.9664092266409137,3222.0
2026-01-12,0,0.0,IA,0.9649487582339968,2855.0
2026-01-19,0,0.8571428571428571,IA,0.96348828982708,3271.0
2026-01-26,0,0.8571428571428571,IA,0.9620278214201633,3238.0
2026-02-02,0,0.0,IA,0.9605673530132465,2927.0
2026-02-09,0,0.0,IA,0.9591068846063296,2923.0
2026-02-16,0,0.42857142857142855,IA,0.9576464161994128,3123.0
2026-02-23,0,0.8571428571428571,IA,0.9561859477924961,3320.0
2026-03-02,0,0.0,IA,0.9547254793855793,3027.0
2026-03-09,0,0.0,IA,0.9532650109786625,3042.0
2026-03-16,0,0.42857142857142855,IA,0.9518045425717456,3216.0
2026-03-23,0,1.0,IA,0.9503440741648289,3576.0
2026-03-30,0,0.2857142857142857,IA,0.9488836057579121,3266.0
2026-04-06,0,0.0,IA,0.9474231373509953,3176.0
2026-04-13,0,0.0,IA,0.9459626689440784,3129.0
2026-04-20,0,1.0,IA,0.9445022005371617,3738.0
2026-04-27,0,0.5714285714285714,IA,0.9430417321302449,3525.0
2026-05-04,0,0.0,IA,0.9415812637233281,3258.0
2026-05-11,0,0.0,IA,0.9401207953164112,3280.0
2026-05-18,0,0.7142857142857143,IA,0.9386603269094945,3577.0
2026-05-25,0,1.0,IA,0.9371998585025777,3784.0
2026-06-01,1,0.0,IA,0.9357393900956609,3765.0
2026-06-08,1,0.0,IA,0.9342789216887442,3688.0
2026-06-15,1,0.2857142857142857,IA,0.9328184532818273,3915.0
2026-06-22,1,1.0,IA,0.9313579848749105,4261.0
2026-06-29,1,0.2857142857142857,IA,0.9298975164679937,3818.0
2026-07-06,1,0.0,IA,0.9284370480610769,3718.0
2026-07-13,1,0.0,IA,0.9269765796541601,3828.0
2026-07-20,1,1.0,IA,0.9255161112472433,4313.0
2026-07-27,1,0.7142857142857143,IA,0.9255161112472433,4081.0
2026-08-03,1,0.0,IA,0.9255161112472433,3647.0
2026-08-10,1,0.0,IA,0.9255161112472433,3631.0
2026-08-17,0,0.5714285714285714,IA,0.9255161112472433,3578.0
2026-08-24,0,1.0,IA,0.9255161112472433,3720.0
2026-08-31,0,0.14285714285714285,IA,0.9255161112472433,3210.0
2026-09-07,0,0.0,IA,0.9255161112472433,3182.0
2026-09-14,0,0.14285714285714285,IA,0.9255161112472433,3323.0
2026-09-21,0,1.0,IA,0.9255161112472433,3573.0
2019-01-07,0,0.0,ID,1.0,1224.0
2019-01-14,0,0.14285714285714285,ID,1.0,1219.0
2019-01-21,0,1.0,ID,1.0,1419.0
2019-01-28,0,0.5714285714285714,ID,1.0,1361.0
2019-02-04,0,0.0,ID,1.0,1243.0
2019-02-11,0,0.0,ID,1.0,1205.0
2019-02-18,0,0.7142857142857143,ID,1.0,1357.0
2019-02-25,0,0.5714285714285714,ID,1.0,1351.0
2019-03-04,0,0.0,ID,1.0,1232.0
2019-03-11,0,0.0,ID,1.0,1254.0
2019-03-18,0,0.7142857142857143,ID,1.0,1422.0
2019-03-25,0,1.0,ID,1.0,1456.0
2019-04-01,0,0.0,ID,1.0,1289.0
2019-04-08,0,0.0,ID,1.0,1341.0
2019-04-15,0,0.2857142857142857,ID,1.0,1388.0
2019-04-22,0,1.0,ID,1.0,1494.0
2019-04-29,0,0.2857142857142857,ID,1.0,1394.0
2019-05-06,0,0.0,ID,1.0,1327.0
2019-05-13,0,0.0,ID,1.0,1347.0
2019-05-20,0,1.0,ID,1.0,1576.0
2019-05-27,0,0.7142857142857143,ID,1.0,1511.0
2019-06-03,1,0.0,ID,1.0,1535.0
2019-06-10,1,0.0,ID,1.0,1524.0
2019-06-17,1,0.5714285714285714,ID,1.0,1615.0
2019-06-24,1,1.0,ID,1.0,1751.0
2019-07-01,1,0.0,ID,1.0,1581.0
2019-07-08,1,0.0,ID,1.0,1498.0
2019-07-15,1,0.2857142857142857,ID,1.0,1560.0
2019-07-22,1,1.0,ID,1.0,1701.0
2019-07-29,1,0.42857142857142855,ID,1.0,1625.0
2019-08-05,1,0.0,ID,1.0,1522.0
2019-08-12,1,0.0,ID,1.0,1437.0
2019-08-19,0,0.8571428571428571,ID,1.0,1489.0
2019-08-26,0,0.8571428571428571,ID,1.0,1448.0
2019-09-02,0,0.0,ID,1.0,1281.0
2019-09-09,0,0.0,ID,1.0,1274.0
2019-09-16,0,0.42857142857142855,ID,1.0,1363.0
2019-09-23,0,1.0,ID,1.0,1427.0
2019-09-30,0,0.14285714285714285,ID,1.0,1276.0
2019-10-07,0,0.0,ID,1.0,1232.0
2019-10-14,0,0.14285714285714285,ID,1.0,1215.0
2019-10-21,0,1.0,ID,1.0,1404.0
2019-10-28,0,0.5714285714285714,ID,1.0,1326.0
2019-11-04,0,0.0,ID,1.0,1344.0
2019-11-11,0,0.0,ID,1.0,1276.0
2019-11-18,0,0.7142857142857143,ID,1.0,1426.0
2019-11-25,0,0.8571428571428571,ID,1.0,1465.0
2019-12-02,0,0.0,ID,1.0,1296.0
2019-12-09,0,0.0,ID,1.0,1305.0
2019-12-16,0,0.42857142857142855,ID,1.0,1354.0
2019-12-23,1,1.0,ID,1.0,1648.0
2019-12-30,1,0.2857142857142857,ID,1.0,1505.0
2020-01-06,0,0.0,ID,1.0,1143.0
2020-01-13,0,0.0,ID,1.0,1171.0
2020-01-20,0,1.0,ID,1.0,1340.0
2020-01-27,0,0.7142857142857143,ID,1.0,1295.0
2020-02-03,0,0.0,ID,1.0,1122.0
2020-02-10,0,0.0,ID,1.0,1180.0
2020-02-17,0,0.5714285714285714,ID,1.0,1275.0
2020-02-24,0,0.8571428571428571,ID,1.0,1318.0
2020-03-02,0,0.0,ID,1.0,1214.0
2020-03-09,0,0.0,ID,1.0,1210.0
2020-03-16,0,0.42857142857142855,ID,1.0,1262.0
2020-03-23,0,1.0,ID,1.0,1383.0
2020-03-30,0,0.2857142857142857,ID,1.0,1295.0
2020-04-06,0,0.0,ID,1.0,1223.0
2020-04-13,0,0.0,ID,1.0,1232.0
2020-04-20,0,1.0,ID,1.0,1440.0
2020-04-27,0,0.5714285714285714,ID,1.0,1381.0
2020-05-04,0,0.0,ID,1.0,1251.0
2020-05-11,0,0.0,ID,1.0,1276.0
2020-05-18,0,0.7142857142857143,ID,1.0,1372.0
2020-05-25,0,1.0,ID,1.0,1472.0
2020-06-01,1,0.0,ID,1.0,1390.0
2020-06-08,1,0.0,ID,1.0,1419.0
2020-06-15,1,0.2857142857142857,ID,1.0,1448.0
2020-06-22,1,1.0,ID,1.0,1641.0
2020-06-29,1,0.2857142857142857,ID,1.0,1460.0
2020-07-06,1,0.0,ID,1.0,1413.0
2020-07-13,1,0.0,ID,1.0,1405.0
2020-07-20,1,1.0,ID,1.0,1589.0
2020-07-27,1,0.7142857142857143,ID,1.0,1535.0
2020-08-03,1,0.0,ID,1.0,1392.0
2020-08-10,1,0.0,ID,1.0,1402.0
2020-08-17,0,0.5714285714285714,ID,1.0,1306.0
2020-08-24,0,1.0,ID,1.0,1422.0
2020-08-31,0,0.14285714285714285,ID,1.0,1227.0
2020-09-07,0,0.0,ID,1.0,1163.0
2020-09-14,0,0.14285714285714285,ID,1.0,1202.0
2020-09-21,0,1.0,ID,1.0,1354.0
2020-09-28,0,0.42857142857142855,ID,1.0,1240.0
2020-10-05,0,0.0,ID,1.0,1169.0
2020-10-12,0,0.0,ID,1.0,1134.0
2020-10-19,0,0.8571428571428571,ID,1.0,1255.0
2020-10-26,0,0.8571428571428571,ID,1.0,1253.0
2020-11-02,0,0.0,ID,1.0,1206.0
2020-11-09,0,0.0,ID,1.0,1203.0
2020-11-16,0,0.42857142857142855,ID,1.0,1298.0
2020-11-23,0,1.0,ID,1.0,1386.0
2020-11-30,0,0.14285714285714285,ID,1.0,1223.0
2020-12-07,0,0.0,ID,1.0,1185.0
2020-12-14,0,0.14285714285714285,ID,1.0,1220.0
2020-12-21,1,1.0,ID,1.0,1519.0
2020-12-28,1,0.5714285714285714,ID,1.0,1459.0
2021-01-04,1,0.0,ID,1.0,1221.0
2021-01-11,0,0.0,ID,1.0,1092.0
2021-01-18,0,0.7142857142857143,ID,1.0,1206.0
2021-01-25,0,1.0,ID,1.0,1242.0
2021-02-01,0,0.0,ID,1.0,1081.0
2021-02-08,0,0.0,ID,1.0,1122.0
2021-02-15,0,0.2857142857142857,ID,1.0,1141.0
2021-02-22,0,1.0,ID,1.0,1255.0
2021-03-01,0,0.0,ID,1.0,1093.0
2021-03-08,0,0.0,ID,1.0,1112.0
2021-03-15,0,0.2857142857142857,ID,1.0,1174.0
2021-03-22,0,1.0,ID,1.0,1255.0
2021-03-29,0,0.42857142857142855,ID,1.0,1202.0
2021-04-05,0,0.0,ID,1.0,1118.0
2021-04-12,0,0.0,ID,1.0,1158.0
2021-04-19,0,0.8571428571428571,ID,1.0,1291.0
2021-04-26,0,0.7142857142857143,ID,1.0,1266.0
2021-05-03,0,0.0,ID,1.0,1135.0
2021-05-10,0,0.0,ID,1.0,1185.0
2021-05-17,0,0.5714285714285714,ID,1.0,1275.0
2021-05-24,0,1.0,ID,1.0,1317.0
2021-05-31,0,0.14285714285714285,ID,1.0,1212.0
2021-06-07,1,0.0,ID,1.0,1302.0
2021-06-14,1,0.14285714285714285,ID,1.0,1328.0
2021-06-21,1,1.0,ID,1.0,1540.0
2021-06-28,1,0.42857142857142855,ID,1.0,1430.0
2021-07-05,1,0.0,ID,1.0,1290.0
2021-07-12,1,0.0,ID,1.0,1298.0
2021-07-19,1,0.8571428571428571,ID,1.0,1510.0
2021-07-26,1,0.8571428571428571,ID,1.0,1515.0
2021-08-02,1,0.0,ID,1.0,1304.0
2021-08-09,1,0.0,ID,1.0,1337.0
2021-08-16,0,0.42857142857142855,ID,1.0,1276.0
2021-08-23,0,1.0,ID,1.0,1344.0
2021-08-30,0,0.2857142857142857,ID,1.0,1227.0
2021-09-06,0,0.0,ID,1.0,1194.0
2021-09-13,0,0.0,ID,1.0,1177.0
2021-09-20,0,1.0,ID,1.0,1371.0
2021-09-27,0,0.5714285714285714,ID,1.0,1293.0
2021-10-04,0,0.0,ID,1.0,1209.0
2021-10-11,0,0.0,ID,1.0,1166.0
2021-10-18,0,0.7142857142857143,ID,1.0,1339.0
2021-10-25,0,1.0,ID,1.0,1378.0
2021-11-01,0,0.0,ID,1.0,1353.0
2021-11-08,0,0.0,ID,1.0,1296.0
2021-11-15,0,0.2857142857142857,ID,1.0,1390.0
2021-11-22,0,1.0,ID,1.0,1498.0
2021-11-29,0,0.2857142857142857,ID,1.0,1362.0
2021-12-06,0,0.0,ID,1.0,1305.0
2021-12-13,0,0.0,ID,1.0,1313.0
2021-12-20,1,1.0,ID,1.0,1713.0
2021-12-27,1,0.7142857142857143,ID,1.0,1641.0
2022-01-03,1,0.0,ID,1.0,1360.0
2022-01-10,0,0.0,ID,1.0,1240.0
2022-01-17,0,0.5714285714285714,ID,1.0,1370.0
2022-01-24,0,1.0,ID,1.0,1430.0
2022-01-31,0,0.14285714285714285,ID,1.0,1361.0
2022-02-07,0,0.0,ID,1.0,1288.0
2022-02-14,0,0.14285714285714285,ID,1.0,1325.0
2022-02-21,0,1.0,ID,1.0,1545.0
2022-02-28,0,0.14285714285714285,ID,1.0,1412.0
2022-03-07,0,0.0,ID,1.0,1364.0
2022-03-14,0,0.14285714285714285,ID,1.0,1458.0
2022-03-21,0,1.0,ID,1.0,1617.0
2022-03-28,0,0.5714285714285714,ID,1.0,1551.0
2022-04-04,0,0.0,ID,1.0,1406.0
2022-04-11,0,0.0,ID,1.0,1469.0
2022-04-18,0,0.7142857142857143,ID,1.0,1639.0
2022-04-25,0,0.8571428571428571,ID,1.0,1727.0
2022-05-02,0,0.0,ID,1.0,1545.0
2022-05-09,0,0.0,ID,1.0,1572.0
2022-05-16,0,0.42857142857142855,ID,1.0,1666.0
2022-05-23,0,1.0,ID,1.0,1765.0
2022-05-30,0,0.2857142857142857,ID,1.0,1647.0
2022-06-06,1,0.0,ID,1.0,1806.0
2022-06-13,1,0.0,ID,1.0,1748.0
2022-06-20,1,1.0,ID,1.0,2043.0
2022-06-27,1,0.5714285714285714,ID,1.0,1989.0
2022-07-04,1,0.0,ID,1.0,1775.0
2022-07-11,1,0.0,ID,1.0,1805.0
2022-07-18,1,0.7142857142857143,ID,1.0,1983.0
2022-07-25,1,1.0,ID,1.0,2079.0
2022-08-01,1,0.0,ID,1.0,1777.0
2022-08-08,1,0.0,ID,1.0,1731.0
2022-08-15,0,0.2857142857142857,ID,1.0,1691.0
2022-08-22,0,1.0,ID,1.0,1852.0
2022-08-29,0,0.42857142857142855,ID,1.0,1695.0
2022-09-05,0,0.0,ID,1.0,1602.0
2022-09-12,0,0.0,ID,1.0,1547.0
2022-09-19,0,0.8571428571428571,ID,1.0,1776.0
2022-09-26,0,0.7142857142857143,ID,1.0,1714.0
2022-10-03,0,0.0,ID,1.0,1534.0
2022-10-10,0,0.0,ID,1.0,1543.0
2022-10-17,0,0.5714285714285714,ID,1.0,1673.0
2022-10-24,0,1.0,ID,1.0,1793.0
2022-10-31,0,0.14285714285714285,ID,1.0,1564.0
2022-11-07,0,0.0,ID,1.0,1722.0
2022-11-14,0,0.14285714285714285,ID,1.0,1706.0
2022-11-21,0,1.0,ID,1.0,1948.0
2022-11-28,0,0.42857142857142855,ID,1.0,1771.0
2022-12-05,0,0.0,ID,1.0,1675.0
2022-12-12,0,0.0,ID,1.0,1691.0
2022-12-19,0,0.8571428571428571,ID,1.0,1900.0
2022-12-26,1,0.8571428571428571,ID,1.0,2101.0
2023-01-02,1,0.0,ID,1.0,1698.0
2023-01-09,0,0.0,ID,1.0,1507.0
2023-01-16,0,0.42857142857142855,ID,1.0,1604.0
2023-01-23,0,1.0,ID,1.0,1809.0
2023-01-30,0,0.2857142857142857,ID,1.0,1624.0
2023-02-06,0,0.0,ID,1.0,1534.0
2023-02-13,0,0.0,ID,1.0,1585.0
2023-02-20,0,1.0,ID,1.0,1850.0
2023-02-27,0,0.2857142857142857,ID,1.0,1664.0
2023-03-06,0,0.0,ID,1.0,1641.0
2023-03-13,0,0.0,ID,1.0,1670.0
2023-03-20,0,1.0,ID,1.0,1925.0
2023-03-27,0,0.7142857142857143,ID,1.0,1831.0
2023-04-03,0,0.0,ID,1.0,1721.0
2023-04-10,0,0.0,ID,1.0,1743.0
2023-04-17,0,0.5714285714285714,ID,1.0,1881.0
2023-04-24,0,1.0,ID,1.0,1957.0
2023-05-01,0,0.0,ID,1.0,1737.0
2023-05-08,0,0.0,ID,1.0,1793.0
2023-05-15,0,0.2857142857142857,ID,1.0,1809.0
2023-05-22,0,1.0,ID,1.0,2072.0
2023-05-29,0,0.42857142857142855,ID,1.0,1921.0
2023-06-05,1,0.0,ID,1.0,2040.0
2023-06-12,1,0.0,ID,1.0,2052.0
2023-06-19,1,0.8571428571428571,ID,1.0,2334.0
2023-06-26,1,0.7142857142857143,ID,1.0,2283.0
2023-07-03,1,0.0,ID,1.0,2080.0
2023-07-10,1,0.0,ID,1.0,2035.0
2023-07-17,1,0.5714285714285714,ID,1.0,2230.0
2023-07-24,1,1.0,ID,1.0,2347.0
2023-07-31,1,0.14285714285714285,ID,1.0,2039.0
2023-08-07,1,0.0,ID,1.0,2055.0
2023-08-14,1,0.14285714285714285,ID,1.0,1988.0
2023-08-21,0,1.0,ID,1.0,2092.0
2023-08-28,0,0.5714285714285714,ID,1.0,1898.0
2023-09-04,0,0.0,ID,1.0,1769.0
2023-09-11,0,0.0,ID,1.0,1801.0
2023-09-18,0,0.7142857142857143,ID,1.0,1937.0
2023-09-25,0,0.8571428571428571,ID,1.0,2025.0
2023-10-02,0,0.0,ID,1.0,1790.0
2023-10-09,0,0.0,ID,1.0,1765.0
2023-10-16,0,0.42857142857142855,ID,1.0,1863.0
2023-10-23,0,1.0,ID,1.0,2049.0
2023-10-30,0,0.2857142857142857,ID,1.0,1772.0
2023-11-06,0,0.0,ID,1.0,1952.0
2023-11-13,0,0.0,ID,1.0,1925.0
2023-11-20,0,1.0,ID,1.0,2228.0
2023-11-27,0,0.5714285714285714,ID,1.0,2078.0
2023-12-04,0,0.0,ID,1.0,1926.0
2023-12-11,0,0.0,ID,1.0,1935.0
2023-12-18,0,0.7142857142857143,ID,1.0,2132.0
2023-12-25,1,1.0,ID,1.0,2404.0
2024-01-01,1,0.0,ID,1.0,2047.0
2024-01-08,0,0.0,ID,1.0,1722.0
2024-01-15,0,0.2857142857142857,ID,1.0,1838.0
2024-01-22,0,1.0,ID,1.0,1981.0
2024-01-29,0,0.42857142857142855,ID,1.0,1870.0
2024-02-05,0,0.0,ID,1.0,1760.0
2024-02-12,0,0.0,ID,1.0,1819.0
2024-02-19,0,0.8571428571428571,ID,1.0,2041.0
2024-02-26,0,0.5714285714285714,ID,1.0,1995.0
2024-03-04,0,0.0,ID,1.0,1854.0
2024-03-11,0,0.0,ID,1.0,1887.0
2024-03-18,0,0.7142857142857143,ID,1.0,2147.0
2024-03-25,0,1.0,ID,1.0,2229.0
2024-04-01,0,0.0,ID,1.0,1963.0
2024-04-08,0,0.0,ID,1.0,1985.0
2024-04-15,0,0.2857142857142857,ID,1.0,2054.0
2024-04-22,0,1.0,ID,1.0,2257.0
2024-04-29,0,0.2857142857142857,ID,1.0,2053.0
2024-05-06,0,0.0,ID,1.0,1999.0
2024-05-13,0,0.0,ID,1.0,2029.0
2024-05-20,0,1.0,ID,1.0,2313.0
2024-05-27,0,0.7142857142857143,ID,1.0,2305.0
2024-06-03,1,0.0,ID,1.0,2246.0
2024-06-10,1,0.0,ID,1.0,2299.0
2024-06-17,1,0.5714285714285714,ID,1.0,2541.0
2024-06-24,1,1.0,ID,1.0,2620.0
2024-07-01,1,0.0,ID,1.0,2345.0
2024-07-08,1,0.0,ID,1.0,2254.0
2024-07-15,1,0.2857142857142857,ID,1.0,2447.0
2024-07-22,1,1.0,ID,1.0,2691.0
2024-07-29,1,0.42857142857142855,ID,1.0,2452.0
2024-08-05,1,0.0,ID,1.0,2334.0
2024-08-12,1,0.0,ID,1.0,2330.0
2024-08-19,0,0.8571428571428571,ID,1.0,2301.0
2024-08-26,0,0.8571428571428571,ID,1.0,2333.0
2024-09-02,0,0.0,ID,1.0,1981.0
2024-09-09,0,0.0,ID,1.0,2020.0
2024-09-16,0,0.42857142857142855,ID,1.0,2152.0
2024-09-23,0,1.0,ID,1.0,2279.0
2024-09-30,0,0.14285714285714285,ID,1.0,2001.0
2024-10-07,0,0.0,ID,1.0,1899.0
2024-10-14,0,0.14285714285714285,ID,1.0,1932.0
2024-10-21,0,1.0,ID,1.0,2174.0
2024-10-28,0,0.5714285714285714,ID,1.0,2084.0
2024-11-04,0,0.0,ID,1.0,2082.0
2024-11-11,0,0.0,ID,1.0,2075.0
2024-11-18,0,0.7142857142857143,ID,1.0,2348.0
2024-11-25,0,0.8571428571428571,ID,1.0,2286.0
2024-12-02,0,0.0,ID,1.0,2023.0
2024-12-09,0,0.0,ID,1.0,2060.0
2024-12-16,0,0.42857142857142855,ID,1.0,2097.0
2024-12-23,1,1.0,ID,1.0,2694.0
2024-12-30,1,0.2857142857142857,ID,1.0,2418.0
2025-01-06,0,0.0,ID,1.0,1877.0
2025-01-13,0,0.0,ID,1.0,1877.0
2025-01-20,0,1.0,ID,1.0,2225.0
2025-01-27,0,0.7142857142857143,ID,1.0,2007.0
2025-02-03,0,0.0,ID,1.0,1886.0
2025-02-10,0,0.0,ID,1.0,1899.0
2025-02-17,0,0.5714285714285714,ID,1.0,2037.0
2025-02-24,0,0.7142857142857143,ID,1.0,2137.0
2025-03-03,0,0.0,ID,1.0,1883.0
2025-03-10,0,0.0,ID,1.0,1939.0
2025-03-17,0,0.5714285714285714,ID,1.0,2139.0
2025-03-24,0,1.0,ID,1.0,2326.0
2025-03-31,0,0.14285714285714285,ID,1.0,2035.0
2025-04-07,0,0.0,ID,1.0,2027.0
2025-04-14,0,0.14285714285714285,ID,1.0,2076.0
2025-04-21,0,1.0,ID,1.0,2339.0
2025-04-28,0,0.42857142857142855,ID,1.0,2228.0
2025-05-05,0,0.0,ID,1.0,1977.0
2025-05-12,0,0.0,ID,1.0,2114.0
2025-05-19,0,0.8571428571428571,ID,1.0,2311.0
2025-05-26,0,0.8571428571428571,ID,1.0,2380.0
2025-06-02,1,0.0,ID,1.0,2273.0
2025-06-09,1,0.0,ID,1.0,2393.0
2025-06-16,1,0.42857142857142855,ID,1.0,2475.0
2025-06-23,1,1.0,ID,1.0,2716.0
2025-06-30,1,0.14285714285714285,ID,1.0,2376.0
2025-07-07,1,0.0,ID,1.0,2355.0
2025-07-14,1,0.14285714285714285,ID,1.0,2346.0
2025-07-21,1,1.0,ID,1.0,2649.0
2025-07-28,1,0.5714285714285714,ID,1.0,2511.0
2025-08-04,1,0.0,ID,0.9987593298396061,2306.0
2025-08-11,1,0.0,ID,0.9975186596792123,2348.0
2025-08-18,0,0.7142857142857143,ID,0.9962779895188185,2256.0
2025-08-25,0,1.0,ID,0.9950373193584247,2314.0
2025-09-01,0,0.0,ID,0.9937966491980308,2035.0
2025-09-08,0,0.0,ID,0.9925559790376369,2031.0
2025-09-15,0,0.2857142857142857,ID,0.9913153088772432,2132.0
2025-09-22,0,1.0,ID,0.9900746387168493,2274.0
2025-09-29,0,0.2857142857142857,ID,0.9888339685564554,2061.0
2025-10-06,0,0.0,ID,0.9875932983960616,1959.0
2025-10-13,0,0.0,ID,0.9863526282356678,1959.0
2025-10-20,0,1.0,ID,0.985111958075274,2255.0
2025-10-27,0,0.7142857142857143,ID,0.9838712879148801,2167.0
2025-11-03,0,0.0,ID,0.9826306177544862,2120.0
2025-11-10,0,0.0,ID,0.9813899475940924,2093.0
2025-11-17,0,0.5714285714285714,ID,0.9801492774336986,2275.0
2025-11-24,0,1.0,ID,0.9789086072733048,2344.0
2025-12-01,0,0.0,ID,0.9776679371129109,2061.0
2025-12-08,0,0.0,ID,0.976427266952517,2052.0
2025-12-15,0,0.2857142857142857,ID,0.9751865967921233,2214.0
2025-12-22,1,1.0,ID,0.9739459266317294,2681.0
2025-12-29,1,0.42857142857142855,ID,0.9727052564713355,2518.0
2026-01-05,1,0.0,ID,0.9714645863109417,2155.0
2026-01-12,0,0.0,ID,0.9702239161505479,1906.0
2026-01-19,0,0.8571428571428571,ID,0.9689832459901541,2154.0
2026-01-26,0,0.8571428571428571,ID,0.9677425758297602,2223.0
2026-02-02,0,0.0,ID,0.9665019056693663,2009.0
2026-02-09,0,0.0,ID,0.9652612355089726,1952.0
2026-02-16,0,0.42857142857142855,ID,0.9640205653485787,2133.0
2026-02-23,0,0.8571428571428571,ID,0.9627798951881849,2232.0
2026-03-02,0,0.0,ID,0.961539225027791,1959.0
2026-03-09,0,0.0,ID,0.9602985548673972,1968.0
2026-03-16,0,0.42857142857142855,ID,0.9590578847070034,2183.0
2026-03-23,0,1.0,ID,0.9578172145466095,2397.0
2026-03-30,0,0.2857142857142857,ID,0.9565765443862156,2226.0
2026-04-06,0,0.0,ID,0.9553358742258218,2113.0
2026-04-13,0,0.0,ID,0.954095204065428,2071.0
2026-04-20,0,1.0,ID,0.9528545339050342,2521.0
2026-04-27,0,0.5714285714285714,ID,0.9516138637446403,2374.0
2026-05-04,0,0.0,ID,0.9503731935842464,2128.0
2026-05-11,0,0.0,ID,0.9491325234238527,2205.0
2026-05-18,0,0.7142857142857143,ID,0.9478918532634588,2468.0
2026-05-25,0,1.0,ID,0.946651183103065,2561.0
2026-06-01,1,0.0,ID,0.9454105129426711,2506.0
2026-06-08,1,0.0,ID,0.9441698427822773,2456.0
2026-06-15,1,0.2857142857142857,ID,0.9429291726218835,2572.0
2026-06-22,1,1.0,ID,0.9416885024614896,2887.0
2026-06-29,1,0.2857142857142857,ID,0.9404478323010957,2643.0
2026-07-06,1,0.0,ID,0.9392071621407019,2489.0
2026-07-13,1,0.0,ID,0.9379664919803081,2510.0
2026-07-20,1,1.0,ID,0.9367258218199143,2812.0
2026-07-27,1,0.7142857142857143,ID,0.9367258218199143,2815.0
2026-08-03,1,0.0,ID,0.9367258218199143,2474.0
2026-08-10,1,0.0,ID,0.9367258218199143,2509.0
2026-08-17,0,0.5714285714285714,ID,0.9367258218199143,2350.0
2026-08-24,0,1.0,ID,0.9367258218199143,2561.0
2026-08-31,0,0.14285714285714285,ID,0.9367258218199143,2218.0
2026-09-07,0,0.0,ID,0.9367258218199143,2121.0
2026-09-14,0,0.14285714285714285,ID,0.9367258218199143,2182.0
2026-09-21,0,1.0,ID,0.9367258218199143,2463.0
2019-01-07,0,0.0,IL,1.0,9268.0
2019-01-14,0,0.14285714285714285,IL,1.0,9603.0
2019-01-21,0,1.0,IL,1.0,10899.0
2019-01-28,0,0.5714285714285714,IL,1.0,10569.0
2019-02-04,0,0.0,IL,1.0,9778.0
2019-02-11,0,0.0,IL,1.0,9362.0
2019-02-18,0,0.7142857142857143,IL,1.0,10673.0
2019-02-25,0,0.5714285714285714,IL,1.0,10738.0
2019-03-04,0,0.0,IL,1.0,9848.0
2019-03-11,0,0.0,IL,1.0,9886.0
2019-03-18,0,0.7142857142857143,IL,1.0,10932.0
2019-03-25,0,1.0,IL,1.0,11468.0
2019-04-01,0,0.0,IL,1.0,10121.0
2019-04-08,0,0.0,IL,1.0,9970.0
2019-04-15,0,0.2857142857142857,IL,1.0,10466.0
2019-04-22,0,1.0,IL,1.0,12107.0
2019-04-29,0,0.2857142857142857,IL,1.0,10417.0
2019-05-06,0,0.0,IL,1.0,10202.0
2019-05-13,0,0.0,IL,1.0,10451.0
2019-05-20,0,1.0,IL,1.0,11967.0
2019-05-27,0,0.7142857142857143,IL,1.0,11781.0
2019-06-03,1,0.0,IL,1.0,11845.0
2019-06-10,1,0.0,IL,1.0,11284.0
2019-06-17,1,0.5714285714285714,IL,1.0,12979.0
2019-06-24,1,1.0,IL,1.0,13174.0
2019-07-01,1,0.0,IL,1.0,11707.0
2019-07-08,1,0.0,IL,1.0,11265.0
2019-07-15,1,0.2857142857142857,IL,1.0,12190.0
2019-07-22,1,1.0,IL,1.0,13854.0
2019-07-29,1,0.42857142857142855,IL,1.0,12370.0
2019-08-05,1,0.0,IL,1.0,11773.0
2019-08-12,1,0.0,IL,1.0,12231.0
2019-08-19,0,0.8571428571428571,IL,1.0,11797.0
2019-08-26,0,0.8571428571428571,IL,1.0,11352.0
2019-09-02,0,0.0,IL,1.0,10495.0
2019-09-09,0,0.0,IL,1.0,10506.0
2019-09-16,0,0.42857142857142855,IL,1.0,10447.0
2019-09-23,0,1.0,IL,1.0,11340.0
2019-09-30,0,0.14285714285714285,IL,1.0,10405.0
2019-10-07,0,0.0,IL,1.0,9629.0
2019-10-14,0,0.14285714285714285,IL,1.0,9846.0
2019-10-21,0,1.0,IL,1.0,11491.0
2019-10-28,0,0.5714285714285714,IL,1.0,10931.0
2019-11-04,0,0.0,IL,1.0,10512.0
2019-11-11,0,0.0,IL,1.0,10411.0
2019-11-18,0,0.7142857142857143,IL,1.0,12217.0
2019-11-25,0,0.8571428571428571,IL,1.0,11972.0
2019-12-02,0,0.0,IL,1.0,10519.0
2019-12-09,0,0.0,IL,1.0,10203.0
2019-12-16,0,0.42857142857142855,IL,1.0,11391.0
2019-12-23,1,1.0,IL,1.0,14128.0
2019-12-30,1,0.2857142857142857,IL,1.0,12342.0
2020-01-06,0,0.0,IL,1.0,9568.0
2020-01-13,0,0.0,IL,1.0,9635.0
2020-01-20,0,1.0,IL,1.0,11487.0
2020-01-27,0,0.7142857142857143,IL,1.0,10989.0
2020-02-03,0,0.0,IL,1.0,10271.0
2020-02-10,0,0.0,IL,1.0,9641.0
2020-02-17,0,0.5714285714285714,IL,1.0,10540.0
2020-02-24,0,0.8571428571428571,IL,1.0,11428.0
2020-03-02,0,0.0,IL,1.0,10297.0
2020-03-09,0,0.0,IL,1.0,9674.0
2020-03-16,0,0.42857142857142855,IL,1.0,11153.0
2020-03-23,0,1.0,IL,1.0,12487.0
2020-03-30,0,0.2857142857142857,IL,1.0,10977.0
2020-04-06,0,0.0,IL,1.0,10940.0
2020-04-13,0,0.0,IL,1.0,10618.0
2020-04-20,0,1.0,IL,1.0,12213.0
2020-04-27,0,0.5714285714285714,IL,1.0,12032.0
2020-05-04,0,0.0,IL,1.0,11034.0
2020-05-11,0,0.0,IL,1.0,10988.0
2020-05-18,0,0.7142857142857143,IL,1.0,12337.0
2020-05-25,0,1.0,IL,1.0,12509.0
2020-06-01,1,0.0,IL,1.0,12461.0
2020-06-08,1,0.0,IL,1.0,12334.0
2020-06-15,1,0.2857142857142857,IL,1.0,13317.0
2020-06-22,1,1.0,IL,1.0,14089.0
2020-06-29,1,0.2857142857142857,IL,1.0,13146.0
2020-07-06,1,0.0,IL,1.0,12420.0
2020-07-13,1,0.0,IL,1.0,12509.0
2020-07-20,1,1.0,IL,1.0,14146.0
2020-07-27,1,0.7142857142857143,IL,1.0,14151.0
2020-08-03,1,0.0,IL,1.0,11951.0
2020-08-10,1,0.0,IL,1.0,11697.0
2020-08-17,0,0.5714285714285714,IL,1.0,11998.0
2020-08-24,0,1.0,IL,1.0,12131.0
2020-08-31,0,0.14285714285714285,IL,1.0,11496.0
2020-09-07,0,0.0,IL,1.0,10446.0
2020-09-14,0,0.14285714285714285,IL,1.0,11224.0
2020-09-21,0,1.0,IL,1.0,12219.0
2020-09-28,0,0.42857142857142855,IL,1.0,10694.0
2020-10-05,0,0.0,IL,1.0,10470.0
2020-10-12,0,0.0,IL,1.0,9823.0
2020-10-19,0,0.8571428571428571,IL,1.0,11033.0
2020-10-26,0,0.8571428571428571,IL,1.0,10800.0
2020-11-02,0,0.0,IL,1.0,10515.0
2020-11-09,0,0.0,IL,1.0,10713.0
2020-11-16,0,0.42857142857142855,IL,1.0,11162.0
2020-11-23,0,1.0,IL,1.0,12530.0
2020-11-30,0,0.14285714285714285,IL,1.0,10957.0
2020-12-07,0,0.0,IL,1.0,10182.0
2020-12-14,0,0.14285714285714285,IL,1.0,10918.0
2020-12-21,1,1.0,IL,1.0,13538.0
2020-12-28,1,0.5714285714285714,IL,1.0,12205.0
2021-01-04,1,0.0,IL,1.0,10808.0
2021-01-11,0,0.0,IL,1.0,9245.0
2021-01-18,0,0.7142857142857143,IL,1.0,10729.0
2021-01-25,0,1.0,IL,1.0,11347.0
2021-02-01,0,0.0,IL,1.0,9991.0
2021-02-08,0,0.0,IL,1.0,9319.0
2021-02-15,0,0.2857142857142857,IL,1.0,10004.0
2021-02-22,0,1.0,IL,1.0,11256.0
2021-03-01,0,0.0,IL,1.0,9844.0
2021-03-08,0,0.0,IL,1.0,9618.0
2021-03-15,0,0.2857142857142857,IL,1.0,10196.0
2021-03-22,0,1.0,IL,1.0,11738.0
2021-03-29,0,0.42857142857142855,IL,1.0,10589.0
2021-04-05,0,0.0,IL,1.0,10077.0
2021-04-12,0,0.0,IL,1.0,9597.0
2021-04-19,0,0.8571428571428571,IL,1.0,11443.0
2021-04-26,0,0.7142857142857143,IL,1.0,11378.0
2021-05-03,0,0.0,IL,1.0,10219.0
2021-05-10,0,0.0,IL,1.0,9618.0
2021-05-17,0,0.5714285714285714,IL,1.0,10805.0
2021-05-24,0,1.0,IL,1.0,11371.0
2021-05-31,0,0.14285714285714285,IL,1.0,10125.0
2021-06-07,1,0.0,IL,1.0,10845.0
2021-06-14,1,0.14285714285714285,IL,1.0,11148.0
2021-06-21,1,1.0,IL,1.0,12909.0
2021-06-28,1,0.42857142857142855,IL,1.0,11624.0
2021-07-05,1,0.0,IL,1.0,10819.0
2021-07-12,1,0.0,IL,1.0,11687.0
2021-07-19,1,0.8571428571428571,IL,1.0,12932.0
2021-07-26,1,0.8571428571428571,IL,1.0,12537.0
2021-08-02,1,0.0,IL,1.0,10627.0
2021-08-09,1,0.0,IL,1.0,11331.0
2021-08-16,0,0.42857142857142855,IL,1.0,11095.0
2021-08-23,0,1.0,IL,1.0,11556.0
2021-08-30,0,0.2857142857142857,IL,1.0,10982.0
2021-09-06,0,0.0,IL,1.0,9758.0
2021-09-13,0,0.0,IL,1.0,10479.0
2021-09-20,0,1.0,IL,1.0,11502.0
2021-09-27,0,0.5714285714285714,IL,1.0,10962.0
2021-10-04,0,0.0,IL,1.0,10221.0
2021-10-11,0,0.0,IL,1.0,10126.0
2021-10-18,0,0.7142857142857143,IL,1.0,11210.0
2021-10-25,0,1.0,IL,1.0,11856.0
2021-11-01,0,0.0,IL,1.0,10805.0
2021-11-08,0,0.0,IL,1.0,11126.0
2021-11-15,0,0.2857142857142857,IL,1.0,11703.0
2021-11-22,0,1.0,IL,1.0,13598.0
2021-11-29,0,0.2857142857142857,IL,1.0,12049.0
2021-12-06,0,0.0,IL,1.0,11159.0
2021-12-13,0,0.0,IL,1.0,11010.0
2021-12-20,1,1.0,IL,1.0,14676.0
2021-12-27,1,0.7142857142857143,IL,1.0,14394.0
2022-01-03,1,0.0,IL,1.0,12112.0
2022-01-10,0,0.0,IL,1.0,10481.0
2022-01-17,0,0.5714285714285714,IL,1.0,11401.0
2022-01-24,0,1.0,IL,1.0,12289.0
2022-01-31,0,0.14285714285714285,IL,1.0,11041.0
2022-02-07,0,0.0,IL,1.0,10993.0
2022-02-14,0,0.14285714285714285,IL,1.0,11450.0
2022-02-21,0,1.0,IL,1.0,12609.0
2022-02-28,0,0.14285714285714285,IL,1.0,11583.0
2022-03-07,0,0.0,IL,1.0,11375.0
2022-03-14,0,0.14285714285714285,IL,1.0,11673.0
2022-03-21,0,1.0,IL,1.0,13317.0
2022-03-28,0,0.5714285714285714,IL,1.0,13170.0
2022-04-04,0,0.0,IL,1.0,12018.0
2022-04-11,0,0.0,IL,1.0,12429.0
2022-04-18,0,0.7142857142857143,IL,1.0,14198.0
2022-04-25,0,0.8571428571428571,IL,1.0,13837.0
2022-05-02,0,0.0,IL,1.0,12442.0
2022-05-09,0,0.0,IL,1.0,12848.0
2022-05-16,0,0.42857142857142855,IL,1.0,13958.0
2022-05-23,0,1.0,IL,1.0,14587.0
2022-05-30,0,0.2857142857142857,IL,1.0,13495.0
2022-06-06,1,0.0,IL,1.0,15161.0
2022-06-13,1,0.0,IL,1.0,14508.0
2022-06-20,1,1.0,IL,1.0,17175.0
2022-06-27,1,0.5714285714285714,IL,1.0,15983.0
2022-07-04,1,0.0,IL,1.0,15081.0
2022-07-11,1,0.0,IL,1.0,14588.0
2022-07-18,1,0.7142857142857143,IL,1.0,16702.0
2022-07-25,1,1.0,IL,1.0,17645.0
2022-08-01,1,0.0,IL,1.0,14677.0
2022-08-08,1,0.0,IL,1.0,14941.0
2022-08-15,0,0.2857142857142857,IL,1.0,13857.0
2022-08-22,0,1.0,IL,1.0,14852.0
2022-08-29,0,0.42857142857142855,IL,1.0,13603.0
2022-09-05,0,0.0,IL,1.0,12982.0
2022-09-12,0,0.0,IL,1.0,13287.0
2022-09-19,0,0.8571428571428571,IL,1.0,15264.0
2022-09-26,0,0.7142857142857143,IL,1.0,14145.0
2022-10-03,0,0.0,IL,1.0,12691.0
2022-10-10,0,0.0,IL,1.0,12759.0
2022-10-17,0,0.5714285714285714,IL,1.0,13875.0
2022-10-24,0,1.0,IL,1.0,14514.0
2022-10-31,0,0.14285714285714285,IL,1.0,13261.0
2022-11-07,0,0.0,IL,1.0,13106.0
2022-11-14,0,0.14285714285714285,IL,1.0,14143.0
2022-11-21,0,1.0,IL,1.0,15831.0
2022-11-28,0,0.42857142857142855,IL,1.0,14070.0
2022-12-05,0,0.0,IL,1.0,13853.0
2022-12-12,0,0.0,IL,1.0,13132.0
2022-12-19,0,0.8571428571428571,IL,1.0,15200.0
2022-12-26,1,0.8571428571428571,IL,1.0,17245.0
2023-01-02,1,0.0,IL,1.0,14423.0
2023-01-09,0,0.0,IL,1.0,12853.0
2023-01-16,0,0.42857142857142855,IL,1.0,13998.0
2023-01-23,0,1.0,IL,1.0,14465.0
2023-01-30,0,0.2857142857142857,IL,1.0,13559.0
2023-02-06,0,0.0,IL,1.0,12638.0
2023-02-13,0,0.0,IL,1.0,13059.0
2023-02-20,0,1.0,IL,1.0,15104.0
2023-02-27,0,0.2857142857142857,IL,1.0,14072.0
2023-03-06,0,0.0,IL,1.0,14082.0
2023-03-13,0,0.0,IL,1.0,12912.0
2023-03-20,0,1.0,IL,1.0,15541.0
2023-03-27,0,0.7142857142857143,IL,1.0,14828.0
2023-04-03,0,0.0,IL,1.0,13854.0
2023-04-10,0,0.0,IL,1.0,14087.0
2023-04-17,0,0.5714285714285714,IL,1.0,14950.0
2023-04-24,0,1.0,IL,1.0,16942.0
2023-05-01,0,0.0,IL,1.0,14327.0
2023-05-08,0,0.0,IL,1.0,14995.0
2023-05-15,0,0.2857142857142857,IL,1.0,15131.0
2023-05-22,0,1.0,IL,1.0,17180.0
2023-05-29,0,0.42857142857142855,IL,1.0,15674.0
2023-06-05,1,0.0,IL,1.0,16466.0
2023-06-12,1,0.0,IL,1.0,16389.0
2023-06-19,1,0.8571428571428571,IL,1.0,18943.0
2023-06-26,1,0.7142857142857143,IL,1.0,18441.0
2023-07-03,1,0.0,IL,1.0,17337.0
2023-07-10,1,0.0,IL,1.0,16373.0
2023-07-17,1,0.5714285714285714,IL,1.0,17591.0
2023-07-24,1,1.0,IL,1.0,18375.0
2023-07-31,1,0.14285714285714285,IL,1.0,16934.0
2023-08-07,1,0.0,IL,1.0,16710.0
2023-08-14,1,0.14285714285714285,IL,1.0,16418.0
2023-08-21,0,1.0,IL,1.0,16809.0
2023-08-28,0,0.5714285714285714,IL,1.0,16023.0
2023-09-04,0,0.0,IL,1.0,13882.0
2023-09-11,0,0.0,IL,1.0,14904.0
2023-09-18,0,0.7142857142857143,IL,1.0,15770.0
2023-09-25,0,0.8571428571428571,IL,1.0,15820.0
2023-10-02,0,0.0,IL,1.0,14299.0
2023-10-09,0,0.0,IL,1.0,13844.0
2023-10-16,0,0.42857142857142855,IL,1.0,14254.0
2023-10-23,0,1.0,IL,1.0,15924.0
2023-10-30,0,0.2857142857142857,IL,1.0,13589.0
2023-11-06,0,0.0,IL,1.0,14966.0
2023-11-13,0,0.0,IL,1.0,16173.0
2023-11-20,0,1.0,IL,1.0,17328.0
2023-11-27,0,0.5714285714285714,IL,1.0,16148.0
2023-12-04,0,0.0,IL,1.0,15032.0
2023-12-11,0,0.0,IL,1.0,15225.0
2023-12-18,0,0.7142857142857143,IL,1.0,16304.0
2023-12-25,1,1.0,IL,1.0,19359.0
2024-01-01,1,0.0,IL,1.0,14957.0
2024-01-08,0,0.0,IL,1.0,13244.0
2024-01-15,0,0.2857142857142857,IL,1.0,14380.0
2024-01-22,0,1.0,IL,1.0,15551.0
2024-01-29,0,0.42857142857142855,IL,1.0,14084.0
2024-02-05,0,0.0,IL,1.0,13818.0
2024-02-12,0,0.0,IL,1.0,13575.0
2024-02-19,0,0.8571428571428571,IL,1.0,15279.0
2024-02-26,0,0.5714285714285714,IL,1.0,15454.0
2024-03-04,0,0.0,IL,1.0,13945.0
2024-03-11,0,0.0,IL,1.0,14480.0
2024-03-18,0,0.7142857142857143,IL,1.0,16181.0
2024-03-25,0,1.0,IL,1.0,16921.0
2024-04-01,0,0.0,IL,1.0,14586.0
2024-04-08,0,0.0,IL,1.0,15087.0
2024-04-15,0,0.2857142857142857,IL,1.0,15087.0
2024-04-22,0,1.0,IL,1.0,16759.0
2024-04-29,0,0.2857142857142857,IL,1.0,15795.0
2024-05-06,0,0.0,IL,1.0,15258.0
2024-05-13,0,0.0,IL,1.0,15500.0
2024-05-20,0,1.0,IL,1.0,17833.0
2024-05-27,0,0.7142857142857143,IL,1.0,17294.0
2024-06-03,1,0.0,IL,1.0,17826.0
2024-06-10,1,0.0,IL,1.0,17434.0
2024-06-17,1,0.5714285714285714,IL,1.0,18618.0
2024-06-24,1,1.0,IL,1.0,19877.0
2024-07-01,1,0.0,IL,1.0,17454.0
2024-07-08,1,0.0,IL,1.0,17091.0
2024-07-15,1,0.2857142857142857,IL,1.0,17801.0
2024-07-22,1,1.0,IL,1.0,20751.0
2024-07-29,1,0.42857142857142855,IL,1.0,18988.0
2024-08-05,1,0.0,IL,1.0,17291.0
2024-08-12,1,0.0,IL,1.0,16877.0
2024-08-19,0,0.8571428571428571,IL,1.0,16870.0
2024-08-26,0,0.8571428571428571,IL,1.0,17198.0
2024-09-02,0,0.0,IL,1.0,15196.0
2024-09-09,0,0.0,IL,1.0,15315.0
2024-09-16,0,0.42857142857142855,IL,1.0,15632.0
2024-09-23,0,1.0,IL,1.0,16782.0
2024-09-30,0,0.14285714285714285,IL,1.0,15122.0
2024-10-07,0,0.0,IL,1.0,14254.0
2024-10-14,0,0.14285714285714285,IL,1.0,14847.0
2024-10-21,0,1.0,IL,1.0,16466.0
2024-10-28,0,0.5714285714285714,IL,1.0,15403.0
2024-11-04,0,0.0,IL,1.0,15723.0
2024-11-11,0,0.0,IL,1.0,15921.0
2024-11-18,0,0.7142857142857143,IL,1.0,16431.0
2024-11-25,0,0.8571428571428571,IL,1.0,15962.0
2024-12-02,0,0.0,IL,1.0,15309.0
2024-12-09,0,0.0,IL,1.0,15588.0
2024-12-16,0,0.42857142857142855,IL,1.0,15788.0
2024-12-23,1,1.0,IL,1.0,19503.0
2024-12-30,1,0.2857142857142857,IL,1.0,17854.0
2025-01-06,0,0.0,IL,1.0,13711.0
2025-01-13,0,0.0,IL,1.0,13524.0
2025-01-20,0,1.0,IL,1.0,15698.0
2025-01-27,0,0.7142857142857143,IL,1.0,14855.0
2025-02-03,0,0.0,IL,1.0,13969.0
2025-02-10,0,0.0,IL,1.0,13840.0
2025-02-17,0,0.5714285714285714,IL,1.0,15867.0
2025-02-24,0,0.7142857142857143,IL,1.0,16463.0
2025-03-03,0,0.0,IL,1.0,14955.0
2025-03-10,0,0.0,IL,1.0,14435.0
2025-03-17,0,0.5714285714285714,IL,1.0,16089.0
2025-03-24,0,1.0,IL,1.0,17244.0
2025-03-31,0,0.14285714285714285,IL,1.0,14788.0
2025-04-07,0,0.0,IL,1.0,14452.0
2025-04-14,0,0.14285714285714285,IL,1.0,15453.0
2025-04-21,0,1.0,IL,1.0,17688.0
2025-04-28,0,0.42857142857142855,IL,1.0,16143.0
2025-05-05,0,0.0,IL,1.0,15151.0
2025-05-12,0,0.0,IL,1.0,15745.0
2025-05-19,0,0.8571428571428571,IL,1.0,17277.0
2025-05-26,0,0.8571428571428571,IL,1.0,17276.0
2025-06-02,1,0.0,IL,1.0,17728.0
2025-06-09,1,0.0,IL,1.0,17856.0
2025-06-16,1,0.42857142857142855,IL,1.0,18630.0
2025-06-23,1,1.0,IL,1.0,20382.0
2025-06-30,1,0.14285714285714285,IL,1.0,18031.0
2025-07-07,1,0.0,IL,1.0,17023.0
2025-07-14,1,0.14285714285714285,IL,1.0,18288.0
2025-07-21,1,1.0,IL,1.0,20410.0
2025-07-28,1,0.5714285714285714,IL,1.0,18510.0
2025-08-04,1,0.0,IL,0.9961914928028465,17092.0
2025-08-11,1,0.0,IL,0.992382985605693,17032.0
2025-08-18,0,0.7142857142857143,IL,0.9885744784085395,17055.0
2025-08-25,0,1.0,IL,0.9847659712113861,17375.0
2025-09-01,0,0.0,IL,0.9809574640142326,15820.0
2025-09-08,0,0.0,IL,0.977148956817079,14883.0
2025-09-15,0,0.2857142857142857,IL,0.9733404496199256,16123.0
2025-09-22,0,1.0,IL,0.9695319424227721,17483.0
2025-09-29,0,0.2857142857142857,IL,0.9657234352256187,15920.0
2025-10-06,0,0.0,IL,0.9619149280284651,14884.0
2025-10-13,0,0.0,IL,0.9581064208313117,15317.0
2025-10-20,0,1.0,IL,0.9542979136341582,17388.0
2025-10-27,0,0.7142857142857143,IL,0.9504894064370046,16420.0
2025-11-03,0,0.0,IL,0.9466808992398512,16595.0
2025-11-10,0,0.0,IL,0.9428723920426977,16717.0
2025-11-17,0,0.5714285714285714,IL,0.9390638848455443,17869.0
2025-11-24,0,1.0,IL,0.9352553776483907,19191.0
2025-12-01,0,0.0,IL,0.9314468704512372,16460.0
2025-12-08,0,0.0,IL,0.9276383632540838,16565.0
2025-12-15,0,0.2857142857142857,IL,0.9238298560569302,17600.0
2025-12-22,1,1.0,IL,0.9200213488597768,20988.0
2025-12-29,1,0.42857142857142855,IL,0.9162128416626233,19901.0
2026-01-05,1,0.0,IL,0.9124043344654698,17949.0
2026-01-12,0,0.0,IL,0.9085958272683163,15617.0
2026-01-19,0,0.8571428571428571,IL,0.9047873200711628,17797.0
2026-01-26,0,0.8571428571428571,IL,0.9009788128740094,17713.0
2026-02-02,0,0.0,IL,0.8971703056768559,15813.0
2026-02-09,0,0.0,IL,0.8933617984797024,15883.0
2026-02-16,0,0.42857142857142855,IL,0.8895532912825489,17349.0
2026-02-23,0,0.8571428571428571,IL,0.8857447840853954,18450.0
2026-03-02,0,0.0,IL,0.8819362768882419,16358.0
2026-03-09,0,0.0,IL,0.8781277696910884,16856.0
2026-03-16,0,0.42857142857142855,IL,0.8743192624939349,17888.0
2026-03-23,0,1.0,IL,0.8705107552967815,20123.0
2026-03-30,0,0.2857142857142857,IL,0.8667022480996279,18584.0
2026-04-06,0,0.0,IL,0.8628937409024745,16977.0
2026-04-13,0,0.0,IL,0.859085233705321,16835.0
2026-04-20,0,1.0,IL,0.8552767265081676,20482.0
2026-04-27,0,0.5714285714285714,IL,0.851468219311014,19488.0
2026-05-04,0,0.0,IL,0.8476597121138605,17529.0
2026-05-11,0,0.0,IL,0.8438512049167071,18351.0
2026-05-18,0,0.7142857142857143,IL,0.8400426977195535,20736.0
2026-05-25,0,1.0,IL,0.8362341905224001,20147.0
2026-06-01,1,0.0,IL,0.8324256833252466,21124.0
2026-06-08,1,0.0,IL,0.8286171761280932,21022.0
2026-06-15,1,0.2857142857142857,IL,0.8248086689309396,22721.0
2026-06-22,1,1.0,IL,0.8210001617337861,24837.0
2026-06-29,1,0.2857142857142857,IL,0.8171916545366327,21299.0
2026-07-06,1,0.0,IL,0.8133831473394791,20867.0
2026-07-13,1,0.0,IL,0.8095746401423256,21085.0
2026-07-20,1,1.0,IL,0.8057661329451722,24860.0
2026-07-27,1,0.7142857142857143,IL,0.8057661329451722,23763.0
2026-08-03,1,0.0,IL,0.8057661329451722,20539.0
2026-08-10,1,0.0,IL,0.8057661329451722,20877.0
2026-08-17,0,0.5714285714285714,IL,0.8057661329451722,19882.0
2026-08-24,0,1.0,IL,0.8057661329451722,21950.0
2026-08-31,0,0.14285714285714285,IL,0.8057661329451722,18287.0
2026-09-07,0,0.0,IL,0.8057661329451722,18799.0
2026-09-14,0,0.14285714285714285,IL,0.8057661329451722,18744.0
2026-09-21,0,1.0,IL,0.8057661329451722,21095.0
2019-01-07,0,0.0,IN,1.0,5889.0
2019-01-14,0,0.14285714285714285,IN,1.0,6105.0
2019-01-21,0,1.0,IN,1.0,6715.0
2019-01-28,0,0.5714285714285714,IN,1.0,6623.0
2019-02-04,0,0.0,IN,1.0,6099.0
2019-02-11,0,0.0,IN,1.0,6070.0
2019-02-18,0,0.7142857142857143,IN,1.0,6735.0
2019-02-25,0,0.5714285714285714,IN,1.0,6598.0
2019-03-04,0,0.0,IN,1.0,6085.0
2019-03-11,0,0.0,IN,1.0,6154.0
2019-03-18,0,0.7142857142857143,IN,1.0,6911.0
2019-03-25,0,1.0,IN,1.0,7275.0
2019-04-01,0,0.0,IN,1.0,6303.0
2019-04-08,0,0.0,IN,1.0,6421.0
2019-04-15,0,0.2857142857142857,IN,1.0,6743.0
2019-04-22,0,1.0,IN,1.0,7422.0
2019-04-29,0,0.2857142857142857,IN,1.0,6792.0
2019-05-06,0,0.0,IN,1.0,6460.0
2019-05-13,0,0.0,IN,1.0,6584.0
2019-05-20,0,1.0,IN,1.0,7601.0
2019-05-27,0,0.7142857142857143,IN,1.0,7433.0
2019-06-03,1,0.0,IN,1.0,7523.0
2019-06-10,1,0.0,IN,1.0,7534.0
2019-06-17,1,0.5714285714285714,IN,1.0,8080.0
2019-06-24,1,1.0,IN,1.0,8592.0
2019-07-01,1,0.0,IN,1.0,7365.0
2019-07-08,1,0.0,IN,1.0,7416.0
2019-07-15,1,0.2857142857142857,IN,1.0,7950.0
2019-07-22,1,1.0,IN,1.0,8609.0
2019-07-29,1,0.42857142857142855,IN,1.0,8093.0
2019-08-05,1,0.0,IN,1.0,7337.0
2019-08-12,1,0.0,IN,1.0,7187.0
2019-08-19,0,0.8571428571428571,IN,1.0,7408.0
2019-08-26,0,0.8571428571428571,IN,1.0,7231.0
2019-09-02,0,0.0,IN,1.0,6444.0
2019-09-09,0,0.0,IN,1.0,6368.0
2019-09-16,0,0.42857142857142855,IN,1.0,6755.0
2019-09-23,0,1.0,IN,1.0,7128.0
2019-09-30,0,0.14285714285714285,IN,1.0,6331.0
2019-10-07,0,0.0,IN,1.0,6091.0
2019-10-14,0,0.14285714285714285,IN,1.0,6234.0
2019-10-21,0,1.0,IN,1.0,7061.0
2019-10-28,0,0.5714285714285714,IN,1.0,6576.0
2019-11-04,0,0.0,IN,1.0,6668.0
2019-11-11,0,0.0,IN,1.0,6533.0
2019-11-18,0,0.7142857142857143,IN,1.0,7242.0
2019-11-25,0,0.8571428571428571,IN,1.0,7421.0
2019-12-02,0,0.0,IN,1.0,6473.0
2019-12-09,0,0.0,IN,1.0,6425.0
2019-12-16,0,0.42857142857142855,IN,1.0,6938.0
2019-12-23,1,1.0,IN,1.0,8364.0
2019-12-30,1,0.2857142857142857,IN,1.0,7551.0
2020-01-06,0,0.0,IN,1.0,5886.0
2020-01-13,0,0.0,IN,1.0,5913.0
2020-01-20,0,1.0,IN,1.0,6684.0
2020-01-27,0,0.7142857142857143,IN,1.0,6624.0
2020-02-03,0,0.0,IN,1.0,6094.0
2020-02-10,0,0.0,IN,1.0,5950.0
2020-02-17,0,0.5714285714285714,IN,1.0,6583.0
2020-02-24,0,0.8571428571428571,IN,1.0,6761.0
2020-03-02,0,0.0,IN,1.0,6213.0
2020-03-09,0,0.0,IN,1.0,6189.0
2020-03-16,0,0.42857142857142855,IN,1.0,6517.0
2020-03-23,0,1.0,IN,1.0,6991.0
2020-03-30,0,0.2857142857142857,IN,1.0,6587.0
2020-04-06,0,0.0,IN,1.0,6355.0
2020-04-13,0,0.0,IN,1.0,6270.0
2020-04-20,0,1.0,IN,1.0,7313.0
2020-04-27,0,0.5714285714285714,IN,1.0,6951.0
2020-05-04,0,0.0,IN,1.0,6393.0
2020-05-11,0,0.0,IN,1.0,6536.0
2020-05-18,0,0.7142857142857143,IN,1.0,7275.0
2020-05-25,0,1.0,IN,1.0,7634.0
2020-06-01,1,0.0,IN,1.0,7419.0
2020-06-08,1,0.0,IN,1.0,7398.0
2020-06-15,1,0.2857142857142857,IN,1.0,7778.0
2020-06-22,1,1.0,IN,1.0,8328.0
2020-06-29,1,0.2857142857142857,IN,1.0,7677.0
2020-07-06,1,0.0,IN,1.0,7299.0
2020-07-13,1,0.0,IN,1.0,7332.0
2020-07-20,1,1.0,IN,1.0,8386.0
2020-07-27,1,0.7142857142857143,IN,1.0,7943.0
2020-08-03,1,0.0,IN,1.0,6948.0
2020-08-10,1,0.0,IN,1.0,6996.0
2020-08-17,0,0.5714285714285714,IN,1.0,6812.0
2020-08-24,0,1.0,IN,1.0,7211.0
2020-08-31,0,0.14285714285714285,IN,1.0,6346.0
2020-09-07,0,0.0,IN,1.0,6129.0
2020-09-14,0,0.14285714285714285,IN,1.0,6250.0
2020-09-21,0,1.0,IN,1.0,6862.0
2020-09-28,0,0.42857142857142855,IN,1.0,6197.0
2020-10-05,0,0.0,IN,1.0,5887.0
2020-10-12,0,0.0,IN,1.0,5828.0
2020-10-19,0,0.8571428571428571,IN,1.0,6602.0
2020-10-26,0,0.8571428571428571,IN,1.0,6507.0
2020-11-02,0,0.0,IN,1.0,6251.0
2020-11-09,0,0.0,IN,1.0,6179.0
2020-11-16,0,0.42857142857142855,IN,1.0,6603.0
2020-11-23,0,1.0,IN,1.0,7095.0
2020-11-30,0,0.14285714285714285,IN,1.0,6237.0
2020-12-07,0,0.0,IN,1.0,5942.0
2020-12-14,0,0.14285714285714285,IN,1.0,6204.0
2020-12-21,1,1.0,IN,1.0,8042.0
2020-12-28,1,0.5714285714285714,IN,1.0,7163.0
2021-01-04,1,0.0,IN,1.0,6115.0
2021-01-11,0,0.0,IN,1.0,5458.0
2021-01-18,0,0.7142857142857143,IN,1.0,6043.0
2021-01-25,0,1.0,IN,1.0,6217.0
2021-02-01,0,0.0,IN,1.0,5421.0
2021-02-08,0,0.0,IN,1.0,5463.0
2021-02-15,0,0.2857142857142857,IN,1.0,5681.0
2021-02-22,0,1.0,IN,1.0,6397.0
2021-03-01,0,0.0,IN,1.0,5618.0
2021-03-08,0,0.0,IN,1.0,5557.0
2021-03-15,0,0.2857142857142857,IN,1.0,5811.0
2021-03-22,0,1.0,IN,1.0,6430.0
2021-03-29,0,0.42857142857142855,IN,1.0,6102.0
2021-04-05,0,0.0,IN,1.0,5737.0
2021-04-12,0,0.0,IN,1.0,5648.0
2021-04-19,0,0.8571428571428571,IN,1.0,6536.0
2021-04-26,0,0.7142857142857143,IN,1.0,6381.0
2021-05-03,0,0.0,IN,1.0,5732.0
2021-05-10,0,0.0,IN,1.0,5699.0
2021-05-17,0,0.5714285714285714,IN,1.0,6295.0
2021-05-24,0,1.0,IN,1.0,6625.0
2021-05-31,0,0.14285714285714285,IN,1.0,5960.0
2021-06-07,1,0.0,IN,1.0,6385.0
2021-06-14,1,0.14285714285714285,IN,1.0,6588.0
2021-06-21,1,1.0,IN,1.0,7540.0
2021-06-28,1,0.42857142857142855,IN,1.0,6820.0
2021-07-05,1,0.0,IN,1.0,6494.0
2021-07-12,1,0.0,IN,1.0,6409.0
2021-07-19,1,0.8571428571428571,IN,1.0,7365.0
2021-07-26,1,0.8571428571428571,IN,1.0,7296.0
2021-08-02,1,0.0,IN,1.0,6631.0
2021-08-09,1,0.0,IN,1.0,6431.0
2021-08-16,0,0.42857142857142855,IN,1.0,6137.0
2021-08-23,0,1.0,IN,1.0,6828.0
2021-08-30,0,0.2857142857142857,IN,1.0,6087.0
2021-09-06,0,0.0,IN,1.0,5663.0
2021-09-13,0,0.0,IN,1.0,5739.0
2021-09-20,0,1.0,IN,1.0,6652.0
2021-09-27,0,0.5714285714285714,IN,1.0,6270.0
2021-10-04,0,0.0,IN,1.0,5722.0
2021-10-11,0,0.0,IN,1.0,5722.0
2021-10-18,0,0.7142857142857143,IN,1.0,6444.0
2021-10-25,0,1.0,IN,1.0,6572.0
2021-11-01,0,0.0,IN,1.0,6266.0
2021-11-08,0,0.0,IN,1.0,6166.0
2021-11-15,0,0.2857142857142857,IN,1.0,6533.0
2021-11-22,0,1.0,IN,1.0,7161.0
2021-11-29,0,0.2857142857142857,IN,1.0,6444.0
2021-12-06,0,0.0,IN,1.0,6293.0
2021-12-13,0,0.0,IN,1.0,6389.0
2021-12-20,1,1.0,IN,1.0,8066.0
2021-12-27,1,0.7142857142857143,IN,1.0,7782.0
2022-01-03,1,0.0,IN,1.0,6536.0
2022-01-10,0,0.0,IN,1.0,5857.0
2022-01-17,0,0.5714285714285714,IN,1.0,6516.0
2022-01-24,0,1.0,IN,1.0,6950.0
2022-01-31,0,0.14285714285714285,IN,1.0,6278.0
2022-02-07,0,0.0,IN,1.0,6109.0
2022-02-14,0,0.14285714285714285,IN,1.0,6446.0
2022-02-21,0,1.0,IN,1.0,7170.0
2022-02-28,0,0.14285714285714285,IN,1.0,6512.0
2022-03-07,0,0.0,IN,1.0,6384.0
2022-03-14,0,0.14285714285714285,IN,1.0,6532.0
2022-03-21,0,1.0,IN,1.0,7528.0
2022-03-28,0,0.5714285714285714,IN,1.0,7215.0
2022-04-04,0,0.0,IN,1.0,6887.0
2022-04-11,0,0.0,IN,1.0,6878.0
2022-04-18,0,0.7142857142857143,IN,1.0,7547.0
2022-04-25,0,0.8571428571428571,IN,1.0,7739.0
2022-05-02,0,0.0,IN,1.0,6975.0
2022-05-09,0,0.0,IN,1.0,7034.0
2022-05-16,0,0.42857142857142855,IN,1.0,7620.0
2022-05-23,0,1.0,IN,1.0,8411.0
2022-05-30,0,0.2857142857142857,IN,1.0,7555.0
2022-06-06,1,0.0,IN,1.0,8221.0
2022-06-13,1,0.0,IN,1.0,8333.0
2022-06-20,1,1.0,IN,1.0,9625.0
2022-06-27,1,0.5714285714285714,IN,1.0,9143.0
2022-07-04,1,0.0,IN,1.0,8544.0
2022-07-11,1,0.0,IN,1.0,8178.0
2022-07-18,1,0.7142857142857143,IN,1.0,9263.0
2022-07-25,1,1.0,IN,1.0,9676.0
2022-08-01,1,0.0,IN,1.0,8235.0
2022-08-08,1,0.0,IN,1.0,8312.0
2022-08-15,0,0.2857142857142857,IN,1.0,7826.0
2022-08-22,0,1.0,IN,1.0,8550.0
2022-08-29,0,0.42857142857142855,IN,1.0,7876.0
2022-09-05,0,0.0,IN,1.0,7291.0
2022-09-12,0,0.0,IN,1.0,7276.0
2022-09-19,0,0.8571428571428571,IN,1.0,8276.0
2022-09-26,0,0.7142857142857143,IN,1.0,7915.0
2022-10-03,0,0.0,IN,1.0,7178.0
2022-10-10,0,0.0,IN,1.0,7192.0
2022-10-17,0,0.5714285714285714,IN,1.0,7679.0
2022-10-24,0,1.0,IN,1.0,8129.0
2022-10-31,0,0.14285714285714285,IN,1.0,7141.0
2022-11-07,0,0.0,IN,1.0,7603.0
2022-11-14,0,0.14285714285714285,IN,1.0,7800.0
2022-11-21,0,1.0,IN,1.0,8811.0
2022-11-28,0,0.42857142857142855,IN,1.0,8062.0
2022-12-05,0,0.0,IN,1.0,7579.0
2022-12-12,0,0.0,IN,1.0,7509.0
2022-12-19,0,0.8571428571428571,IN,1.0,8514.0
2022-12-26,1,0.8571428571428571,IN,1.0,9660.0
2023-01-02,1,0.0,IN,1.0,7944.0
2023-01-09,0,0.0,IN,1.0,6972.0
2023-01-16,0,0.42857142857142855,IN,1.0,7520.0
2023-01-23,0,1.0,IN,1.0,8196.0
2023-01-30,0,0.2857142857142857,IN,1.0,7447.0
2023-02-06,0,0.0,IN,1.0,7307.0
2023-02-13,0,0.0,IN,1.0,7133.0
2023-02-20,0,1.0,IN,1.0,8428.0
2023-02-27,0,0.2857142857142857,IN,1.0,7615.0
2023-03-06,0,0.0,IN,1.0,7401.0
2023-03-13,0,0.0,IN,1.0,7600.0
2023-03-20,0,1.0,IN,1.0,8708.0
2023-03-27,0,0.7142857142857143,IN,1.0,8629.0
2023-04-03,0,0.0,IN,1.0,7696.0
2023-04-10,0,0.0,IN,1.0,7930.0
2023-04-17,0,0.5714285714285714,IN,1.0,8635.0
2023-04-24,0,1.0,IN,1.0,9042.0
2023-05-01,0,0.0,IN,1.0,7899.0
2023-05-08,0,0.0,IN,1.0,7905.0
2023-05-15,0,0.2857142857142857,IN,1.0,8414.0
2023-05-22,0,1.0,IN,1.0,9278.0
2023-05-29,0,0.42857142857142855,IN,1.0,8630.0
2023-06-05,1,0.0,IN,1.0,9255.0
2023-06-12,1,0.0,IN,1.0,9370.0
2023-06-19,1,0.8571428571428571,IN,1.0,10457.0
2023-06-26,1,0.7142857142857143,IN,1.0,10246.0
2023-07-03,1,0.0,IN,1.0,9268.0
2023-07-10,1,0.0,IN,1.0,9039.0
2023-07-17,1,0.5714285714285714,IN,1.0,9923.0
2023-07-24,1,1.0,IN,1.0,10591.0
2023-07-31,1,0.14285714285714285,IN,1.0,9317.0
2023-08-07,1,0.0,IN,1.0,9096.0
2023-08-14,1,0.14285714285714285,IN,1.0,9260.0
2023-08-21,0,1.0,IN,1.0,9367.0
2023-08-28,0,0.5714285714285714,IN,1.0,8779.0
2023-09-04,0,0.0,IN,1.0,7961.0
2023-09-11,0,0.0,IN,1.0,8109.0
2023-09-18,0,0.7142857142857143,IN,1.0,8617.0
2023-09-25,0,0.8571428571428571,IN,1.0,8990.0
2023-10-02,0,0.0,IN,1.0,7737.0
2023-10-09,0,0.0,IN,1.0,7769.0
2023-10-16,0,0.42857142857142855,IN,1.0,8304.0
2023-10-23,0,1.0,IN,1.0,8736.0
2023-10-30,0,0.2857142857142857,IN,1.0,7923.0
2023-11-06,0,0.0,IN,1.0,8369.0
2023-11-13,0,0.0,IN,1.0,8358.0
2023-11-20,0,1.0,IN,1.0,9501.0
2023-11-27,0,0.5714285714285714,IN,1.0,8986.0
2023-12-04,0,0.0,IN,1.0,8323.0
2023-12-11,0,0.0,IN,1.0,8269.0
2023-12-18,0,0.7142857142857143,IN,1.0,9276.0
2023-12-25,1,1.0,IN,1.0,10715.0
2024-01-01,1,0.0,IN,1.0,8340.0
2024-01-08,0,0.0,IN,1.0,7595.0
2024-01-15,0,0.2857142857142857,IN,1.0,7910.0
2024-01-22,0,1.0,IN,1.0,8830.0
2024-01-29,0,0.42857142857142855,IN,1.0,8229.0
2024-02-05,0,0.0,IN,1.0,7729.0
2024-02-12,0,0.0,IN,1.0,7685.0
2024-02-19,0,0.8571428571428571,IN,1.0,8744.0
2024-02-26,0,0.5714285714285714,IN,1.0,8622.0
2024-03-04,0,0.0,IN,1.0,7997.0
2024-03-11,0,0.0,IN,1.0,7886.0
2024-03-18,0,0.7142857142857143,IN,1.0,9166.0
2024-03-25,0,1.0,IN,1.0,9507.0
2024-04-01,0,0.0,IN,1.0,8230.0
2024-04-08,0,0.0,IN,1.0,8163.0
2024-04-15,0,0.2857142857142857,IN,1.0,8705.0
2024-04-22,0,1.0,IN,1.0,9588.0
2024-04-29,0,0.2857142857142857,IN,1.0,8776.0
2024-05-06,0,0.0,IN,1.0,8613.0
2024-05-13,0,0.0,IN,1.0,8608.0
2024-05-20,0,1.0,IN,1.0,10014.0
2024-05-27,0,0.7142857142857143,IN,1.0,9429.0
2024-06-03,1,0.0,IN,1.0,9903.0
2024-06-10,1,0.0,IN,1.0,9886.0
2024-06-17,1,0.5714285714285714,IN,1.0,10564.0
2024-06-24,1,1.0,IN,1.0,11013.0
2024-07-01,1,0.0,IN,1.0,9690.0
2024-07-08,1,0.0,IN,1.0,9684.0
2024-07-15,1,0.2857142857142857,IN,1.0,10362.0
2024-07-22,1,1.0,IN,1.0,11243.0
2024-07-29,1,0.42857142857142855,IN,1.0,10559.0
2024-08-05,1,0.0,IN,1.0,9753.0
2024-08-12,1,0.0,IN,1.0,9678.0
2024-08-19,0,0.8571428571428571,IN,1.0,9428.0
2024-08-26,0,0.8571428571428571,IN,1.0,9366.0
2024-09-02,0,0.0,IN,1.0,8422.0
2024-09-09,0,0.0,IN,1.0,8303.0
2024-09-16,0,0.42857142857142855,IN,1.0,8759.0
2024-09-23,0,1.0,IN,1.0,9670.0
2024-09-30,0,0.14285714285714285,IN,1.0,8484.0
2024-10-07,0,0.0,IN,1.0,7989.0
2024-10-14,0,0.14285714285714285,IN,1.0,8254.0
2024-10-21,0,1.0,IN,1.0,9243.0
2024-10-28,0,0.5714285714285714,IN,1.0,8585.0
2024-11-04,0,0.0,IN,1.0,8549.0
2024-11-11,0,0.0,IN,1.0,8761.0
2024-11-18,0,0.7142857142857143,IN,1.0,9609.0
2024-11-25,0,0.8571428571428571,IN,1.0,9539.0
2024-12-02,0,0.0,IN,1.0,8658.0
2024-12-09,0,0.0,IN,1.0,8492.0
2024-12-16,0,0.42857142857142855,IN,1.0,8999.0
2024-12-23,1,1.0,IN,1.0,10983.0
2024-12-30,1,0.2857142857142857,IN,1.0,9958.0
2025-01-06,0,0.0,IN,1.0,7885.0
2025-01-13,0,0.0,IN,1.0,7768.0
2025-01-20,0,1.0,IN,1.0,8824.0
2025-01-27,0,0.7142857142857143,IN,1.0,8754.0
2025-02-03,0,0.0,IN,1.0,7910.0
2025-02-10,0,0.0,IN,1.0,8076.0
2025-02-17,0,0.5714285714285714,IN,1.0,8669.0
2025-02-24,0,0.7142857142857143,IN,1.0,9017.0
2025-03-03,0,0.0,IN,1.0,8009.0
2025-03-10,0,0.0,IN,1.0,8241.0
2025-03-17,0,0.5714285714285714,IN,1.0,9053.0
2025-03-24,0,1.0,IN,1.0,9709.0
2025-03-31,0,0.14285714285714285,IN,1.0,8615.0
2025-04-07,0,0.0,IN,1.0,8370.0
2025-04-14,0,0.14285714285714285,IN,1.0,8545.0
2025-04-21,0,1.0,IN,1.0,9913.0
2025-04-28,0,0.42857142857142855,IN,1.0,9087.0
2025-05-05,0,0.0,IN,1.0,8612.0
2025-05-12,0,0.0,IN,1.0,8559.0
2025-05-19,0,0.8571428571428571,IN,1.0,9744.0
2025-05-26,0,0.8571428571428571,IN,1.0,9693.0
2025-06-02,1,0.0,IN,1.0,9801.0
2025-06-09,1,0.0,IN,1.0,9850.0
2025-06-16,1,0.42857142857142855,IN,1.0,10426.0
2025-06-23,1,1.0,IN,1.0,11355.0
2025-06-30,1,0.14285714285714285,IN,1.0,10111.0
2025-07-07,1,0.0,IN,1.0,9742.0
2025-07-14,1,0.14285714285714285,IN,1.0,9903.0
2025-07-21,1,1.0,IN,1.0,11123.0
2025-07-28,1,0.5714285714285714,IN,1.0,10396.0
2025-08-04,1,0.0,IN,0.9972711436236221,9594.0
2025-08-11,1,0.0,IN,0.9945422872472444,9604.0
2025-08-18,0,0.7142857142857143,IN,0.9918134308708665,9661.0
2025-08-25,0,1.0,IN,0.9890845744944886,9842.0
2025-09-01,0,0.0,IN,0.9863557181181108,8585.0
2025-09-08,0,0.0,IN,0.983626861741733,8541.0
2025-09-15,0,0.2857142857142857,IN,0.9808980053653551,9042.0
2025-09-22,0,1.0,IN,0.9781691489889773,9723.0
2025-09-29,0,0.2857142857142857,IN,0.9754402926125995,8792.0
2025-10-06,0,0.0,IN,0.9727114362362217,8350.0
2025-10-13,0,0.0,IN,0.9699825798598438,8336.0
2025-10-20,0,1.0,IN,0.9672537234834659,9606.0
2025-10-27,0,0.7142857142857143,IN,0.9645248671070882,9382.0
2025-11-03,0,0.0,IN,0.9617960107307103,9204.0
2025-11-10,0,0.0,IN,0.9590671543543324,9215.0
2025-11-17,0,0.5714285714285714,IN,0.9563382979779547,9996.0
2025-11-24,0,1.0,IN,0.9536094416015768,10255.0
2025-12-01,0,0.0,IN,0.9508805852251989,9147.0
2025-12-08,0,0.0,IN,0.9481517288488212,9072.0
2025-12-15,0,0.2857142857142857,IN,0.9454228724724433,9445.0
2025-12-22,1,1.0,IN,0.9426940160960654,11938.0
2025-12-29,1,0.42857142857142855,IN,0.9399651597196876,11061.0
2026-01-05,1,0.0,IN,0.9372363033433098,9425.0
2026-01-12,0,0.0,IN,0.9345074469669319,8441.0
2026-01-19,0,0.8571428571428571,IN,0.9317785905905541,9603.0
2026-01-26,0,0.8571428571428571,IN,0.9290497342141762,9649.0
2026-02-02,0,0.0,IN,0.9263208778377985,8397.0
2026-02-09,0,0.0,IN,0.9235920214614206,8715.0
2026-02-16,0,0.42857142857142855,IN,0.9208631650850427,9283.0
2026-02-23,0,0.8571428571428571,IN,0.9181343087086649,10007.0
2026-03-02,0,0.0,IN,0.9154054523322871,8879.0
2026-03-09,0,0.0,IN,0.9126765959559092,9192.0
2026-03-16,0,0.42857142857142855,IN,0.9099477395795315,9798.0
2026-03-23,0,1.0,IN,0.9072188832031536,10669.0
2026-03-30,0,0.2857142857142857,IN,0.9044900268267757,9874.0
2026-04-06,0,0.0,IN,0.9017611704503979,9302.0
2026-04-13,0,0.0,IN,0.8990323140740201,9450.0
2026-04-20,0,1.0,IN,0.8963034576976422,11076.0
2026-04-27,0,0.5714285714285714,IN,0.8935746013212644,10380.0
2026-05-04,0,0.0,IN,0.8908457449448866,9627.0
2026-05-11,0,0.0,IN,0.8881168885685087,9846.0
2026-05-18,0,0.7142857142857143,IN,0.8853880321921309,10840.0
2026-05-25,0,1.0,IN,0.882659175815753,11607.0
2026-06-01,1,0.0,IN,0.8799303194393753,11039.0
2026-06-08,1,0.0,IN,0.8772014630629974,11111.0
2026-06-15,1,0.2857142857142857,IN,0.8744726066866195,11559.0
2026-06-22,1,1.0,IN,0.8717437503102416,12978.0
2026-06-29,1,0.2857142857142857,IN,0.8690148939338639,11897.0
2026-07-06,1,0.0,IN,0.866286037557486,11229.0
2026-07-13,1,0.0,IN,0.8635571811811082,11227.0
2026-07-20,1,1.0,IN,0.8608283248047304,12841.0
2026-07-27,1,0.7142857142857143,IN,0.8608283248047304,12753.0
2026-08-03,1,0.0,IN,0.8608283248047304,11655.0
2026-08-10,1,0.0,IN,0.8608283248047304,11351.0
2026-08-17,0,0.5714285714285714,IN,0.8608283248047304,10818.0
2026-08-24,0,1.0,IN,0.8608283248047304,11359.0
2026-08-31,0,0.14285714285714285,IN,0.8608283248047304,9843.0
2026-09-07,0,0.0,IN,0.8608283248047304,9911.0
2026-09-14,0,0.14285714285714285,IN,0.8608283248047304,9894.0
2026-09-21,0,1.0,IN,0.8608283248047304,11174.0
2019-01-07,0,0.0,KS,1.0,2443.0
2019-01-14,0,0.14285714285714285,KS,1.0,2566.0
2019-01-21,0,1.0,KS,1.0,2831.0
2019-01-28,0,0.5714285714285714,KS,1.0,2739.0
2019-02-04,0,0.0,KS,1.0,2502.0
2019-02-11,0,0.0,KS,1.0,2494.0
2019-02-18,0,0.7142857142857143,KS,1.0,2810.0
2019-02-25,0,0.5714285714285714,KS,1.0,2819.0
2019-03-04,0,0.0,KS,1.0,2598.0
2019-03-11,0,0.0,KS,1.0,2565.0
2019-03-18,0,0.7142857142857143,KS,1.0,2827.0
2019-03-25,0,1.0,KS,1.0,3086.0
2019-04-01,0,0.0,KS,1.0,2611.0
2019-04-08,0,0.0,KS,1.0,2684.0
2019-04-15,0,0.2857142857142857,KS,1.0,2770.0
2019-04-22,0,1.0,KS,1.0,3109.0
2019-04-29,0,0.2857142857142857,KS,1.0,2826.0
2019-05-06,0,0.0,KS,1.0,2774.0
2019-05-13,0,0.0,KS,1.0,2692.0
2019-05-20,0,1.0,KS,1.0,3167.0
2019-05-27,0,0.7142857142857143,KS,1.0,3031.0
2019-06-03,1,0.0,KS,1.0,3054.0
2019-06-10,1,0.0,KS,1.0,3103.0
2019-06-17,1,0.5714285714285714,KS,1.0,3451.0
2019-06-24,1,1.0,KS,1.0,3558.0
2019-07-01,1,0.0,KS,1.0,3089.0
2019-07-08,1,0.0,KS,1.0,3092.0
2019-07-15,1,0.2857142857142857,KS,1.0,3225.0
2019-07-22,1,1.0,KS,1.0,3592.0
2019-07-29,1,0.42857142857142855,KS,1.0,3234.0
2019-08-05,1,0.0,KS,1.0,2907.0
2019-08-12,1,0.0,KS,1.0,3016.0
2019-08-19,0,0.8571428571428571,KS,1.0,3092.0
2019-08-26,0,0.8571428571428571,KS,1.0,2975.0
2019-09-02,0,0.0,KS,1.0,2651.0
2019-09-09,0,0.0,KS,1.0,2616.0
2019-09-16,0,0.42857142857142855,KS,1.0,2724.0
2019-09-23,0,1.0,KS,1.0,2865.0
2019-09-30,0,0.14285714285714285,KS,1.0,2562.0
2019-10-07,0,0.0,KS,1.0,2473.0
2019-10-14,0,0.14285714285714285,KS,1.0,2525.0
2019-10-21,0,1.0,KS,1.0,2793.0
2019-10-28,0,0.5714285714285714,KS,1.0,2633.0
2019-11-04,0,0.0,KS,1.0,2671.0
2019-11-11,0,0.0,KS,1.0,2740.0
2019-11-18,0,0.7142857142857143,KS,1.0,2895.0
2019-11-25,0,0.8571428571428571,KS,1.0,2984.0
2019-12-02,0,0.0,KS,1.0,2574.0
2019-12-09,0,0.0,KS,1.0,2629.0
2019-12-16,0,0.42857142857142855,KS,1.0,2767.0
2019-12-23,1,1.0,KS,1.0,3414.0
2019-12-30,1,0.2857142857142857,KS,1.0,2995.0
2020-01-06,0,0.0,KS,1.0,2286.0
2020-01-13,0,0.0,KS,1.0,2458.0
2020-01-20,0,1.0,KS,1.0,2755.0
2020-01-27,0,0.7142857142857143,KS,1.0,2605.0
2020-02-03,0,0.0,KS,1.0,2393.0
2020-02-10,0,0.0,KS,1.0,2378.0
2020-02-17,0,0.5714285714285714,KS,1.0,2609.0
2020-02-24,0,0.8571428571428571,KS,1.0,2665.0
2020-03-02,0,0.0,KS,1.0,2401.0
2020-03-09,0,0.0,KS,1.0,2431.0
2020-03-16,0,0.42857142857142855,KS,1.0,2691.0
2020-03-23,0,1.0,KS,1.0,2826.0
2020-03-30,0,0.2857142857142857,KS,1.0,2540.0
2020-04-06,0,0.0,KS,1.0,2502.0
2020-04-13,0,0.0,KS,1.0,2467.0
2020-04-20,0,1.0,KS,1.0,2876.0
2020-04-27,0,0.5714285714285714,KS,1.0,2793.0
2020-05-04,0,0.0,KS,1.0,2548.0
2020-05-11,0,0.0,KS,1.0,2496.0
2020-05-18,0,0.7142857142857143,KS,1.0,2794.0
2020-05-25,0,1.0,KS,1.0,2962.0
2020-06-01,1,0.0,KS,1.0,2811.0
2020-06-08,1,0.0,KS,1.0,2873.0
2020-06-15,1,0.2857142857142857,KS,1.0,2996.0
2020-06-22,1,1.0,KS,1.0,3252.0
2020-06-29,1,0.2857142857142857,KS,1.0,2957.0
2020-07-06,1,0.0,KS,1.0,2867.0
2020-07-13,1,0.0,KS,1.0,2849.0
2020-07-20,1,1.0,KS,1.0,3282.0
2020-07-27,1,0.7142857142857143,KS,1.0,3075.0
2020-08-03,1,0.0,KS,1.0,2698.0
2020-08-10,1,0.0,KS,1.0,2690.0
2020-08-17,0,0.5714285714285714,KS,1.0,2678.0
2020-08-24,0,1.0,KS,1.0,2679.0
2020-08-31,0,0.14285714285714285,KS,1.0,2411.0
2020-09-07,0,0.0,KS,1.0,2379.0
2020-09-14,0,0.14285714285714285,KS,1.0,2372.0
2020-09-21,0,1.0,KS,1.0,2667.0
2020-09-28,0,0.42857142857142855,KS,1.0,2486.0
2020-10-05,0,0.0,KS,1.0,2319.0
2020-10-12,0,0.0,KS,1.0,2254.0
2020-10-19,0,0.8571428571428571,KS,1.0,2521.0
2020-10-26,0,0.8571428571428571,KS,1.0,2443.0
2020-11-02,0,0.0,KS,1.0,2378.0
2020-11-09,0,0.0,KS,1.0,2431.0
2020-11-16,0,0.42857142857142855,KS,1.0,2547.0
2020-11-23,0,1.0,KS,1.0,2705.0
2020-11-30,0,0.14285714285714285,KS,1.0,2373.0
2020-12-07,0,0.0,KS,1.0,2363.0
2020-12-14,0,0.14285714285714285,KS,1.0,2308.0
2020-12-21,1,1.0,KS,1.0,3046.0
2020-12-28,1,0.5714285714285714,KS,1.0,2788.0
2021-01-04,1,0.0,KS,1.0,2388.0
2021-01-11,0,0.0,KS,1.0,2086.0
2021-01-18,0,0.7142857142857143,KS,1.0,2345.0
2021-01-25,0,1.0,KS,1.0,2459.0
2021-02-01,0,0.0,KS,1.0,2133.0
2021-02-08,0,0.0,KS,1.0,2063.0
2021-02-15,0,0.2857142857142857,KS,1.0,2320.0
2021-02-22,0,1.0,KS,1.0,2418.0
2021-03-01,0,0.0,KS,1.0,2100.0
2021-03-08,0,0.0,KS,1.0,2168.0
2021-03-15,0,0.2857142857142857,KS,1.0,2268.0
2021-03-22,0,1.0,KS,1.0,2484.0
2021-03-29,0,0.42857142857142855,KS,1.0,2377.0
2021-04-05,0,0.0,KS,1.0,2254.0
2021-04-12,0,0.0,KS,1.0,2236.0
2021-04-19,0,0.8571428571428571,KS,1.0,2557.0
2021-04-26,0,0.7142857142857143,KS,1.0,2448.0
2021-05-03,0,0.0,KS,1.0,2198.0
2021-05-10,0,0.0,KS,1.0,2338.0
2021-05-17,0,0.5714285714285714,KS,1.0,2447.0
2021-05-24,0,1.0,KS,1.0,2590.0
2021-05-31,0,0.14285714285714285,KS,1.0,2368.0
2021-06-07,1,0.0,KS,1.0,2600.0
2021-06-14,1,0.14285714285714285,KS,1.0,2533.0
2021-06-21,1,1.0,KS,1.0,2837.0
2021-06-28,1,0.42857142857142855,KS,1.0,2745.0
2021-07-05,1,0.0,KS,1.0,2504.0
2021-07-12,1,0.0,KS,1.0,2498.0
2021-07-19,1,0.8571428571428571,KS,1.0,2915.0
2021-07-26,1,0.8571428571428571,KS,1.0,2884.0
2021-08-02,1,0.0,KS,1.0,2532.0
2021-08-09,1,0.0,KS,1.0,2526.0
2021-08-16,0,0.42857142857142855,KS,1.0,2461.0
2021-08-23,0,1.0,KS,1.0,2620.0
2021-08-30,0,0.2857142857142857,KS,1.0,2337.0
2021-09-06,0,0.0,KS,1.0,2227.0
2021-09-13,0,0.0,KS,1.0,2268.0
2021-09-20,0,1.0,KS,1.0,2659.0
2021-09-27,0,0.5714285714285714,KS,1.0,2473.0
2021-10-04,0,0.0,KS,1.0,2262.0
2021-10-11,0,0.0,KS,1.0,2300.0
2021-10-18,0,0.7142857142857143,KS,1.0,2435.0
2021-10-25,0,1.0,KS,1.0,2619.0
2021-11-01,0,0.0,KS,1.0,2492.0
2021-11-08,0,0.0,KS,1.0,2415.0
2021-11-15,0,0.2857142857142857,KS,1.0,2596.0
2021-11-22,0,1.0,KS,1.0,2823.0
2021-11-29,0,0.2857142857142857,KS,1.0,2641.0
2021-12-06,0,0.0,KS,1.0,2509.0
2021-12-13,0,0.0,KS,1.0,2494.0
2021-12-20,1,1.0,KS,1.0,3298.0
2021-12-27,1,0.7142857142857143,KS,1.0,3164.0
2022-01-03,1,0.0,KS,1.0,2667.0
2022-01-10,0,0.0,KS,1.0,2402.0
2022-01-17,0,0.5714285714285714,KS,1.0,2610.0
2022-01-24,0,1.0,KS,1.0,2829.0
2022-01-31,0,0.14285714285714285,KS,1.0,2516.0
2022-02-07,0,0.0,KS,1.0,2366.0
2022-02-14,0,0.14285714285714285,KS,1.0,2607.0
2022-02-21,0,1.0,KS,1.0,2910.0
2022-02-28,0,0.14285714285714285,KS,1.0,2551.0
2022-03-07,0,0.0,KS,1.0,2609.0
2022-03-14,0,0.14285714285714285,KS,1.0,2666.0
2022-03-21,0,1.0,KS,1.0,3036.0
2022-03-28,0,0.5714285714285714,KS,1.0,2934.0
2022-04-04,0,0.0,KS,1.0,2701.0
2022-04-11,0,0.0,KS,1.0,2792.0
2022-04-18,0,0.7142857142857143,KS,1.0,3104.0
2022-04-25,0,0.8571428571428571,KS,1.0,3086.0
2022-05-02,0,0.0,KS,1.0,2842.0
2022-05-09,0,0.0,KS,1.0,2794.0
2022-05-16,0,0.42857142857142855,KS,1.0,3015.0
2022-05-23,0,1.0,KS,1.0,3304.0
2022-05-30,0,0.2857142857142857,KS,1.0,3126.0
2022-06-06,1,0.0,KS,1.0,3291.0
2022-06-13,1,0.0,KS,1.0,3347.0
2022-06-20,1,1.0,KS,1.0,3867.0
2022-06-27,1,0.5714285714285714,KS,1.0,3716.0
2022-07-04,1,0.0,KS,1.0,3376.0
2022-07-11,1,0.0,KS,1.0,3335.0
2022-07-18,1,0.7142857142857143,KS,1.0,3728.0
2022-07-25,1,1.0,KS,1.0,3804.0
2022-08-01,1,0.0,KS,1.0,3311.0
2022-08-08,1,0.0,KS,1.0,3366.0
2022-08-15,0,0.2857142857142857,KS,1.0,3093.0
2022-08-22,0,1.0,KS,1.0,3426.0
2022-08-29,0,0.42857142857142855,KS,1.0,3148.0
2022-09-05,0,0.0,KS,1.0,3005.0
2022-09-12,0,0.0,KS,1.0,2833.0
2022-09-19,0,0.8571428571428571,KS,1.0,3353.0
2022-09-26,0,0.7142857142857143,KS,1.0,3139.0
2022-10-03,0,0.0,KS,1.0,2850.0
2022-10-10,0,0.0,KS,1.0,2838.0
2022-10-17,0,0.5714285714285714,KS,1.0,3155.0
2022-10-24,0,1.0,KS,1.0,3314.0
2022-10-31,0,0.14285714285714285,KS,1.0,2862.0
2022-11-07,0,0.0,KS,1.0,3104.0
2022-11-14,0,0.14285714285714285,KS,1.0,3096.0
2022-11-21,0,1.0,KS,1.0,3651.0
2022-11-28,0,0.42857142857142855,KS,1.0,3299.0
2022-12-05,0,0.0,KS,1.0,3035.0
2022-12-12,0,0.0,KS,1.0,3018.0
2022-12-19,0,0.8571428571428571,KS,1.0,3444.0
2022-12-26,1,0.8571428571428571,KS,1.0,3943.0
2023-01-02,1,0.0,KS,1.0,3129.0
2023-01-09,0,0.0,KS,1.0,2823.0
2023-01-16,0,0.42857142857142855,KS,1.0,2997.0
2023-01-23,0,1.0,KS,1.0,3264.0
2023-01-30,0,0.2857142857142857,KS,1.0,2979.0
2023-02-06,0,0.0,KS,1.0,2824.0
2023-02-13,0,0.0,KS,1.0,2937.0
2023-02-20,0,1.0,KS,1.0,3306.0
2023-02-27,0,0.2857142857142857,KS,1.0,3078.0
2023-03-06,0,0.0,KS,1.0,2961.0
2023-03-13,0,0.0,KS,1.0,3020.0
2023-03-20,0,1.0,KS,1.0,3544.0
2023-03-27,0,0.7142857142857143,KS,1.0,3269.0
2023-04-03,0,0.0,KS,1.0,3104.0
2023-04-10,0,0.0,KS,1.0,3133.0
2023-04-17,0,0.5714285714285714,KS,1.0,3439.0
2023-04-24,0,1.0,KS,1.0,3681.0
2023-05-01,0,0.0,KS,1.0,3288.0
2023-05-08,0,0.0,KS,1.0,3256.0
2023-05-15,0,0.2857142857142857,KS,1.0,3363.0
2023-05-22,0,1.0,KS,1.0,3797.0
2023-05-29,0,0.42857142857142855,KS,1.0,3468.0
2023-06-05,1,0.0,KS,1.0,3649.0
2023-06-12,1,0.0,KS,1.0,3629.0
2023-06-19,1,0.8571428571428571,KS,1.0,4128.0
2023-06-26,1,0.7142857142857143,KS,1.0,4128.0
2023-07-03,1,0.0,KS,1.0,3589.0
2023-07-10,1,0.0,KS,1.0,3837.0
2023-07-17,1,0.5714285714285714,KS,1.0,4009.0
2023-07-24,1,1.0,KS,1.0,4257.0
2023-07-31,1,0.14285714285714285,KS,1.0,3837.0
2023-08-07,1,0.0,KS,1.0,3692.0
2023-08-14,1,0.14285714285714285,KS,1.0,3791.0
2023-08-21,0,1.0,KS,1.0,3695.0
2023-08-28,0,0.5714285714285714,KS,1.0,3599.0
2023-09-04,0,0.0,KS,1.0,3226.0
2023-09-11,0,0.0,KS,1.0,3247.0
2023-09-18,0,0.7142857142857143,KS,1.0,3597.0
2023-09-25,0,0.8571428571428571,KS,1.0,3614.0
2023-10-02,0,0.0,KS,1.0,3239.0
2023-10-09,0,0.0,KS,1.0,3201.0
2023-10-16,0,0.42857142857142855,KS,1.0,3401.0
2023-10-23,0,1.0,KS,1.0,3633.0
2023-10-30,0,0.2857142857142857,KS,1.0,3340.0
2023-11-06,0,0.0,KS,1.0,3505.0
2023-11-13,0,0.0,KS,1.0,3508.0
2023-11-20,0,1.0,KS,1.0,3875.0
2023-11-27,0,0.5714285714285714,KS,1.0,3682.0
2023-12-04,0,0.0,KS,1.0,3522.0
2023-12-11,0,0.0,KS,1.0,3500.0
2023-12-18,0,0.7142857142857143,KS,1.0,3803.0
2023-12-25,1,1.0,KS,1.0,4427.0
2024-01-01,1,0.0,KS,1.0,3630.0
2024-01-08,0,0.0,KS,1.0,3226.0
2024-01-15,0,0.2857142857142857,KS,1.0,3365.0
2024-01-22,0,1.0,KS,1.0,3674.0
2024-01-29,0,0.42857142857142855,KS,1.0,3506.0
2024-02-05,0,0.0,KS,1.0,3295.0
2024-02-12,0,0.0,KS,1.0,3283.0
2024-02-19,0,0.8571428571428571,KS,1.0,3727.0
2024-02-26,0,0.5714285714285714,KS,1.0,3688.0
2024-03-04,0,0.0,KS,1.0,3401.0
2024-03-11,0,0.0,KS,1.0,3447.0
2024-03-18,0,0.7142857142857143,KS,1.0,3893.0
2024-03-25,0,1.0,KS,1.0,4066.0
2024-04-01,0,0.0,KS,1.0,3573.0
2024-04-08,0,0.0,KS,1.0,3533.0
2024-04-15,0,0.2857142857142857,KS,1.0,3928.0
2024-04-22,0,1.0,KS,1.0,4196.0
2024-04-29,0,0.2857142857142857,KS,1.0,3888.0
2024-05-06,0,0.0,KS,1.0,3654.0
2024-05-13,0,0.0,KS,1.0,3655.0
2024-05-20,0,1.0,KS,1.0,4299.0
2024-05-27,0,0.7142857142857143,KS,1.0,4244.0
2024-06-03,1,0.0,KS,1.0,4348.0
2024-06-10,1,0.0,KS,1.0,4330.0
2024-06-17,1,0.5714285714285714,KS,1.0,4645.0
2024-06-24,1,1.0,KS,1.0,4987.0
2024-07-01,1,0.0,KS,1.0,4363.0
2024-07-08,1,0.0,KS,1.0,4218.0
2024-07-15,1,0.2857142857142857,KS,1.0,4429.0
2024-07-22,1,1.0,KS,1.0,5027.0
2024-07-29,1,0.42857142857142855,KS,1.0,4535.0
2024-08-05,1,0.0,KS,1.0,4340.0
2024-08-12,1,0.0,KS,1.0,4243.0
2024-08-19,0,0.8571428571428571,KS,1.0,4325.0
2024-08-26,0,0.8571428571428571,KS,1.0,4253.0
2024-09-02,0,0.0,KS,1.0,3760.0
2024-09-09,0,0.0,KS,1.0,3721.0
2024-09-16,0,0.42857142857142855,KS,1.0,3953.0
2024-09-23,0,1.0,KS,1.0,4161.0
2024-09-30,0,0.14285714285714285,KS,1.0,3608.0
2024-10-07,0,0.0,KS,1.0,3507.0
2024-10-14,0,0.14285714285714285,KS,1.0,3563.0
2024-10-21,0,1.0,KS,1.0,3962.0
2024-10-28,0,0.5714285714285714,KS,1.0,3718.0
2024-11-04,0,0.0,KS,1.0,3905.0
2024-11-11,0,0.0,KS,1.0,3738.0
2024-11-18,0,0.7142857142857143,KS,1.0,4170.0
2024-11-25,0,0.8571428571428571,KS,1.0,4253.0
2024-12-02,0,0.0,KS,1.0,3814.0
2024-12-09,0,0.0,KS,1.0,3716.0
2024-12-16,0,0.42857142857142855,KS,1.0,4033.0
2024-12-23,1,1.0,KS,1.0,4838.0
2024-12-30,1,0.2857142857142857,KS,1.0,4312.0
2025-01-06,0,0.0,KS,1.0,3495.0
2025-01-13,0,0.0,KS,1.0,3407.0
2025-01-20,0,1.0,KS,1.0,3883.0
2025-01-27,0,0.7142857142857143,KS,1.0,3851.0
2025-02-03,0,0.0,KS,1.0,3488.0
2025-02-10,0,0.0,KS,1.0,3501.0
2025-02-17,0,0.5714285714285714,KS,1.0,3847.0
2025-02-24,0,0.7142857142857143,KS,1.0,3974.0
2025-03-03,0,0.0,KS,1.0,3564.0
2025-03-10,0,0.0,KS,1.0,3595.0
2025-03-17,0,0.5714285714285714,KS,1.0,3931.0
2025-03-24,0,1.0,KS,1.0,4235.0
2025-03-31,0,0.14285714285714285,KS,1.0,3660.0
2025-04-07,0,0.0,KS,1.0,3632.0
2025-04-14,0,0.14285714285714285,KS,1.0,3745.0
2025-04-21,0,1.0,KS,1.0,4210.0
2025-04-28,0,0.42857142857142855,KS,1.0,4000.0
2025-05-05,0,0.0,KS,1.0,3864.0
2025-05-12,0,0.0,KS,1.0,3698.0
2025-05-19,0,0.8571428571428571,KS,1.0,4343.0
2025-05-26,0,0.8571428571428571,KS,1.0,4182.0
2025-06-02,1,0.0,KS,1.0,4179.0
2025-06-09,1,0.0,KS,1.0,4256.0
2025-06-16,1,0.42857142857142855,KS,1.0,4568.0
2025-06-23,1,1.0,KS,1.0,5012.0
2025-06-30,1,0.14285714285714285,KS,1.0,4462.0
2025-07-07,1,0.0,KS,1.0,4268.0
2025-07-14,1,0.14285714285714285,KS,1.0,4500.0
2025-07-21,1,1.0,KS,1.0,4734.0
2025-07-28,1,0.5714285714285714,KS,1.0,4747.0
2025-08-04,1,0.0,KS,0.9976201146639554,4243.0
2025-08-11,1,0.0,KS,0.9952402293279109,4207.0
2025-08-18,0,0.7142857142857143,KS,0.9928603439918663,4198.0
2025-08-25,0,1.0,KS,0.9904804586558218,4421.0
2025-09-01,0,0.0,KS,0.9881005733197772,3728.0
2025-09-08,0,0.0,KS,0.9857206879837327,3818.0
2025-09-15,0,0.2857142857142857,KS,0.9833408026476881,3814.0
2025-09-22,0,1.0,KS,0.9809609173116436,4252.0
2025-09-29,0,0.2857142857142857,KS,0.978581031975599,3858.0
2025-10-06,0,0.0,KS,0.9762011466395544,3664.0
2025-10-13,0,0.0,KS,0.9738212613035099,3558.0
2025-10-20,0,1.0,KS,0.9714413759674653,4100.0
2025-10-27,0,0.7142857142857143,KS,0.9690614906314208,4118.0
2025-11-03,0,0.0,KS,0.9666816052953762,3905.0
2025-11-10,0,0.0,KS,0.9643017199593317,4031.0
2025-11-17,0,0.5714285714285714,KS,0.9619218346232871,4370.0
2025-11-24,0,1.0,KS,0.9595419492872426,4547.0
2025-12-01,0,0.0,KS,0.957162063951198,3958.0
2025-12-08,0,0.0,KS,0.9547821786151535,3912.0
2025-12-15,0,0.2857142857142857,KS,0.9524022932791089,4110.0
2025-12-22,1,1.0,KS,0.9500224079430643,5107.0
2025-12-29,1,0.42857142857142855,KS,0.9476425226070198,4826.0
2026-01-05,1,0.0,KS,0.9452626372709751,4162.0
2026-01-12,0,0.0,KS,0.9428827519349307,3609.0
2026-01-19,0,0.8571428571428571,KS,0.940502866598886,4085.0
2026-01-26,0,0.8571428571428571,KS,0.9381229812628415,4253.0
2026-02-02,0,0.0,KS,0.9357430959267969,3720.0
2026-02-09,0,0.0,KS,0.9333632105907524,3711.0
2026-02-16,0,0.42857142857142855,KS,0.9309833252547078,4149.0
2026-02-23,0,0.8571428571428571,KS,0.9286034399186633,4346.0
2026-03-02,0,0.0,KS,0.9262235545826187,3764.0
2026-03-09,0,0.0,KS,0.9238436692465741,3845.0
2026-03-16,0,0.42857142857142855,KS,0.9214637839105296,4278.0
2026-03-23,0,1.0,KS,0.919083898574485,4682.0
2026-03-30,0,0.2857142857142857,KS,0.9167040132384405,4236.0
2026-04-06,0,0.0,KS,0.9143241279023959,4068.0
2026-04-13,0,0.0,KS,0.9119442425663514,4076.0
2026-04-20,0,1.0,KS,0.9095643572303068,4779.0
2026-04-27,0,0.5714285714285714,KS,0.9071844718942623,4573.0
2026-05-04,0,0.0,KS,0.9048045865582177,4283.0
2026-05-11,0,0.0,KS,0.9024247012221731,4260.0
2026-05-18,0,0.7142857142857143,KS,0.9000448158861286,4772.0
2026-05-25,0,1.0,KS,0.897664930550084,4845.0
2026-06-01,1,0.0,KS,0.8952850452140395,4945.0
2026-06-08,1,0.0,KS,0.8929051598779949,4949.0
2026-06-15,1,0.2857142857142857,KS,0.8905252745419504,4929.0
2026-06-22,1,1.0,KS,0.8881453892059058,5592.0
2026-06-29,1,0.2857142857142857,KS,0.8857655038698613,4988.0
2026-07-06,1,0.0,KS,0.8833856185338167,4934.0
2026-07-13,1,0.0,KS,0.8810057331977721,4954.0
2026-07-20,1,1.0,KS,0.8786258478617276,5550.0
2026-07-27,1,0.7142857142857143,KS,0.8786258478617276,5448.0
2026-08-03,1,0.0,KS,0.8786258478617276,4881.0
2026-08-10,1,0.0,KS,0.8786258478617276,4898.0
2026-08-17,0,0.5714285714285714,KS,0.8786258478617276,4741.0
2026-08-24,0,1.0,KS,0.8786258478617276,4915.0
2026-08-31,0,0.14285714285714285,KS,0.8786258478617276,4292.0
2026-09-07,0,0.0,KS,0.8786258478617276,4261.0
2026-09-14,0,0.14285714285714285,KS,0.8786258478617276,4279.0
2026-09-21,0,1.0,KS,0.8786258478617276,4761.0
2019-01-07,0,0.0,KY,1.0,4475.0
2019-01-14,0,0.14285714285714285,KY,1.0,4445.0
2019-01-21,0,1.0,KY,1.0,4900.0
2019-01-28,0,0.5714285714285714,KY,1.0,4727.0
2019-02-04,0,0.0,KY,1.0,4259.0
2019-02-11,0,0.0,KY,1.0,4430.0
2019-02-18,0,0.7142857142857143,KY,1.0,4906.0
2019-02-25,0,0.5714285714285714,KY,1.0,4930.0
2019-03-04,0,0.0,KY,1.0,4529.0
2019-03-11,0,0.0,KY,1.0,4544.0
2019-03-18,0,0.7142857142857143,KY,1.0,5004.0
2019-03-25,0,1.0,KY,1.0,5278.0
2019-04-01,0,0.0,KY,1.0,4592.0
2019-04-08,0,0.0,KY,1.0,4713.0
2019-04-15,0,0.2857142857142857,KY,1.0,4913.0
2019-04-22,0,1.0,KY,1.0,5636.0
2019-04-29,0,0.2857142857142857,KY,1.0,4965.0
2019-05-06,0,0.0,KY,1.0,4795.0
2019-05-13,0,0.0,KY,1.0,4798.0
2019-05-20,0,1.0,KY,1.0,5457.0
2019-05-27,0,0.7142857142857143,KY,1.0,5409.0
2019-06-03,1,0.0,KY,1.0,5513.0
2019-06-10,1,0.0,KY,1.0,5428.0
2019-06-17,1,0.5714285714285714,KY,1.0,5906.0
2019-06-24,1,1.0,KY,1.0,6198.0
2019-07-01,1,0.0,KY,1.0,5410.0
2019-07-08,1,0.0,KY,1.0,5473.0
2019-07-15,1,0.2857142857142857,KY,1.0,5662.0
2019-07-22,1,1.0,KY,1.0,6208.0
2019-07-29,1,0.42857142857142855,KY,1.0,5718.0
2019-08-05,1,0.0,KY,1.0,5290.0
2019-08-12,1,0.0,KY,1.0,5339.0
2019-08-19,0,0.8571428571428571,KY,1.0,5344.0
2019-08-26,0,0.8571428571428571,KY,1.0,5302.0
2019-09-02,0,0.0,KY,1.0,4665.0
2019-09-09,0,0.0,KY,1.0,4570.0
2019-09-16,0,0.42857142857142855,KY,1.0,4858.0
2019-09-23,0,1.0,KY,1.0,5120.0
2019-09-30,0,0.14285714285714285,KY,1.0,4530.0
2019-10-07,0,0.0,KY,1.0,4364.0
2019-10-14,0,0.14285714285714285,KY,1.0,4476.0
2019-10-21,0,1.0,KY,1.0,5016.0
2019-10-28,0,0.5714285714285714,KY,1.0,4713.0
2019-11-04,0,0.0,KY,1.0,4747.0
2019-11-11,0,0.0,KY,1.0,4737.0
2019-11-18,0,0.7142857142857143,KY,1.0,5127.0
2019-11-25,0,0.8571428571428571,KY,1.0,5283.0
2019-12-02,0,0.0,KY,1.0,4679.0
2019-12-09,0,0.0,KY,1.0,4683.0
2019-12-16,0,0.42857142857142855,KY,1.0,4985.0
2019-12-23,1,1.0,KY,1.0,5901.0
2019-12-30,1,0.2857142857142857,KY,1.0,5453.0
2020-01-06,0,0.0,KY,1.0,4271.0
2020-01-13,0,0.0,KY,1.0,4193.0
2020-01-20,0,1.0,KY,1.0,4901.0
2020-01-27,0,0.7142857142857143,KY,1.0,4736.0
2020-02-03,0,0.0,KY,1.0,4261.0
2020-02-10,0,0.0,KY,1.0,4300.0
2020-02-17,0,0.5714285714285714,KY,1.0,4686.0
2020-02-24,0,0.8571428571428571,KY,1.0,4903.0
2020-03-02,0,0.0,KY,1.0,4404.0
2020-03-09,0,0.0,KY,1.0,4410.0
2020-03-16,0,0.42857142857142855,KY,1.0,4693.0
2020-03-23,0,1.0,KY,1.0,5113.0
2020-03-30,0,0.2857142857142857,KY,1.0,4590.0
2020-04-06,0,0.0,KY,1.0,4454.0
2020-04-13,0,0.0,KY,1.0,4515.0
2020-04-20,0,1.0,KY,1.0,5282.0
2020-04-27,0,0.5714285714285714,KY,1.0,5000.0
2020-05-04,0,0.0,KY,1.0,4486.0
2020-05-11,0,0.0,KY,1.0,4622.0
2020-05-18,0,0.7142857142857143,KY,1.0,5099.0
2020-05-25,0,1.0,KY,1.0,5432.0
2020-06-01,1,0.0,KY,1.0,5158.0
2020-06-08,1,0.0,KY,1.0,5198.0
2020-06-15,1,0.2857142857142857,KY,1.0,5371.0
2020-06-22,1,1.0,KY,1.0,5891.0
2020-06-29,1,0.2857142857142857,KY,1.0,5388.0
2020-07-06,1,0.0,KY,1.0,5186.0
2020-07-13,1,0.0,KY,1.0,5122.0
2020-07-20,1,1.0,KY,1.0,5952.0
2020-07-27,1,0.7142857142857143,KY,1.0,5576.0
2020-08-03,1,0.0,KY,1.0,5092.0
2020-08-10,1,0.0,KY,1.0,5064.0
2020-08-17,0,0.5714285714285714,KY,1.0,4847.0
2020-08-24,0,1.0,KY,1.0,5014.0
2020-08-31,0,0.14285714285714285,KY,1.0,4473.0
2020-09-07,0,0.0,KY,1.0,4382.0
2020-09-14,0,0.14285714285714285,KY,1.0,4446.0
2020-09-21,0,1.0,KY,1.0,4997.0
2020-09-28,0,0.42857142857142855,KY,1.0,4545.0
2020-10-05,0,0.0,KY,1.0,4123.0
2020-10-12,0,0.0,KY,1.0,4149.0
2020-10-19,0,0.8571428571428571,KY,1.0,4694.0
2020-10-26,0,0.8571428571428571,KY,1.0,4594.0
2020-11-02,0,0.0,KY,1.0,4447.0
2020-11-09,0,0.0,KY,1.0,4417.0
2020-11-16,0,0.42857142857142855,KY,1.0,4688.0
2020-11-23,0,1.0,KY,1.0,5067.0
2020-11-30,0,0.14285714285714285,KY,1.0,4450.0
2020-12-07,0,0.0,KY,1.0,4443.0
2020-12-14,0,0.14285714285714285,KY,1.0,4460.0
2020-12-21,1,1.0,KY,1.0,5603.0
2020-12-28,1,0.5714285714285714,KY,1.0,5353.0
2021-01-04,1,0.0,KY,1.0,4441.0
2021-01-11,0,0.0,KY,1.0,3926.0
2021-01-18,0,0.7142857142857143,KY,1.0,4312.0
2021-01-25,0,1.0,KY,1.0,4601.0
2021-02-01,0,0.0,KY,1.0,3967.0
2021-02-08,0,0.0,KY,1.0,3964.0
2021-02-15,0,0.2857142857142857,KY,1.0,4118.0
2021-02-22,0,1.0,KY,1.0,4645.0
2021-03-01,0,0.0,KY,1.0,4064.0
2021-03-08,0,0.0,KY,1.0,4126.0
2021-03-15,0,0.2857142857142857,KY,1.0,4304.0
2021-03-22,0,1.0,KY,1.0,4711.0
2021-03-29,0,0.42857142857142855,KY,1.0,4363.0
2021-04-05,0,0.0,KY,1.0,4169.0
2021-04-12,0,0.0,KY,1.0,4196.0
2021-04-19,0,0.8571428571428571,KY,1.0,4662.0
2021-04-26,0,0.7142857142857143,KY,1.0,4695.0
2021-05-03,0,0.0,KY,1.0,4207.0
2021-05-10,0,0.0,KY,1.0,4188.0
2021-05-17,0,0.5714285714285714,KY,1.0,4497.0
2021-05-24,0,1.0,KY,1.0,4897.0
2021-05-31,0,0.14285714285714285,KY,1.0,4426.0
2021-06-07,1,0.0,KY,1.0,4803.0
2021-06-14,1,0.14285714285714285,KY,1.0,4859.0
2021-06-21,1,1.0,KY,1.0,5549.0
2021-06-28,1,0.42857142857142855,KY,1.0,5047.0
2021-07-05,1,0.0,KY,1.0,4755.0
2021-07-12,1,0.0,KY,1.0,4706.0
2021-07-19,1,0.8571428571428571,KY,1.0,5333.0
2021-07-26,1,0.8571428571428571,KY,1.0,5367.0
2021-08-02,1,0.0,KY,1.0,4768.0
2021-08-09,1,0.0,KY,1.0,4761.0
2021-08-16,0,0.42857142857142855,KY,1.0,4447.0
2021-08-23,0,1.0,KY,1.0,4947.0
2021-08-30,0,0.2857142857142857,KY,1.0,4389.0
2021-09-06,0,0.0,KY,1.0,4282.0
2021-09-13,0,0.0,KY,1.0,4214.0
2021-09-20,0,1.0,KY,1.0,4824.0
2021-09-27,0,0.5714285714285714,KY,1.0,4524.0
2021-10-04,0,0.0,KY,1.0,4225.0
2021-10-11,0,0.0,KY,1.0,4172.0
2021-10-18,0,0.7142857142857143,KY,1.0,4611.0
2021-10-25,0,1.0,KY,1.0,4784.0
2021-11-01,0,0.0,KY,1.0,4590.0
2021-11-08,0,0.0,KY,1.0,4592.0
2021-11-15,0,0.2857142857142857,KY,1.0,4864.0
2021-11-22,0,1.0,KY,1.0,5302.0
2021-11-29,0,0.2857142857142857,KY,1.0,4794.0
2021-12-06,0,0.0,KY,1.0,4637.0
2021-12-13,0,0.0,KY,1.0,4645.0
2021-12-20,1,1.0,KY,1.0,6058.0
2021-12-27,1,0.7142857142857143,KY,1.0,5770.0
2022-01-03,1,0.0,KY,1.0,4712.0
2022-01-10,0,0.0,KY,1.0,4366.0
2022-01-17,0,0.5714285714285714,KY,1.0,4656.0
2022-01-24,0,1.0,KY,1.0,4897.0
2022-01-31,0,0.14285714285714285,KY,1.0,4556.0
2022-02-07,0,0.0,KY,1.0,4366.0
2022-02-14,0,0.14285714285714285,KY,1.0,4651.0
2022-02-21,0,1.0,KY,1.0,5144.0
2022-02-28,0,0.14285714285714285,KY,1.0,4750.0
2022-03-07,0,0.0,KY,1.0,4610.0
2022-03-14,0,0.14285714285714285,KY,1.0,4734.0
2022-03-21,0,1.0,KY,1.0,5427.0
2022-03-28,0,0.5714285714285714,KY,1.0,5168.0
2022-04-04,0,0.0,KY,1.0,4842.0
2022-04-11,0,0.0,KY,1.0,4911.0
2022-04-18,0,0.7142857142857143,KY,1.0,5402.0
2022-04-25,0,0.8571428571428571,KY,1.0,5518.0
2022-05-02,0,0.0,KY,1.0,5087.0
2022-05-09,0,0.0,KY,1.0,5034.0
2022-05-16,0,0.42857142857142855,KY,1.0,5586.0
2022-05-23,0,1.0,KY,1.0,5983.0
2022-05-30,0,0.2857142857142857,KY,1.0,5441.0
2022-06-06,1,0.0,KY,1.0,5836.0
2022-06-13,1,0.0,KY,1.0,5845.0
2022-06-20,1,1.0,KY,1.0,6797.0
2022-06-27,1,0.5714285714285714,KY,1.0,6517.0
2022-07-04,1,0.0,KY,1.0,5864.0
2022-07-11,1,0.0,KY,1.0,5976.0
2022-07-18,1,0.7142857142857143,KY,1.0,6647.0
2022-07-25,1,1.0,KY,1.0,6847.0
2022-08-01,1,0.0,KY,1.0,5998.0
2022-08-08,1,0.0,KY,1.0,5905.0
2022-08-15,0,0.2857142857142857,KY,1.0,5518.0
2022-08-22,0,1.0,KY,1.0,5984.0
2022-08-29,0,0.42857142857142855,KY,1.0,5581.0
2022-09-05,0,0.0,KY,1.0,5242.0
2022-09-12,0,0.0,KY,1.0,5185.0
2022-09-19,0,0.8571428571428571,KY,1.0,5784.0
2022-09-26,0,0.7142857142857143,KY,1.0,5590.0
2022-10-03,0,0.0,KY,1.0,5103.0
2022-10-10,0,0.0,KY,1.0,5039.0
2022-10-17,0,0.5714285714285714,KY,1.0,5506.0
2022-10-24,0,1.0,KY,1.0,5725.0
2022-10-31,0,0.14285714285714285,KY,1.0,5044.0
2022-11-07,0,0.0,KY,1.0,5397.0
2022-11-14,0,0.14285714285714285,KY,1.0,5555.0
2022-11-21,0,1.0,KY,1.0,6146.0
2022-11-28,0,0.42857142857142855,KY,1.0,5755.0
2022-12-05,0,0.0,KY,1.0,5487.0
2022-12-12,0,0.0,KY,1.0,5358.0
2022-12-19,0,0.8571428571428571,KY,1.0,6156.0
2022-12-26,1,0.8571428571428571,KY,1.0,6719.0
2023-01-02,1,0.0,KY,1.0,5565.0
2023-01-09,0,0.0,KY,1.0,5028.0
2023-01-16,0,0.42857142857142855,KY,1.0,5243.0
2023-01-23,0,1.0,KY,1.0,5881.0
2023-01-30,0,0.2857142857142857,KY,1.0,5254.0
2023-02-06,0,0.0,KY,1.0,5086.0
2023-02-13,0,0.0,KY,1.0,5023.0
2023-02-20,0,1.0,KY,1.0,5933.0
2023-02-27,0,0.2857142857142857,KY,1.0,5343.0
2023-03-06,0,0.0,KY,1.0,5210.0
2023-03-13,0,0.0,KY,1.0,5320.0
2023-03-20,0,1.0,KY,1.0,6178.0
2023-03-27,0,0.7142857142857143,KY,1.0,5891.0
2023-04-03,0,0.0,KY,1.0,5394.0
2023-04-10,0,0.0,KY,1.0,5404.0
2023-04-17,0,0.5714285714285714,KY,1.0,6059.0
2023-04-24,0,1.0,KY,1.0,6436.0
2023-05-01,0,0.0,KY,1.0,5522.0
2023-05-08,0,0.0,KY,1.0,5608.0
2023-05-15,0,0.2857142857142857,KY,1.0,5917.0
2023-05-22,0,1.0,KY,1.0,6439.0
2023-05-29,0,0.42857142857142855,KY,1.0,6013.0
2023-06-05,1,0.0,KY,1.0,6320.0
2023-06-12,1,0.0,KY,1.0,6473.0
2023-06-19,1,0.8571428571428571,KY,1.0,7306.0
2023-06-26,1,0.7142857142857143,KY,1.0,7226.0
2023-07-03,1,0.0,KY,1.0,6530.0
2023-07-10,1,0.0,KY,1.0,6421.0
2023-07-17,1,0.5714285714285714,KY,1.0,6894.0
2023-07-24,1,1.0,KY,1.0,7343.0
2023-07-31,1,0.14285714285714285,KY,1.0,6709.0
2023-08-07,1,0.0,KY,1.0,6365.0
2023-08-14,1,0.14285714285714285,KY,1.0,6512.0
2023-08-21,0,1.0,KY,1.0,6636.0
2023-08-28,0,0.5714285714285714,KY,1.0,6196.0
2023-09-04,0,0.0,KY,1.0,5591.0
2023-09-11,0,0.0,KY,1.0,5556.0
2023-09-18,0,0.7142857142857143,KY,1.0,6071.0
2023-09-25,0,0.8571428571428571,KY,1.0,6263.0
2023-10-02,0,0.0,KY,1.0,5571.0
2023-10-09,0,0.0,KY,1.0,5523.0
2023-10-16,0,0.42857142857142855,KY,1.0,5827.0
2023-10-23,0,1.0,KY,1.0,6224.0
2023-10-30,0,0.2857142857142857,KY,1.0,5728.0
2023-11-06,0,0.0,KY,1.0,6063.0
2023-11-13,0,0.0,KY,1.0,5914.0
2023-11-20,0,1.0,KY,1.0,6760.0
2023-11-27,0,0.5714285714285714,KY,1.0,6454.0
2023-12-04,0,0.0,KY,1.0,5883.0
2023-12-11,0,0.0,KY,1.0,5950.0
2023-12-18,0,0.7142857142857143,KY,1.0,6444.0
2023-12-25,1,1.0,KY,1.0,7593.0
2024-01-01,1,0.0,KY,1.0,6070.0
2024-01-08,0,0.0,KY,1.0,5410.0
2024-01-15,0,0.2857142857142857,KY,1.0,5605.0
2024-01-22,0,1.0,KY,1.0,6356.0
2024-01-29,0,0.42857142857142855,KY,1.0,5756.0
2024-02-05,0,0.0,KY,1.0,5636.0
2024-02-12,0,0.0,KY,1.0,5567.0
2024-02-19,0,0.8571428571428571,KY,1.0,6382.0
2024-02-26,0,0.5714285714285714,KY,1.0,6318.0
2024-03-04,0,0.0,KY,1.0,5698.0
2024-03-11,0,0.0,KY,1.0,5837.0
2024-03-18,0,0.7142857142857143,KY,1.0,6484.0
2024-03-25,0,1.0,KY,1.0,6789.0
2024-04-01,0,0.0,KY,1.0,5962.0
2024-04-08,0,0.0,KY,1.0,6051.0
2024-04-15,0,0.2857142857142857,KY,1.0,6414.0
2024-04-22,0,1.0,KY,1.0,7120.0
2024-04-29,0,0.2857142857142857,KY,1.0,6440.0
2024-05-06,0,0.0,KY,1.0,6151.0
2024-05-13,0,0.0,KY,1.0,6253.0
2024-05-20,0,1.0,KY,1.0,7293.0
2024-05-27,0,0.7142857142857143,KY,1.0,7015.0
2024-06-03,1,0.0,KY,1.0,7174.0
2024-06-10,1,0.0,KY,1.0,7117.0
2024-06-17,1,0.5714285714285714,KY,1.0,7693.0
2024-06-24,1,1.0,KY,1.0,8336.0
2024-07-01,1,0.0,KY,1.0,7137.0
2024-07-08,1,0.0,KY,1.0,7210.0
2024-07-15,1,0.2857142857142857,KY,1.0,7445.0
2024-07-22,1,1.0,KY,1.0,8080.0
2024-07-29,1,0.42857142857142855,KY,1.0,7518.0
2024-08-05,1,0.0,KY,1.0,7009.0
2024-08-12,1,0.0,KY,1.0,6923.0
2024-08-19,0,0.8571428571428571,KY,1.0,7084.0
2024-08-26,0,0.8571428571428571,KY,1.0,7102.0
2024-09-02,0,0.0,KY,1.0,6233.0
2024-09-09,0,0.0,KY,1.0,6110.0
2024-09-16,0,0.42857142857142855,KY,1.0,6447.0
2024-09-23,0,1.0,KY,1.0,6897.0
2024-09-30,0,0.14285714285714285,KY,1.0,6220.0
2024-10-07,0,0.0,KY,1.0,5973.0
2024-10-14,0,0.14285714285714285,KY,1.0,6049.0
2024-10-21,0,1.0,KY,1.0,6626.0
2024-10-28,0,0.5714285714285714,KY,1.0,6402.0
2024-11-04,0,0.0,KY,1.0,6377.0
2024-11-11,0,0.0,KY,1.0,6219.0
2024-11-18,0,0.7142857142857143,KY,1.0,6912.0
2024-11-25,0,0.8571428571428571,KY,1.0,7076.0
2024-12-02,0,0.0,KY,1.0,6150.0
2024-12-09,0,0.0,KY,1.0,6075.0
2024-12-16,0,0.42857142857142855,KY,1.0,6684.0
2024-12-23,1,1.0,KY,1.0,8011.0
2024-12-30,1,0.2857142857142857,KY,1.0,7229.0
2025-01-06,0,0.0,KY,1.0,5639.0
2025-01-13,0,0.0,KY,1.0,5771.0
2025-01-20,0,1.0,KY,1.0,6534.0
2025-01-27,0,0.7142857142857143,KY,1.0,6423.0
2025-02-03,0,0.0,KY,1.0,5640.0
2025-02-10,0,0.0,KY,1.0,5856.0
2025-02-17,0,0.5714285714285714,KY,1.0,6407.0
2025-02-24,0,0.7142857142857143,KY,1.0,6539.0
2025-03-03,0,0.0,KY,1.0,5836.0
2025-03-10,0,0.0,KY,1.0,5894.0
2025-03-17,0,0.5714285714285714,KY,1.0,6647.0
2025-03-24,0,1.0,KY,1.0,6901.0
2025-03-31,0,0.14285714285714285,KY,1.0,6301.0
2025-04-07,0,0.0,KY,1.0,6191.0
2025-04-14,0,0.14285714285714285,KY,1.0,6391.0
2025-04-21,0,1.0,KY,1.0,7184.0
2025-04-28,0,0.42857142857142855,KY,1.0,6754.0
2025-05-05,0,0.0,KY,1.0,6433.0
2025-05-12,0,0.0,KY,1.0,6343.0
2025-05-19,0,0.8571428571428571,KY,1.0,7047.0
2025-05-26,0,0.8571428571428571,KY,1.0,7047.0
2025-06-02,1,0.0,KY,1.0,7156.0
2025-06-09,1,0.0,KY,1.0,7198.0
2025-06-16,1,0.42857142857142855,KY,1.0,7621.0
2025-06-23,1,1.0,KY,1.0,8091.0
2025-06-30,1,0.14285714285714285,KY,1.0,7322.0
2025-07-07,1,0.0,KY,1.0,7375.0
2025-07-14,1,0.14285714285714285,KY,1.0,7498.0
2025-07-21,1,1.0,KY,1.0,8180.0
2025-07-28,1,0.5714285714285714,KY,1.0,7633.0
2025-08-04,1,0.0,KY,0.9985212102327293,7141.0
2025-08-11,1,0.0,KY,0.9970424204654585,7016.0
2025-08-18,0,0.7142857142857143,KY,0.9955636306981879,7024.0
2025-08-25,0,1.0,KY,0.9940848409309171,7045.0
2025-09-01,0,0.0,KY,0.9926060511636464,6312.0
2025-09-08,0,0.0,KY,0.9911272613963756,6254.0
2025-09-15,0,0.2857142857142857,KY,0.989648471629105,6450.0
2025-09-22,0,1.0,KY,0.9881696818618342,6970.0
2025-09-29,0,0.2857142857142857,KY,0.9866908920945635,6242.0
2025-10-06,0,0.0,KY,0.9852121023272927,5954.0
2025-10-13,0,0.0,KY,0.983733312560022,6014.0
2025-10-20,0,1.0,KY,0.9822545227927513,6977.0
2025-10-27,0,0.7142857142857143,KY,0.9807757330254806,6628.0
2025-11-03,0,0.0,KY,0.9792969432582098,6590.0
2025-11-10,0,0.0,KY,0.9778181534909391,6524.0
2025-11-17,0,0.5714285714285714,KY,0.9763393637236684,7096.0
2025-11-24,0,1.0,KY,0.9748605739563977,7392.0
2025-12-01,0,0.0,KY,0.9733817841891269,6515.0
2025-12-08,0,0.0,KY,0.9719029944218562,6395.0
2025-12-15,0,0.2857142857142857,KY,0.9704242046545855,6793.0
2025-12-22,1,1.0,KY,0.9689454148873148,8303.0
2025-12-29,1,0.42857142857142855,KY,0.967466625120044,7842.0
2026-01-05,1,0.0,KY,0.9659878353527733,6587.0
2026-01-12,0,0.0,KY,0.9645090455855025,5948.0
2026-01-19,0,0.8571428571428571,KY,0.9630302558182319,6851.0
2026-01-26,0,0.8571428571428571,KY,0.9615514660509611,6914.0
2026-02-02,0,0.0,KY,0.9600726762836904,6113.0
2026-02-09,0,0.0,KY,0.9585938865164196,6099.0
2026-02-16,0,0.42857142857142855,KY,0.957115096749149,6565.0
2026-02-23,0,0.8571428571428571,KY,0.9556363069818782,6853.0
2026-03-02,0,0.0,KY,0.9541575172146075,6169.0
2026-03-09,0,0.0,KY,0.9526787274473367,6306.0
2026-03-16,0,0.42857142857142855,KY,0.951199937680066,6940.0
2026-03-23,0,1.0,KY,0.9497211479127953,7287.0
2026-03-30,0,0.2857142857142857,KY,0.9482423581455246,6879.0
2026-04-06,0,0.0,KY,0.9467635683782538,6621.0
2026-04-13,0,0.0,KY,0.9452847786109831,6540.0
2026-04-20,0,1.0,KY,0.9438059888437124,7597.0
2026-04-27,0,0.5714285714285714,KY,0.9423271990764417,7257.0
2026-05-04,0,0.0,KY,0.9408484093091709,6699.0
2026-05-11,0,0.0,KY,0.9393696195419002,6812.0
2026-05-18,0,0.7142857142857143,KY,0.9378908297746295,7594.0
2026-05-25,0,1.0,KY,0.9364120400073588,7981.0
2026-06-01,1,0.0,KY,0.934933250240088,7697.0
2026-06-08,1,0.0,KY,0.9334544604728173,7709.0
2026-06-15,1,0.2857142857142857,KY,0.9319756707055467,8074.0
2026-06-22,1,1.0,KY,0.9304968809382759,8982.0
2026-06-29,1,0.2857142857142857,KY,0.9290180911710051,8150.0
2026-07-06,1,0.0,KY,0.9275393014037344,7823.0
2026-07-13,1,0.0,KY,0.9260605116364637,7926.0
2026-07-20,1,1.0,KY,0.924581721869193,8991.0
2026-07-27,1,0.7142857142857143,KY,0.924581721869193,8516.0
2026-08-03,1,0.0,KY,0.924581721869193,7599.0
2026-08-10,1,0.0,KY,0.924581721869193,7745.0
2026-08-17,0,0.5714285714285714,KY,0.924581721869193,7423.0
2026-08-24,0,1.0,KY,0.924581721869193,7826.0
2026-08-31,0,0.14285714285714285,KY,0.924581721869193,6831.0
2026-09-07,0,0.0,KY,0.924581721869193,6748.0
2026-09-14,0,0.14285714285714285,KY,0.924581721869193,6755.0
2026-09-21,0,1.0,KY,0.924581721869193,7541.0
2019-01-07,0,0.0,LA,1.0,5316.0
2019-01-14,0,0.14285714285714285,LA,1.0,5589.0
2019-01-21,0,1.0,LA,1.0,6252.0
2019-01-28,0,0.5714285714285714,LA,1.0,5896.0
2019-02-04,0,0.0,LA,1.0,5468.0
2019-02-11,0,0.0,LA,1.0,5468.0
2019-02-18,0,0.7142857142857143,LA,1.0,6165.0
2019-02-25,0,0.5714285714285714,LA,1.0,6045.0
2019-03-04,0,0.0,LA,1.0,5601.0
2019-03-11,0,0.0,LA,1.0,5694.0
2019-03-18,0,0.7142857142857143,LA,1.0,6271.0
2019-03-25,0,1.0,LA,1.0,6568.0
2019-04-01,0,0.0,LA,1.0,5684.0
2019-04-08,0,0.0,LA,1.0,5819.0
2019-04-15,0,0.2857142857142857,LA,1.0,6222.0
2019-04-22,0,1.0,LA,1.0,6813.0
2019-04-29,0,0.2857142857142857,LA,1.0,6202.0
2019-05-06,0,0.0,LA,1.0,6022.0
2019-05-13,0,0.0,LA,1.0,5942.0
2019-05-20,0,1.0,LA,1.0,6996.0
2019-05-27,0,0.7142857142857143,LA,1.0,6690.0
2019-06-03,1,0.0,LA,1.0,6846.0
2019-06-10,1,0.0,LA,1.0,6821.0
2019-06-17,1,0.5714285714285714,LA,1.0,7473.0
2019-06-24,1,1.0,LA,1.0,7748.0
2019-07-01,1,0.0,LA,1.0,6812.0
2019-07-08,1,0.0,LA,1.0,6780.0
2019-07-15,1,0.2857142857142857,LA,1.0,7078.0
2019-07-22,1,1.0,LA,1.0,7735.0
2019-07-29,1,0.42857142857142855,LA,1.0,7186.0
2019-08-05,1,0.0,LA,1.0,6674.0
2019-08-12,1,0.0,LA,1.0,6660.0
2019-08-19,0,0.8571428571428571,LA,1.0,6616.0
2019-08-26,0,0.8571428571428571,LA,1.0,6631.0
2019-09-02,0,0.0,LA,1.0,5752.0
2019-09-09,0,0.0,LA,1.0,5788.0
2019-09-16,0,0.42857142857142855,LA,1.0,6031.0
2019-09-23,0,1.0,LA,1.0,6543.0
2019-09-30,0,0.14285714285714285,LA,1.0,5749.0
2019-10-07,0,0.0,LA,1.0,5516.0
2019-10-14,0,0.14285714285714285,LA,1.0,5615.0
2019-10-21,0,1.0,LA,1.0,6258.0
2019-10-28,0,0.5714285714285714,LA,1.0,6018.0
2019-11-04,0,0.0,LA,1.0,5937.0
2019-11-11,0,0.0,LA,1.0,5924.0
2019-11-18,0,0.7142857142857143,LA,1.0,6453.0
2019-11-25,0,0.8571428571428571,LA,1.0,6694.0
2019-12-02,0,0.0,LA,1.0,5901.0
2019-12-09,0,0.0,LA,1.0,5856.0
2019-12-16,0,0.42857142857142855,LA,1.0,6220.0
2019-12-23,1,1.0,LA,1.0,7426.0
2019-12-30,1,0.2857142857142857,LA,1.0,6852.0
2020-01-06,0,0.0,LA,1.0,5291.0
2020-01-13,0,0.0,LA,1.0,5356.0
2020-01-20,0,1.0,LA,1.0,6182.0
2020-01-27,0,0.7142857142857143,LA,1.0,5926.0
2020-02-03,0,0.0,LA,1.0,5418.0
2020-02-10,0,0.0,LA,1.0,5481.0
2020-02-17,0,0.5714285714285714,LA,1.0,5977.0
2020-02-24,0,0.8571428571428571,LA,1.0,6205.0
2020-03-02,0,0.0,LA,1.0,5601.0
2020-03-09,0,0.0,LA,1.0,5574.0
2020-03-16,0,0.42857142857142855,LA,1.0,5889.0
2020-03-23,0,1.0,LA,1.0,6409.0
2020-03-30,0,0.2857142857142857,LA,1.0,5932.0
2020-04-06,0,0.0,LA,1.0,5768.0
2020-04-13,0,0.0,LA,1.0,5796.0
2020-04-20,0,1.0,LA,1.0,6608.0
2020-04-27,0,0.5714285714285714,LA,1.0,6229.0
2020-05-04,0,0.0,LA,1.0,5915.0
2020-05-11,0,0.0,LA,1.0,5736.0
2020-05-18,0,0.7142857142857143,LA,1.0,6478.0
2020-05-25,0,1.0,LA,1.0,6879.0
2020-06-01,1,0.0,LA,1.0,6609.0
2020-06-08,1,0.0,LA,1.0,6646.0
2020-06-15,1,0.2857142857142857,LA,1.0,7012.0
2020-06-22,1,1.0,LA,1.0,7622.0
2020-06-29,1,0.2857142857142857,LA,1.0,6853.0
2020-07-06,1,0.0,LA,1.0,6720.0
2020-07-13,1,0.0,LA,1.0,6635.0
2020-07-20,1,1.0,LA,1.0,7374.0
2020-07-27,1,0.7142857142857143,LA,1.0,7350.0
2020-08-03,1,0.0,LA,1.0,6552.0
2020-08-10,1,0.0,LA,1.0,6431.0
2020-08-17,0,0.5714285714285714,LA,1.0,6241.0
2020-08-24,0,1.0,LA,1.0,6615.0
2020-08-31,0,0.14285714285714285,LA,1.0,5773.0
2020-09-07,0,0.0,LA,1.0,5564.0
2020-09-14,0,0.14285714285714285,LA,1.0,5609.0
2020-09-21,0,1.0,LA,1.0,6255.0
2020-09-28,0,0.42857142857142855,LA,1.0,5622.0
2020-10-05,0,0.0,LA,1.0,5312.0
2020-10-12,0,0.0,LA,1.0,5351.0
2020-10-19,0,0.8571428571428571,LA,1.0,5942.0
2020-10-26,0,0.8571428571428571,LA,1.0,5877.0
2020-11-02,0,0.0,LA,1.0,5656.0
2020-11-09,0,0.0,LA,1.0,5758.0
2020-11-16,0,0.42857142857142855,LA,1.0,5896.0
2020-11-23,0,1.0,LA,1.0,6451.0
2020-11-30,0,0.14285714285714285,LA,1.0,5676.0
2020-12-07,0,0.0,LA,1.0,5576.0
2020-12-14,0,0.14285714285714285,LA,1.0,5562.0
2020-12-21,1,1.0,LA,1.0,7251.0
2020-12-28,1,0.5714285714285714,LA,1.0,6791.0
2021-01-04,1,0.0,LA,1.0,5588.0
2021-01-11,0,0.0,LA,1.0,5051.0
2021-01-18,0,0.7142857142857143,LA,1.0,5545.0
2021-01-25,0,1.0,LA,1.0,5778.0
2021-02-01,0,0.0,LA,1.0,5006.0
2021-02-08,0,0.0,LA,1.0,5035.0
2021-02-15,0,0.2857142857142857,LA,1.0,5314.0
2021-02-22,0,1.0,LA,1.0,5913.0
2021-03-01,0,0.0,LA,1.0,5169.0
2021-03-08,0,0.0,LA,1.0,5234.0
2021-03-15,0,0.2857142857142857,LA,1.0,5370.0
2021-03-22,0,1.0,LA,1.0,5986.0
2021-03-29,0,0.42857142857142855,LA,1.0,5557.0
2021-04-05,0,0.0,LA,1.0,5342.0
2021-04-12,0,0.0,LA,1.0,5370.0
2021-04-19,0,0.8571428571428571,LA,1.0,6110.0
2021-04-26,0,0.7142857142857143,LA,1.0,5993.0
2021-05-03,0,0.0,LA,1.0,5444.0
2021-05-10,0,0.0,LA,1.0,5425.0
2021-05-17,0,0.5714285714285714,LA,1.0,5781.0
2021-05-24,0,1.0,LA,1.0,6100.0
2021-05-31,0,0.14285714285714285,LA,1.0,5533.0
2021-06-07,1,0.0,LA,1.0,6012.0
2021-06-14,1,0.14285714285714285,LA,1.0,6077.0
2021-06-21,1,1.0,LA,1.0,6999.0
2021-06-28,1,0.42857142857142855,LA,1.0,6412.0
2021-07-05,1,0.0,LA,1.0,6099.0
2021-07-12,1,0.0,LA,1.0,6057.0
2021-07-19,1,0.8571428571428571,LA,1.0,6952.0
2021-07-26,1,0.8571428571428571,LA,1.0,6876.0
2021-08-02,1,0.0,LA,1.0,5987.0
2021-08-09,1,0.0,LA,1.0,5921.0
2021-08-16,0,0.42857142857142855,LA,1.0,5782.0
2021-08-23,0,1.0,LA,1.0,6072.0
2021-08-30,0,0.2857142857142857,LA,1.0,5691.0
2021-09-06,0,0.0,LA,1.0,5422.0
2021-09-13,0,0.0,LA,1.0,5275.0
2021-09-20,0,1.0,LA,1.0,6126.0
2021-09-27,0,0.5714285714285714,LA,1.0,5744.0
2021-10-04,0,0.0,LA,1.0,5234.0
2021-10-11,0,0.0,LA,1.0,5245.0
2021-10-18,0,0.7142857142857143,LA,1.0,5769.0
2021-10-25,0,1.0,LA,1.0,5921.0
2021-11-01,0,0.0,LA,1.0,5736.0
2021-11-08,0,0.0,LA,1.0,5688.0
2021-11-15,0,0.2857142857142857,LA,1.0,5968.0
2021-11-22,0,1.0,LA,1.0,6457.0
2021-11-29,0,0.2857142857142857,LA,1.0,5955.0
2021-12-06,0,0.0,LA,1.0,5669.0
2021-12-13,0,0.0,LA,1.0,5705.0
2021-12-20,1,1.0,LA,1.0,7533.0
2021-12-27,1,0.7142857142857143,LA,1.0,7243.0
2022-01-03,1,0.0,LA,1.0,5736.0
2022-01-10,0,0.0,LA,1.0,5309.0
2022-01-17,0,0.5714285714285714,LA,1.0,5766.0
2022-01-24,0,1.0,LA,1.0,6286.0
2022-01-31,0,0.14285714285714285,LA,1.0,5709.0
2022-02-07,0,0.0,LA,1.0,5462.0
2022-02-14,0,0.14285714285714285,LA,1.0,5553.0
2022-02-21,0,1.0,LA,1.0,6407.0
2022-02-28,0,0.14285714285714285,LA,1.0,5690.0
2022-03-07,0,0.0,LA,1.0,5770.0
2022-03-14,0,0.14285714285714285,LA,1.0,5742.0
2022-03-21,0,1.0,LA,1.0,6769.0
2022-03-28,0,0.5714285714285714,LA,1.0,6207.0
2022-04-04,0,0.0,LA,1.0,6006.0
2022-04-11,0,0.0,LA,1.0,6059.0
2022-04-18,0,0.7142857142857143,LA,1.0,6603.0
2022-04-25,0,0.8571428571428571,LA,1.0,6956.0
2022-05-02,0,0.0,LA,1.0,6108.0
2022-05-09,0,0.0,LA,1.0,6123.0
2022-05-16,0,0.42857142857142855,LA,1.0,6687.0
2022-05-23,0,1.0,LA,1.0,7171.0
2022-05-30,0,0.2857142857142857,LA,1.0,6549.0
2022-06-06,1,0.0,LA,1.0,7081.0
2022-06-13,1,0.0,LA,1.0,7174.0
2022-06-20,1,1.0,LA,1.0,8291.0
2022-06-27,1,0.5714285714285714,LA,1.0,7627.0
2022-07-04,1,0.0,LA,1.0,7144.0
2022-07-11,1,0.0,LA,1.0,7275.0
2022-07-18,1,0.7142857142857143,LA,1.0,8028.0
2022-07-25,1,1.0,LA,1.0,8386.0
2022-08-01,1,0.0,LA,1.0,7140.0
2022-08-08,1,0.0,LA,1.0,7025.0
2022-08-15,0,0.2857142857142857,LA,1.0,6776.0
2022-08-22,0,1.0,LA,1.0,7235.0
2022-08-29,0,0.42857142857142855,LA,1.0,6625.0
2022-09-05,0,0.0,LA,1.0,6216.0
2022-09-12,0,0.0,LA,1.0,6200.0
2022-09-19,0,0.8571428571428571,LA,1.0,6967.0
2022-09-26,0,0.7142857142857143,LA,1.0,6758.0
2022-10-03,0,0.0,LA,1.0,6010.0
2022-10-10,0,0.0,LA,1.0,6162.0
2022-10-17,0,0.5714285714285714,LA,1.0,6509.0
2022-10-24,0,1.0,LA,1.0,6909.0
2022-10-31,0,0.14285714285714285,LA,1.0,6096.0
2022-11-07,0,0.0,LA,1.0,6607.0
2022-11-14,0,0.14285714285714285,LA,1.0,6762.0
2022-11-21,0,1.0,LA,1.0,7528.0
2022-11-28,0,0.42857142857142855,LA,1.0,6979.0
2022-12-05,0,0.0,LA,1.0,6510.0
2022-12-12,0,0.0,LA,1.0,6508.0
2022-12-19,0,0.8571428571428571,LA,1.0,7466.0
2022-12-26,1,0.8571428571428571,LA,1.0,8307.0
2023-01-02,1,0.0,LA,1.0,6672.0
2023-01-09,0,0.0,LA,1.0,5886.0
2023-01-16,0,0.42857142857142855,LA,1.0,6385.0
2023-01-23,0,1.0,LA,1.0,6981.0
2023-01-30,0,0.2857142857142857,LA,1.0,6405.0
2023-02-06,0,0.0,LA,1.0,6146.0
2023-02-13,0,0.0,LA,1.0,6159.0
2023-02-20,0,1.0,LA,1.0,7405.0
2023-02-27,0,0.2857142857142857,LA,1.0,6335.0
2023-03-06,0,0.0,LA,1.0,6502.0
2023-03-13,0,0.0,LA,1.0,6362.0
2023-03-20,0,1.0,LA,1.0,7385.0
2023-03-27,0,0.7142857142857143,LA,1.0,7164.0
2023-04-03,0,0.0,LA,1.0,6460.0
2023-04-10,0,0.0,LA,1.0,6643.0
2023-04-17,0,0.5714285714285714,LA,1.0,7161.0
2023-04-24,0,1.0,LA,1.0,7611.0
2023-05-01,0,0.0,LA,1.0,6756.0
2023-05-08,0,0.0,LA,1.0,6724.0
2023-05-15,0,0.2857142857142857,LA,1.0,7124.0
2023-05-22,0,1.0,LA,1.0,7831.0
2023-05-29,0,0.42857142857142855,LA,1.0,7381.0
2023-06-05,1,0.0,LA,1.0,7685.0
2023-06-12,1,0.0,LA,1.0,7805.0
2023-06-19,1,0.8571428571428571,LA,1.0,8957.0
2023-06-26,1,0.7142857142857143,LA,1.0,8601.0
2023-07-03,1,0.0,LA,1.0,7825.0
2023-07-10,1,0.0,LA,1.0,7820.0
2023-07-17,1,0.5714285714285714,LA,1.0,8639.0
2023-07-24,1,1.0,LA,1.0,9111.0
2023-07-31,1,0.14285714285714285,LA,1.0,8084.0
2023-08-07,1,0.0,LA,1.0,7725.0
2023-08-14,1,0.14285714285714285,LA,1.0,8000.0
2023-08-21,0,1.0,LA,1.0,7783.0
2023-08-28,0,0.5714285714285714,LA,1.0,7358.0
2023-09-04,0,0.0,LA,1.0,6833.0
2023-09-11,0,0.0,LA,1.0,6723.0
2023-09-18,0,0.7142857142857143,LA,1.0,7564.0
2023-09-25,0,0.8571428571428571,LA,1.0,7554.0
2023-10-02,0,0.0,LA,1.0,6552.0
2023-10-09,0,0.0,LA,1.0,6596.0
2023-10-16,0,0.42857142857142855,LA,1.0,7088.0
2023-10-23,0,1.0,LA,1.0,7641.0
2023-10-30,0,0.2857142857142857,LA,1.0,6805.0
2023-11-06,0,0.0,LA,1.0,7003.0
2023-11-13,0,0.0,LA,1.0,7042.0
2023-11-20,0,1.0,LA,1.0,8074.0
2023-11-27,0,0.5714285714285714,LA,1.0,7802.0
2023-12-04,0,0.0,LA,1.0,7093.0
2023-12-11,0,0.0,LA,1.0,7283.0
2023-12-18,0,0.7142857142857143,LA,1.0,7823.0
2023-12-25,1,1.0,LA,1.0,9071.0
2024-01-01,1,0.0,LA,1.0,7365.0
2024-01-08,0,0.0,LA,1.0,6418.0
2024-01-15,0,0.2857142857142857,LA,1.0,6783.0
2024-01-22,0,1.0,LA,1.0,7584.0
2024-01-29,0,0.42857142857142855,LA,1.0,7154.0
2024-02-05,0,0.0,LA,1.0,6820.0
2024-02-12,0,0.0,LA,1.0,6759.0
2024-02-19,0,0.8571428571428571,LA,1.0,7689.0
2024-02-26,0,0.5714285714285714,LA,1.0,7324.0
2024-03-04,0,0.0,LA,1.0,6811.0
2024-03-11,0,0.0,LA,1.0,6991.0
2024-03-18,0,0.7142857142857143,LA,1.0,7840.0
2024-03-25,0,1.0,LA,1.0,8053.0
2024-04-01,0,0.0,LA,1.0,7074.0
2024-04-08,0,0.0,LA,1.0,7250.0
2024-04-15,0,0.2857142857142857,LA,1.0,7390.0
2024-04-22,0,1.0,LA,1.0,8404.0
2024-04-29,0,0.2857142857142857,LA,1.0,7606.0
2024-05-06,0,0.0,LA,1.0,7269.0
2024-05-13,0,0.0,LA,1.0,7530.0
2024-05-20,0,1.0,LA,1.0,8576.0
2024-05-27,0,0.7142857142857143,LA,1.0,8404.0
2024-06-03,1,0.0,LA,1.0,8363.0
2024-06-10,1,0.0,LA,1.0,8546.0
2024-06-17,1,0.5714285714285714,LA,1.0,9321.0
2024-06-24,1,1.0,LA,1.0,9878.0
2024-07-01,1,0.0,LA,1.0,8518.0
2024-07-08,1,0.0,LA,1.0,8600.0
2024-07-15,1,0.2857142857142857,LA,1.0,8916.0
2024-07-22,1,1.0,LA,1.0,9609.0
2024-07-29,1,0.42857142857142855,LA,1.0,9012.0
2024-08-05,1,0.0,LA,1.0,8383.0
2024-08-12,1,0.0,LA,1.0,8336.0
2024-08-19,0,0.8571428571428571,LA,1.0,8404.0
2024-08-26,0,0.8571428571428571,LA,1.0,8319.0
2024-09-02,0,0.0,LA,1.0,7325.0
2024-09-09,0,0.0,LA,1.0,7355.0
2024-09-16,0,0.42857142857142855,LA,1.0,7722.0
2024-09-23,0,1.0,LA,1.0,8309.0
2024-09-30,0,0.14285714285714285,LA,1.0,7317.0
2024-10-07,0,0.0,LA,1.0,7066.0
2024-10-14,0,0.14285714285714285,LA,1.0,7165.0
2024-10-21,0,1.0,LA,1.0,8037.0
2024-10-28,0,0.5714285714285714,LA,1.0,7369.0
2024-11-04,0,0.0,LA,1.0,7667.0
2024-11-11,0,0.0,LA,1.0,7548.0
2024-11-18,0,0.7142857142857143,LA,1.0,8285.0
2024-11-25,0,0.8571428571428571,LA,1.0,8349.0
2024-12-02,0,0.0,LA,1.0,7483.0
2024-12-09,0,0.0,LA,1.0,7529.0
2024-12-16,0,0.42857142857142855,LA,1.0,7845.0
2024-12-23,1,1.0,LA,1.0,9677.0
2024-12-30,1,0.2857142857142857,LA,1.0,8837.0
2025-01-06,0,0.0,LA,1.0,6832.0
2025-01-13,0,0.0,LA,1.0,6763.0
2025-01-20,0,1.0,LA,1.0,7758.0
2025-01-27,0,0.7142857142857143,LA,1.0,7409.0
2025-02-03,0,0.0,LA,1.0,6816.0
2025-02-10,0,0.0,LA,1.0,7013.0
2025-02-17,0,0.5714285714285714,LA,1.0,7661.0
2025-02-24,0,0.7142857142857143,LA,1.0,7822.0
2025-03-03,0,0.0,LA,1.0,7098.0
2025-03-10,0,0.0,LA,1.0,7091.0
2025-03-17,0,0.5714285714285714,LA,1.0,7846.0
2025-03-24,0,1.0,LA,1.0,8266.0
2025-03-31,0,0.14285714285714285,LA,1.0,7460.0
2025-04-07,0,0.0,LA,1.0,7526.0
2025-04-14,0,0.14285714285714285,LA,1.0,7622.0
2025-04-21,0,1.0,LA,1.0,8534.0
2025-04-28,0,0.42857142857142855,LA,1.0,7902.0
2025-05-05,0,0.0,LA,1.0,7652.0
2025-05-12,0,0.0,LA,1.0,7538.0
2025-05-19,0,0.8571428571428571,LA,1.0,8640.0
2025-05-26,0,0.8571428571428571,LA,1.0,8495.0
2025-06-02,1,0.0,LA,1.0,8518.0
2025-06-09,1,0.0,LA,1.0,8801.0
2025-06-16,1,0.42857142857142855,LA,1.0,9043.0
2025-06-23,1,1.0,LA,1.0,9916.0
2025-06-30,1,0.14285714285714285,LA,1.0,8803.0
2025-07-07,1,0.0,LA,1.0,8711.0
2025-07-14,1,0.14285714285714285,LA,1.0,8745.0
2025-07-21,1,1.0,LA,1.0,9950.0
2025-07-28,1,0.5714285714285714,LA,1.0,9307.0
2025-08-04,1,0.0,LA,0.9962933133584164,8462.0
2025-08-11,1,0.0,LA,0.992586626716833,8522.0
2025-08-18,0,0.7142857142857143,LA,0.9888799400752494,8223.0
2025-08-25,0,1.0,LA,0.9851732534336658,8718.0
2025-09-01,0,0.0,LA,0.9814665667920822,7472.0
2025-09-08,0,0.0,LA,0.9777598801504988,7490.0
2025-09-15,0,0.2857142857142857,LA,0.9740531935089152,7926.0
2025-09-22,0,1.0,LA,0.9703465068673316,8589.0
2025-09-29,0,0.2857142857142857,LA,0.9666398202257481,7651.0
2025-10-06,0,0.0,LA,0.9629331335841645,7322.0
2025-10-13,0,0.0,LA,0.959226446942581,7290.0
2025-10-20,0,1.0,LA,0.9555197603009975,8399.0
2025-10-27,0,0.7142857142857143,LA,0.9518130736594139,8217.0
2025-11-03,0,0.0,LA,0.9481063870178303,8218.0
2025-11-10,0,0.0,LA,0.9443997003762468,8214.0
2025-11-17,0,0.5714285714285714,LA,0.9406930137346633,8827.0
2025-11-24,0,1.0,LA,0.9369863270930797,9271.0
2025-12-01,0,0.0,LA,0.9332796404514961,8156.0
2025-12-08,0,0.0,LA,0.9295729538099127,8052.0
2025-12-15,0,0.2857142857142857,LA,0.9258662671683291,8381.0
2025-12-22,1,1.0,LA,0.9221595805267455,10647.0
2025-12-29,1,0.42857142857142855,LA,0.9184528938851619,9694.0
2026-01-05,1,0.0,LA,0.9147462072435785,8380.0
2026-01-12,0,0.0,LA,0.9110395206019949,7591.0
2026-01-19,0,0.8571428571428571,LA,0.9073328339604113,8581.0
2026-01-26,0,0.8571428571428571,LA,0.9036261473188278,8623.0
2026-02-02,0,0.0,LA,0.8999194606772443,7861.0
2026-02-09,0,0.0,LA,0.8962127740356607,7645.0
2026-02-16,0,0.42857142857142855,LA,0.8925060873940771,8465.0
2026-02-23,0,0.8571428571428571,LA,0.8887994007524936,8986.0
2026-03-02,0,0.0,LA,0.8850927141109101,8137.0
2026-03-09,0,0.0,LA,0.8813860274693265,8077.0
2026-03-16,0,0.42857142857142855,LA,0.877679340827743,8910.0
2026-03-23,0,1.0,LA,0.8739726541861594,9606.0
2026-03-30,0,0.2857142857142857,LA,0.8702659675445759,8871.0
2026-04-06,0,0.0,LA,0.8665592809029923,8456.0
2026-04-13,0,0.0,LA,0.8628525942614088,8600.0
2026-04-20,0,1.0,LA,0.8591459076198252,9987.0
2026-04-27,0,0.5714285714285714,LA,0.8554392209782418,9517.0
2026-05-04,0,0.0,LA,0.8517325343366582,8836.0
2026-05-11,0,0.0,LA,0.8480258476950746,8995.0
2026-05-18,0,0.7142857142857143,LA,0.844319161053491,9830.0
2026-05-25,0,1.0,LA,0.8406124744119075,10443.0
2026-06-01,1,0.0,LA,0.836905787770324,10151.0
2026-06-08,1,0.0,LA,0.8331991011287404,10285.0
2026-06-15,1,0.2857142857142857,LA,0.8294924144871569,10717.0
2026-06-22,1,1.0,LA,0.8257857278455734,11792.0
2026-06-29,1,0.2857142857142857,LA,0.8220790412039898,10723.0
2026-07-06,1,0.0,LA,0.8183723545624062,10341.0
2026-07-13,1,0.0,LA,0.8146656679208227,10469.0
2026-07-20,1,1.0,LA,0.8109589812792392,12123.0
2026-07-27,1,0.7142857142857143,LA,0.8109589812792392,11382.0
2026-08-03,1,0.0,LA,0.8109589812792392,10317.0
2026-08-10,1,0.0,LA,0.8109589812792392,10382.0
2026-08-17,0,0.5714285714285714,LA,0.8109589812792392,10016.0
2026-08-24,0,1.0,LA,0.8109589812792392,10530.0
2026-08-31,0,0.14285714285714285,LA,0.8109589812792392,9358.0
2026-09-07,0,0.0,LA,0.8109589812792392,9058.0
2026-09-14,0,0.14285714285714285,LA,0.8109589812792392,9108.0
2026-09-21,0,1.0,LA,0.8109589812792392,10103.0
2019-01-07,0,0.0,MA,1.0,4047.0
2019-01-14,0,0.14285714285714285,MA,1.0,4310.0
2019-01-21,0,1.0,MA,1.0,4924.0
2019-01-28,0,0.5714285714285714,MA,1.0,4662.0
2019-02-04,0,0.0,MA,1.0,4196.0
2019-02-11,0,0.0,MA,1.0,4202.0
2019-02-18,0,0.7142857142857143,MA,1.0,4618.0
2019-02-25,0,0.5714285714285714,MA,1.0,4766.0
2019-03-04,0,0.0,MA,1.0,4397.0
2019-03-11,0,0.0,MA,1.0,4368.0
2019-03-18,0,0.7142857142857143,MA,1.0,4844.0
2019-03-25,0,1.0,MA,1.0,5150.0
2019-04-01,0,0.0,MA,1.0,4339.0
2019-04-08,0,0.0,MA,1.0,4570.0
2019-04-15,0,0.2857142857142857,MA,1.0,4766.0
2019-04-22,0,1.0,MA,1.0,5165.0
2019-04-29,0,0.2857142857142857,MA,1.0,4764.0
2019-05-06,0,0.0,MA,1.0,4627.0
2019-05-13,0,0.0,MA,1.0,4696.0
2019-05-20,0,1.0,MA,1.0,5310.0
2019-05-27,0,0.7142857142857143,MA,1.0,4960.0
2019-06-03,1,0.0,MA,1.0,5261.0
2019-06-10,1,0.0,MA,1.0,5078.0
2019-06-17,1,0.5714285714285714,MA,1.0,5818.0
2019-06-24,1,1.0,MA,1.0,6092.0
2019-07-01,1,0.0,MA,1.0,5137.0
2019-07-08,1,0.0,MA,1.0,5098.0
2019-07-15,1,0.2857142857142857,MA,1.0,5415.0
2019-07-22,1,1.0,MA,1.0,5886.0
2019-07-29,1,0.42857142857142855,MA,1.0,5585.0
2019-08-05,1,0.0,MA,1.0,5357.0
2019-08-12,1,0.0,MA,1.0,5263.0
2019-08-19,0,0.8571428571428571,MA,1.0,5192.0
2019-08-26,0,0.8571428571428571,MA,1.0,5312.0
2019-09-02,0,0.0,MA,1.0,4622.0
2019-09-09,0,0.0,MA,1.0,4553.0
2019-09-16,0,0.42857142857142855,MA,1.0,4939.0
2019-09-23,0,1.0,MA,1.0,5265.0
2019-09-30,0,0.14285714285714285,MA,1.0,4502.0
2019-10-07,0,0.0,MA,1.0,4538.0
2019-10-14,0,0.14285714285714285,MA,1.0,4541.0
2019-10-21,0,1.0,MA,1.0,5227.0
2019-10-28,0,0.5714285714285714,MA,1.0,4703.0
2019-11-04,0,0.0,MA,1.0,4747.0
2019-11-11,0,0.0,MA,1.0,4931.0
2019-11-18,0,0.7142857142857143,MA,1.0,5408.0
2019-11-25,0,0.8571428571428571,MA,1.0,5473.0
2019-12-02,0,0.0,MA,1.0,4785.0
2019-12-09,0,0.0,MA,1.0,4774.0
2019-12-16,0,0.42857142857142855,MA,1.0,5150.0
2019-12-23,1,1.0,MA,1.0,6202.0
2019-12-30,1,0.2857142857142857,MA,1.0,5868.0
2020-01-06,0,0.0,MA,1.0,4529.0
2020-01-13,0,0.0,MA,1.0,4503.0
2020-01-20,0,1.0,MA,1.0,5018.0
2020-01-27,0,0.7142857142857143,MA,1.0,5024.0
2020-02-03,0,0.0,MA,1.0,4442.0
2020-02-10,0,0.0,MA,1.0,4729.0
2020-02-17,0,0.5714285714285714,MA,1.0,5077.0
2020-02-24,0,0.8571428571428571,MA,1.0,5456.0
2020-03-02,0,0.0,MA,1.0,4828.0
2020-03-09,0,0.0,MA,1.0,4886.0
2020-03-16,0,0.42857142857142855,MA,1.0,5176.0
2020-03-23,0,1.0,MA,1.0,5882.0
2020-03-30,0,0.2857142857142857,MA,1.0,5168.0
2020-04-06,0,0.0,MA,1.0,4936.0
2020-04-13,0,0.0,MA,1.0,5127.0
2020-04-20,0,1.0,MA,1.0,5745.0
2020-04-27,0,0.5714285714285714,MA,1.0,5374.0
2020-05-04,0,0.0,MA,1.0,5148.0
2020-05-11,0,0.0,MA,1.0,5066.0
2020-05-18,0,0.7142857142857143,MA,1.0,5727.0
2020-05-25,0,1.0,MA,1.0,6172.0
2020-06-01,1,0.0,MA,1.0,6061.0
2020-06-08,1,0.0,MA,1.0,6018.0
2020-06-15,1,0.2857142857142857,MA,1.0,6029.0
2020-06-22,1,1.0,MA,1.0,6930.0
2020-06-29,1,0.2857142857142857,MA,1.0,6266.0
2020-07-06,1,0.0,MA,1.0,6003.0
2020-07-13,1,0.0,MA,1.0,5600.0
2020-07-20,1,1.0,MA,1.0,6939.0
2020-07-27,1,0.7142857142857143,MA,1.0,6510.0
2020-08-03,1,0.0,MA,1.0,5824.0
2020-08-10,1,0.0,MA,1.0,5923.0
2020-08-17,0,0.5714285714285714,MA,1.0,5622.0
2020-08-24,0,1.0,MA,1.0,5895.0
2020-08-31,0,0.14285714285714285,MA,1.0,4964.0
2020-09-07,0,0.0,MA,1.0,5155.0
2020-09-14,0,0.14285714285714285,MA,1.0,5043.0
2020-09-21,0,1.0,MA,1.0,5687.0
2020-09-28,0,0.42857142857142855,MA,1.0,5180.0
2020-10-05,0,0.0,MA,1.0,4793.0
2020-10-12,0,0.0,MA,1.0,4715.0
2020-10-19,0,0.8571428571428571,MA,1.0,5333.0
2020-10-26,0,0.8571428571428571,MA,1.0,5266.0
2020-11-02,0,0.0,MA,1.0,5108.0
2020-11-09,0,0.0,MA,1.0,5026.0
2020-11-16,0,0.42857142857142855,MA,1.0,5379.0
2020-11-23,0,1.0,MA,1.0,5705.0
2020-11-30,0,0.14285714285714285,MA,1.0,4922.0
2020-12-07,0,0.0,MA,1.0,4901.0
2020-12-14,0,0.14285714285714285,MA,1.0,4929.0
2020-12-21,1,1.0,MA,1.0,6219.0
2020-12-28,1,0.5714285714285714,MA,1.0,5929.0
2021-01-04,1,0.0,MA,1.0,4891.0
2021-01-11,0,0.0,MA,1.0,4372.0
2021-01-18,0,0.7142857142857143,MA,1.0,4718.0
2021-01-25,0,1.0,MA,1.0,5059.0
2021-02-01,0,0.0,MA,1.0,4467.0
2021-02-08,0,0.0,MA,1.0,4471.0
2021-02-15,0,0.2857142857142857,MA,1.0,4714.0
2021-02-22,0,1.0,MA,1.0,5146.0
2021-03-01,0,0.0,MA,1.0,4403.0
2021-03-08,0,0.0,MA,1.0,4587.0
2021-03-15,0,0.2857142857142857,MA,1.0,4718.0
2021-03-22,0,1.0,MA,1.0,5154.0
2021-03-29,0,0.42857142857142855,MA,1.0,4842.0
2021-04-05,0,0.0,MA,1.0,4625.0
2021-04-12,0,0.0,MA,1.0,4669.0
2021-04-19,0,0.8571428571428571,MA,1.0,5281.0
2021-04-26,0,0.7142857142857143,MA,1.0,5032.0
2021-05-03,0,0.0,MA,1.0,4432.0
2021-05-10,0,0.0,MA,1.0,4742.0
2021-05-17,0,0.5714285714285714,MA,1.0,4919.0
2021-05-24,0,1.0,MA,1.0,5271.0
2021-05-31,0,0.14285714285714285,MA,1.0,4627.0
2021-06-07,1,0.0,MA,1.0,5123.0
2021-06-14,1,0.14285714285714285,MA,1.0,5333.0
2021-06-21,1,1.0,MA,1.0,5892.0
2021-06-28,1,0.42857142857142855,MA,1.0,5624.0
2021-07-05,1,0.0,MA,1.0,5176.0
2021-07-12,1,0.0,MA,1.0,5100.0
2021-07-19,1,0.8571428571428571,MA,1.0,5920.0
2021-07-26,1,0.8571428571428571,MA,1.0,5924.0
2021-08-02,1,0.0,MA,1.0,5077.0
2021-08-09,1,0.0,MA,1.0,5109.0
2021-08-16,0,0.42857142857142855,MA,1.0,5020.0
2021-08-23,0,1.0,MA,1.0,5438.0
2021-08-30,0,0.2857142857142857,MA,1.0,4577.0
2021-09-06,0,0.0,MA,1.0,4577.0
2021-09-13,0,0.0,MA,1.0,4484.0
2021-09-20,0,1.0,MA,1.0,5355.0
2021-09-27,0,0.5714285714285714,MA,1.0,4998.0
2021-10-04,0,0.0,MA,1.0,4636.0
2021-10-11,0,0.0,MA,1.0,4629.0
2021-10-18,0,0.7142857142857143,MA,1.0,5008.0
2021-10-25,0,1.0,MA,1.0,5137.0
2021-11-01,0,0.0,MA,1.0,5049.0
2021-11-08,0,0.0,MA,1.0,4946.0
2021-11-15,0,0.2857142857142857,MA,1.0,5277.0
2021-11-22,0,1.0,MA,1.0,5763.0
2021-11-29,0,0.2857142857142857,MA,1.0,5286.0
2021-12-06,0,0.0,MA,1.0,4896.0
2021-12-13,0,0.0,MA,1.0,5027.0
2021-12-20,1,1.0,MA,1.0,6589.0
2021-12-27,1,0.7142857142857143,MA,1.0,6398.0
2022-01-03,1,0.0,MA,1.0,5331.0
2022-01-10,0,0.0,MA,1.0,4670.0
2022-01-17,0,0.5714285714285714,MA,1.0,5219.0
2022-01-24,0,1.0,MA,1.0,5431.0
2022-01-31,0,0.14285714285714285,MA,1.0,4971.0
2022-02-07,0,0.0,MA,1.0,4859.0
2022-02-14,0,0.14285714285714285,MA,1.0,4904.0
2022-02-21,0,1.0,MA,1.0,5731.0
2022-02-28,0,0.14285714285714285,MA,1.0,5154.0
2022-03-07,0,0.0,MA,1.0,5172.0
2022-03-14,0,0.14285714285714285,MA,1.0,5254.0
2022-03-21,0,1.0,MA,1.0,6129.0
2022-03-28,0,0.5714285714285714,MA,1.0,5867.0
2022-04-04,0,0.0,MA,1.0,5393.0
2022-04-11,0,0.0,MA,1.0,5415.0
2022-04-18,0,0.7142857142857143,MA,1.0,5928.0
2022-04-25,0,0.8571428571428571,MA,1.0,6207.0
2022-05-02,0,0.0,MA,1.0,5695.0
2022-05-09,0,0.0,MA,1.0,5679.0
2022-05-16,0,0.42857142857142855,MA,1.0,5711.0
2022-05-23,0,1.0,MA,1.0,6559.0
2022-05-30,0,0.2857142857142857,MA,1.0,5899.0
2022-06-06,1,0.0,MA,1.0,6318.0
2022-06-13,1,0.0,MA,1.0,6419.0
2022-06-20,1,1.0,MA,1.0,7468.0
2022-06-27,1,0.5714285714285714,MA,1.0,7039.0
2022-07-04,1,0.0,MA,1.0,6610.0
2022-07-11,1,0.0,MA,1.0,6675.0
2022-07-18,1,0.7142857142857143,MA,1.0,7308.0
2022-07-25,1,1.0,MA,1.0,7456.0
2022-08-01,1,0.0,MA,1.0,6603.0
2022-08-08,1,0.0,MA,1.0,6595.0
2022-08-15,0,0.2857142857142857,MA,1.0,6014.0
2022-08-22,0,1.0,MA,1.0,6647.0
2022-08-29,0,0.42857142857142855,MA,1.0,6145.0
2022-09-05,0,0.0,MA,1.0,5838.0
2022-09-12,0,0.0,MA,1.0,5743.0
2022-09-19,0,0.8571428571428571,MA,1.0,6293.0
2022-09-26,0,0.7142857142857143,MA,1.0,6400.0
2022-10-03,0,0.0,MA,1.0,5724.0
2022-10-10,0,0.0,MA,1.0,5585.0
2022-10-17,0,0.5714285714285714,MA,1.0,6214.0
2022-10-24,0,1.0,MA,1.0,6477.0
2022-10-31,0,0.14285714285714285,MA,1.0,5769.0
2022-11-07,0,0.0,MA,1.0,6462.0
2022-11-14,0,0.14285714285714285,MA,1.0,6107.0
2022-11-21,0,1.0,MA,1.0,6695.0
2022-11-28,0,0.42857142857142855,MA,1.0,6471.0
2022-12-05,0,0.0,MA,1.0,6002.0
2022-12-12,0,0.0,MA,1.0,6063.0
2022-12-19,0,0.8571428571428571,MA,1.0,6674.0
2022-12-26,1,0.8571428571428571,MA,1.0,7804.0
2023-01-02,1,0.0,MA,1.0,6337.0
2023-01-09,0,0.0,MA,1.0,5680.0
2023-01-16,0,0.42857142857142855,MA,1.0,5836.0
2023-01-23,0,1.0,MA,1.0,6280.0
2023-01-30,0,0.2857142857142857,MA,1.0,5894.0
2023-02-06,0,0.0,MA,1.0,5803.0
2023-02-13,0,0.0,MA,1.0,5755.0
2023-02-20,0,1.0,MA,1.0,6699.0
2023-02-27,0,0.2857142857142857,MA,1.0,6120.0
2023-03-06,0,0.0,MA,1.0,5881.0
2023-03-13,0,0.0,MA,1.0,5888.0
2023-03-20,0,1.0,MA,1.0,6956.0
2023-03-27,0,0.7142857142857143,MA,1.0,6848.0
2023-04-03,0,0.0,MA,1.0,6150.0
2023-04-10,0,0.0,MA,1.0,6346.0
2023-04-17,0,0.5714285714285714,MA,1.0,6620.0
2023-04-24,0,1.0,MA,1.0,7183.0
2023-05-01,0,0.0,MA,1.0,6047.0
2023-05-08,0,0.0,MA,1.0,6401.0
2023-05-15,0,0.2857142857142857,MA,1.0,6568.0
2023-05-22,0,1.0,MA,1.0,7304.0
2023-05-29,0,0.42857142857142855,MA,1.0,6750.0
2023-06-05,1,0.0,MA,1.0,7358.0
2023-06-12,1,0.0,MA,1.0,7391.0
2023-06-19,1,0.8571428571428571,MA,1.0,8712.0
2023-06-26,1,0.7142857142857143,MA,1.0,8229.0
2023-07-03,1,0.0,MA,1.0,7337.0
2023-07-10,1,0.0,MA,1.0,7301.0
2023-07-17,1,0.5714285714285714,MA,1.0,7927.0
2023-07-24,1,1.0,MA,1.0,8854.0
2023-07-31,1,0.14285714285714285,MA,1.0,7644.0
2023-08-07,1,0.0,MA,1.0,7443.0
2023-08-14,1,0.14285714285714285,MA,1.0,7484.0
2023-08-21,0,1.0,MA,1.0,7674.0
2023-08-28,0,0.5714285714285714,MA,1.0,7226.0
2023-09-04,0,0.0,MA,1.0,6287.0
2023-09-11,0,0.0,MA,1.0,6509.0
2023-09-18,0,0.7142857142857143,MA,1.0,7007.0
2023-09-25,0,0.8571428571428571,MA,1.0,7310.0
2023-10-02,0,0.0,MA,1.0,6346.0
2023-10-09,0,0.0,MA,1.0,6456.0
2023-10-16,0,0.42857142857142855,MA,1.0,6765.0
2023-10-23,0,1.0,MA,1.0,7354.0
2023-10-30,0,0.2857142857142857,MA,1.0,6517.0
2023-11-06,0,0.0,MA,1.0,6953.0
2023-11-13,0,0.0,MA,1.0,6702.0
2023-11-20,0,1.0,MA,1.0,7721.0
2023-11-27,0,0.5714285714285714,MA,1.0,7366.0
2023-12-04,0,0.0,MA,1.0,6922.0
2023-12-11,0,0.0,MA,1.0,6849.0
2023-12-18,0,0.7142857142857143,MA,1.0,7902.0
2023-12-25,1,1.0,MA,1.0,8819.0
2024-01-01,1,0.0,MA,1.0,6831.0
2024-01-08,0,0.0,MA,1.0,6285.0
2024-01-15,0,0.2857142857142857,MA,1.0,6604.0
2024-01-22,0,1.0,MA,1.0,7287.0
2024-01-29,0,0.42857142857142855,MA,1.0,6819.0
2024-02-05,0,0.0,MA,1.0,6453.0
2024-02-12,0,0.0,MA,1.0,6652.0
2024-02-19,0,0.8571428571428571,MA,1.0,7416.0
2024-02-26,0,0.5714285714285714,MA,1.0,7299.0
2024-03-04,0,0.0,MA,1.0,6849.0
2024-03-11,0,0.0,MA,1.0,6825.0
2024-03-18,0,0.7142857142857143,MA,1.0,7701.0
2024-03-25,0,1.0,MA,1.0,8020.0
2024-04-01,0,0.0,MA,1.0,7069.0
2024-04-08,0,0.0,MA,1.0,7132.0
2024-04-15,0,0.2857142857142857,MA,1.0,7331.0
2024-04-22,0,1.0,MA,1.0,8368.0
2024-04-29,0,0.2857142857142857,MA,1.0,7570.0
2024-05-06,0,0.0,MA,1.0,7321.0
2024-05-13,0,0.0,MA,1.0,7150.0
2024-05-20,0,1.0,MA,1.0,8523.0
2024-05-27,0,0.7142857142857143,MA,1.0,8075.0
2024-06-03,1,0.0,MA,1.0,8314.0
2024-06-10,1,0.0,MA,1.0,8281.0
2024-06-17,1,0.5714285714285714,MA,1.0,9179.0
2024-06-24,1,1.0,MA,1.0,9763.0
2024-07-01,1,0.0,MA,1.0,8515.0
2024-07-08,1,0.0,MA,1.0,8368.0
2024-07-15,1,0.2857142857142857,MA,1.0,8651.0
2024-07-22,1,1.0,MA,1.0,9558.0
2024-07-29,1,0.42857142857142855,MA,1.0,9028.0
2024-08-05,1,0.0,MA,1.0,8256.0
2024-08-12,1,0.0,MA,1.0,8483.0
2024-08-19,0,0.8571428571428571,MA,1.0,8164.0
2024-08-26,0,0.8571428571428571,MA,1.0,8193.0
2024-09-02,0,0.0,MA,1.0,7340.0
2024-09-09,0,0.0,MA,1.0,7110.0
2024-09-16,0,0.42857142857142855,MA,1.0,7164.0
2024-09-23,0,1.0,MA,1.0,8143.0
2024-09-30,0,0.14285714285714285,MA,1.0,7237.0
2024-10-07,0,0.0,MA,1.0,6865.0
2024-10-14,0,0.14285714285714285,MA,1.0,7244.0
2024-10-21,0,1.0,MA,1.0,7975.0
2024-10-28,0,0.5714285714285714,MA,1.0,7467.0
2024-11-04,0,0.0,MA,1.0,7506.0
2024-11-11,0,0.0,MA,1.0,7396.0
2024-11-18,0,0.7142857142857143,MA,1.0,8096.0
2024-11-25,0,0.8571428571428571,MA,1.0,8609.0
2024-12-02,0,0.0,MA,1.0,7451.0
2024-12-09,0,0.0,MA,1.0,7370.0
2024-12-16,0,0.42857142857142855,MA,1.0,7727.0
2024-12-23,1,1.0,MA,1.0,9388.0
2024-12-30,1,0.2857142857142857,MA,1.0,8529.0
2025-01-06,0,0.0,MA,1.0,6761.0
2025-01-13,0,0.0,MA,1.0,7032.0
2025-01-20,0,1.0,MA,1.0,7978.0
2025-01-27,0,0.7142857142857143,MA,1.0,7503.0
2025-02-03,0,0.0,MA,1.0,6978.0
2025-02-10,0,0.0,MA,1.0,6911.0
2025-02-17,0,0.5714285714285714,MA,1.0,7397.0
2025-02-24,0,0.7142857142857143,MA,1.0,7956.0
2025-03-03,0,0.0,MA,1.0,6892.0
2025-03-10,0,0.0,MA,1.0,6911.0
2025-03-17,0,0.5714285714285714,MA,1.0,7771.0
2025-03-24,0,1.0,MA,1.0,8263.0
2025-03-31,0,0.14285714285714285,MA,1.0,7397.0
2025-04-07,0,0.0,MA,1.0,7234.0
2025-04-14,0,0.14285714285714285,MA,1.0,7552.0
2025-04-21,0,1.0,MA,1.0,8376.0
2025-04-28,0,0.42857142857142855,MA,1.0,7804.0
2025-05-05,0,0.0,MA,1.0,7297.0
2025-05-12,0,0.0,MA,1.0,7361.0
2025-05-19,0,0.8571428571428571,MA,1.0,8436.0
2025-05-26,0,0.8571428571428571,MA,1.0,8481.0
2025-06-02,1,0.0,MA,1.0,8360.0
2025-06-09,1,0.0,MA,1.0,8504.0
2025-06-16,1,0.42857142857142855,MA,1.0,8926.0
2025-06-23,1,1.0,MA,1.0,9811.0
2025-06-30,1,0.14285714285714285,MA,1.0,8816.0
2025-07-07,1,0.0,MA,1.0,8174.0
2025-07-14,1,0.14285714285714285,MA,1.0,8590.0
2025-07-21,1,1.0,MA,1.0,9691.0
2025-07-28,1,0.5714285714285714,MA,1.0,8943.0
2025-08-04,1,0.0,MA,0.9969727644599993,8310.0
2025-08-11,1,0.0,MA,0.9939455289199985,8244.0
2025-08-18,0,0.7142857142857143,MA,0.9909182933799979,8037.0
2025-08-25,0,1.0,MA,0.9878910578399972,8442.0
2025-09-01,0,0.0,MA,0.9848638222999965,7351.0
2025-09-08,0,0.0,MA,0.9818365867599957,7295.0
2025-09-15,0,0.2857142857142857,MA,0.9788093512199951,7666.0
2025-09-22,0,1.0,MA,0.9757821156799944,8367.0
2025-09-29,0,0.2857142857142857,MA,0.9727548801399937,7480.0
2025-10-06,0,0.0,MA,0.9697276445999929,7059.0
2025-10-13,0,0.0,MA,0.9667004090599923,7281.0
2025-10-20,0,1.0,MA,0.9636731735199916,8406.0
2025-10-27,0,0.7142857142857143,MA,0.9606459379799909,7880.0
2025-11-03,0,0.0,MA,0.9576187024399901,8196.0
2025-11-10,0,0.0,MA,0.9545914668999895,7893.0
2025-11-17,0,0.5714285714285714,MA,0.9515642313599888,8199.0
2025-11-24,0,1.0,MA,0.9485369958199881,9112.0
2025-12-01,0,0.0,MA,0.9455097602799873,7728.0
2025-12-08,0,0.0,MA,0.9424825247399866,7661.0
2025-12-15,0,0.2857142857142857,MA,0.939455289199986,8193.0
2025-12-22,1,1.0,MA,0.9364280536599853,10094.0
2025-12-29,1,0.42857142857142855,MA,0.9334008181199845,9517.0
2026-01-05,1,0.0,MA,0.9303735825799838,8083.0
2026-01-12,0,0.0,MA,0.9273463470399832,7325.0
2026-01-19,0,0.8571428571428571,MA,0.9243191114999825,8212.0
2026-01-26,0,0.8571428571428571,MA,0.9212918759599817,8452.0
2026-02-02,0,0.0,MA,0.918264640419981,7575.0
2026-02-09,0,0.0,MA,0.9152374048799803,7664.0
2026-02-16,0,0.42857142857142855,MA,0.9122101693399797,7973.0
2026-02-23,0,0.8571428571428571,MA,0.9091829337999789,8407.0
2026-03-02,0,0.0,MA,0.9061556982599782,7620.0
2026-03-09,0,0.0,MA,0.9031284627199776,7894.0
2026-03-16,0,0.42857142857142855,MA,0.9001012271799769,8450.0
2026-03-23,0,1.0,MA,0.8970739916399761,9234.0
2026-03-30,0,0.2857142857142857,MA,0.8940467560999754,8468.0
2026-04-06,0,0.0,MA,0.8910195205599747,8232.0
2026-04-13,0,0.0,MA,0.8879922850199741,8514.0
2026-04-20,0,1.0,MA,0.8849650494799733,9573.0
2026-04-27,0,0.5714285714285714,MA,0.8819378139399726,8909.0
2026-05-04,0,0.0,MA,0.8789105783999719,8368.0
2026-05-11,0,0.0,MA,0.8758833428599713,8352.0
2026-05-18,0,0.7142857142857143,MA,0.8728561073199705,9349.0
2026-05-25,0,1.0,MA,0.8698288717799698,9692.0
2026-06-01,1,0.0,MA,0.8668016362399691,9799.0
2026-06-08,1,0.0,MA,0.8637744006999684,9511.0
2026-06-15,1,0.2857142857142857,MA,0.8607471651599677,10196.0
2026-06-22,1,1.0,MA,0.857719929619967,11629.0
2026-06-29,1,0.2857142857142857,MA,0.8546926940799663,10055.0
2026-07-06,1,0.0,MA,0.8516654585399657,9779.0
2026-07-13,1,0.0,MA,0.8486382229999649,10211.0
2026-07-20,1,1.0,MA,0.8456109874599642,11458.0
2026-07-27,1,0.7142857142857143,MA,0.8456109874599642,10702.0
2026-08-03,1,0.0,MA,0.8456109874599642,9810.0
2026-08-10,1,0.0,MA,0.8456109874599642,9625.0
2026-08-17,0,0.5714285714285714,MA,0.8456109874599642,9629.0
2026-08-24,0,1.0,MA,0.8456109874599642,9725.0
2026-08-31,0,0.14285714285714285,MA,0.8456109874599642,8569.0
2026-09-07,0,0.0,MA,0.8456109874599642,8396.0
2026-09-14,0,0.14285714285714285,MA,0.8456109874599642,8499.0
2026-09-21,0,1.0,MA,0.8456109874599642,9736.0
2019-01-07,0,0.0,MD,1.0,4708.0
2019-01-14,0,0.14285714285714285,MD,1.0,4688.0
2019-01-21,0,1.0,MD,1.0,5288.0
2019-01-28,0,0.5714285714285714,MD,1.0,4973.0
2019-02-04,0,0.0,MD,1.0,4649.0
2019-02-11,0,0.0,MD,1.0,4764.0
2019-02-18,0,0.7142857142857143,MD,1.0,5331.0
2019-02-25,0,0.5714285714285714,MD,1.0,5081.0
2019-03-04,0,0.0,MD,1.0,4850.0
2019-03-11,0,0.0,MD,1.0,4676.0
2019-03-18,0,0.7142857142857143,MD,1.0,5534.0
2019-03-25,0,1.0,MD,1.0,5673.0
2019-04-01,0,0.0,MD,1.0,5048.0
2019-04-08,0,0.0,MD,1.0,4896.0
2019-04-15,0,0.2857142857142857,MD,1.0,5127.0
2019-04-22,0,1.0,MD,1.0,5826.0
2019-04-29,0,0.2857142857142857,MD,1.0,5406.0
2019-05-06,0,0.0,MD,1.0,5031.0
2019-05-13,0,0.0,MD,1.0,5316.0
2019-05-20,0,1.0,MD,1.0,5771.0
2019-05-27,0,0.7142857142857143,MD,1.0,5793.0
2019-06-03,1,0.0,MD,1.0,6043.0
2019-06-10,1,0.0,MD,1.0,5814.0
2019-06-17,1,0.5714285714285714,MD,1.0,6352.0
2019-06-24,1,1.0,MD,1.0,6732.0
2019-07-01,1,0.0,MD,1.0,5983.0
2019-07-08,1,0.0,MD,1.0,5855.0
2019-07-15,1,0.2857142857142857,MD,1.0,5980.0
2019-07-22,1,1.0,MD,1.0,6763.0
2019-07-29,1,0.42857142857142855,MD,1.0,6012.0
2019-08-05,1,0.0,MD,1.0,5655.0
2019-08-12,1,0.0,MD,1.0,5476.0
2019-08-19,0,0.8571428571428571,MD,1.0,5623.0
2019-08-26,0,0.8571428571428571,MD,1.0,5696.0
2019-09-02,0,0.0,MD,1.0,4958.0
2019-09-09,0,0.0,MD,1.0,4965.0
2019-09-16,0,0.42857142857142855,MD,1.0,5206.0
2019-09-23,0,1.0,MD,1.0,5722.0
2019-09-30,0,0.14285714285714285,MD,1.0,4913.0
2019-10-07,0,0.0,MD,1.0,4734.0
2019-10-14,0,0.14285714285714285,MD,1.0,4783.0
2019-10-21,0,1.0,MD,1.0,5464.0
2019-10-28,0,0.5714285714285714,MD,1.0,5010.0
2019-11-04,0,0.0,MD,1.0,5082.0
2019-11-11,0,0.0,MD,1.0,5139.0
2019-11-18,0,0.7142857142857143,MD,1.0,5579.0
2019-11-25,0,0.8571428571428571,MD,1.0,5697.0
2019-12-02,0,0.0,MD,1.0,4950.0
2019-12-09,0,0.0,MD,1.0,4998.0
2019-12-16,0,0.42857142857142855,MD,1.0,5320.0
2019-12-23,1,1.0,MD,1.0,6286.0
2019-12-30,1,0.2857142857142857,MD,1.0,5828.0
2020-01-06,0,0.0,MD,1.0,4486.0
2020-01-13,0,0.0,MD,1.0,4578.0
2020-01-20,0,1.0,MD,1.0,5153.0
2020-01-27,0,0.7142857142857143,MD,1.0,4992.0
2020-02-03,0,0.0,MD,1.0,4545.0
2020-02-10,0,0.0,MD,1.0,4745.0
2020-02-17,0,0.5714285714285714,MD,1.0,5041.0
2020-02-24,0,0.8571428571428571,MD,1.0,5391.0
2020-03-02,0,0.0,MD,1.0,4693.0
2020-03-09,0,0.0,MD,1.0,4794.0
2020-03-16,0,0.42857142857142855,MD,1.0,5135.0
2020-03-23,0,1.0,MD,1.0,5563.0
2020-03-30,0,0.2857142857142857,MD,1.0,4994.0
2020-04-06,0,0.0,MD,1.0,4847.0
2020-04-13,0,0.0,MD,1.0,4882.0
2020-04-20,0,1.0,MD,1.0,5546.0
2020-04-27,0,0.5714285714285714,MD,1.0,5410.0
2020-05-04,0,0.0,MD,1.0,5013.0
2020-05-11,0,0.0,MD,1.0,5118.0
2020-05-18,0,0.7142857142857143,MD,1.0,5449.0
2020-05-25,0,1.0,MD,1.0,5761.0
2020-06-01,1,0.0,MD,1.0,5664.0
2020-06-08,1,0.0,MD,1.0,5607.0
2020-06-15,1,0.2857142857142857,MD,1.0,5826.0
2020-06-22,1,1.0,MD,1.0,6364.0
2020-06-29,1,0.2857142857142857,MD,1.0,5885.0
2020-07-06,1,0.0,MD,1.0,5585.0
2020-07-13,1,0.0,MD,1.0,5489.0
2020-07-20,1,1.0,MD,1.0,6373.0
2020-07-27,1,0.7142857142857143,MD,1.0,6024.0
2020-08-03,1,0.0,MD,1.0,5499.0
2020-08-10,1,0.0,MD,1.0,5595.0
2020-08-17,0,0.5714285714285714,MD,1.0,5354.0
2020-08-24,0,1.0,MD,1.0,5642.0
2020-08-31,0,0.14285714285714285,MD,1.0,4882.0
2020-09-07,0,0.0,MD,1.0,4794.0
2020-09-14,0,0.14285714285714285,MD,1.0,4908.0
2020-09-21,0,1.0,MD,1.0,5272.0
2020-09-28,0,0.42857142857142855,MD,1.0,4990.0
2020-10-05,0,0.0,MD,1.0,4632.0
2020-10-12,0,0.0,MD,1.0,4699.0
2020-10-19,0,0.8571428571428571,MD,1.0,5181.0
2020-10-26,0,0.8571428571428571,MD,1.0,5181.0
2020-11-02,0,0.0,MD,1.0,5033.0
2020-11-09,0,0.0,MD,1.0,4972.0
2020-11-16,0,0.42857142857142855,MD,1.0,5176.0
2020-11-23,0,1.0,MD,1.0,5564.0
2020-11-30,0,0.14285714285714285,MD,1.0,5055.0
2020-12-07,0,0.0,MD,1.0,4804.0
2020-12-14,0,0.14285714285714285,MD,1.0,4951.0
2020-12-21,1,1.0,MD,1.0,6150.0
2020-12-28,1,0.5714285714285714,MD,1.0,6027.0
2021-01-04,1,0.0,MD,1.0,4936.0
2021-01-11,0,0.0,MD,1.0,4524.0
2021-01-18,0,0.7142857142857143,MD,1.0,4971.0
2021-01-25,0,1.0,MD,1.0,5096.0
2021-02-01,0,0.0,MD,1.0,4431.0
2021-02-08,0,0.0,MD,1.0,4542.0
2021-02-15,0,0.2857142857142857,MD,1.0,4743.0
2021-02-22,0,1.0,MD,1.0,5208.0
2021-03-01,0,0.0,MD,1.0,4527.0
2021-03-08,0,0.0,MD,1.0,4700.0
2021-03-15,0,0.2857142857142857,MD,1.0,4937.0
2021-03-22,0,1.0,MD,1.0,5331.0
2021-03-29,0,0.42857142857142855,MD,1.0,4976.0
2021-04-05,0,0.0,MD,1.0,4775.0
2021-04-12,0,0.0,MD,1.0,4719.0
2021-04-19,0,0.8571428571428571,MD,1.0,5228.0
2021-04-26,0,0.7142857142857143,MD,1.0,5259.0
2021-05-03,0,0.0,MD,1.0,4756.0
2021-05-10,0,0.0,MD,1.0,4866.0
2021-05-17,0,0.5714285714285714,MD,1.0,5366.0
2021-05-24,0,1.0,MD,1.0,5592.0
2021-05-31,0,0.14285714285714285,MD,1.0,5012.0
2021-06-07,1,0.0,MD,1.0,5428.0
2021-06-14,1,0.14285714285714285,MD,1.0,5584.0
2021-06-21,1,1.0,MD,1.0,6221.0
2021-06-28,1,0.42857142857142855,MD,1.0,5633.0
2021-07-05,1,0.0,MD,1.0,5658.0
2021-07-12,1,0.0,MD,1.0,5397.0
2021-07-19,1,0.8571428571428571,MD,1.0,6235.0
2021-07-26,1,0.8571428571428571,MD,1.0,6233.0
2021-08-02,1,0.0,MD,1.0,5526.0
2021-08-09,1,0.0,MD,1.0,5288.0
2021-08-16,0,0.42857142857142855,MD,1.0,5163.0
2021-08-23,0,1.0,MD,1.0,5606.0
2021-08-30,0,0.2857142857142857,MD,1.0,5065.0
2021-09-06,0,0.0,MD,1.0,5019.0
2021-09-13,0,0.0,MD,1.0,4952.0
2021-09-20,0,1.0,MD,1.0,5674.0
2021-09-27,0,0.5714285714285714,MD,1.0,5367.0
2021-10-04,0,0.0,MD,1.0,4728.0
2021-10-11,0,0.0,MD,1.0,4718.0
2021-10-18,0,0.7142857142857143,MD,1.0,5373.0
2021-10-25,0,1.0,MD,1.0,5555.0
2021-11-01,0,0.0,MD,1.0,5459.0
2021-11-08,0,0.0,MD,1.0,5355.0
2021-11-15,0,0.2857142857142857,MD,1.0,5437.0
2021-11-22,0,1.0,MD,1.0,6099.0
2021-11-29,0,0.2857142857142857,MD,1.0,5475.0
2021-12-06,0,0.0,MD,1.0,5231.0
2021-12-13,0,0.0,MD,1.0,5248.0
2021-12-20,1,1.0,MD,1.0,6697.0
2021-12-27,1,0.7142857142857143,MD,1.0,6527.0
2022-01-03,1,0.0,MD,1.0,5354.0
2022-01-10,0,0.0,MD,1.0,4852.0
2022-01-17,0,0.5714285714285714,MD,1.0,5416.0
2022-01-24,0,1.0,MD,1.0,5710.0
2022-01-31,0,0.14285714285714285,MD,1.0,5083.0
2022-02-07,0,0.0,MD,1.0,5042.0
2022-02-14,0,0.14285714285714285,MD,1.0,5244.0
2022-02-21,0,1.0,MD,1.0,6005.0
2022-02-28,0,0.14285714285714285,MD,1.0,5156.0
2022-03-07,0,0.0,MD,1.0,5295.0
2022-03-14,0,0.14285714285714285,MD,1.0,5674.0
2022-03-21,0,1.0,MD,1.0,6240.0
2022-03-28,0,0.5714285714285714,MD,1.0,5916.0
2022-04-04,0,0.0,MD,1.0,5518.0
2022-04-11,0,0.0,MD,1.0,5688.0
2022-04-18,0,0.7142857142857143,MD,1.0,6359.0
2022-04-25,0,0.8571428571428571,MD,1.0,6392.0
2022-05-02,0,0.0,MD,1.0,5763.0
2022-05-09,0,0.0,MD,1.0,5803.0
2022-05-16,0,0.42857142857142855,MD,1.0,6329.0
2022-05-23,0,1.0,MD,1.0,6722.0
2022-05-30,0,0.2857142857142857,MD,1.0,6148.0
2022-06-06,1,0.0,MD,1.0,6793.0
2022-06-13,1,0.0,MD,1.0,6644.0
2022-06-20,1,1.0,MD,1.0,7561.0
2022-06-27,1,0.5714285714285714,MD,1.0,7565.0
2022-07-04,1,0.0,MD,1.0,6752.0
2022-07-11,1,0.0,MD,1.0,6641.0
2022-07-18,1,0.7142857142857143,MD,1.0,7636.0
2022-07-25,1,1.0,MD,1.0,7662.0
2022-08-01,1,0.0,MD,1.0,6920.0
2022-08-08,1,0.0,MD,1.0,6580.0
2022-08-15,0,0.2857142857142857,MD,1.0,6236.0
2022-08-22,0,1.0,MD,1.0,7023.0
2022-08-29,0,0.42857142857142855,MD,1.0,6351.0
2022-09-05,0,0.0,MD,1.0,5943.0
2022-09-12,0,0.0,MD,1.0,5965.0
2022-09-19,0,0.8571428571428571,MD,1.0,6542.0
2022-09-26,0,0.7142857142857143,MD,1.0,6373.0
2022-10-03,0,0.0,MD,1.0,5913.0
2022-10-10,0,0.0,MD,1.0,5858.0
2022-10-17,0,0.5714285714285714,MD,1.0,6078.0
2022-10-24,0,1.0,MD,1.0,6386.0
2022-10-31,0,0.14285714285714285,MD,1.0,5828.0
2022-11-07,0,0.0,MD,1.0,6130.0
2022-11-14,0,0.14285714285714285,MD,1.0,6079.0
2022-11-21,0,1.0,MD,1.0,7281.0
2022-11-28,0,0.42857142857142855,MD,1.0,6486.0
2022-12-05,0,0.0,MD,1.0,6169.0
2022-12-12,0,0.0,MD,1.0,6040.0
2022-12-19,0,0.8571428571428571,MD,1.0,6846.0
2022-12-26,1,0.8571428571428571,MD,1.0,7936.0
2023-01-02,1,0.0,MD,1.0,6326.0
2023-01-09,0,0.0,MD,1.0,5513.0
2023-01-16,0,0.42857142857142855,MD,1.0,5916.0
2023-01-23,0,1.0,MD,1.0,6563.0
2023-01-30,0,0.2857142857142857,MD,1.0,5809.0
2023-02-06,0,0.0,MD,1.0,5690.0
2023-02-13,0,0.0,MD,1.0,5687.0
2023-02-20,0,1.0,MD,1.0,6767.0
2023-02-27,0,0.2857142857142857,MD,1.0,6128.0
2023-03-06,0,0.0,MD,1.0,6042.0
2023-03-13,0,0.0,MD,1.0,6066.0
2023-03-20,0,1.0,MD,1.0,6726.0
2023-03-27,0,0.7142857142857143,MD,1.0,6636.0
2023-04-03,0,0.0,MD,1.0,6168.0
2023-04-10,0,0.0,MD,1.0,6042.0
2023-04-17,0,0.5714285714285714,MD,1.0,6730.0
2023-04-24,0,1.0,MD,1.0,7127.0
2023-05-01,0,0.0,MD,1.0,6383.0
2023-05-08,0,0.0,MD,1.0,6354.0
2023-05-15,0,0.2857142857142857,MD,1.0,6836.0
2023-05-22,0,1.0,MD,1.0,7261.0
2023-05-29,0,0.42857142857142855,MD,1.0,6708.0
2023-06-05,1,0.0,MD,1.0,7202.0
2023-06-12,1,0.0,MD,1.0,7291.0
2023-06-19,1,0.8571428571428571,MD,1.0,8193.0
2023-06-26,1,0.7142857142857143,MD,1.0,8026.0
2023-07-03,1,0.0,MD,1.0,7123.0
2023-07-10,1,0.0,MD,1.0,7269.0
2023-07-17,1,0.5714285714285714,MD,1.0,8006.0
2023-07-24,1,1.0,MD,1.0,8378.0
2023-07-31,1,0.14285714285714285,MD,1.0,7260.0
2023-08-07,1,0.0,MD,1.0,7343.0
2023-08-14,1,0.14285714285714285,MD,1.0,7275.0
2023-08-21,0,1.0,MD,1.0,7428.0
2023-08-28,0,0.5714285714285714,MD,1.0,7071.0
2023-09-04,0,0.0,MD,1.0,6393.0
2023-09-11,0,0.0,MD,1.0,6344.0
2023-09-18,0,0.7142857142857143,MD,1.0,6814.0
2023-09-25,0,0.8571428571428571,MD,1.0,7008.0
2023-10-02,0,0.0,MD,1.0,6275.0
2023-10-09,0,0.0,MD,1.0,6202.0
2023-10-16,0,0.42857142857142855,MD,1.0,6479.0
2023-10-23,0,1.0,MD,1.0,6929.0
2023-10-30,0,0.2857142857142857,MD,1.0,6567.0
2023-11-06,0,0.0,MD,1.0,6804.0
2023-11-13,0,0.0,MD,1.0,6688.0
2023-11-20,0,1.0,MD,1.0,7793.0
2023-11-27,0,0.5714285714285714,MD,1.0,7163.0
2023-12-04,0,0.0,MD,1.0,6857.0
2023-12-11,0,0.0,MD,1.0,6654.0
2023-12-18,0,0.7142857142857143,MD,1.0,7454.0
2023-12-25,1,1.0,MD,1.0,8561.0
2024-01-01,1,0.0,MD,1.0,6722.0
2024-01-08,0,0.0,MD,1.0,6294.0
2024-01-15,0,0.2857142857142857,MD,1.0,6449.0
2024-01-22,0,1.0,MD,1.0,7225.0
2024-01-29,0,0.42857142857142855,MD,1.0,6697.0
2024-02-05,0,0.0,MD,1.0,6292.0
2024-02-12,0,0.0,MD,1.0,6403.0
2024-02-19,0,0.8571428571428571,MD,1.0,7398.0
2024-02-26,0,0.5714285714285714,MD,1.0,7091.0
2024-03-04,0,0.0,MD,1.0,6492.0
2024-03-11,0,0.0,MD,1.0,6585.0
2024-03-18,0,0.7142857142857143,MD,1.0,7447.0
2024-03-25,0,1.0,MD,1.0,7940.0
2024-04-01,0,0.0,MD,1.0,6802.0
2024-04-08,0,0.0,MD,1.0,6825.0
2024-04-15,0,0.2857142857142857,MD,1.0,6903.0
2024-04-22,0,1.0,MD,1.0,8122.0
2024-04-29,0,0.2857142857142857,MD,1.0,7427.0
2024-05-06,0,0.0,MD,1.0,7115.0
2024-05-13,0,0.0,MD,1.0,7063.0
2024-05-20,0,1.0,MD,1.0,8312.0
2024-05-27,0,0.7142857142857143,MD,1.0,8233.0
2024-06-03,1,0.0,MD,1.0,8234.0
2024-06-10,1,0.0,MD,1.0,8250.0
2024-06-17,1,0.5714285714285714,MD,1.0,8963.0
2024-06-24,1,1.0,MD,1.0,9471.0
2024-07-01,1,0.0,MD,1.0,8005.0
2024-07-08,1,0.0,MD,1.0,8042.0
2024-07-15,1,0.2857142857142857,MD,1.0,8675.0
2024-07-22,1,1.0,MD,1.0,9398.0
2024-07-29,1,0.42857142857142855,MD,1.0,8503.0
2024-08-05,1,0.0,MD,1.0,8213.0
2024-08-12,1,0.0,MD,1.0,8075.0
2024-08-19,0,0.8571428571428571,MD,1.0,7897.0
2024-08-26,0,0.8571428571428571,MD,1.0,7869.0
2024-09-02,0,0.0,MD,1.0,7051.0
2024-09-09,0,0.0,MD,1.0,6846.0
2024-09-16,0,0.42857142857142855,MD,1.0,7342.0
2024-09-23,0,1.0,MD,1.0,7761.0
2024-09-30,0,0.14285714285714285,MD,1.0,6822.0
2024-10-07,0,0.0,MD,1.0,6714.0
2024-10-14,0,0.14285714285714285,MD,1.0,6928.0
2024-10-21,0,1.0,MD,1.0,7547.0
2024-10-28,0,0.5714285714285714,MD,1.0,7303.0
2024-11-04,0,0.0,MD,1.0,7318.0
2024-11-11,0,0.0,MD,1.0,7241.0
2024-11-18,0,0.7142857142857143,MD,1.0,7866.0
2024-11-25,0,0.8571428571428571,MD,1.0,8175.0
2024-12-02,0,0.0,MD,1.0,6931.0
2024-12-09,0,0.0,MD,1.0,7164.0
2024-12-16,0,0.42857142857142855,MD,1.0,7770.0
2024-12-23,1,1.0,MD,1.0,9418.0
2024-12-30,1,0.2857142857142857,MD,1.0,8040.0
2025-01-06,0,0.0,MD,1.0,6507.0
2025-01-13,0,0.0,MD,1.0,6454.0
2025-01-20,0,1.0,MD,1.0,7409.0
2025-01-27,0,0.7142857142857143,MD,1.0,7402.0
2025-02-03,0,0.0,MD,1.0,6629.0
2025-02-10,0,0.0,MD,1.0,6484.0
2025-02-17,0,0.5714285714285714,MD,1.0,7336.0
2025-02-24,0,0.7142857142857143,MD,1.0,7368.0
2025-03-03,0,0.0,MD,1.0,6857.0
2025-03-10,0,0.0,MD,1.0,6652.0
2025-03-17,0,0.5714285714285714,MD,1.0,7397.0
2025-03-24,0,1.0,MD,1.0,7983.0
2025-03-31,0,0.14285714285714285,MD,1.0,6966.0
2025-04-07,0,0.0,MD,1.0,6819.0
2025-04-14,0,0.14285714285714285,MD,1.0,7330.0
2025-04-21,0,1.0,MD,1.0,7868.0
2025-04-28,0,0.42857142857142855,MD,1.0,7567.0
2025-05-05,0,0.0,MD,1.0,6916.0
2025-05-12,0,0.0,MD,1.0,7163.0
2025-05-19,0,0.8571428571428571,MD,1.0,8012.0
2025-05-26,0,0.8571428571428571,MD,1.0,8307.0
2025-06-02,1,0.0,MD,1.0,8380.0
2025-06-09,1,0.0,MD,1.0,8341.0
2025-06-16,1,0.42857142857142855,MD,1.0,8631.0
2025-06-23,1,1.0,MD,1.0,9621.0
2025-06-30,1,0.14285714285714285,MD,1.0,8361.0
2025-07-07,1,0.0,MD,1.0,8577.0
2025-07-14,1,0.14285714285714285,MD,1.0,8260.0
2025-07-21,1,1.0,MD,1.0,9192.0
2025-07-28,1,0.5714285714285714,MD,1.0,8782.0
2025-08-04,1,0.0,MD,0.9989935767309894,7849.0
2025-08-11,1,0.0,MD,0.997987153461979,8059.0
2025-08-18,0,0.7142857142857143,MD,0.9969807301929684,7937.0
2025-08-25,0,1.0,MD,0.9959743069239578,8041.0
2025-09-01,0,0.0,MD,0.9949678836549473,7180.0
2025-09-08,0,0.0,MD,0.9939614603859368,7044.0
2025-09-15,0,0.2857142857142857,MD,0.9929550371169262,6988.0
2025-09-22,0,1.0,MD,0.9919486138479157,8056.0
2025-09-29,0,0.2857142857142857,MD,0.9909421905789051,7052.0
2025-10-06,0,0.0,MD,0.9899357673098946,6881.0
2025-10-13,0,0.0,MD,0.9889293440408841,6647.0
2025-10-20,0,1.0,MD,0.9879229207718735,7717.0
2025-10-27,0,0.7142857142857143,MD,0.9869164975028629,7507.0
2025-11-03,0,0.0,MD,0.9859100742338525,7437.0
2025-11-10,0,0.0,MD,0.9849036509648419,7227.0
2025-11-17,0,0.5714285714285714,MD,0.9838972276958313,7771.0
2025-11-24,0,1.0,MD,0.9828908044268208,8362.0
2025-12-01,0,0.0,MD,0.9818843811578103,7288.0
2025-12-08,0,0.0,MD,0.9808779578887997,7338.0
2025-12-15,0,0.2857142857142857,MD,0.9798715346197892,7658.0
2025-12-22,1,1.0,MD,0.9788651113507786,9346.0
2025-12-29,1,0.42857142857142855,MD,0.9778586880817681,8538.0
2026-01-05,1,0.0,MD,0.9768522648127576,7418.0
2026-01-12,0,0.0,MD,0.975845841543747,6668.0
2026-01-19,0,0.8571428571428571,MD,0.9748394182747364,7422.0
2026-01-26,0,0.8571428571428571,MD,0.973832995005726,7423.0
2026-02-02,0,0.0,MD,0.9728265717367154,6788.0
2026-02-09,0,0.0,MD,0.9718201484677048,6887.0
2026-02-16,0,0.42857142857142855,MD,0.9708137251986942,7342.0
2026-02-23,0,0.8571428571428571,MD,0.9698073019296838,7719.0
2026-03-02,0,0.0,MD,0.9688008786606732,6766.0
2026-03-09,0,0.0,MD,0.9677944553916626,6958.0
2026-03-16,0,0.42857142857142855,MD,0.9667880321226521,7414.0
2026-03-23,0,1.0,MD,0.9657816088536416,8147.0
2026-03-30,0,0.2857142857142857,MD,0.964775185584631,7325.0
2026-04-06,0,0.0,MD,0.9637687623156205,7186.0
2026-04-13,0,0.0,MD,0.9627623390466099,7097.0
2026-04-20,0,1.0,MD,0.9617559157775994,8591.0
2026-04-27,0,0.5714285714285714,MD,0.9607494925085889,8023.0
2026-05-04,0,0.0,MD,0.9597430692395783,7376.0
2026-05-11,0,0.0,MD,0.9587366459705677,7300.0
2026-05-18,0,0.7142857142857143,MD,0.9577302227015573,8281.0
2026-05-25,0,1.0,MD,0.9567237994325467,8962.0
2026-06-01,1,0.0,MD,0.9557173761635361,8627.0
2026-06-08,1,0.0,MD,0.9547109528945257,8599.0
2026-06-15,1,0.2857142857142857,MD,0.9537045296255151,8944.0
2026-06-22,1,1.0,MD,0.9526981063565045,10186.0
2026-06-29,1,0.2857142857142857,MD,0.951691683087494,8710.0
2026-07-06,1,0.0,MD,0.9506852598184835,8523.0
2026-07-13,1,0.0,MD,0.9496788365494729,8391.0
2026-07-20,1,1.0,MD,0.9486724132804624,9889.0
2026-07-27,1,0.7142857142857143,MD,0.9486724132804624,9581.0
2026-08-03,1,0.0,MD,0.9486724132804624,8773.0
2026-08-10,1,0.0,MD,0.9486724132804624,8418.0
2026-08-17,0,0.5714285714285714,MD,0.9486724132804624,8263.0
2026-08-24,0,1.0,MD,0.9486724132804624,8609.0
2026-08-31,0,0.14285714285714285,MD,0.9486724132804624,7684.0
2026-09-07,0,0.0,MD,0.9486724132804624,7555.0
2026-09-14,0,0.14285714285714285,MD,0.9486724132804624,7333.0
2026-09-21,0,1.0,MD,0.9486724132804624,8237.0
2019-01-07,0,0.0,ME,1.0,1145.0
2019-01-14,0,0.14285714285714285,ME,1.0,1194.0
2019-01-21,0,1.0,ME,1.0,1346.0
2019-01-28,0,0.5714285714285714,ME,1.0,1298.0
2019-02-04,0,0.0,ME,1.0,1169.0
2019-02-11,0,0.0,ME,1.0,1206.0
2019-02-18,0,0.7142857142857143,ME,1.0,1328.0
2019-02-25,0,0.5714285714285714,ME,1.0,1331.0
2019-03-04,0,0.0,ME,1.0,1215.0
2019-03-11,0,0.0,ME,1.0,1233.0
2019-03-18,0,0.7142857142857143,ME,1.0,1333.0
2019-03-25,0,1.0,ME,1.0,1481.0
2019-04-01,0,0.0,ME,1.0,1251.0
2019-04-08,0,0.0,ME,1.0,1245.0
2019-04-15,0,0.2857142857142857,ME,1.0,1339.0
2019-04-22,0,1.0,ME,1.0,1475.0
2019-04-29,0,0.2857142857142857,ME,1.0,1370.0
2019-05-06,0,0.0,ME,1.0,1310.0
2019-05-13,0,0.0,ME,1.0,1309.0
2019-05-20,0,1.0,ME,1.0,1494.0
2019-05-27,0,0.7142857142857143,ME,1.0,1424.0
2019-06-03,1,0.0,ME,1.0,1465.0
2019-06-10,1,0.0,ME,1.0,1477.0
2019-06-17,1,0.5714285714285714,ME,1.0,1577.0
2019-06-24,1,1.0,ME,1.0,1774.0
2019-07-01,1,0.0,ME,1.0,1440.0
2019-07-08,1,0.0,ME,1.0,1467.0
2019-07-15,1,0.2857142857142857,ME,1.0,1487.0
2019-07-22,1,1.0,ME,1.0,1711.0
2019-07-29,1,0.42857142857142855,ME,1.0,1495.0
2019-08-05,1,0.0,ME,1.0,1425.0
2019-08-12,1,0.0,ME,1.0,1431.0
2019-08-19,0,0.8571428571428571,ME,1.0,1427.0
2019-08-26,0,0.8571428571428571,ME,1.0,1414.0
2019-09-02,0,0.0,ME,1.0,1241.0
2019-09-09,0,0.0,ME,1.0,1237.0
2019-09-16,0,0.42857142857142855,ME,1.0,1299.0
2019-09-23,0,1.0,ME,1.0,1390.0
2019-09-30,0,0.14285714285714285,ME,1.0,1207.0
2019-10-07,0,0.0,ME,1.0,1180.0
2019-10-14,0,0.14285714285714285,ME,1.0,1175.0
2019-10-21,0,1.0,ME,1.0,1344.0
2019-10-28,0,0.5714285714285714,ME,1.0,1293.0
2019-11-04,0,0.0,ME,1.0,1261.0
2019-11-11,0,0.0,ME,1.0,1266.0
2019-11-18,0,0.7142857142857143,ME,1.0,1403.0
2019-11-25,0,0.8571428571428571,ME,1.0,1410.0
2019-12-02,0,0.0,ME,1.0,1243.0
2019-12-09,0,0.0,ME,1.0,1197.0
2019-12-16,0,0.42857142857142855,ME,1.0,1336.0
2019-12-23,1,1.0,ME,1.0,1550.0
2019-12-30,1,0.2857142857142857,ME,1.0,1418.0
2020-01-06,0,0.0,ME,1.0,1133.0
2020-01-13,0,0.0,ME,1.0,1119.0
2020-01-20,0,1.0,ME,1.0,1281.0
2020-01-27,0,0.7142857142857143,ME,1.0,1229.0
2020-02-03,0,0.0,ME,1.0,1131.0
2020-02-10,0,0.0,ME,1.0,1126.0
2020-02-17,0,0.5714285714285714,ME,1.0,1217.0
2020-02-24,0,0.8571428571428571,ME,1.0,1286.0
2020-03-02,0,0.0,ME,1.0,1192.0
2020-03-09,0,0.0,ME,1.0,1162.0
2020-03-16,0,0.42857142857142855,ME,1.0,1247.0
2020-03-23,0,1.0,ME,1.0,1327.0
2020-03-30,0,0.2857142857142857,ME,1.0,1210.0
2020-04-06,0,0.0,ME,1.0,1171.0
2020-04-13,0,0.0,ME,1.0,1218.0
2020-04-20,0,1.0,ME,1.0,1394.0
2020-04-27,0,0.5714285714285714,ME,1.0,1302.0
2020-05-04,0,0.0,ME,1.0,1183.0
2020-05-11,0,0.0,ME,1.0,1204.0
2020-05-18,0,0.7142857142857143,ME,1.0,1308.0
2020-05-25,0,1.0,ME,1.0,1362.0
2020-06-01,1,0.0,ME,1.0,1362.0
2020-06-08,1,0.0,ME,1.0,1381.0
2020-06-15,1,0.2857142857142857,ME,1.0,1453.0
2020-06-22,1,1.0,ME,1.0,1540.0
2020-06-29,1,0.2857142857142857,ME,1.0,1418.0
2020-07-06,1,0.0,ME,1.0,1333.0
2020-07-13,1,0.0,ME,1.0,1333.0
2020-07-20,1,1.0,ME,1.0,1493.0
2020-07-27,1,0.7142857142857143,ME,1.0,1443.0
2020-08-03,1,0.0,ME,1.0,1289.0
2020-08-10,1,0.0,ME,1.0,1348.0
2020-08-17,0,0.5714285714285714,ME,1.0,1261.0
2020-08-24,0,1.0,ME,1.0,1298.0
2020-08-31,0,0.14285714285714285,ME,1.0,1167.0
2020-09-07,0,0.0,ME,1.0,1120.0
2020-09-14,0,0.14285714285714285,ME,1.0,1153.0
2020-09-21,0,1.0,ME,1.0,1286.0
2020-09-28,0,0.42857142857142855,ME,1.0,1191.0
2020-10-05,0,0.0,ME,1.0,1076.0
2020-10-12,0,0.0,ME,1.0,1068.0
2020-10-19,0,0.8571428571428571,ME,1.0,1226.0
2020-10-26,0,0.8571428571428571,ME,1.0,1202.0
2020-11-02,0,0.0,ME,1.0,1186.0
2020-11-09,0,0.0,ME,1.0,1160.0
2020-11-16,0,0.42857142857142855,ME,1.0,1207.0
2020-11-23,0,1.0,ME,1.0,1347.0
2020-11-30,0,0.14285714285714285,ME,1.0,1190.0
2020-12-07,0,0.0,ME,1.0,1113.0
2020-12-14,0,0.14285714285714285,ME,1.0,1189.0
2020-12-21,1,1.0,ME,1.0,1437.0
2020-12-28,1,0.5714285714285714,ME,1.0,1392.0
2021-01-04,1,0.0,ME,1.0,1149.0
2021-01-11,0,0.0,ME,1.0,1043.0
2021-01-18,0,0.7142857142857143,ME,1.0,1108.0
2021-01-25,0,1.0,ME,1.0,1168.0
2021-02-01,0,0.0,ME,1.0,1037.0
2021-02-08,0,0.0,ME,1.0,1044.0
2021-02-15,0,0.2857142857142857,ME,1.0,1102.0
2021-02-22,0,1.0,ME,1.0,1249.0
2021-03-01,0,0.0,ME,1.0,1032.0
2021-03-08,0,0.0,ME,1.0,1101.0
2021-03-15,0,0.2857142857142857,ME,1.0,1141.0
2021-03-22,0,1.0,ME,1.0,1245.0
2021-03-29,0,0.42857142857142855,ME,1.0,1170.0
2021-04-05,0,0.0,ME,1.0,1058.0
2021-04-12,0,0.0,ME,1.0,1063.0
2021-04-19,0,0.8571428571428571,ME,1.0,1232.0
2021-04-26,0,0.7142857142857143,ME,1.0,1236.0
2021-05-03,0,0.0,ME,1.0,1115.0
2021-05-10,0,0.0,ME,1.0,1101.0
2021-05-17,0,0.5714285714285714,ME,1.0,1235.0
2021-05-24,0,1.0,ME,1.0,1319.0
2021-05-31,0,0.14285714285714285,ME,1.0,1182.0
2021-06-07,1,0.0,ME,1.0,1266.0
2021-06-14,1,0.14285714285714285,ME,1.0,1285.0
2021-06-21,1,1.0,ME,1.0,1473.0
2021-06-28,1,0.42857142857142855,ME,1.0,1341.0
2021-07-05,1,0.0,ME,1.0,1266.0
2021-07-12,1,0.0,ME,1.0,1282.0
2021-07-19,1,0.8571428571428571,ME,1.0,1475.0
2021-07-26,1,0.8571428571428571,ME,1.0,1433.0
2021-08-02,1,0.0,ME,1.0,1238.0
2021-08-09,1,0.0,ME,1.0,1275.0
2021-08-16,0,0.42857142857142855,ME,1.0,1184.0
2021-08-23,0,1.0,ME,1.0,1324.0
2021-08-30,0,0.2857142857142857,ME,1.0,1195.0
2021-09-06,0,0.0,ME,1.0,1156.0
2021-09-13,0,0.0,ME,1.0,1145.0
2021-09-20,0,1.0,ME,1.0,1311.0
2021-09-27,0,0.5714285714285714,ME,1.0,1236.0
2021-10-04,0,0.0,ME,1.0,1137.0
2021-10-11,0,0.0,ME,1.0,1127.0
2021-10-18,0,0.7142857142857143,ME,1.0,1207.0
2021-10-25,0,1.0,ME,1.0,1289.0
2021-11-01,0,0.0,ME,1.0,1189.0
2021-11-08,0,0.0,ME,1.0,1248.0
2021-11-15,0,0.2857142857142857,ME,1.0,1297.0
2021-11-22,0,1.0,ME,1.0,1426.0
2021-11-29,0,0.2857142857142857,ME,1.0,1300.0
2021-12-06,0,0.0,ME,1.0,1213.0
2021-12-13,0,0.0,ME,1.0,1232.0
2021-12-20,1,1.0,ME,1.0,1579.0
2021-12-27,1,0.7142857142857143,ME,1.0,1481.0
2022-01-03,1,0.0,ME,1.0,1284.0
2022-01-10,0,0.0,ME,1.0,1131.0
2022-01-17,0,0.5714285714285714,ME,1.0,1283.0
2022-01-24,0,1.0,ME,1.0,1332.0
2022-01-31,0,0.14285714285714285,ME,1.0,1233.0
2022-02-07,0,0.0,ME,1.0,1192.0
2022-02-14,0,0.14285714285714285,ME,1.0,1187.0
2022-02-21,0,1.0,ME,1.0,1388.0
2022-02-28,0,0.14285714285714285,ME,1.0,1246.0
2022-03-07,0,0.0,ME,1.0,1257.0
2022-03-14,0,0.14285714285714285,ME,1.0,1307.0
2022-03-21,0,1.0,ME,1.0,1424.0
2022-03-28,0,0.5714285714285714,ME,1.0,1403.0
2022-04-04,0,0.0,ME,1.0,1314.0
2022-04-11,0,0.0,ME,1.0,1306.0
2022-04-18,0,0.7142857142857143,ME,1.0,1479.0
2022-04-25,0,0.8571428571428571,ME,1.0,1524.0
2022-05-02,0,0.0,ME,1.0,1357.0
2022-05-09,0,0.0,ME,1.0,1353.0
2022-05-16,0,0.42857142857142855,ME,1.0,1415.0
2022-05-23,0,1.0,ME,1.0,1537.0
2022-05-30,0,0.2857142857142857,ME,1.0,1433.0
2022-06-06,1,0.0,ME,1.0,1601.0
2022-06-13,1,0.0,ME,1.0,1588.0
2022-06-20,1,1.0,ME,1.0,1832.0
2022-06-27,1,0.5714285714285714,ME,1.0,1675.0
2022-07-04,1,0.0,ME,1.0,1603.0
2022-07-11,1,0.0,ME,1.0,1546.0
2022-07-18,1,0.7142857142857143,ME,1.0,1790.0
2022-07-25,1,1.0,ME,1.0,1799.0
2022-08-01,1,0.0,ME,1.0,1550.0
2022-08-08,1,0.0,ME,1.0,1569.0
2022-08-15,0,0.2857142857142857,ME,1.0,1477.0
2022-08-22,0,1.0,ME,1.0,1592.0
2022-08-29,0,0.42857142857142855,ME,1.0,1453.0
2022-09-05,0,0.0,ME,1.0,1361.0
2022-09-12,0,0.0,ME,1.0,1391.0
2022-09-19,0,0.8571428571428571,ME,1.0,1563.0
2022-09-26,0,0.7142857142857143,ME,1.0,1517.0
2022-10-03,0,0.0,ME,1.0,1368.0
2022-10-10,0,0.0,ME,1.0,1362.0
2022-10-17,0,0.5714285714285714,ME,1.0,1428.0
2022-10-24,0,1.0,ME,1.0,1522.0
2022-10-31,0,0.14285714285714285,ME,1.0,1352.0
2022-11-07,0,0.0,ME,1.0,1450.0
2022-11-14,0,0.14285714285714285,ME,1.0,1479.0
2022-11-21,0,1.0,ME,1.0,1599.0
2022-11-28,0,0.42857142857142855,ME,1.0,1512.0
2022-12-05,0,0.0,ME,1.0,1438.0
2022-12-12,0,0.0,ME,1.0,1436.0
2022-12-19,0,0.8571428571428571,ME,1.0,1607.0
2022-12-26,1,0.8571428571428571,ME,1.0,1821.0
2023-01-02,1,0.0,ME,1.0,1450.0
2023-01-09,0,0.0,ME,1.0,1325.0
2023-01-16,0,0.42857142857142855,ME,1.0,1406.0
2023-01-23,0,1.0,ME,1.0,1541.0
2023-01-30,0,0.2857142857142857,ME,1.0,1454.0
2023-02-06,0,0.0,ME,1.0,1316.0
2023-02-13,0,0.0,ME,1.0,1363.0
2023-02-20,0,1.0,ME,1.0,1515.0
2023-02-27,0,0.2857142857142857,ME,1.0,1445.0
2023-03-06,0,0.0,ME,1.0,1406.0
2023-03-13,0,0.0,ME,1.0,1383.0
2023-03-20,0,1.0,ME,1.0,1667.0
2023-03-27,0,0.7142857142857143,ME,1.0,1615.0
2023-04-03,0,0.0,ME,1.0,1452.0
2023-04-10,0,0.0,ME,1.0,1480.0
2023-04-17,0,0.5714285714285714,ME,1.0,1602.0
2023-04-24,0,1.0,ME,1.0,1716.0
2023-05-01,0,0.0,ME,1.0,1499.0
2023-05-08,0,0.0,ME,1.0,1498.0
2023-05-15,0,0.2857142857142857,ME,1.0,1539.0
2023-05-22,0,1.0,ME,1.0,1717.0
2023-05-29,0,0.42857142857142855,ME,1.0,1666.0
2023-06-05,1,0.0,ME,1.0,1668.0
2023-06-12,1,0.0,ME,1.0,1723.0
2023-06-19,1,0.8571428571428571,ME,1.0,1892.0
2023-06-26,1,0.7142857142857143,ME,1.0,1902.0
2023-07-03,1,0.0,ME,1.0,1737.0
2023-07-10,1,0.0,ME,1.0,1728.0
2023-07-17,1,0.5714285714285714,ME,1.0,1820.0
2023-07-24,1,1.0,ME,1.0,1953.0
2023-07-31,1,0.14285714285714285,ME,1.0,1744.0
2023-08-07,1,0.0,ME,1.0,1690.0
2023-08-14,1,0.14285714285714285,ME,1.0,1731.0
2023-08-21,0,1.0,ME,1.0,1645.0
2023-08-28,0,0.5714285714285714,ME,1.0,1637.0
2023-09-04,0,0.0,ME,1.0,1496.0
2023-09-11,0,0.0,ME,1.0,1494.0
2023-09-18,0,0.7142857142857143,ME,1.0,1629.0
2023-09-25,0,0.8571428571428571,ME,1.0,1659.0
2023-10-02,0,0.0,ME,1.0,1417.0
2023-10-09,0,0.0,ME,1.0,1440.0
2023-10-16,0,0.42857142857142855,ME,1.0,1527.0
2023-10-23,0,1.0,ME,1.0,1614.0
2023-10-30,0,0.2857142857142857,ME,1.0,1507.0
2023-11-06,0,0.0,ME,1.0,1554.0
2023-11-13,0,0.0,ME,1.0,1556.0
2023-11-20,0,1.0,ME,1.0,1792.0
2023-11-27,0,0.5714285714285714,ME,1.0,1641.0
2023-12-04,0,0.0,ME,1.0,1533.0
2023-12-11,0,0.0,ME,1.0,1513.0
2023-12-18,0,0.7142857142857143,ME,1.0,1624.0
2023-12-25,1,1.0,ME,1.0,2024.0
2024-01-01,1,0.0,ME,1.0,1570.0
2024-01-08,0,0.0,ME,1.0,1399.0
2024-01-15,0,0.2857142857142857,ME,1.0,1476.0
2024-01-22,0,1.0,ME,1.0,1643.0
2024-01-29,0,0.42857142857142855,ME,1.0,1513.0
2024-02-05,0,0.0,ME,1.0,1454.0
2024-02-12,0,0.0,ME,1.0,1388.0
2024-02-19,0,0.8571428571428571,ME,1.0,1648.0
2024-02-26,0,0.5714285714285714,ME,1.0,1549.0
2024-03-04,0,0.0,ME,1.0,1454.0
2024-03-11,0,0.0,ME,1.0,1536.0
2024-03-18,0,0.7142857142857143,ME,1.0,1623.0
2024-03-25,0,1.0,ME,1.0,1750.0
2024-04-01,0,0.0,ME,1.0,1527.0
2024-04-08,0,0.0,ME,1.0,1501.0
2024-04-15,0,0.2857142857142857,ME,1.0,1614.0
2024-04-22,0,1.0,ME,1.0,1800.0
2024-04-29,0,0.2857142857142857,ME,1.0,1621.0
2024-05-06,0,0.0,ME,1.0,1564.0
2024-05-13,0,0.0,ME,1.0,1626.0
2024-05-20,0,1.0,ME,1.0,1857.0
2024-05-27,0,0.7142857142857143,ME,1.0,1747.0
2024-06-03,1,0.0,ME,1.0,1762.0
2024-06-10,1,0.0,ME,1.0,1766.0
2024-06-17,1,0.5714285714285714,ME,1.0,1920.0
2024-06-24,1,1.0,ME,1.0,2043.0
2024-07-01,1,0.0,ME,1.0,1828.0
2024-07-08,1,0.0,ME,1.0,1811.0
2024-07-15,1,0.2857142857142857,ME,1.0,1885.0
2024-07-22,1,1.0,ME,1.0,2031.0
2024-07-29,1,0.42857142857142855,ME,1.0,1953.0
2024-08-05,1,0.0,ME,1.0,1772.0
2024-08-12,1,0.0,ME,1.0,1761.0
2024-08-19,0,0.8571428571428571,ME,1.0,1773.0
2024-08-26,0,0.8571428571428571,ME,1.0,1840.0
2024-09-02,0,0.0,ME,1.0,1560.0
2024-09-09,0,0.0,ME,1.0,1498.0
2024-09-16,0,0.42857142857142855,ME,1.0,1660.0
2024-09-23,0,1.0,ME,1.0,1807.0
2024-09-30,0,0.14285714285714285,ME,1.0,1551.0
2024-10-07,0,0.0,ME,1.0,1496.0
2024-10-14,0,0.14285714285714285,ME,1.0,1557.0
2024-10-21,0,1.0,ME,1.0,1731.0
2024-10-28,0,0.5714285714285714,ME,1.0,1597.0
2024-11-04,0,0.0,ME,1.0,1626.0
2024-11-11,0,0.0,ME,1.0,1617.0
2024-11-18,0,0.7142857142857143,ME,1.0,1750.0
2024-11-25,0,0.8571428571428571,ME,1.0,1728.0
2024-12-02,0,0.0,ME,1.0,1535.0
2024-12-09,0,0.0,ME,1.0,1591.0
2024-12-16,0,0.42857142857142855,ME,1.0,1717.0
2024-12-23,1,1.0,ME,1.0,2026.0
2024-12-30,1,0.2857142857142857,ME,1.0,1780.0
2025-01-06,0,0.0,ME,1.0,1435.0
2025-01-13,0,0.0,ME,1.0,1455.0
2025-01-20,0,1.0,ME,1.0,1651.0
2025-01-27,0,0.7142857142857143,ME,1.0,1589.0
2025-02-03,0,0.0,ME,1.0,1491.0
2025-02-10,0,0.0,ME,1.0,1439.0
2025-02-17,0,0.5714285714285714,ME,1.0,1593.0
2025-02-24,0,0.7142857142857143,ME,1.0,1671.0
2025-03-03,0,0.0,ME,1.0,1485.0
2025-03-10,0,0.0,ME,1.0,1525.0
2025-03-17,0,0.5714285714285714,ME,1.0,1666.0
2025-03-24,0,1.0,ME,1.0,1764.0
2025-03-31,0,0.14285714285714285,ME,1.0,1553.0
2025-04-07,0,0.0,ME,1.0,1521.0
2025-04-14,0,0.14285714285714285,ME,1.0,1645.0
2025-04-21,0,1.0,ME,1.0,1787.0
2025-04-28,0,0.42857142857142855,ME,1.0,1641.0
2025-05-05,0,0.0,ME,1.0,1580.0
2025-05-12,0,0.0,ME,1.0,1626.0
2025-05-19,0,0.8571428571428571,ME,1.0,1792.0
2025-05-26,0,0.8571428571428571,ME,1.0,1797.0
2025-06-02,1,0.0,ME,1.0,1840.0
2025-06-09,1,0.0,ME,1.0,1823.0
2025-06-16,1,0.42857142857142855,ME,1.0,1903.0
2025-06-23,1,1.0,ME,1.0,2092.0
2025-06-30,1,0.14285714285714285,ME,1.0,1872.0
2025-07-07,1,0.0,ME,1.0,1831.0
2025-07-14,1,0.14285714285714285,ME,1.0,1865.0
2025-07-21,1,1.0,ME,1.0,2099.0
2025-07-28,1,0.5714285714285714,ME,1.0,1920.0
2025-08-04,1,0.0,ME,0.9983350381345633,1799.0
2025-08-11,1,0.0,ME,0.9966700762691264,1782.0
2025-08-18,0,0.7142857142857143,ME,0.9950051144036897,1745.0
2025-08-25,0,1.0,ME,0.9933401525382529,1815.0
2025-09-01,0,0.0,ME,0.9916751906728161,1578.0
2025-09-08,0,0.0,ME,0.9900102288073793,1570.0
2025-09-15,0,0.2857142857142857,ME,0.9883452669419426,1567.0
2025-09-22,0,1.0,ME,0.9866803050765057,1781.0
2025-09-29,0,0.2857142857142857,ME,0.985015343211069,1684.0
2025-10-06,0,0.0,ME,0.9833503813456321,1535.0
2025-10-13,0,0.0,ME,0.9816854194801954,1532.0
2025-10-20,0,1.0,ME,0.9800204576147586,1742.0
2025-10-27,0,0.7142857142857143,ME,0.9783554957493218,1643.0
2025-11-03,0,0.0,ME,0.976690533883885,1647.0
2025-11-10,0,0.0,ME,0.9750255720184483,1633.0
2025-11-17,0,0.5714285714285714,ME,0.9733606101530115,1776.0
2025-11-24,0,1.0,ME,0.9716956482875747,1873.0
2025-12-01,0,0.0,ME,0.970030686422138,1704.0
2025-12-08,0,0.0,ME,0.9683657245567011,1672.0
2025-12-15,0,0.2857142857142857,ME,0.9667007626912644,1672.0
2025-12-22,1,1.0,ME,0.9650358008258276,2108.0
2025-12-29,1,0.42857142857142855,ME,0.9633708389603908,1968.0
2026-01-05,1,0.0,ME,0.961705877094954,1653.0
2026-01-12,0,0.0,ME,0.9600409152295173,1515.0
2026-01-19,0,0.8571428571428571,ME,0.9583759533640804,1719.0
2026-01-26,0,0.8571428571428571,ME,0.9567109914986437,1758.0
2026-02-02,0,0.0,ME,0.9550460296332068,1496.0
2026-02-09,0,0.0,ME,0.9533810677677701,1580.0
2026-02-16,0,0.42857142857142855,ME,0.9517161059023334,1684.0
2026-02-23,0,0.8571428571428571,ME,0.9500511440368965,1774.0
2026-03-02,0,0.0,ME,0.9483861821714598,1638.0
2026-03-09,0,0.0,ME,0.946721220306023,1640.0
2026-03-16,0,0.42857142857142855,ME,0.9450562584405862,1748.0
2026-03-23,0,1.0,ME,0.9433912965751494,1902.0
2026-03-30,0,0.2857142857142857,ME,0.9417263347097127,1734.0
2026-04-06,0,0.0,ME,0.9400613728442758,1643.0
2026-04-13,0,0.0,ME,0.9383964109788391,1650.0
2026-04-20,0,1.0,ME,0.9367314491134023,1982.0
2026-04-27,0,0.5714285714285714,ME,0.9350664872479655,1851.0
2026-05-04,0,0.0,ME,0.9334015253825287,1712.0
2026-05-11,0,0.0,ME,0.931736563517092,1754.0
2026-05-18,0,0.7142857142857143,ME,0.9300716016516551,1921.0
2026-05-25,0,1.0,ME,0.9284066397862184,2051.0
2026-06-01,1,0.0,ME,0.9267416779207815,2010.0
2026-06-08,1,0.0,ME,0.9250767160553448,1957.0
2026-06-15,1,0.2857142857142857,ME,0.9234117541899081,2069.0
2026-06-22,1,1.0,ME,0.9217467923244712,2302.0
2026-06-29,1,0.2857142857142857,ME,0.9200818304590345,2092.0
2026-07-06,1,0.0,ME,0.9184168685935977,1935.0
2026-07-13,1,0.0,ME,0.9167519067281609,1967.0
2026-07-20,1,1.0,ME,0.9150869448627241,2282.0
2026-07-27,1,0.7142857142857143,ME,0.9150869448627241,2154.0
2026-08-03,1,0.0,ME,0.9150869448627241,1946.0
2026-08-10,1,0.0,ME,0.9150869448627241,1996.0
2026-08-17,0,0.5714285714285714,ME,0.9150869448627241,1892.0
2026-08-24,0,1.0,ME,0.9150869448627241,1973.0
2026-08-31,0,0.14285714285714285,ME,0.9150869448627241,1763.0
2026-09-07,0,0.0,ME,0.9150869448627241,1698.0
2026-09-14,0,0.14285714285714285,ME,0.9150869448627241,1707.0
2026-09-21,0,1.0,ME,0.9150869448627241,1913.0
2019-01-07,0,0.0,MI,1.0,9261.0
2019-01-14,0,0.14285714285714285,MI,1.0,9539.0
2019-01-21,0,1.0,MI,1.0,10552.0
2019-01-28,0,0.5714285714285714,MI,1.0,10025.0
2019-02-04,0,0.0,MI,1.0,9318.0
2019-02-11,0,0.0,MI,1.0,9226.0
2019-02-18,0,0.7142857142857143,MI,1.0,10396.0
2019-02-25,0,0.5714285714285714,MI,1.0,10416.0
2019-03-04,0,0.0,MI,1.0,9526.0
2019-03-11,0,0.0,MI,1.0,9847.0
2019-03-18,0,0.7142857142857143,MI,1.0,10709.0
2019-03-25,0,1.0,MI,1.0,11173.0
2019-04-01,0,0.0,MI,1.0,9966.0
2019-04-08,0,0.0,MI,1.0,9866.0
2019-04-15,0,0.2857142857142857,MI,1.0,10632.0
2019-04-22,0,1.0,MI,1.0,11701.0
2019-04-29,0,0.2857142857142857,MI,1.0,10484.0
2019-05-06,0,0.0,MI,1.0,10213.0
2019-05-13,0,0.0,MI,1.0,9988.0
2019-05-20,0,1.0,MI,1.0,11628.0
2019-05-27,0,0.7142857142857143,MI,1.0,11592.0
2019-06-03,1,0.0,MI,1.0,11542.0
2019-06-10,1,0.0,MI,1.0,11734.0
2019-06-17,1,0.5714285714285714,MI,1.0,12690.0
2019-06-24,1,1.0,MI,1.0,13480.0
2019-07-01,1,0.0,MI,1.0,11526.0
2019-07-08,1,0.0,MI,1.0,11652.0
2019-07-15,1,0.2857142857142857,MI,1.0,12217.0
2019-07-22,1,1.0,MI,1.0,13140.0
2019-07-29,1,0.42857142857142855,MI,1.0,12044.0
2019-08-05,1,0.0,MI,1.0,11571.0
2019-08-12,1,0.0,MI,1.0,11557.0
2019-08-19,0,0.8571428571428571,MI,1.0,11351.0
2019-08-26,0,0.8571428571428571,MI,1.0,11407.0
2019-09-02,0,0.0,MI,1.0,10126.0
2019-09-09,0,0.0,MI,1.0,10218.0
2019-09-16,0,0.42857142857142855,MI,1.0,10751.0
2019-09-23,0,1.0,MI,1.0,11356.0
2019-09-30,0,0.14285714285714285,MI,1.0,10176.0
2019-10-07,0,0.0,MI,1.0,9725.0
2019-10-14,0,0.14285714285714285,MI,1.0,9900.0
2019-10-21,0,1.0,MI,1.0,10802.0
2019-10-28,0,0.5714285714285714,MI,1.0,10371.0
2019-11-04,0,0.0,MI,1.0,10478.0
2019-11-11,0,0.0,MI,1.0,10489.0
2019-11-18,0,0.7142857142857143,MI,1.0,11448.0
2019-11-25,0,0.8571428571428571,MI,1.0,11630.0
2019-12-02,0,0.0,MI,1.0,10321.0
2019-12-09,0,0.0,MI,1.0,10345.0
2019-12-16,0,0.42857142857142855,MI,1.0,11126.0
2019-12-23,1,1.0,MI,1.0,13319.0
2019-12-30,1,0.2857142857142857,MI,1.0,12140.0
2020-01-06,0,0.0,MI,1.0,9563.0
2020-01-13,0,0.0,MI,1.0,9700.0
2020-01-20,0,1.0,MI,1.0,11089.0
2020-01-27,0,0.7142857142857143,MI,1.0,10776.0
2020-02-03,0,0.0,MI,1.0,9420.0
2020-02-10,0,0.0,MI,1.0,9651.0
2020-02-17,0,0.5714285714285714,MI,1.0,10616.0
2020-02-24,0,0.8571428571428571,MI,1.0,11078.0
2020-03-02,0,0.0,MI,1.0,9862.0
2020-03-09,0,0.0,MI,1.0,10138.0
2020-03-16,0,0.42857142857142855,MI,1.0,10729.0
2020-03-23,0,1.0,MI,1.0,11543.0
2020-03-30,0,0.2857142857142857,MI,1.0,10493.0
2020-04-06,0,0.0,MI,1.0,10424.0
2020-04-13,0,0.0,MI,1.0,10569.0
2020-04-20,0,1.0,MI,1.0,12230.0
2020-04-27,0,0.5714285714285714,MI,1.0,11321.0
2020-05-04,0,0.0,MI,1.0,10718.0
2020-05-11,0,0.0,MI,1.0,10486.0
2020-05-18,0,0.7142857142857143,MI,1.0,11748.0
2020-05-25,0,1.0,MI,1.0,12325.0
2020-06-01,1,0.0,MI,1.0,12209.0
2020-06-08,1,0.0,MI,1.0,12008.0
2020-06-15,1,0.2857142857142857,MI,1.0,12924.0
2020-06-22,1,1.0,MI,1.0,13936.0
2020-06-29,1,0.2857142857142857,MI,1.0,12562.0
2020-07-06,1,0.0,MI,1.0,12017.0
2020-07-13,1,0.0,MI,1.0,12156.0
2020-07-20,1,1.0,MI,1.0,14078.0
2020-07-27,1,0.7142857142857143,MI,1.0,13371.0
2020-08-03,1,0.0,MI,1.0,11727.0
2020-08-10,1,0.0,MI,1.0,12065.0
2020-08-17,0,0.5714285714285714,MI,1.0,11127.0
2020-08-24,0,1.0,MI,1.0,11743.0
2020-08-31,0,0.14285714285714285,MI,1.0,10239.0
2020-09-07,0,0.0,MI,1.0,10443.0
2020-09-14,0,0.14285714285714285,MI,1.0,10328.0
2020-09-21,0,1.0,MI,1.0,11287.0
2020-09-28,0,0.42857142857142855,MI,1.0,10607.0
2020-10-05,0,0.0,MI,1.0,10001.0
2020-10-12,0,0.0,MI,1.0,9692.0
2020-10-19,0,0.8571428571428571,MI,1.0,10563.0
2020-10-26,0,0.8571428571428571,MI,1.0,10665.0
2020-11-02,0,0.0,MI,1.0,10687.0
2020-11-09,0,0.0,MI,1.0,10239.0
2020-11-16,0,0.42857142857142855,MI,1.0,11029.0
2020-11-23,0,1.0,MI,1.0,11824.0
2020-11-30,0,0.14285714285714285,MI,1.0,10280.0
2020-12-07,0,0.0,MI,1.0,9931.0
2020-12-14,0,0.14285714285714285,MI,1.0,10216.0
2020-12-21,1,1.0,MI,1.0,12728.0
2020-12-28,1,0.5714285714285714,MI,1.0,12080.0
2021-01-04,1,0.0,MI,1.0,10075.0
2021-01-11,0,0.0,MI,1.0,8953.0
2021-01-18,0,0.7142857142857143,MI,1.0,9828.0
2021-01-25,0,1.0,MI,1.0,10155.0
2021-02-01,0,0.0,MI,1.0,9025.0
2021-02-08,0,0.0,MI,1.0,9055.0
2021-02-15,0,0.2857142857142857,MI,1.0,9535.0
2021-02-22,0,1.0,MI,1.0,10348.0
2021-03-01,0,0.0,MI,1.0,8966.0
2021-03-08,0,0.0,MI,1.0,9225.0
2021-03-15,0,0.2857142857142857,MI,1.0,9568.0
2021-03-22,0,1.0,MI,1.0,10660.0
2021-03-29,0,0.42857142857142855,MI,1.0,9916.0
2021-04-05,0,0.0,MI,1.0,9275.0
2021-04-12,0,0.0,MI,1.0,9313.0
2021-04-19,0,0.8571428571428571,MI,1.0,10740.0
2021-04-26,0,0.7142857142857143,MI,1.0,10238.0
2021-05-03,0,0.0,MI,1.0,9349.0
2021-05-10,0,0.0,MI,1.0,9405.0
2021-05-17,0,0.5714285714285714,MI,1.0,10242.0
2021-05-24,0,1.0,MI,1.0,10853.0
2021-05-31,0,0.14285714285714285,MI,1.0,9430.0
2021-06-07,1,0.0,MI,1.0,10521.0
2021-06-14,1,0.14285714285714285,MI,1.0,10702.0
2021-06-21,1,1.0,MI,1.0,12051.0
2021-06-28,1,0.42857142857142855,MI,1.0,10976.0
2021-07-05,1,0.0,MI,1.0,10368.0
2021-07-12,1,0.0,MI,1.0,10503.0
2021-07-19,1,0.8571428571428571,MI,1.0,11863.0
2021-07-26,1,0.8571428571428571,MI,1.0,12274.0
2021-08-02,1,0.0,MI,1.0,10615.0
2021-08-09,1,0.0,MI,1.0,10493.0
2021-08-16,0,0.42857142857142855,MI,1.0,9915.0
2021-08-23,0,1.0,MI,1.0,10688.0
2021-08-30,0,0.2857142857142857,MI,1.0,9677.0
2021-09-06,0,0.0,MI,1.0,9349.0
2021-09-13,0,0.0,MI,1.0,9058.0
2021-09-20,0,1.0,MI,1.0,10697.0
2021-09-27,0,0.5714285714285714,MI,1.0,9809.0
2021-10-04,0,0.0,MI,1.0,9056.0
2021-10-11,0,0.0,MI,1.0,9029.0
2021-10-18,0,0.7142857142857143,MI,1.0,10092.0
2021-10-25,0,1.0,MI,1.0,10310.0
2021-11-01,0,0.0,MI,1.0,9905.0
2021-11-08,0,0.0,MI,1.0,10101.0
2021-11-15,0,0.2857142857142857,MI,1.0,10643.0
2021-11-22,0,1.0,MI,1.0,11451.0
2021-11-29,0,0.2857142857142857,MI,1.0,10353.0
2021-12-06,0,0.0,MI,1.0,9973.0
2021-12-13,0,0.0,MI,1.0,9974.0
2021-12-20,1,1.0,MI,1.0,12964.0
2021-12-27,1,0.7142857142857143,MI,1.0,12698.0
2022-01-03,1,0.0,MI,1.0,10254.0
2022-01-10,0,0.0,MI,1.0,9113.0
2022-01-17,0,0.5714285714285714,MI,1.0,10229.0
2022-01-24,0,1.0,MI,1.0,10911.0
2022-01-31,0,0.14285714285714285,MI,1.0,9976.0
2022-02-07,0,0.0,MI,1.0,9687.0
2022-02-14,0,0.14285714285714285,MI,1.0,9746.0
2022-02-21,0,1.0,MI,1.0,10816.0
2022-02-28,0,0.14285714285714285,MI,1.0,9934.0
2022-03-07,0,0.0,MI,1.0,9915.0
2022-03-14,0,0.14285714285714285,MI,1.0,10124.0
2022-03-21,0,1.0,MI,1.0,11737.0
2022-03-28,0,0.5714285714285714,MI,1.0,10978.0
2022-04-04,0,0.0,MI,1.0,10427.0
2022-04-11,0,0.0,MI,1.0,10469.0
2022-04-18,0,0.7142857142857143,MI,1.0,11878.0
2022-04-25,0,0.8571428571428571,MI,1.0,11979.0
2022-05-02,0,0.0,MI,1.0,10852.0
2022-05-09,0,0.0,MI,1.0,10760.0
2022-05-16,0,0.42857142857142855,MI,1.0,11494.0
2022-05-23,0,1.0,MI,1.0,12899.0
2022-05-30,0,0.2857142857142857,MI,1.0,11612.0
2022-06-06,1,0.0,MI,1.0,12833.0
2022-06-13,1,0.0,MI,1.0,12762.0
2022-06-20,1,1.0,MI,1.0,14397.0
2022-06-27,1,0.5714285714285714,MI,1.0,13881.0
2022-07-04,1,0.0,MI,1.0,12507.0
2022-07-11,1,0.0,MI,1.0,12706.0
2022-07-18,1,0.7142857142857143,MI,1.0,13856.0
2022-07-25,1,1.0,MI,1.0,14735.0
2022-08-01,1,0.0,MI,1.0,12681.0
2022-08-08,1,0.0,MI,1.0,12755.0
2022-08-15,0,0.2857142857142857,MI,1.0,11630.0
2022-08-22,0,1.0,MI,1.0,12655.0
2022-08-29,0,0.42857142857142855,MI,1.0,11666.0
2022-09-05,0,0.0,MI,1.0,11138.0
2022-09-12,0,0.0,MI,1.0,11058.0
2022-09-19,0,0.8571428571428571,MI,1.0,12230.0
2022-09-26,0,0.7142857142857143,MI,1.0,11955.0
2022-10-03,0,0.0,MI,1.0,10780.0
2022-10-10,0,0.0,MI,1.0,10995.0
2022-10-17,0,0.5714285714285714,MI,1.0,11687.0
2022-10-24,0,1.0,MI,1.0,12102.0
2022-10-31,0,0.14285714285714285,MI,1.0,11182.0
2022-11-07,0,0.0,MI,1.0,11624.0
2022-11-14,0,0.14285714285714285,MI,1.0,11698.0
2022-11-21,0,1.0,MI,1.0,13060.0
2022-11-28,0,0.42857142857142855,MI,1.0,12389.0
2022-12-05,0,0.0,MI,1.0,11379.0
2022-12-12,0,0.0,MI,1.0,11259.0
2022-12-19,0,0.8571428571428571,MI,1.0,12932.0
2022-12-26,1,0.8571428571428571,MI,1.0,14939.0
2023-01-02,1,0.0,MI,1.0,11716.0
2023-01-09,0,0.0,MI,1.0,10629.0
2023-01-16,0,0.42857142857142855,MI,1.0,11137.0
2023-01-23,0,1.0,MI,1.0,12350.0
2023-01-30,0,0.2857142857142857,MI,1.0,11135.0
2023-02-06,0,0.0,MI,1.0,10532.0
2023-02-13,0,0.0,MI,1.0,10881.0
2023-02-20,0,1.0,MI,1.0,12676.0
2023-02-27,0,0.2857142857142857,MI,1.0,11175.0
2023-03-06,0,0.0,MI,1.0,11275.0
2023-03-13,0,0.0,MI,1.0,11127.0
2023-03-20,0,1.0,MI,1.0,12690.0
2023-03-27,0,0.7142857142857143,MI,1.0,12839.0
2023-04-03,0,0.0,MI,1.0,11346.0
2023-04-10,0,0.0,MI,1.0,11510.0
2023-04-17,0,0.5714285714285714,MI,1.0,12734.0
2023-04-24,0,1.0,MI,1.0,13782.0
2023-05-01,0,0.0,MI,1.0,12063.0
2023-05-08,0,0.0,MI,1.0,11895.0
2023-05-15,0,0.2857142857142857,MI,1.0,12512.0
2023-05-22,0,1.0,MI,1.0,13998.0
2023-05-29,0,0.42857142857142855,MI,1.0,12800.0
2023-06-05,1,0.0,MI,1.0,13636.0
2023-06-12,1,0.0,MI,1.0,13886.0
2023-06-19,1,0.8571428571428571,MI,1.0,15281.0
2023-06-26,1,0.7142857142857143,MI,1.0,15127.0
2023-07-03,1,0.0,MI,1.0,13903.0
2023-07-10,1,0.0,MI,1.0,13873.0
2023-07-17,1,0.5714285714285714,MI,1.0,15114.0
2023-07-24,1,1.0,MI,1.0,15948.0
2023-07-31,1,0.14285714285714285,MI,1.0,13736.0
2023-08-07,1,0.0,MI,1.0,13540.0
2023-08-14,1,0.14285714285714285,MI,1.0,14070.0
2023-08-21,0,1.0,MI,1.0,13567.0
2023-08-28,0,0.5714285714285714,MI,1.0,12939.0
2023-09-04,0,0.0,MI,1.0,11798.0
2023-09-11,0,0.0,MI,1.0,11570.0
2023-09-18,0,0.7142857142857143,MI,1.0,12784.0
2023-09-25,0,0.8571428571428571,MI,1.0,12953.0
2023-10-02,0,0.0,MI,1.0,11399.0
2023-10-09,0,0.0,MI,1.0,11156.0
2023-10-16,0,0.42857142857142855,MI,1.0,12039.0
2023-10-23,0,1.0,MI,1.0,12992.0
2023-10-30,0,0.2857142857142857,MI,1.0,11819.0
2023-11-06,0,0.0,MI,1.0,11969.0
2023-11-13,0,0.0,MI,1.0,12219.0
2023-11-20,0,1.0,MI,1.0,14062.0
2023-11-27,0,0.5714285714285714,MI,1.0,12959.0
2023-12-04,0,0.0,MI,1.0,12205.0
2023-12-11,0,0.0,MI,1.0,11773.0
2023-12-18,0,0.7142857142857143,MI,1.0,13143.0
2023-12-25,1,1.0,MI,1.0,15610.0
2024-01-01,1,0.0,MI,1.0,12474.0
2024-01-08,0,0.0,MI,1.0,10805.0
2024-01-15,0,0.2857142857142857,MI,1.0,11508.0
2024-01-22,0,1.0,MI,1.0,12591.0
2024-01-29,0,0.42857142857142855,MI,1.0,11796.0
2024-02-05,0,0.0,MI,1.0,11060.0
2024-02-12,0,0.0,MI,1.0,11238.0
2024-02-19,0,0.8571428571428571,MI,1.0,13027.0
2024-02-26,0,0.5714285714285714,MI,1.0,12339.0
2024-03-04,0,0.0,MI,1.0,11240.0
2024-03-11,0,0.0,MI,1.0,11624.0
2024-03-18,0,0.7142857142857143,MI,1.0,12867.0
2024-03-25,0,1.0,MI,1.0,13631.0
2024-04-01,0,0.0,MI,1.0,11912.0
2024-04-08,0,0.0,MI,1.0,11960.0
2024-04-15,0,0.2857142857142857,MI,1.0,12349.0
2024-04-22,0,1.0,MI,1.0,14247.0
2024-04-29,0,0.2857142857142857,MI,1.0,12598.0
2024-05-06,0,0.0,MI,1.0,12336.0
2024-05-13,0,0.0,MI,1.0,12347.0
2024-05-20,0,1.0,MI,1.0,14204.0
2024-05-27,0,0.7142857142857143,MI,1.0,13779.0
2024-06-03,1,0.0,MI,1.0,13754.0
2024-06-10,1,0.0,MI,1.0,14259.0
2024-06-17,1,0.5714285714285714,MI,1.0,15371.0
2024-06-24,1,1.0,MI,1.0,15469.0
2024-07-01,1,0.0,MI,1.0,13642.0
2024-07-08,1,0.0,MI,1.0,13960.0
2024-07-15,1,0.2857142857142857,MI,1.0,14311.0
2024-07-22,1,1.0,MI,1.0,15679.0
2024-07-29,1,0.42857142857142855,MI,1.0,14773.0
2024-08-05,1,0.0,MI,1.0,13500.0
2024-08-12,1,0.0,MI,1.0,13898.0
2024-08-19,0,0.8571428571428571,MI,1.0,13809.0
2024-08-26,0,0.8571428571428571,MI,1.0,13575.0
2024-09-02,0,0.0,MI,1.0,11956.0
2024-09-09,0,0.0,MI,1.0,11887.0
2024-09-16,0,0.42857142857142855,MI,1.0,12657.0
2024-09-23,0,1.0,MI,1.0,13391.0
2024-09-30,0,0.14285714285714285,MI,1.0,11769.0
2024-10-07,0,0.0,MI,1.0,11155.0
2024-10-14,0,0.14285714285714285,MI,1.0,11319.0
2024-10-21,0,1.0,MI,1.0,13184.0
2024-10-28,0,0.5714285714285714,MI,1.0,12564.0
2024-11-04,0,0.0,MI,1.0,12452.0
2024-11-11,0,0.0,MI,1.0,11733.0
2024-11-18,0,0.7142857142857143,MI,1.0,13425.0
2024-11-25,0,0.8571428571428571,MI,1.0,13808.0
2024-12-02,0,0.0,MI,1.0,12091.0
2024-12-09,0,0.0,MI,1.0,11937.0
2024-12-16,0,0.42857142857142855,MI,1.0,12956.0
2024-12-23,1,1.0,MI,1.0,15592.0
2024-12-30,1,0.2857142857142857,MI,1.0,14326.0
2025-01-06,0,0.0,MI,1.0,10886.0
2025-01-13,0,0.0,MI,1.0,11099.0
2025-01-20,0,1.0,MI,1.0,12668.0
2025-01-27,0,0.7142857142857143,MI,1.0,12396.0
2025-02-03,0,0.0,MI,1.0,11144.0
2025-02-10,0,0.0,MI,1.0,11657.0
2025-02-17,0,0.5714285714285714,MI,1.0,12294.0
2025-02-24,0,0.7142857142857143,MI,1.0,12769.0
2025-03-03,0,0.0,MI,1.0,11788.0
2025-03-10,0,0.0,MI,1.0,11782.0
2025-03-17,0,0.5714285714285714,MI,1.0,12647.0
2025-03-24,0,1.0,MI,1.0,13649.0
2025-03-31,0,0.14285714285714285,MI,1.0,12204.0
2025-04-07,0,0.0,MI,1.0,11854.0
2025-04-14,0,0.14285714285714285,MI,1.0,12602.0
2025-04-21,0,1.0,MI,1.0,13430.0
2025-04-28,0,0.42857142857142855,MI,1.0,13201.0
2025-05-05,0,0.0,MI,1.0,12528.0
2025-05-12,0,0.0,MI,1.0,12302.0
2025-05-19,0,0.8571428571428571,MI,1.0,13792.0
2025-05-26,0,0.8571428571428571,MI,1.0,13969.0
2025-06-02,1,0.0,MI,1.0,13951.0
2025-06-09,1,0.0,MI,1.0,13900.0
2025-06-16,1,0.42857142857142855,MI,1.0,14853.0
2025-06-23,1,1.0,MI,1.0,16413.0
2025-06-30,1,0.14285714285714285,MI,1.0,14002.0
2025-07-07,1,0.0,MI,1.0,13983.0
2025-07-14,1,0.14285714285714285,MI,1.0,14408.0
2025-07-21,1,1.0,MI,1.0,16017.0
2025-07-28,1,0.5714285714285714,MI,1.0,15138.0
2025-08-04,1,0.0,MI,0.9980916394553091,13432.0
2025-08-11,1,0.0,MI,0.9961832789106183,13622.0
2025-08-18,0,0.7142857142857143,MI,0.9942749183659274,13486.0
2025-08-25,0,1.0,MI,0.9923665578212366,14073.0
2025-09-01,0,0.0,MI,0.9904581972765457,12224.0
2025-09-08,0,0.0,MI,0.9885498367318548,12226.0
2025-09-15,0,0.2857142857142857,MI,0.986641476187164,12447.0
2025-09-22,0,1.0,MI,0.9847331156424731,13877.0
2025-09-29,0,0.2857142857142857,MI,0.9828247550977823,12331.0
2025-10-06,0,0.0,MI,0.9809163945530914,11991.0
2025-10-13,0,0.0,MI,0.9790080340084006,11941.0
2025-10-20,0,1.0,MI,0.9770996734637097,13405.0
2025-10-27,0,0.7142857142857143,MI,0.9751913129190188,13009.0
2025-11-03,0,0.0,MI,0.973282952374328,12965.0
2025-11-10,0,0.0,MI,0.9713745918296371,13026.0
2025-11-17,0,0.5714285714285714,MI,0.9694662312849464,13870.0
2025-11-24,0,1.0,MI,0.9675578707402555,14633.0
2025-12-01,0,0.0,MI,0.9656495101955646,12920.0
2025-12-08,0,0.0,MI,0.9637411496508738,12612.0
2025-12-15,0,0.2857142857142857,MI,0.9618327891061829,13408.0
2025-12-22,1,1.0,MI,0.9599244285614921,16060.0
2025-12-29,1,0.42857142857142855,MI,0.9580160680168012,14957.0
2026-01-05,1,0.0,MI,0.9561077074721103,12985.0
2026-01-12,0,0.0,MI,0.9541993469274195,11729.0
2026-01-19,0,0.8571428571428571,MI,0.9522909863827286,13504.0
2026-01-26,0,0.8571428571428571,MI,0.9503826258380378,13592.0
2026-02-02,0,0.0,MI,0.9484742652933469,12279.0
2026-02-09,0,0.0,MI,0.9465659047486561,12199.0
2026-02-16,0,0.42857142857142855,MI,0.9446575442039652,12919.0
2026-02-23,0,0.8571428571428571,MI,0.9427491836592743,13709.0
2026-03-02,0,0.0,MI,0.9408408231145835,12454.0
2026-03-09,0,0.0,MI,0.9389324625698926,12412.0
2026-03-16,0,0.42857142857142855,MI,0.9370241020252018,13675.0
2026-03-23,0,1.0,MI,0.9351157414805109,14810.0
2026-03-30,0,0.2857142857142857,MI,0.93320738093582,13364.0
2026-04-06,0,0.0,MI,0.9312990203911292,12712.0
2026-04-13,0,0.0,MI,0.9293906598464383,13178.0
2026-04-20,0,1.0,MI,0.9274822993017475,15086.0
2026-04-27,0,0.5714285714285714,MI,0.9255739387570566,14640.0
2026-05-04,0,0.0,MI,0.9236655782123657,13564.0
2026-05-11,0,0.0,MI,0.9217572176676749,13405.0
2026-05-18,0,0.7142857142857143,MI,0.919848857122984,14926.0
2026-05-25,0,1.0,MI,0.9179404965782932,15871.0
2026-06-01,1,0.0,MI,0.9160321360336023,15199.0
2026-06-08,1,0.0,MI,0.9141237754889115,15492.0
2026-06-15,1,0.2857142857142857,MI,0.9122154149442206,16219.0
2026-06-22,1,1.0,MI,0.9103070543995297,17811.0
2026-06-29,1,0.2857142857142857,MI,0.908398693854839,16367.0
2026-07-06,1,0.0,MI,0.906490333310148,15645.0
2026-07-13,1,0.0,MI,0.9045819727654573,15467.0
2026-07-20,1,1.0,MI,0.9026736122207664,17872.0
2026-07-27,1,0.7142857142857143,MI,0.9026736122207664,17065.0
2026-08-03,1,0.0,MI,0.9026736122207664,15200.0
2026-08-10,1,0.0,MI,0.9026736122207664,15086.0
2026-08-17,0,0.5714285714285714,MI,0.9026736122207664,14907.0
2026-08-24,0,1.0,MI,0.9026736122207664,15530.0
2026-08-31,0,0.14285714285714285,MI,0.9026736122207664,13411.0
2026-09-07,0,0.0,MI,0.9026736122207664,13299.0
2026-09-14,0,0.14285714285714285,MI,0.9026736122207664,13578.0
2026-09-21,0,1.0,MI,0.9026736122207664,14793.0
2019-01-07,0,0.0,MN,1.0,3401.0
2019-01-14,0,0.14285714285714285,MN,1.0,3499.0
2019-01-21,0,1.0,MN,1.0,3944.0
2019-01-28,0,0.5714285714285714,MN,1.0,3654.0
2019-02-04,0,0.0,MN,1.0,3449.0
2019-02-11,0,0.0,MN,1.0,3455.0
2019-02-18,0,0.7142857142857143,MN,1.0,3768.0
2019-02-25,0,0.5714285714285714,MN,1.0,3715.0
2019-03-04,0,0.0,MN,1.0,3463.0
2019-03-11,0,0.0,MN,1.0,3598.0
2019-03-18,0,0.7142857142857143,MN,1.0,3885.0
2019-03-25,0,1.0,MN,1.0,4187.0
2019-04-01,0,0.0,MN,1.0,3640.0
2019-04-08,0,0.0,MN,1.0,3682.0
2019-04-15,0,0.2857142857142857,MN,1.0,3803.0
2019-04-22,0,1.0,MN,1.0,4271.0
2019-04-29,0,0.2857142857142857,MN,1.0,3891.0
2019-05-06,0,0.0,MN,1.0,3834.0
2019-05-13,0,0.0,MN,1.0,3697.0
2019-05-20,0,1.0,MN,1.0,4332.0
2019-05-27,0,0.7142857142857143,MN,1.0,4141.0
2019-06-03,1,0.0,MN,1.0,4115.0
2019-06-10,1,0.0,MN,1.0,4172.0
2019-06-17,1,0.5714285714285714,MN,1.0,4713.0
2019-06-24,1,1.0,MN,1.0,4906.0
2019-07-01,1,0.0,MN,1.0,4316.0
2019-07-08,1,0.0,MN,1.0,4284.0
2019-07-15,1,0.2857142857142857,MN,1.0,4567.0
2019-07-22,1,1.0,MN,1.0,4796.0
2019-07-29,1,0.42857142857142855,MN,1.0,4550.0
2019-08-05,1,0.0,MN,1.0,4204.0
2019-08-12,1,0.0,MN,1.0,4135.0
2019-08-19,0,0.8571428571428571,MN,1.0,4193.0
2019-08-26,0,0.8571428571428571,MN,1.0,4062.0
2019-09-02,0,0.0,MN,1.0,3587.0
2019-09-09,0,0.0,MN,1.0,3562.0
2019-09-16,0,0.42857142857142855,MN,1.0,3695.0
2019-09-23,0,1.0,MN,1.0,3942.0
2019-09-30,0,0.14285714285714285,MN,1.0,3694.0
2019-10-07,0,0.0,MN,1.0,3489.0
2019-10-14,0,0.14285714285714285,MN,1.0,3584.0
2019-10-21,0,1.0,MN,1.0,3860.0
2019-10-28,0,0.5714285714285714,MN,1.0,3635.0
2019-11-04,0,0.0,MN,1.0,3812.0
2019-11-11,0,0.0,MN,1.0,3579.0
2019-11-18,0,0.7142857142857143,MN,1.0,4097.0
2019-11-25,0,0.8571428571428571,MN,1.0,4091.0
2019-12-02,0,0.0,MN,1.0,3579.0
2019-12-09,0,0.0,MN,1.0,3614.0
2019-12-16,0,0.42857142857142855,MN,1.0,3905.0
2019-12-23,1,1.0,MN,1.0,4624.0
2019-12-30,1,0.2857142857142857,MN,1.0,4187.0
2020-01-06,0,0.0,MN,1.0,3359.0
2020-01-13,0,0.0,MN,1.0,3324.0
2020-01-20,0,1.0,MN,1.0,3748.0
2020-01-27,0,0.7142857142857143,MN,1.0,3672.0
2020-02-03,0,0.0,MN,1.0,3245.0
2020-02-10,0,0.0,MN,1.0,3249.0
2020-02-17,0,0.5714285714285714,MN,1.0,3666.0
2020-02-24,0,0.8571428571428571,MN,1.0,3754.0
2020-03-02,0,0.0,MN,1.0,3381.0
2020-03-09,0,0.0,MN,1.0,3484.0
2020-03-16,0,0.42857142857142855,MN,1.0,3619.0
2020-03-23,0,1.0,MN,1.0,3952.0
2020-03-30,0,0.2857142857142857,MN,1.0,3589.0
2020-04-06,0,0.0,MN,1.0,3400.0
2020-04-13,0,0.0,MN,1.0,3556.0
2020-04-20,0,1.0,MN,1.0,3925.0
2020-04-27,0,0.5714285714285714,MN,1.0,3740.0
2020-05-04,0,0.0,MN,1.0,3518.0
2020-05-11,0,0.0,MN,1.0,3459.0
2020-05-18,0,0.7142857142857143,MN,1.0,3959.0
2020-05-25,0,1.0,MN,1.0,4144.0
2020-06-01,1,0.0,MN,1.0,4075.0
2020-06-08,1,0.0,MN,1.0,3960.0
2020-06-15,1,0.2857142857142857,MN,1.0,4099.0
2020-06-22,1,1.0,MN,1.0,4613.0
2020-06-29,1,0.2857142857142857,MN,1.0,4089.0
2020-07-06,1,0.0,MN,1.0,3990.0
2020-07-13,1,0.0,MN,1.0,4011.0
2020-07-20,1,1.0,MN,1.0,4521.0
2020-07-27,1,0.7142857142857143,MN,1.0,4350.0
2020-08-03,1,0.0,MN,1.0,3859.0
2020-08-10,1,0.0,MN,1.0,3890.0
2020-08-17,0,0.5714285714285714,MN,1.0,3709.0
2020-08-24,0,1.0,MN,1.0,4003.0
2020-08-31,0,0.14285714285714285,MN,1.0,3437.0
2020-09-07,0,0.0,MN,1.0,3316.0
2020-09-14,0,0.14285714285714285,MN,1.0,3266.0
2020-09-21,0,1.0,MN,1.0,3801.0
2020-09-28,0,0.42857142857142855,MN,1.0,3342.0
2020-10-05,0,0.0,MN,1.0,3196.0
2020-10-12,0,0.0,MN,1.0,3239.0
2020-10-19,0,0.8571428571428571,MN,1.0,3511.0
2020-10-26,0,0.8571428571428571,MN,1.0,3533.0
2020-11-02,0,0.0,MN,1.0,3430.0
2020-11-09,0,0.0,MN,1.0,3359.0
2020-11-16,0,0.42857142857142855,MN,1.0,3514.0
2020-11-23,0,1.0,MN,1.0,3831.0
2020-11-30,0,0.14285714285714285,MN,1.0,3285.0
2020-12-07,0,0.0,MN,1.0,3253.0
2020-12-14,0,0.14285714285714285,MN,1.0,3284.0
2020-12-21,1,1.0,MN,1.0,4235.0
2020-12-28,1,0.5714285714285714,MN,1.0,3900.0
2021-01-04,1,0.0,MN,1.0,3189.0
2021-01-11,0,0.0,MN,1.0,2937.0
2021-01-18,0,0.7142857142857143,MN,1.0,3252.0
2021-01-25,0,1.0,MN,1.0,3383.0
2021-02-01,0,0.0,MN,1.0,2982.0
2021-02-08,0,0.0,MN,1.0,2954.0
2021-02-15,0,0.2857142857142857,MN,1.0,3199.0
2021-02-22,0,1.0,MN,1.0,3354.0
2021-03-01,0,0.0,MN,1.0,2915.0
2021-03-08,0,0.0,MN,1.0,2907.0
2021-03-15,0,0.2857142857142857,MN,1.0,3069.0
2021-03-22,0,1.0,MN,1.0,3349.0
2021-03-29,0,0.42857142857142855,MN,1.0,3206.0
2021-04-05,0,0.0,MN,1.0,3015.0
2021-04-12,0,0.0,MN,1.0,3099.0
2021-04-19,0,0.8571428571428571,MN,1.0,3422.0
2021-04-26,0,0.7142857142857143,MN,1.0,3273.0
2021-05-03,0,0.0,MN,1.0,3148.0
2021-05-10,0,0.0,MN,1.0,3016.0
2021-05-17,0,0.5714285714285714,MN,1.0,3313.0
2021-05-24,0,1.0,MN,1.0,3410.0
2021-05-31,0,0.14285714285714285,MN,1.0,3119.0
2021-06-07,1,0.0,MN,1.0,3379.0
2021-06-14,1,0.14285714285714285,MN,1.0,3392.0
2021-06-21,1,1.0,MN,1.0,3928.0
2021-06-28,1,0.42857142857142855,MN,1.0,3478.0
2021-07-05,1,0.0,MN,1.0,3501.0
2021-07-12,1,0.0,MN,1.0,3319.0
2021-07-19,1,0.8571428571428571,MN,1.0,3806.0
2021-07-26,1,0.8571428571428571,MN,1.0,3969.0
2021-08-02,1,0.0,MN,1.0,3484.0
2021-08-09,1,0.0,MN,1.0,3451.0
2021-08-16,0,0.42857142857142855,MN,1.0,3310.0
2021-08-23,0,1.0,MN,1.0,3553.0
2021-08-30,0,0.2857142857142857,MN,1.0,3261.0
2021-09-06,0,0.0,MN,1.0,3164.0
2021-09-13,0,0.0,MN,1.0,3052.0
2021-09-20,0,1.0,MN,1.0,3535.0
2021-09-27,0,0.5714285714285714,MN,1.0,3459.0
2021-10-04,0,0.0,MN,1.0,3168.0
2021-10-11,0,0.0,MN,1.0,3148.0
2021-10-18,0,0.7142857142857143,MN,1.0,3454.0
2021-10-25,0,1.0,MN,1.0,3526.0
2021-11-01,0,0.0,MN,1.0,3461.0
2021-11-08,0,0.0,MN,1.0,3503.0
2021-11-15,0,0.2857142857142857,MN,1.0,3653.0
2021-11-22,0,1.0,MN,1.0,4098.0
2021-11-29,0,0.2857142857142857,MN,1.0,3692.0
2021-12-06,0,0.0,MN,1.0,3635.0
2021-12-13,0,0.0,MN,1.0,3565.0
2021-12-20,1,1.0,MN,1.0,4615.0
2021-12-27,1,0.7142857142857143,MN,1.0,4545.0
2022-01-03,1,0.0,MN,1.0,3749.0
2022-01-10,0,0.0,MN,1.0,3347.0
2022-01-17,0,0.5714285714285714,MN,1.0,3692.0
2022-01-24,0,1.0,MN,1.0,3901.0
2022-01-31,0,0.14285714285714285,MN,1.0,3616.0
2022-02-07,0,0.0,MN,1.0,3625.0
2022-02-14,0,0.14285714285714285,MN,1.0,3690.0
2022-02-21,0,1.0,MN,1.0,4127.0
2022-02-28,0,0.14285714285714285,MN,1.0,3771.0
2022-03-07,0,0.0,MN,1.0,3762.0
2022-03-14,0,0.14285714285714285,MN,1.0,3908.0
2022-03-21,0,1.0,MN,1.0,4434.0
2022-03-28,0,0.5714285714285714,MN,1.0,4111.0
2022-04-04,0,0.0,MN,1.0,3987.0
2022-04-11,0,0.0,MN,1.0,4007.0
2022-04-18,0,0.7142857142857143,MN,1.0,4610.0
2022-04-25,0,0.8571428571428571,MN,1.0,4484.0
2022-05-02,0,0.0,MN,1.0,4090.0
2022-05-09,0,0.0,MN,1.0,4230.0
2022-05-16,0,0.42857142857142855,MN,1.0,4376.0
2022-05-23,0,1.0,MN,1.0,4955.0
2022-05-30,0,0.2857142857142857,MN,1.0,4626.0
2022-06-06,1,0.0,MN,1.0,4938.0
2022-06-13,1,0.0,MN,1.0,5014.0
2022-06-20,1,1.0,MN,1.0,5753.0
2022-06-27,1,0.5714285714285714,MN,1.0,5529.0
2022-07-04,1,0.0,MN,1.0,5012.0
2022-07-11,1,0.0,MN,1.0,5118.0
2022-07-18,1,0.7142857142857143,MN,1.0,5439.0
2022-07-25,1,1.0,MN,1.0,5661.0
2022-08-01,1,0.0,MN,1.0,5149.0
2022-08-08,1,0.0,MN,1.0,4872.0
2022-08-15,0,0.2857142857142857,MN,1.0,4632.0
2022-08-22,0,1.0,MN,1.0,5075.0
2022-08-29,0,0.42857142857142855,MN,1.0,4797.0
2022-09-05,0,0.0,MN,1.0,4362.0
2022-09-12,0,0.0,MN,1.0,4373.0
2022-09-19,0,0.8571428571428571,MN,1.0,4929.0
2022-09-26,0,0.7142857142857143,MN,1.0,4753.0
2022-10-03,0,0.0,MN,1.0,4332.0
2022-10-10,0,0.0,MN,1.0,4372.0
2022-10-17,0,0.5714285714285714,MN,1.0,4635.0
2022-10-24,0,1.0,MN,1.0,4839.0
2022-10-31,0,0.14285714285714285,MN,1.0,4392.0
2022-11-07,0,0.0,MN,1.0,4654.0
2022-11-14,0,0.14285714285714285,MN,1.0,4771.0
2022-11-21,0,1.0,MN,1.0,5328.0
2022-11-28,0,0.42857142857142855,MN,1.0,5002.0
2022-12-05,0,0.0,MN,1.0,4569.0
2022-12-12,0,0.0,MN,1.0,4647.0
2022-12-19,0,0.8571428571428571,MN,1.0,5269.0
2022-12-26,1,0.8571428571428571,MN,1.0,5903.0
2023-01-02,1,0.0,MN,1.0,4866.0
2023-01-09,0,0.0,MN,1.0,4330.0
2023-01-16,0,0.42857142857142855,MN,1.0,4603.0
2023-01-23,0,1.0,MN,1.0,4955.0
2023-01-30,0,0.2857142857142857,MN,1.0,4553.0
2023-02-06,0,0.0,MN,1.0,4456.0
2023-02-13,0,0.0,MN,1.0,4544.0
2023-02-20,0,1.0,MN,1.0,5148.0
2023-02-27,0,0.2857142857142857,MN,1.0,4718.0
2023-03-06,0,0.0,MN,1.0,4587.0
2023-03-13,0,0.0,MN,1.0,4496.0
2023-03-20,0,1.0,MN,1.0,5444.0
2023-03-27,0,0.7142857142857143,MN,1.0,5261.0
2023-04-03,0,0.0,MN,1.0,4805.0
2023-04-10,0,0.0,MN,1.0,4875.0
2023-04-17,0,0.5714285714285714,MN,1.0,5338.0
2023-04-24,0,1.0,MN,1.0,5589.0
2023-05-01,0,0.0,MN,1.0,4870.0
2023-05-08,0,0.0,MN,1.0,4978.0
2023-05-15,0,0.2857142857142857,MN,1.0,5135.0
2023-05-22,0,1.0,MN,1.0,5935.0
2023-05-29,0,0.42857142857142855,MN,1.0,5303.0
2023-06-05,1,0.0,MN,1.0,5767.0
2023-06-12,1,0.0,MN,1.0,5721.0
2023-06-19,1,0.8571428571428571,MN,1.0,6488.0
2023-06-26,1,0.7142857142857143,MN,1.0,6386.0
2023-07-03,1,0.0,MN,1.0,5832.0
2023-07-10,1,0.0,MN,1.0,5623.0
2023-07-17,1,0.5714285714285714,MN,1.0,6154.0
2023-07-24,1,1.0,MN,1.0,6666.0
2023-07-31,1,0.14285714285714285,MN,1.0,5871.0
2023-08-07,1,0.0,MN,1.0,5696.0
2023-08-14,1,0.14285714285714285,MN,1.0,5725.0
2023-08-21,0,1.0,MN,1.0,5813.0
2023-08-28,0,0.5714285714285714,MN,1.0,5461.0
2023-09-04,0,0.0,MN,1.0,4941.0
2023-09-11,0,0.0,MN,1.0,5017.0
2023-09-18,0,0.7142857142857143,MN,1.0,5514.0
2023-09-25,0,0.8571428571428571,MN,1.0,5537.0
2023-10-02,0,0.0,MN,1.0,4818.0
2023-10-09,0,0.0,MN,1.0,4860.0
2023-10-16,0,0.42857142857142855,MN,1.0,5210.0
2023-10-23,0,1.0,MN,1.0,5294.0
2023-10-30,0,0.2857142857142857,MN,1.0,5055.0
2023-11-06,0,0.0,MN,1.0,5201.0
2023-11-13,0,0.0,MN,1.0,5309.0
2023-11-20,0,1.0,MN,1.0,5912.0
2023-11-27,0,0.5714285714285714,MN,1.0,5677.0
2023-12-04,0,0.0,MN,1.0,5193.0
2023-12-11,0,0.0,MN,1.0,5140.0
2023-12-18,0,0.7142857142857143,MN,1.0,5816.0
2023-12-25,1,1.0,MN,1.0,6789.0
2024-01-01,1,0.0,MN,1.0,5227.0
2024-01-08,0,0.0,MN,1.0,4880.0
2024-01-15,0,0.2857142857142857,MN,1.0,5049.0
2024-01-22,0,1.0,MN,1.0,5483.0
2024-01-29,0,0.42857142857142855,MN,1.0,5156.0
2024-02-05,0,0.0,MN,1.0,4922.0
2024-02-12,0,0.0,MN,1.0,4965.0
2024-02-19,0,0.8571428571428571,MN,1.0,5596.0
2024-02-26,0,0.5714285714285714,MN,1.0,5385.0
2024-03-04,0,0.0,MN,1.0,4961.0
2024-03-11,0,0.0,MN,1.0,5082.0
2024-03-18,0,0.7142857142857143,MN,1.0,5852.0
2024-03-25,0,1.0,MN,1.0,5989.0
2024-04-01,0,0.0,MN,1.0,5384.0
2024-04-08,0,0.0,MN,1.0,5416.0
2024-04-15,0,0.2857142857142857,MN,1.0,5658.0
2024-04-22,0,1.0,MN,1.0,6333.0
2024-04-29,0,0.2857142857142857,MN,1.0,5735.0
2024-05-06,0,0.0,MN,1.0,5472.0
2024-05-13,0,0.0,MN,1.0,5360.0
2024-05-20,0,1.0,MN,1.0,6253.0
2024-05-27,0,0.7142857142857143,MN,1.0,6121.0
2024-06-03,1,0.0,MN,1.0,6312.0
2024-06-10,1,0.0,MN,1.0,6318.0
2024-06-17,1,0.5714285714285714,MN,1.0,6849.0
2024-06-24,1,1.0,MN,1.0,7160.0
2024-07-01,1,0.0,MN,1.0,6297.0
2024-07-08,1,0.0,MN,1.0,6253.0
2024-07-15,1,0.2857142857142857,MN,1.0,6587.0
2024-07-22,1,1.0,MN,1.0,7132.0
2024-07-29,1,0.42857142857142855,MN,1.0,6613.0
2024-08-05,1,0.0,MN,1.0,6033.0
2024-08-12,1,0.0,MN,1.0,5999.0
2024-08-19,0,0.8571428571428571,MN,1.0,6095.0
2024-08-26,0,0.8571428571428571,MN,1.0,6123.0
2024-09-02,0,0.0,MN,1.0,5281.0
2024-09-09,0,0.0,MN,1.0,5340.0
2024-09-16,0,0.42857142857142855,MN,1.0,5661.0
2024-09-23,0,1.0,MN,1.0,6015.0
2024-09-30,0,0.14285714285714285,MN,1.0,5302.0
2024-10-07,0,0.0,MN,1.0,5268.0
2024-10-14,0,0.14285714285714285,MN,1.0,5233.0
2024-10-21,0,1.0,MN,1.0,5893.0
2024-10-28,0,0.5714285714285714,MN,1.0,5353.0
2024-11-04,0,0.0,MN,1.0,5579.0
2024-11-11,0,0.0,MN,1.0,5571.0
2024-11-18,0,0.7142857142857143,MN,1.0,6125.0
2024-11-25,0,0.8571428571428571,MN,1.0,6339.0
2024-12-02,0,0.0,MN,1.0,5432.0
2024-12-09,0,0.0,MN,1.0,5598.0
2024-12-16,0,0.42857142857142855,MN,1.0,5887.0
2024-12-23,1,1.0,MN,1.0,6960.0
2024-12-30,1,0.2857142857142857,MN,1.0,6444.0
2025-01-06,0,0.0,MN,1.0,5028.0
2025-01-13,0,0.0,MN,1.0,4842.0
2025-01-20,0,1.0,MN,1.0,5756.0
2025-01-27,0,0.7142857142857143,MN,1.0,5645.0
2025-02-03,0,0.0,MN,1.0,4973.0
2025-02-10,0,0.0,MN,1.0,5242.0
2025-02-17,0,0.5714285714285714,MN,1.0,5551.0
2025-02-24,0,0.7142857142857143,MN,1.0,5638.0
2025-03-03,0,0.0,MN,1.0,5232.0
2025-03-10,0,0.0,MN,1.0,5322.0
2025-03-17,0,0.5714285714285714,MN,1.0,5636.0
2025-03-24,0,1.0,MN,1.0,5967.0
2025-03-31,0,0.14285714285714285,MN,1.0,5388.0
2025-04-07,0,0.0,MN,1.0,5383.0
2025-04-14,0,0.14285714285714285,MN,1.0,5497.0
2025-04-21,0,1.0,MN,1.0,6278.0
2025-04-28,0,0.42857142857142855,MN,1.0,5864.0
2025-05-05,0,0.0,MN,1.0,5690.0
2025-05-12,0,0.0,MN,1.0,5535.0
2025-05-19,0,0.8571428571428571,MN,1.0,6299.0
2025-05-26,0,0.8571428571428571,MN,1.0,6286.0
2025-06-02,1,0.0,MN,1.0,6405.0
2025-06-09,1,0.0,MN,1.0,6250.0
2025-06-16,1,0.42857142857142855,MN,1.0,6926.0
2025-06-23,1,1.0,MN,1.0,7321.0
2025-06-30,1,0.14285714285714285,MN,1.0,6468.0
2025-07-07,1,0.0,MN,1.0,6348.0
2025-07-14,1,0.14285714285714285,MN,1.0,6474.0
2025-07-21,1,1.0,MN,1.0,7222.0
2025-07-28,1,0.5714285714285714,MN,1.0,6631.0
2025-08-04,1,0.0,MN,0.9995452375318113,6334.0
2025-08-11,1,0.0,MN,0.9990904750636227,6310.0
2025-08-18,0,0.7142857142857143,MN,0.9986357125954342,6155.0
2025-08-25,0,1.0,MN,0.9981809501272455,6240.0
2025-09-01,0,0.0,MN,0.9977261876590569,5384.0
2025-09-08,0,0.0,MN,0.9972714251908682,5204.0
2025-09-15,0,0.2857142857142857,MN,0.9968166627226795,5389.0
2025-09-22,0,1.0,MN,0.996361900254491,6123.0
2025-09-29,0,0.2857142857142857,MN,0.9959071377863024,5622.0
2025-10-06,0,0.0,MN,0.9954523753181137,5306.0
2025-10-13,0,0.0,MN,0.994997612849925,5173.0
2025-10-20,0,1.0,MN,0.9945428503817364,5964.0
2025-10-27,0,0.7142857142857143,MN,0.9940880879135479,5738.0
2025-11-03,0,0.0,MN,0.9936333254453592,5446.0
2025-11-10,0,0.0,MN,0.9931785629771706,5570.0
2025-11-17,0,0.5714285714285714,MN,0.9927238005089819,5903.0
2025-11-24,0,1.0,MN,0.9922690380407932,6153.0
2025-12-01,0,0.0,MN,0.9918142755726047,5500.0
2025-12-08,0,0.0,MN,0.9913595131044161,5606.0
2025-12-15,0,0.2857142857142857,MN,0.9909047506362274,5840.0
2025-12-22,1,1.0,MN,0.9904499881680388,7065.0
2025-12-29,1,0.42857142857142855,MN,0.9899952256998501,6611.0
2026-01-05,1,0.0,MN,0.9895404632316616,5726.0
2026-01-12,0,0.0,MN,0.9890857007634729,5142.0
2026-01-19,0,0.8571428571428571,MN,0.9886309382952843,5578.0
2026-01-26,0,0.8571428571428571,MN,0.9881761758270956,5745.0
2026-02-02,0,0.0,MN,0.987721413358907,5225.0
2026-02-09,0,0.0,MN,0.9872666508907184,5104.0
2026-02-16,0,0.42857142857142855,MN,0.9868118884225298,5522.0
2026-02-23,0,0.8571428571428571,MN,0.9863571259543411,5886.0
2026-03-02,0,0.0,MN,0.9859023634861525,5363.0
2026-03-09,0,0.0,MN,0.9854476010179638,5339.0
2026-03-16,0,0.42857142857142855,MN,0.9849928385497752,5830.0
2026-03-23,0,1.0,MN,0.9845380760815866,6210.0
2026-03-30,0,0.2857142857142857,MN,0.984083313613398,5749.0
2026-04-06,0,0.0,MN,0.9836285511452093,5488.0
2026-04-13,0,0.0,MN,0.9831737886770207,5481.0
2026-04-20,0,1.0,MN,0.982719026208832,6421.0
2026-04-27,0,0.5714285714285714,MN,0.9822642637406435,5976.0
2026-05-04,0,0.0,MN,0.9818095012724548,5600.0
2026-05-11,0,0.0,MN,0.9813547388042662,5635.0
2026-05-18,0,0.7142857142857143,MN,0.9808999763360775,6221.0
2026-05-25,0,1.0,MN,0.9804452138678889,6406.0
2026-06-01,1,0.0,MN,0.9799904513997003,6336.0
2026-06-08,1,0.0,MN,0.9795356889315117,6717.0
2026-06-15,1,0.2857142857142857,MN,0.979080926463323,6741.0
2026-06-22,1,1.0,MN,0.9786261639951344,7550.0
2026-06-29,1,0.2857142857142857,MN,0.9781714015269457,6814.0
2026-07-06,1,0.0,MN,0.9777166390587572,6431.0
2026-07-13,1,0.0,MN,0.9772618765905685,6443.0
2026-07-20,1,1.0,MN,0.9768071141223799,7382.0
2026-07-27,1,0.7142857142857143,MN,0.9768071141223799,7067.0
2026-08-03,1,0.0,MN,0.9768071141223799,6549.0
2026-08-10,1,0.0,MN,0.9768071141223799,6288.0
2026-08-17,0,0.5714285714285714,MN,0.9768071141223799,6137.0
2026-08-24,0,1.0,MN,0.9768071141223799,6309.0
2026-08-31,0,0.14285714285714285,MN,0.9768071141223799,5574.0
2026-09-07,0,0.0,MN,0.9768071141223799,5433.0
2026-09-14,0,0.14285714285714285,MN,0.9768071141223799,5480.0
2026-09-21,0,1.0,MN,0.9768071141223799,6242.0
2019-01-07,0,0.0,MO,1.0,5918.0
2019-01-14,0,0.14285714285714285,MO,1.0,6105.0
2019-01-21,0,1.0,MO,1.0,6661.0
2019-01-28,0,0.5714285714285714,MO,1.0,6553.0
2019-02-04,0,0.0,MO,1.0,5963.0
2019-02-11,0,0.0,MO,1.0,6093.0
2019-02-18,0,0.7142857142857143,MO,1.0,6577.0
2019-02-25,0,0.5714285714285714,MO,1.0,6658.0
2019-03-04,0,0.0,MO,1.0,6075.0
2019-03-11,0,0.0,MO,1.0,6124.0
2019-03-18,0,0.7142857142857143,MO,1.0,6869.0
2019-03-25,0,1.0,MO,1.0,7392.0
2019-04-01,0,0.0,MO,1.0,6350.0
2019-04-08,0,0.0,MO,1.0,6470.0
2019-04-15,0,0.2857142857142857,MO,1.0,6727.0
2019-04-22,0,1.0,MO,1.0,7290.0
2019-04-29,0,0.2857142857142857,MO,1.0,6866.0
2019-05-06,0,0.0,MO,1.0,6597.0
2019-05-13,0,0.0,MO,1.0,6506.0
2019-05-20,0,1.0,MO,1.0,7562.0
2019-05-27,0,0.7142857142857143,MO,1.0,7255.0
2019-06-03,1,0.0,MO,1.0,7432.0
2019-06-10,1,0.0,MO,1.0,7476.0
2019-06-17,1,0.5714285714285714,MO,1.0,7914.0
2019-06-24,1,1.0,MO,1.0,8432.0
2019-07-01,1,0.0,MO,1.0,7415.0
2019-07-08,1,0.0,MO,1.0,7522.0
2019-07-15,1,0.2857142857142857,MO,1.0,7679.0
2019-07-22,1,1.0,MO,1.0,8339.0
2019-07-29,1,0.42857142857142855,MO,1.0,7746.0
2019-08-05,1,0.0,MO,1.0,7096.0
2019-08-12,1,0.0,MO,1.0,7209.0
2019-08-19,0,0.8571428571428571,MO,1.0,7241.0
2019-08-26,0,0.8571428571428571,MO,1.0,7196.0
2019-09-02,0,0.0,MO,1.0,6262.0
2019-09-09,0,0.0,MO,1.0,6209.0
2019-09-16,0,0.42857142857142855,MO,1.0,6557.0
2019-09-23,0,1.0,MO,1.0,6986.0
2019-09-30,0,0.14285714285714285,MO,1.0,6280.0
2019-10-07,0,0.0,MO,1.0,6045.0
2019-10-14,0,0.14285714285714285,MO,1.0,6125.0
2019-10-21,0,1.0,MO,1.0,6767.0
2019-10-28,0,0.5714285714285714,MO,1.0,6370.0
2019-11-04,0,0.0,MO,1.0,6481.0
2019-11-11,0,0.0,MO,1.0,6412.0
2019-11-18,0,0.7142857142857143,MO,1.0,7113.0
2019-11-25,0,0.8571428571428571,MO,1.0,7225.0
2019-12-02,0,0.0,MO,1.0,6360.0
2019-12-09,0,0.0,MO,1.0,6291.0
2019-12-16,0,0.42857142857142855,MO,1.0,6773.0
2019-12-23,1,1.0,MO,1.0,8109.0
2019-12-30,1,0.2857142857142857,MO,1.0,7331.0
2020-01-06,0,0.0,MO,1.0,5731.0
2020-01-13,0,0.0,MO,1.0,5611.0
2020-01-20,0,1.0,MO,1.0,6718.0
2020-01-27,0,0.7142857142857143,MO,1.0,6385.0
2020-02-03,0,0.0,MO,1.0,5723.0
2020-02-10,0,0.0,MO,1.0,5793.0
2020-02-17,0,0.5714285714285714,MO,1.0,6330.0
2020-02-24,0,0.8571428571428571,MO,1.0,6610.0
2020-03-02,0,0.0,MO,1.0,5756.0
2020-03-09,0,0.0,MO,1.0,5846.0
2020-03-16,0,0.42857142857142855,MO,1.0,6466.0
2020-03-23,0,1.0,MO,1.0,6809.0
2020-03-30,0,0.2857142857142857,MO,1.0,6326.0
2020-04-06,0,0.0,MO,1.0,6021.0
2020-04-13,0,0.0,MO,1.0,6133.0
2020-04-20,0,1.0,MO,1.0,7127.0
2020-04-27,0,0.5714285714285714,MO,1.0,6754.0
2020-05-04,0,0.0,MO,1.0,6234.0
2020-05-11,0,0.0,MO,1.0,6217.0
2020-05-18,0,0.7142857142857143,MO,1.0,6967.0
2020-05-25,0,1.0,MO,1.0,7126.0
2020-06-01,1,0.0,MO,1.0,7012.0
2020-06-08,1,0.0,MO,1.0,6894.0
2020-06-15,1,0.2857142857142857,MO,1.0,7138.0
2020-06-22,1,1.0,MO,1.0,8073.0
2020-06-29,1,0.2857142857142857,MO,1.0,7132.0
2020-07-06,1,0.0,MO,1.0,6987.0
2020-07-13,1,0.0,MO,1.0,6966.0
2020-07-20,1,1.0,MO,1.0,8079.0
2020-07-27,1,0.7142857142857143,MO,1.0,7748.0
2020-08-03,1,0.0,MO,1.0,6895.0
2020-08-10,1,0.0,MO,1.0,6865.0
2020-08-17,0,0.5714285714285714,MO,1.0,6486.0
2020-08-24,0,1.0,MO,1.0,6836.0
2020-08-31,0,0.14285714285714285,MO,1.0,6117.0
2020-09-07,0,0.0,MO,1.0,5973.0
2020-09-14,0,0.14285714285714285,MO,1.0,5958.0
2020-09-21,0,1.0,MO,1.0,6690.0
2020-09-28,0,0.42857142857142855,MO,1.0,6164.0
2020-10-05,0,0.0,MO,1.0,5733.0
2020-10-12,0,0.0,MO,1.0,5623.0
2020-10-19,0,0.8571428571428571,MO,1.0,6237.0
2020-10-26,0,0.8571428571428571,MO,1.0,6360.0
2020-11-02,0,0.0,MO,1.0,6118.0
2020-11-09,0,0.0,MO,1.0,5998.0
2020-11-16,0,0.42857142857142855,MO,1.0,6314.0
2020-11-23,0,1.0,MO,1.0,6908.0
2020-11-30,0,0.14285714285714285,MO,1.0,5935.0
2020-12-07,0,0.0,MO,1.0,5811.0
2020-12-14,0,0.14285714285714285,MO,1.0,6051.0
2020-12-21,1,1.0,MO,1.0,7690.0
2020-12-28,1,0.5714285714285714,MO,1.0,7233.0
2021-01-04,1,0.0,MO,1.0,6048.0
2021-01-11,0,0.0,MO,1.0,5319.0
2021-01-18,0,0.7142857142857143,MO,1.0,5994.0
2021-01-25,0,1.0,MO,1.0,6142.0
2021-02-01,0,0.0,MO,1.0,5441.0
2021-02-08,0,0.0,MO,1.0,5435.0
2021-02-15,0,0.2857142857142857,MO,1.0,5695.0
2021-02-22,0,1.0,MO,1.0,6351.0
2021-03-01,0,0.0,MO,1.0,5576.0
2021-03-08,0,0.0,MO,1.0,5587.0
2021-03-15,0,0.2857142857142857,MO,1.0,5851.0
2021-03-22,0,1.0,MO,1.0,6520.0
2021-03-29,0,0.42857142857142855,MO,1.0,5928.0
2021-04-05,0,0.0,MO,1.0,5611.0
2021-04-12,0,0.0,MO,1.0,5876.0
2021-04-19,0,0.8571428571428571,MO,1.0,6457.0
2021-04-26,0,0.7142857142857143,MO,1.0,6322.0
2021-05-03,0,0.0,MO,1.0,5735.0
2021-05-10,0,0.0,MO,1.0,5751.0
2021-05-17,0,0.5714285714285714,MO,1.0,6377.0
2021-05-24,0,1.0,MO,1.0,6901.0
2021-05-31,0,0.14285714285714285,MO,1.0,5985.0
2021-06-07,1,0.0,MO,1.0,6472.0
2021-06-14,1,0.14285714285714285,MO,1.0,6705.0
2021-06-21,1,1.0,MO,1.0,7415.0
2021-06-28,1,0.42857142857142855,MO,1.0,7111.0
2021-07-05,1,0.0,MO,1.0,6570.0
2021-07-12,1,0.0,MO,1.0,6552.0
2021-07-19,1,0.8571428571428571,MO,1.0,7367.0
2021-07-26,1,0.8571428571428571,MO,1.0,7446.0
2021-08-02,1,0.0,MO,1.0,6592.0
2021-08-09,1,0.0,MO,1.0,6583.0
2021-08-16,0,0.42857142857142855,MO,1.0,6124.0
2021-08-23,0,1.0,MO,1.0,6720.0
2021-08-30,0,0.2857142857142857,MO,1.0,6108.0
2021-09-06,0,0.0,MO,1.0,5928.0
2021-09-13,0,0.0,MO,1.0,5878.0
2021-09-20,0,1.0,MO,1.0,6668.0
2021-09-27,0,0.5714285714285714,MO,1.0,6220.0
2021-10-04,0,0.0,MO,1.0,5874.0
2021-10-11,0,0.0,MO,1.0,5901.0
2021-10-18,0,0.7142857142857143,MO,1.0,6427.0
2021-10-25,0,1.0,MO,1.0,6743.0
2021-11-01,0,0.0,MO,1.0,6317.0
2021-11-08,0,0.0,MO,1.0,6538.0
2021-11-15,0,0.2857142857142857,MO,1.0,6574.0
2021-11-22,0,1.0,MO,1.0,7188.0
2021-11-29,0,0.2857142857142857,MO,1.0,6480.0
2021-12-06,0,0.0,MO,1.0,6331.0
2021-12-13,0,0.0,MO,1.0,6262.0
2021-12-20,1,1.0,MO,1.0,8289.0
2021-12-27,1,0.7142857142857143,MO,1.0,8023.0
2022-01-03,1,0.0,MO,1.0,6548.0
2022-01-10,0,0.0,MO,1.0,5828.0
2022-01-17,0,0.5714285714285714,MO,1.0,6504.0
2022-01-24,0,1.0,MO,1.0,6731.0
2022-01-31,0,0.14285714285714285,MO,1.0,6199.0
2022-02-07,0,0.0,MO,1.0,6037.0
2022-02-14,0,0.14285714285714285,MO,1.0,6300.0
2022-02-21,0,1.0,MO,1.0,7149.0
2022-02-28,0,0.14285714285714285,MO,1.0,6474.0
2022-03-07,0,0.0,MO,1.0,6419.0
2022-03-14,0,0.14285714285714285,MO,1.0,6593.0
2022-03-21,0,1.0,MO,1.0,7380.0
2022-03-28,0,0.5714285714285714,MO,1.0,7061.0
2022-04-04,0,0.0,MO,1.0,6643.0
2022-04-11,0,0.0,MO,1.0,6682.0
2022-04-18,0,0.7142857142857143,MO,1.0,7545.0
2022-04-25,0,0.8571428571428571,MO,1.0,7801.0
2022-05-02,0,0.0,MO,1.0,6804.0
2022-05-09,0,0.0,MO,1.0,6982.0
2022-05-16,0,0.42857142857142855,MO,1.0,7524.0
2022-05-23,0,1.0,MO,1.0,8148.0
2022-05-30,0,0.2857142857142857,MO,1.0,7422.0
2022-06-06,1,0.0,MO,1.0,8054.0
2022-06-13,1,0.0,MO,1.0,8110.0
2022-06-20,1,1.0,MO,1.0,9706.0
2022-06-27,1,0.5714285714285714,MO,1.0,8838.0
2022-07-04,1,0.0,MO,1.0,8208.0
2022-07-11,1,0.0,MO,1.0,8115.0
2022-07-18,1,0.7142857142857143,MO,1.0,9095.0
2022-07-25,1,1.0,MO,1.0,9349.0
2022-08-01,1,0.0,MO,1.0,8108.0
2022-08-08,1,0.0,MO,1.0,8231.0
2022-08-15,0,0.2857142857142857,MO,1.0,7452.0
2022-08-22,0,1.0,MO,1.0,8414.0
2022-08-29,0,0.42857142857142855,MO,1.0,7676.0
2022-09-05,0,0.0,MO,1.0,7022.0
2022-09-12,0,0.0,MO,1.0,7010.0
2022-09-19,0,0.8571428571428571,MO,1.0,7996.0
2022-09-26,0,0.7142857142857143,MO,1.0,7526.0
2022-10-03,0,0.0,MO,1.0,6848.0
2022-10-10,0,0.0,MO,1.0,6978.0
2022-10-17,0,0.5714285714285714,MO,1.0,7561.0
2022-10-24,0,1.0,MO,1.0,7834.0
2022-10-31,0,0.14285714285714285,MO,1.0,6991.0
2022-11-07,0,0.0,MO,1.0,7460.0
2022-11-14,0,0.14285714285714285,MO,1.0,7662.0
2022-11-21,0,1.0,MO,1.0,8482.0
2022-11-28,0,0.42857142857142855,MO,1.0,7742.0
2022-12-05,0,0.0,MO,1.0,7440.0
2022-12-12,0,0.0,MO,1.0,7349.0
2022-12-19,0,0.8571428571428571,MO,1.0,8554.0
2022-12-26,1,0.8571428571428571,MO,1.0,9689.0
2023-01-02,1,0.0,MO,1.0,7583.0
2023-01-09,0,0.0,MO,1.0,6757.0
2023-01-16,0,0.42857142857142855,MO,1.0,7263.0
2023-01-23,0,1.0,MO,1.0,7828.0
2023-01-30,0,0.2857142857142857,MO,1.0,7162.0
2023-02-06,0,0.0,MO,1.0,7040.0
2023-02-13,0,0.0,MO,1.0,7018.0
2023-02-20,0,1.0,MO,1.0,8066.0
2023-02-27,0,0.2857142857142857,MO,1.0,7494.0
2023-03-06,0,0.0,MO,1.0,7170.0
2023-03-13,0,0.0,MO,1.0,7400.0
2023-03-20,0,1.0,MO,1.0,8586.0
2023-03-27,0,0.7142857142857143,MO,1.0,8256.0
2023-04-03,0,0.0,MO,1.0,7373.0
2023-04-10,0,0.0,MO,1.0,7677.0
2023-04-17,0,0.5714285714285714,MO,1.0,8283.0
2023-04-24,0,1.0,MO,1.0,8908.0
2023-05-01,0,0.0,MO,1.0,7700.0
2023-05-08,0,0.0,MO,1.0,7611.0
2023-05-15,0,0.2857142857142857,MO,1.0,8150.0
2023-05-22,0,1.0,MO,1.0,9113.0
2023-05-29,0,0.42857142857142855,MO,1.0,8285.0
2023-06-05,1,0.0,MO,1.0,8987.0
2023-06-12,1,0.0,MO,1.0,8946.0
2023-06-19,1,0.8571428571428571,MO,1.0,10082.0
2023-06-26,1,0.7142857142857143,MO,1.0,9965.0
2023-07-03,1,0.0,MO,1.0,9021.0
2023-07-10,1,0.0,MO,1.0,8954.0
2023-07-17,1,0.5714285714285714,MO,1.0,9553.0
2023-07-24,1,1.0,MO,1.0,10201.0
2023-07-31,1,0.14285714285714285,MO,1.0,9149.0
2023-08-07,1,0.0,MO,1.0,8689.0
2023-08-14,1,0.14285714285714285,MO,1.0,9074.0
2023-08-21,0,1.0,MO,1.0,9029.0
2023-08-28,0,0.5714285714285714,MO,1.0,8432.0
2023-09-04,0,0.0,MO,1.0,7676.0
2023-09-11,0,0.0,MO,1.0,7673.0
2023-09-18,0,0.7142857142857143,MO,1.0,8440.0
2023-09-25,0,0.8571428571428571,MO,1.0,8426.0
2023-10-02,0,0.0,MO,1.0,7515.0
2023-10-09,0,0.0,MO,1.0,7548.0
2023-10-16,0,0.42857142857142855,MO,1.0,7906.0
2023-10-23,0,1.0,MO,1.0,8343.0
2023-10-30,0,0.2857142857142857,MO,1.0,7656.0
2023-11-06,0,0.0,MO,1.0,8020.0
2023-11-13,0,0.0,MO,1.0,8031.0
2023-11-20,0,1.0,MO,1.0,9266.0
2023-11-27,0,0.5714285714285714,MO,1.0,8707.0
2023-12-04,0,0.0,MO,1.0,7913.0
2023-12-11,0,0.0,MO,1.0,7868.0
2023-12-18,0,0.7142857142857143,MO,1.0,8744.0
2023-12-25,1,1.0,MO,1.0,9939.0
2024-01-01,1,0.0,MO,1.0,8206.0
2024-01-08,0,0.0,MO,1.0,7249.0
2024-01-15,0,0.2857142857142857,MO,1.0,7555.0
2024-01-22,0,1.0,MO,1.0,8587.0
2024-01-29,0,0.42857142857142855,MO,1.0,7692.0
2024-02-05,0,0.0,MO,1.0,7419.0
2024-02-12,0,0.0,MO,1.0,7393.0
2024-02-19,0,0.8571428571428571,MO,1.0,8518.0
2024-02-26,0,0.5714285714285714,MO,1.0,8145.0
2024-03-04,0,0.0,MO,1.0,7650.0
2024-03-11,0,0.0,MO,1.0,7674.0
2024-03-18,0,0.7142857142857143,MO,1.0,8560.0
2024-03-25,0,1.0,MO,1.0,8936.0
2024-04-01,0,0.0,MO,1.0,7870.0
2024-04-08,0,0.0,MO,1.0,7928.0
2024-04-15,0,0.2857142857142857,MO,1.0,8473.0
2024-04-22,0,1.0,MO,1.0,9155.0
2024-04-29,0,0.2857142857142857,MO,1.0,8541.0
2024-05-06,0,0.0,MO,1.0,8335.0
2024-05-13,0,0.0,MO,1.0,8238.0
2024-05-20,0,1.0,MO,1.0,9638.0
2024-05-27,0,0.7142857142857143,MO,1.0,9165.0
2024-06-03,1,0.0,MO,1.0,9437.0
2024-06-10,1,0.0,MO,1.0,9203.0
2024-06-17,1,0.5714285714285714,MO,1.0,10215.0
2024-06-24,1,1.0,MO,1.0,10813.0
2024-07-01,1,0.0,MO,1.0,9471.0
2024-07-08,1,0.0,MO,1.0,9506.0
2024-07-15,1,0.2857142857142857,MO,1.0,9800.0
2024-07-22,1,1.0,MO,1.0,10397.0
2024-07-29,1,0.42857142857142855,MO,1.0,9946.0
2024-08-05,1,0.0,MO,1.0,9226.0
2024-08-12,1,0.0,MO,1.0,9179.0
2024-08-19,0,0.8571428571428571,MO,1.0,9191.0
2024-08-26,0,0.8571428571428571,MO,1.0,9188.0
2024-09-02,0,0.0,MO,1.0,7982.0
2024-09-09,0,0.0,MO,1.0,8064.0
2024-09-16,0,0.42857142857142855,MO,1.0,8521.0
2024-09-23,0,1.0,MO,1.0,9066.0
2024-09-30,0,0.14285714285714285,MO,1.0,7871.0
2024-10-07,0,0.0,MO,1.0,7849.0
2024-10-14,0,0.14285714285714285,MO,1.0,8095.0
2024-10-21,0,1.0,MO,1.0,8688.0
2024-10-28,0,0.5714285714285714,MO,1.0,8212.0
2024-11-04,0,0.0,MO,1.0,8273.0
2024-11-11,0,0.0,MO,1.0,8325.0
2024-11-18,0,0.7142857142857143,MO,1.0,9407.0
2024-11-25,0,0.8571428571428571,MO,1.0,9244.0
2024-12-02,0,0.0,MO,1.0,8174.0
2024-12-09,0,0.0,MO,1.0,8306.0
2024-12-16,0,0.42857142857142855,MO,1.0,8642.0
2024-12-23,1,1.0,MO,1.0,10476.0
2024-12-30,1,0.2857142857142857,MO,1.0,9621.0
2025-01-06,0,0.0,MO,1.0,7591.0
2025-01-13,0,0.0,MO,1.0,7401.0
2025-01-20,0,1.0,MO,1.0,8743.0
2025-01-27,0,0.7142857142857143,MO,1.0,8268.0
2025-02-03,0,0.0,MO,1.0,7570.0
2025-02-10,0,0.0,MO,1.0,7538.0
2025-02-17,0,0.5714285714285714,MO,1.0,8346.0
2025-02-24,0,0.7142857142857143,MO,1.0,8703.0
2025-03-03,0,0.0,MO,1.0,7824.0
2025-03-10,0,0.0,MO,1.0,7896.0
2025-03-17,0,0.5714285714285714,MO,1.0,8718.0
2025-03-24,0,1.0,MO,1.0,9007.0
2025-03-31,0,0.14285714285714285,MO,1.0,7894.0
2025-04-07,0,0.0,MO,1.0,8051.0
2025-04-14,0,0.14285714285714285,MO,1.0,8387.0
2025-04-21,0,1.0,MO,1.0,9323.0
2025-04-28,0,0.42857142857142855,MO,1.0,8688.0
2025-05-05,0,0.0,MO,1.0,8047.0
2025-05-12,0,0.0,MO,1.0,8238.0
2025-05-19,0,0.8571428571428571,MO,1.0,9255.0
2025-05-26,0,0.8571428571428571,MO,1.0,9364.0
2025-06-02,1,0.0,MO,1.0,9391.0
2025-06-09,1,0.0,MO,1.0,9388.0
2025-06-16,1,0.42857142857142855,MO,1.0,10087.0
2025-06-23,1,1.0,MO,1.0,10657.0
2025-06-30,1,0.14285714285714285,MO,1.0,9640.0
2025-07-07,1,0.0,MO,1.0,9244.0
2025-07-14,1,0.14285714285714285,MO,1.0,9835.0
2025-07-21,1,1.0,MO,1.0,10638.0
2025-07-28,1,0.5714285714285714,MO,1.0,9895.0
2025-08-04,1,0.0,MO,0.9985078120021901,9058.0
2025-08-11,1,0.0,MO,0.99701562400438,9022.0
2025-08-18,0,0.7142857142857143,MO,0.9955234360065701,8953.0
2025-08-25,0,1.0,MO,0.9940312480087601,9427.0
2025-09-01,0,0.0,MO,0.9925390600109502,8118.0
2025-09-08,0,0.0,MO,0.9910468720131401,8053.0
2025-09-15,0,0.2857142857142857,MO,0.9895546840153302,8424.0
2025-09-22,0,1.0,MO,0.9880624960175202,9108.0
2025-09-29,0,0.2857142857142857,MO,0.9865703080197102,8263.0
2025-10-06,0,0.0,MO,0.9850781200219002,7841.0
2025-10-13,0,0.0,MO,0.9835859320240903,7970.0
2025-10-20,0,1.0,MO,0.9820937440262802,9128.0
2025-10-27,0,0.7142857142857143,MO,0.9806015560284703,8485.0
2025-11-03,0,0.0,MO,0.9791093680306603,8433.0
2025-11-10,0,0.0,MO,0.9776171800328504,8472.0
2025-11-17,0,0.5714285714285714,MO,0.9761249920350403,9233.0
2025-11-24,0,1.0,MO,0.9746328040372304,9534.0
2025-12-01,0,0.0,MO,0.9731406160394205,8371.0
2025-12-08,0,0.0,MO,0.9716484280416104,8566.0
2025-12-15,0,0.2857142857142857,MO,0.9701562400438005,8774.0
2025-12-22,1,1.0,MO,0.9686640520459905,11000.0
2025-12-29,1,0.42857142857142855,MO,0.9671718640481806,10144.0
2026-01-05,1,0.0,MO,0.9656796760503705,8765.0
2026-01-12,0,0.0,MO,0.9641874880525606,7807.0
2026-01-19,0,0.8571428571428571,MO,0.9626953000547506,8803.0
2026-01-26,0,0.8571428571428571,MO,0.9612031120569406,8859.0
2026-02-02,0,0.0,MO,0.9597109240591306,7750.0
2026-02-09,0,0.0,MO,0.9582187360613207,7977.0
2026-02-16,0,0.42857142857142855,MO,0.9567265480635107,8595.0
2026-02-23,0,0.8571428571428571,MO,0.9552343600657007,9011.0
2026-03-02,0,0.0,MO,0.9537421720678907,8201.0
2026-03-09,0,0.0,MO,0.9522499840700808,8258.0
2026-03-16,0,0.42857142857142855,MO,0.9507577960722707,8744.0
2026-03-23,0,1.0,MO,0.9492656080744608,9782.0
2026-03-30,0,0.2857142857142857,MO,0.9477734200766508,8657.0
2026-04-06,0,0.0,MO,0.9462812320788409,8576.0
2026-04-13,0,0.0,MO,0.9447890440810309,8653.0
2026-04-20,0,1.0,MO,0.9432968560832209,10192.0
2026-04-27,0,0.5714285714285714,MO,0.941804668085411,9426.0
2026-05-04,0,0.0,MO,0.9403124800876009,8892.0
2026-05-11,0,0.0,MO,0.938820292089791,8841.0
2026-05-18,0,0.7142857142857143,MO,0.937328104091981,9924.0
2026-05-25,0,1.0,MO,0.935835916094171,10193.0
2026-06-01,1,0.0,MO,0.934343728096361,9997.0
2026-06-08,1,0.0,MO,0.9328515400985511,9928.0
2026-06-15,1,0.2857142857142857,MO,0.9313593521007411,10695.0
2026-06-22,1,1.0,MO,0.9298671641029311,11655.0
2026-06-29,1,0.2857142857142857,MO,0.9283749761051211,10621.0
2026-07-06,1,0.0,MO,0.9268827881073112,9912.0
2026-07-13,1,0.0,MO,0.9253906001095011,10267.0
2026-07-20,1,1.0,MO,0.9238984121116912,11834.0
2026-07-27,1,0.7142857142857143,MO,0.9238984121116912,10977.0
2026-08-03,1,0.0,MO,0.9238984121116912,9993.0
2026-08-10,1,0.0,MO,0.9238984121116912,9971.0
2026-08-17,0,0.5714285714285714,MO,0.9238984121116912,9633.0
2026-08-24,0,1.0,MO,0.9238984121116912,10022.0
2026-08-31,0,0.14285714285714285,MO,0.9238984121116912,8937.0
2026-09-07,0,0.0,MO,0.9238984121116912,8899.0
2026-09-14,0,0.14285714285714285,MO,0.9238984121116912,8786.0
2026-09-21,0,1.0,MO,0.9238984121116912,9924.0
2019-01-07,0,0.0,MS,1.0,3610.0
2019-01-14,0,0.14285714285714285,MS,1.0,3730.0
2019-01-21,0,1.0,MS,1.0,4214.0
2019-01-28,0,0.5714285714285714,MS,1.0,4001.0
2019-02-04,0,0.0,MS,1.0,3688.0
2019-02-11,0,0.0,MS,1.0,3788.0
2019-02-18,0,0.7142857142857143,MS,1.0,4139.0
2019-02-25,0,0.5714285714285714,MS,1.0,4123.0
2019-03-04,0,0.0,MS,1.0,3859.0
2019-03-11,0,0.0,MS,1.0,3868.0
2019-03-18,0,0.7142857142857143,MS,1.0,4285.0
2019-03-25,0,1.0,MS,1.0,4523.0
2019-04-01,0,0.0,MS,1.0,3894.0
2019-04-08,0,0.0,MS,1.0,3965.0
2019-04-15,0,0.2857142857142857,MS,1.0,4175.0
2019-04-22,0,1.0,MS,1.0,4603.0
2019-04-29,0,0.2857142857142857,MS,1.0,4168.0
2019-05-06,0,0.0,MS,1.0,4028.0
2019-05-13,0,0.0,MS,1.0,4072.0
2019-05-20,0,1.0,MS,1.0,4730.0
2019-05-27,0,0.7142857142857143,MS,1.0,4510.0
2019-06-03,1,0.0,MS,1.0,4579.0
2019-06-10,1,0.0,MS,1.0,4557.0
2019-06-17,1,0.5714285714285714,MS,1.0,4943.0
2019-06-24,1,1.0,MS,1.0,5242.0
2019-07-01,1,0.0,MS,1.0,4571.0
2019-07-08,1,0.0,MS,1.0,4585.0
2019-07-15,1,0.2857142857142857,MS,1.0,4675.0
2019-07-22,1,1.0,MS,1.0,5192.0
2019-07-29,1,0.42857142857142855,MS,1.0,4788.0
2019-08-05,1,0.0,MS,1.0,4432.0
2019-08-12,1,0.0,MS,1.0,4413.0
2019-08-19,0,0.8571428571428571,MS,1.0,4428.0
2019-08-26,0,0.8571428571428571,MS,1.0,4409.0
2019-09-02,0,0.0,MS,1.0,3927.0
2019-09-09,0,0.0,MS,1.0,3923.0
2019-09-16,0,0.42857142857142855,MS,1.0,4060.0
2019-09-23,0,1.0,MS,1.0,4331.0
2019-09-30,0,0.14285714285714285,MS,1.0,3810.0
2019-10-07,0,0.0,MS,1.0,3725.0
2019-10-14,0,0.14285714285714285,MS,1.0,3801.0
2019-10-21,0,1.0,MS,1.0,4242.0
2019-10-28,0,0.5714285714285714,MS,1.0,3968.0
2019-11-04,0,0.0,MS,1.0,3918.0
2019-11-11,0,0.0,MS,1.0,3978.0
2019-11-18,0,0.7142857142857143,MS,1.0,4390.0
2019-11-25,0,0.8571428571428571,MS,1.0,4378.0
2019-12-02,0,0.0,MS,1.0,3927.0
2019-12-09,0,0.0,MS,1.0,3949.0
2019-12-16,0,0.42857142857142855,MS,1.0,4147.0
2019-12-23,1,1.0,MS,1.0,4939.0
2019-12-30,1,0.2857142857142857,MS,1.0,4467.0
2020-01-06,0,0.0,MS,1.0,3508.0
2020-01-13,0,0.0,MS,1.0,3507.0
2020-01-20,0,1.0,MS,1.0,4140.0
2020-01-27,0,0.7142857142857143,MS,1.0,3975.0
2020-02-03,0,0.0,MS,1.0,3574.0
2020-02-10,0,0.0,MS,1.0,3635.0
2020-02-17,0,0.5714285714285714,MS,1.0,3891.0
2020-02-24,0,0.8571428571428571,MS,1.0,4026.0
2020-03-02,0,0.0,MS,1.0,3673.0
2020-03-09,0,0.0,MS,1.0,3718.0
2020-03-16,0,0.42857142857142855,MS,1.0,3947.0
2020-03-23,0,1.0,MS,1.0,4230.0
2020-03-30,0,0.2857142857142857,MS,1.0,3840.0
2020-04-06,0,0.0,MS,1.0,3757.0
2020-04-13,0,0.0,MS,1.0,3801.0
2020-04-20,0,1.0,MS,1.0,4380.0
2020-04-27,0,0.5714285714285714,MS,1.0,4106.0
2020-05-04,0,0.0,MS,1.0,3844.0
2020-05-11,0,0.0,MS,1.0,3789.0
2020-05-18,0,0.7142857142857143,MS,1.0,4275.0
2020-05-25,0,1.0,MS,1.0,4423.0
2020-06-01,1,0.0,MS,1.0,4325.0
2020-06-08,1,0.0,MS,1.0,4378.0
2020-06-15,1,0.2857142857142857,MS,1.0,4525.0
2020-06-22,1,1.0,MS,1.0,4907.0
2020-06-29,1,0.2857142857142857,MS,1.0,4454.0
2020-07-06,1,0.0,MS,1.0,4302.0
2020-07-13,1,0.0,MS,1.0,4307.0
2020-07-20,1,1.0,MS,1.0,4975.0
2020-07-27,1,0.7142857142857143,MS,1.0,4705.0
2020-08-03,1,0.0,MS,1.0,4263.0
2020-08-10,1,0.0,MS,1.0,4207.0
2020-08-17,0,0.5714285714285714,MS,1.0,4080.0
2020-08-24,0,1.0,MS,1.0,4299.0
2020-08-31,0,0.14285714285714285,MS,1.0,3723.0
2020-09-07,0,0.0,MS,1.0,3588.0
2020-09-14,0,0.14285714285714285,MS,1.0,3735.0
2020-09-21,0,1.0,MS,1.0,4085.0
2020-09-28,0,0.42857142857142855,MS,1.0,3751.0
2020-10-05,0,0.0,MS,1.0,3537.0
2020-10-12,0,0.0,MS,1.0,3522.0
2020-10-19,0,0.8571428571428571,MS,1.0,3920.0
2020-10-26,0,0.8571428571428571,MS,1.0,3842.0
2020-11-02,0,0.0,MS,1.0,3764.0
2020-11-09,0,0.0,MS,1.0,3740.0
2020-11-16,0,0.42857142857142855,MS,1.0,3928.0
2020-11-23,0,1.0,MS,1.0,4199.0
2020-11-30,0,0.14285714285714285,MS,1.0,3770.0
2020-12-07,0,0.0,MS,1.0,3713.0
2020-12-14,0,0.14285714285714285,MS,1.0,3753.0
2020-12-21,1,1.0,MS,1.0,4649.0
2020-12-28,1,0.5714285714285714,MS,1.0,4351.0
2021-01-04,1,0.0,MS,1.0,3714.0
2021-01-11,0,0.0,MS,1.0,3320.0
2021-01-18,0,0.7142857142857143,MS,1.0,3719.0
2021-01-25,0,1.0,MS,1.0,3789.0
2021-02-01,0,0.0,MS,1.0,3274.0
2021-02-08,0,0.0,MS,1.0,3352.0
2021-02-15,0,0.2857142857142857,MS,1.0,3493.0
2021-02-22,0,1.0,MS,1.0,3891.0
2021-03-01,0,0.0,MS,1.0,3430.0
2021-03-08,0,0.0,MS,1.0,3409.0
2021-03-15,0,0.2857142857142857,MS,1.0,3554.0
2021-03-22,0,1.0,MS,1.0,3986.0
2021-03-29,0,0.42857142857142855,MS,1.0,3667.0
2021-04-05,0,0.0,MS,1.0,3507.0
2021-04-12,0,0.0,MS,1.0,3529.0
2021-04-19,0,0.8571428571428571,MS,1.0,3946.0
2021-04-26,0,0.7142857142857143,MS,1.0,3933.0
2021-05-03,0,0.0,MS,1.0,3548.0
2021-05-10,0,0.0,MS,1.0,3523.0
2021-05-17,0,0.5714285714285714,MS,1.0,3870.0
2021-05-24,0,1.0,MS,1.0,4136.0
2021-05-31,0,0.14285714285714285,MS,1.0,3651.0
2021-06-07,1,0.0,MS,1.0,4027.0
2021-06-14,1,0.14285714285714285,MS,1.0,4159.0
2021-06-21,1,1.0,MS,1.0,4641.0
2021-06-28,1,0.42857142857142855,MS,1.0,4204.0
2021-07-05,1,0.0,MS,1.0,3983.0
2021-07-12,1,0.0,MS,1.0,4003.0
2021-07-19,1,0.8571428571428571,MS,1.0,4556.0
2021-07-26,1,0.8571428571428571,MS,1.0,4580.0
2021-08-02,1,0.0,MS,1.0,4058.0
2021-08-09,1,0.0,MS,1.0,3936.0
2021-08-16,0,0.42857142857142855,MS,1.0,3792.0
2021-08-23,0,1.0,MS,1.0,4143.0
2021-08-30,0,0.2857142857142857,MS,1.0,3657.0
2021-09-06,0,0.0,MS,1.0,3519.0
2021-09-13,0,0.0,MS,1.0,3472.0
2021-09-20,0,1.0,MS,1.0,3980.0
2021-09-27,0,0.5714285714285714,MS,1.0,3768.0
2021-10-04,0,0.0,MS,1.0,3436.0
2021-10-11,0,0.0,MS,1.0,3396.0
2021-10-18,0,0.7142857142857143,MS,1.0,3799.0
2021-10-25,0,1.0,MS,1.0,3894.0
2021-11-01,0,0.0,MS,1.0,3754.0
2021-11-08,0,0.0,MS,1.0,3746.0
2021-11-15,0,0.2857142857142857,MS,1.0,3912.0
2021-11-22,0,1.0,MS,1.0,4339.0
2021-11-29,0,0.2857142857142857,MS,1.0,3913.0
2021-12-06,0,0.0,MS,1.0,3763.0
2021-12-13,0,0.0,MS,1.0,3739.0
2021-12-20,1,1.0,MS,1.0,4858.0
2021-12-27,1,0.7142857142857143,MS,1.0,4710.0
2022-01-03,1,0.0,MS,1.0,3844.0
2022-01-10,0,0.0,MS,1.0,3434.0
2022-01-17,0,0.5714285714285714,MS,1.0,3740.0
2022-01-24,0,1.0,MS,1.0,4021.0
2022-01-31,0,0.14285714285714285,MS,1.0,3543.0
2022-02-07,0,0.0,MS,1.0,3579.0
2022-02-14,0,0.14285714285714285,MS,1.0,3696.0
2022-02-21,0,1.0,MS,1.0,4155.0
2022-02-28,0,0.14285714285714285,MS,1.0,3697.0
2022-03-07,0,0.0,MS,1.0,3722.0
2022-03-14,0,0.14285714285714285,MS,1.0,3798.0
2022-03-21,0,1.0,MS,1.0,4283.0
2022-03-28,0,0.5714285714285714,MS,1.0,4081.0
2022-04-04,0,0.0,MS,1.0,3847.0
2022-04-11,0,0.0,MS,1.0,3947.0
2022-04-18,0,0.7142857142857143,MS,1.0,4350.0
2022-04-25,0,0.8571428571428571,MS,1.0,4460.0
2022-05-02,0,0.0,MS,1.0,3967.0
2022-05-09,0,0.0,MS,1.0,3997.0
2022-05-16,0,0.42857142857142855,MS,1.0,4285.0
2022-05-23,0,1.0,MS,1.0,4711.0
2022-05-30,0,0.2857142857142857,MS,1.0,4286.0
2022-06-06,1,0.0,MS,1.0,4595.0
2022-06-13,1,0.0,MS,1.0,4616.0
2022-06-20,1,1.0,MS,1.0,5310.0
2022-06-27,1,0.5714285714285714,MS,1.0,5014.0
2022-07-04,1,0.0,MS,1.0,4685.0
2022-07-11,1,0.0,MS,1.0,4686.0
2022-07-18,1,0.7142857142857143,MS,1.0,5116.0
2022-07-25,1,1.0,MS,1.0,5316.0
2022-08-01,1,0.0,MS,1.0,4596.0
2022-08-08,1,0.0,MS,1.0,4516.0
2022-08-15,0,0.2857142857142857,MS,1.0,4229.0
2022-08-22,0,1.0,MS,1.0,4625.0
2022-08-29,0,0.42857142857142855,MS,1.0,4360.0
2022-09-05,0,0.0,MS,1.0,4018.0
2022-09-12,0,0.0,MS,1.0,3966.0
2022-09-19,0,0.8571428571428571,MS,1.0,4540.0
2022-09-26,0,0.7142857142857143,MS,1.0,4327.0
2022-10-03,0,0.0,MS,1.0,3885.0
2022-10-10,0,0.0,MS,1.0,3903.0
2022-10-17,0,0.5714285714285714,MS,1.0,4221.0
2022-10-24,0,1.0,MS,1.0,4407.0
2022-10-31,0,0.14285714285714285,MS,1.0,3912.0
2022-11-07,0,0.0,MS,1.0,4183.0
2022-11-14,0,0.14285714285714285,MS,1.0,4291.0
2022-11-21,0,1.0,MS,1.0,4761.0
2022-11-28,0,0.42857142857142855,MS,1.0,4406.0
2022-12-05,0,0.0,MS,1.0,4124.0
2022-12-12,0,0.0,MS,1.0,4107.0
2022-12-19,0,0.8571428571428571,MS,1.0,4706.0
2022-12-26,1,0.8571428571428571,MS,1.0,5241.0
2023-01-02,1,0.0,MS,1.0,4187.0
2023-01-09,0,0.0,MS,1.0,3678.0
2023-01-16,0,0.42857142857142855,MS,1.0,3982.0
2023-01-23,0,1.0,MS,1.0,4395.0
2023-01-30,0,0.2857142857142857,MS,1.0,4004.0
2023-02-06,0,0.0,MS,1.0,3911.0
2023-02-13,0,0.0,MS,1.0,3989.0
2023-02-20,0,1.0,MS,1.0,4481.0
2023-02-27,0,0.2857142857142857,MS,1.0,4169.0
2023-03-06,0,0.0,MS,1.0,3992.0
2023-03-13,0,0.0,MS,1.0,4054.0
2023-03-20,0,1.0,MS,1.0,4631.0
2023-03-27,0,0.7142857142857143,MS,1.0,4492.0
2023-04-03,0,0.0,MS,1.0,4068.0
2023-04-10,0,0.0,MS,1.0,4149.0
2023-04-17,0,0.5714285714285714,MS,1.0,4523.0
2023-04-24,0,1.0,MS,1.0,4851.0
2023-05-01,0,0.0,MS,1.0,4168.0
2023-05-08,0,0.0,MS,1.0,4183.0
2023-05-15,0,0.2857142857142857,MS,1.0,4429.0
2023-05-22,0,1.0,MS,1.0,4937.0
2023-05-29,0,0.42857142857142855,MS,1.0,4597.0
2023-06-05,1,0.0,MS,1.0,4859.0
2023-06-12,1,0.0,MS,1.0,4845.0
2023-06-19,1,0.8571428571428571,MS,1.0,5470.0
2023-06-26,1,0.7142857142857143,MS,1.0,5445.0
2023-07-03,1,0.0,MS,1.0,4855.0
2023-07-10,1,0.0,MS,1.0,4885.0
2023-07-17,1,0.5714285714285714,MS,1.0,5350.0
2023-07-24,1,1.0,MS,1.0,5587.0
2023-07-31,1,0.14285714285714285,MS,1.0,4936.0
2023-08-07,1,0.0,MS,1.0,4826.0
2023-08-14,1,0.14285714285714285,MS,1.0,4856.0
2023-08-21,0,1.0,MS,1.0,4903.0
2023-08-28,0,0.5714285714285714,MS,1.0,4500.0
2023-09-04,0,0.0,MS,1.0,4204.0
2023-09-11,0,0.0,MS,1.0,4221.0
2023-09-18,0,0.7142857142857143,MS,1.0,4617.0
2023-09-25,0,0.8571428571428571,MS,1.0,4586.0
2023-10-02,0,0.0,MS,1.0,4097.0
2023-10-09,0,0.0,MS,1.0,4077.0
2023-10-16,0,0.42857142857142855,MS,1.0,4378.0
2023-10-23,0,1.0,MS,1.0,4662.0
2023-10-30,0,0.2857142857142857,MS,1.0,4126.0
2023-11-06,0,0.0,MS,1.0,4248.0
2023-11-13,0,0.0,MS,1.0,4373.0
2023-11-20,0,1.0,MS,1.0,5010.0
2023-11-27,0,0.5714285714285714,MS,1.0,4662.0
2023-12-04,0,0.0,MS,1.0,4331.0
2023-12-11,0,0.0,MS,1.0,4257.0
2023-12-18,0,0.7142857142857143,MS,1.0,4729.0
2023-12-25,1,1.0,MS,1.0,5505.0
2024-01-01,1,0.0,MS,1.0,4411.0
2024-01-08,0,0.0,MS,1.0,3951.0
2024-01-15,0,0.2857142857142857,MS,1.0,4123.0
2024-01-22,0,1.0,MS,1.0,4533.0
2024-01-29,0,0.42857142857142855,MS,1.0,4222.0
2024-02-05,0,0.0,MS,1.0,3933.0
2024-02-12,0,0.0,MS,1.0,3975.0
2024-02-19,0,0.8571428571428571,MS,1.0,4590.0
2024-02-26,0,0.5714285714285714,MS,1.0,4431.0
2024-03-04,0,0.0,MS,1.0,4146.0
2024-03-11,0,0.0,MS,1.0,4217.0
2024-03-18,0,0.7142857142857143,MS,1.0,4584.0
2024-03-25,0,1.0,MS,1.0,4906.0
2024-04-01,0,0.0,MS,1.0,4259.0
2024-04-08,0,0.0,MS,1.0,4249.0
2024-04-15,0,0.2857142857142857,MS,1.0,4532.0
2024-04-22,0,1.0,MS,1.0,5041.0
2024-04-29,0,0.2857142857142857,MS,1.0,4656.0
2024-05-06,0,0.0,MS,1.0,4417.0
2024-05-13,0,0.0,MS,1.0,4500.0
2024-05-20,0,1.0,MS,1.0,5084.0
2024-05-27,0,0.7142857142857143,MS,1.0,4956.0
2024-06-03,1,0.0,MS,1.0,5011.0
2024-06-10,1,0.0,MS,1.0,5000.0
2024-06-17,1,0.5714285714285714,MS,1.0,5476.0
2024-06-24,1,1.0,MS,1.0,5733.0
2024-07-01,1,0.0,MS,1.0,5001.0
2024-07-08,1,0.0,MS,1.0,5069.0
2024-07-15,1,0.2857142857142857,MS,1.0,5163.0
2024-07-22,1,1.0,MS,1.0,5779.0
2024-07-29,1,0.42857142857142855,MS,1.0,5265.0
2024-08-05,1,0.0,MS,1.0,4947.0
2024-08-12,1,0.0,MS,1.0,4974.0
2024-08-19,0,0.8571428571428571,MS,1.0,4899.0
2024-08-26,0,0.8571428571428571,MS,1.0,4879.0
2024-09-02,0,0.0,MS,1.0,4239.0
2024-09-09,0,0.0,MS,1.0,4211.0
2024-09-16,0,0.42857142857142855,MS,1.0,4539.0
2024-09-23,0,1.0,MS,1.0,4872.0
2024-09-30,0,0.14285714285714285,MS,1.0,4280.0
2024-10-07,0,0.0,MS,1.0,4178.0
2024-10-14,0,0.14285714285714285,MS,1.0,4230.0
2024-10-21,0,1.0,MS,1.0,4668.0
2024-10-28,0,0.5714285714285714,MS,1.0,4418.0
2024-11-04,0,0.0,MS,1.0,4453.0
2024-11-11,0,0.0,MS,1.0,4401.0
2024-11-18,0,0.7142857142857143,MS,1.0,4817.0
2024-11-25,0,0.8571428571428571,MS,1.0,4947.0
2024-12-02,0,0.0,MS,1.0,4356.0
2024-12-09,0,0.0,MS,1.0,4336.0
2024-12-16,0,0.42857142857142855,MS,1.0,4743.0
2024-12-23,1,1.0,MS,1.0,5669.0
2024-12-30,1,0.2857142857142857,MS,1.0,5174.0
2025-01-06,0,0.0,MS,1.0,4039.0
2025-01-13,0,0.0,MS,1.0,3974.0
2025-01-20,0,1.0,MS,1.0,4531.0
2025-01-27,0,0.7142857142857143,MS,1.0,4528.0
2025-02-03,0,0.0,MS,1.0,4063.0
2025-02-10,0,0.0,MS,1.0,4104.0
2025-02-17,0,0.5714285714285714,MS,1.0,4458.0
2025-02-24,0,0.7142857142857143,MS,1.0,4563.0
2025-03-03,0,0.0,MS,1.0,4207.0
2025-03-10,0,0.0,MS,1.0,4151.0
2025-03-17,0,0.5714285714285714,MS,1.0,4582.0
2025-03-24,0,1.0,MS,1.0,4822.0
2025-03-31,0,0.14285714285714285,MS,1.0,4395.0
2025-04-07,0,0.0,MS,1.0,4339.0
2025-04-14,0,0.14285714285714285,MS,1.0,4436.0
2025-04-21,0,1.0,MS,1.0,5036.0
2025-04-28,0,0.42857142857142855,MS,1.0,4690.0
2025-05-05,0,0.0,MS,1.0,4507.0
2025-05-12,0,0.0,MS,1.0,4463.0
2025-05-19,0,0.8571428571428571,MS,1.0,5016.0
2025-05-26,0,0.8571428571428571,MS,1.0,5058.0
2025-06-02,1,0.0,MS,1.0,5008.0
2025-06-09,1,0.0,MS,1.0,4968.0
2025-06-16,1,0.42857142857142855,MS,1.0,5347.0
2025-06-23,1,1.0,MS,1.0,5724.0
2025-06-30,1,0.14285714285714285,MS,1.0,5116.0
2025-07-07,1,0.0,MS,1.0,4946.0
2025-07-14,1,0.14285714285714285,MS,1.0,5061.0
2025-07-21,1,1.0,MS,1.0,5704.0
2025-07-28,1,0.5714285714285714,MS,1.0,5372.0
2025-08-04,1,0.0,MS,0.9977706945064895,4923.0
2025-08-11,1,0.0,MS,0.9955413890129788,4924.0
2025-08-18,0,0.7142857142857143,MS,0.9933120835194683,4844.0
2025-08-25,0,1.0,MS,0.9910827780259578,5127.0
2025-09-01,0,0.0,MS,0.9888534725324473,4402.0
2025-09-08,0,0.0,MS,0.9866241670389366,4381.0
2025-09-15,0,0.2857142857142857,MS,0.9843948615454261,4526.0
2025-09-22,0,1.0,MS,0.9821655560519156,4965.0
2025-09-29,0,0.2857142857142857,MS,0.979936250558405,4476.0
2025-10-06,0,0.0,MS,0.9777069450648944,4309.0
2025-10-13,0,0.0,MS,0.9754776395713839,4302.0
2025-10-20,0,1.0,MS,0.9732483340778734,4914.0
2025-10-27,0,0.7142857142857143,MS,0.9710190285843628,4670.0
2025-11-03,0,0.0,MS,0.9687897230908522,4618.0
2025-11-10,0,0.0,MS,0.9665604175973417,4622.0
2025-11-17,0,0.5714285714285714,MS,0.9643311121038312,5002.0
2025-11-24,0,1.0,MS,0.9621018066103206,5164.0
2025-12-01,0,0.0,MS,0.95987250111681,4517.0
2025-12-08,0,0.0,MS,0.9576431956232995,4560.0
2025-12-15,0,0.2857142857142857,MS,0.955413890129789,4815.0
2025-12-22,1,1.0,MS,0.9531845846362784,5894.0
2025-12-29,1,0.42857142857142855,MS,0.9509552791427678,5509.0
2026-01-05,1,0.0,MS,0.9487259736492573,4761.0
2026-01-12,0,0.0,MS,0.9464966681557467,4294.0
2026-01-19,0,0.8571428571428571,MS,0.9442673626622362,4817.0
2026-01-26,0,0.8571428571428571,MS,0.9420380571687256,4847.0
2026-02-02,0,0.0,MS,0.939808751675215,4362.0
2026-02-09,0,0.0,MS,0.9375794461817045,4361.0
2026-02-16,0,0.42857142857142855,MS,0.935350140688194,4713.0
2026-02-23,0,0.8571428571428571,MS,0.9331208351946834,5117.0
2026-03-02,0,0.0,MS,0.9308915297011728,4460.0
2026-03-09,0,0.0,MS,0.9286622242076623,4541.0
2026-03-16,0,0.42857142857142855,MS,0.9264329187141518,4926.0
2026-03-23,0,1.0,MS,0.9242036132206412,5288.0
2026-03-30,0,0.2857142857142857,MS,0.9219743077271306,4838.0
2026-04-06,0,0.0,MS,0.9197450022336201,4789.0
2026-04-13,0,0.0,MS,0.9175156967401096,4741.0
2026-04-20,0,1.0,MS,0.9152863912465989,5541.0
2026-04-27,0,0.5714285714285714,MS,0.9130570857530884,5283.0
2026-05-04,0,0.0,MS,0.9108277802595779,4871.0
2026-05-11,0,0.0,MS,0.9085984747660674,4919.0
2026-05-18,0,0.7142857142857143,MS,0.9063691692725567,5499.0
2026-05-25,0,1.0,MS,0.9041398637790462,5777.0
2026-06-01,1,0.0,MS,0.9019105582855357,5678.0
2026-06-08,1,0.0,MS,0.8996812527920252,5612.0
2026-06-15,1,0.2857142857142857,MS,0.8974519472985145,5909.0
2026-06-22,1,1.0,MS,0.895222641805004,6499.0
2026-06-29,1,0.2857142857142857,MS,0.8929933363114935,5907.0
2026-07-06,1,0.0,MS,0.8907640308179829,5761.0
2026-07-13,1,0.0,MS,0.8885347253244723,5639.0
2026-07-20,1,1.0,MS,0.8863054198309618,6501.0
2026-07-27,1,0.7142857142857143,MS,0.8863054198309618,6233.0
2026-08-03,1,0.0,MS,0.8863054198309618,5684.0
2026-08-10,1,0.0,MS,0.8863054198309618,5561.0
2026-08-17,0,0.5714285714285714,MS,0.8863054198309618,5365.0
2026-08-24,0,1.0,MS,0.8863054198309618,5636.0
2026-08-31,0,0.14285714285714285,MS,0.8863054198309618,4969.0
2026-09-07,0,0.0,MS,0.8863054198309618,4805.0
2026-09-14,0,0.14285714285714285,MS,0.8863054198309618,4897.0
2026-09-21,0,1.0,MS,0.8863054198309618,5531.0
2019-01-07,0,0.0,MT,1.0,711.0
2019-01-14,0,0.14285714285714285,MT,1.0,723.0
2019-01-21,0,1.0,MT,1.0,821.0
2019-01-28,0,0.5714285714285714,MT,1.0,783.0
2019-02-04,0,0.0,MT,1.0,728.0
2019-02-11,0,0.0,MT,1.0,708.0
2019-02-18,0,0.7142857142857143,MT,1.0,828.0
2019-02-25,0,0.5714285714285714,MT,1.0,791.0
2019-03-04,0,0.0,MT,1.0,732.0
2019-03-11,0,0.0,MT,1.0,757.0
2019-03-18,0,0.7142857142857143,MT,1.0,829.0
2019-03-25,0,1.0,MT,1.0,873.0
2019-04-01,0,0.0,MT,1.0,787.0
2019-04-08,0,0.0,MT,1.0,770.0
2019-04-15,0,0.2857142857142857,MT,1.0,795.0
2019-04-22,0,1.0,MT,1.0,898.0
2019-04-29,0,0.2857142857142857,MT,1.0,836.0
2019-05-06,0,0.0,MT,1.0,775.0
2019-05-13,0,0.0,MT,1.0,803.0
2019-05-20,0,1.0,MT,1.0,926.0
2019-05-27,0,0.7142857142857143,MT,1.0,882.0
2019-06-03,1,0.0,MT,1.0,919.0
2019-06-10,1,0.0,MT,1.0,916.0
2019-06-17,1,0.5714285714285714,MT,1.0,966.0
2019-06-24,1,1.0,MT,1.0,1046.0
2019-07-01,1,0.0,MT,1.0,897.0
2019-07-08,1,0.0,MT,1.0,888.0
2019-07-15,1,0.2857142857142857,MT,1.0,933.0
2019-07-22,1,1.0,MT,1.0,1022.0
2019-07-29,1,0.42857142857142855,MT,1.0,941.0
2019-08-05,1,0.0,MT,1.0,882.0
2019-08-12,1,0.0,MT,1.0,852.0
2019-08-19,0,0.8571428571428571,MT,1.0,863.0
2019-08-26,0,0.8571428571428571,MT,1.0,874.0
2019-09-02,0,0.0,MT,1.0,773.0
2019-09-09,0,0.0,MT,1.0,762.0
2019-09-16,0,0.42857142857142855,MT,1.0,825.0
2019-09-23,0,1.0,MT,1.0,858.0
2019-09-30,0,0.14285714285714285,MT,1.0,747.0
2019-10-07,0,0.0,MT,1.0,722.0
2019-10-14,0,0.14285714285714285,MT,1.0,731.0
2019-10-21,0,1.0,MT,1.0,832.0
2019-10-28,0,0.5714285714285714,MT,1.0,757.0
2019-11-04,0,0.0,MT,1.0,768.0
2019-11-11,0,0.0,MT,1.0,771.0
2019-11-18,0,0.7142857142857143,MT,1.0,854.0
2019-11-25,0,0.8571428571428571,MT,1.0,875.0
2019-12-02,0,0.0,MT,1.0,755.0
2019-12-09,0,0.0,MT,1.0,768.0
2019-12-16,0,0.42857142857142855,MT,1.0,813.0
2019-12-23,1,1.0,MT,1.0,981.0
2019-12-30,1,0.2857142857142857,MT,1.0,863.0
2020-01-06,0,0.0,MT,1.0,675.0
2020-01-13,0,0.0,MT,1.0,698.0
2020-01-20,0,1.0,MT,1.0,813.0
2020-01-27,0,0.7142857142857143,MT,1.0,786.0
2020-02-03,0,0.0,MT,1.0,706.0
2020-02-10,0,0.0,MT,1.0,702.0
2020-02-17,0,0.5714285714285714,MT,1.0,768.0
2020-02-24,0,0.8571428571428571,MT,1.0,794.0
2020-03-02,0,0.0,MT,1.0,710.0
2020-03-09,0,0.0,MT,1.0,710.0
2020-03-16,0,0.42857142857142855,MT,1.0,783.0
2020-03-23,0,1.0,MT,1.0,848.0
2020-03-30,0,0.2857142857142857,MT,1.0,771.0
2020-04-06,0,0.0,MT,1.0,727.0
2020-04-13,0,0.0,MT,1.0,736.0
2020-04-20,0,1.0,MT,1.0,869.0
2020-04-27,0,0.5714285714285714,MT,1.0,801.0
2020-05-04,0,0.0,MT,1.0,746.0
2020-05-11,0,0.0,MT,1.0,758.0
2020-05-18,0,0.7142857142857143,MT,1.0,864.0
2020-05-25,0,1.0,MT,1.0,882.0
2020-06-01,1,0.0,MT,1.0,835.0
2020-06-08,1,0.0,MT,1.0,854.0
2020-06-15,1,0.2857142857142857,MT,1.0,865.0
2020-06-22,1,1.0,MT,1.0,976.0
2020-06-29,1,0.2857142857142857,MT,1.0,873.0
2020-07-06,1,0.0,MT,1.0,839.0
2020-07-13,1,0.0,MT,1.0,844.0
2020-07-20,1,1.0,MT,1.0,963.0
2020-07-27,1,0.7142857142857143,MT,1.0,935.0
2020-08-03,1,0.0,MT,1.0,820.0
2020-08-10,1,0.0,MT,1.0,831.0
2020-08-17,0,0.5714285714285714,MT,1.0,794.0
2020-08-24,0,1.0,MT,1.0,814.0
2020-08-31,0,0.14285714285714285,MT,1.0,737.0
2020-09-07,0,0.0,MT,1.0,702.0
2020-09-14,0,0.14285714285714285,MT,1.0,704.0
2020-09-21,0,1.0,MT,1.0,787.0
2020-09-28,0,0.42857142857142855,MT,1.0,744.0
2020-10-05,0,0.0,MT,1.0,689.0
2020-10-12,0,0.0,MT,1.0,673.0
2020-10-19,0,0.8571428571428571,MT,1.0,766.0
2020-10-26,0,0.8571428571428571,MT,1.0,748.0
2020-11-02,0,0.0,MT,1.0,726.0
2020-11-09,0,0.0,MT,1.0,712.0
2020-11-16,0,0.42857142857142855,MT,1.0,769.0
2020-11-23,0,1.0,MT,1.0,808.0
2020-11-30,0,0.14285714285714285,MT,1.0,732.0
2020-12-07,0,0.0,MT,1.0,703.0
2020-12-14,0,0.14285714285714285,MT,1.0,727.0
2020-12-21,1,1.0,MT,1.0,902.0
2020-12-28,1,0.5714285714285714,MT,1.0,839.0
2021-01-04,1,0.0,MT,1.0,718.0
2021-01-11,0,0.0,MT,1.0,640.0
2021-01-18,0,0.7142857142857143,MT,1.0,698.0
2021-01-25,0,1.0,MT,1.0,743.0
2021-02-01,0,0.0,MT,1.0,647.0
2021-02-08,0,0.0,MT,1.0,653.0
2021-02-15,0,0.2857142857142857,MT,1.0,679.0
2021-02-22,0,1.0,MT,1.0,752.0
2021-03-01,0,0.0,MT,1.0,651.0
2021-03-08,0,0.0,MT,1.0,659.0
2021-03-15,0,0.2857142857142857,MT,1.0,685.0
2021-03-22,0,1.0,MT,1.0,777.0
2021-03-29,0,0.42857142857142855,MT,1.0,724.0
2021-04-05,0,0.0,MT,1.0,661.0
2021-04-12,0,0.0,MT,1.0,661.0
2021-04-19,0,0.8571428571428571,MT,1.0,760.0
2021-04-26,0,0.7142857142857143,MT,1.0,723.0
2021-05-03,0,0.0,MT,1.0,685.0
2021-05-10,0,0.0,MT,1.0,680.0
2021-05-17,0,0.5714285714285714,MT,1.0,745.0
2021-05-24,0,1.0,MT,1.0,784.0
2021-05-31,0,0.14285714285714285,MT,1.0,701.0
2021-06-07,1,0.0,MT,1.0,775.0
2021-06-14,1,0.14285714285714285,MT,1.0,778.0
2021-06-21,1,1.0,MT,1.0,882.0
2021-06-28,1,0.42857142857142855,MT,1.0,810.0
2021-07-05,1,0.0,MT,1.0,763.0
2021-07-12,1,0.0,MT,1.0,775.0
2021-07-19,1,0.8571428571428571,MT,1.0,870.0
2021-07-26,1,0.8571428571428571,MT,1.0,858.0
2021-08-02,1,0.0,MT,1.0,787.0
2021-08-09,1,0.0,MT,1.0,791.0
2021-08-16,0,0.42857142857142855,MT,1.0,749.0
2021-08-23,0,1.0,MT,1.0,808.0
2021-08-30,0,0.2857142857142857,MT,1.0,730.0
2021-09-06,0,0.0,MT,1.0,706.0
2021-09-13,0,0.0,MT,1.0,699.0
2021-09-20,0,1.0,MT,1.0,813.0
2021-09-27,0,0.5714285714285714,MT,1.0,752.0
2021-10-04,0,0.0,MT,1.0,668.0
2021-10-11,0,0.0,MT,1.0,700.0
2021-10-18,0,0.7142857142857143,MT,1.0,788.0
2021-10-25,0,1.0,MT,1.0,807.0
2021-11-01,0,0.0,MT,1.0,784.0
2021-11-08,0,0.0,MT,1.0,769.0
2021-11-15,0,0.2857142857142857,MT,1.0,817.0
2021-11-22,0,1.0,MT,1.0,896.0
2021-11-29,0,0.2857142857142857,MT,1.0,831.0
2021-12-06,0,0.0,MT,1.0,766.0
2021-12-13,0,0.0,MT,1.0,788.0
2021-12-20,1,1.0,MT,1.0,1017.0
2021-12-27,1,0.7142857142857143,MT,1.0,1004.0
2022-01-03,1,0.0,MT,1.0,846.0
2022-01-10,0,0.0,MT,1.0,722.0
2022-01-17,0,0.5714285714285714,MT,1.0,784.0
2022-01-24,0,1.0,MT,1.0,872.0
2022-01-31,0,0.14285714285714285,MT,1.0,760.0
2022-02-07,0,0.0,MT,1.0,762.0
2022-02-14,0,0.14285714285714285,MT,1.0,793.0
2022-02-21,0,1.0,MT,1.0,923.0
2022-02-28,0,0.14285714285714285,MT,1.0,833.0
2022-03-07,0,0.0,MT,1.0,808.0
2022-03-14,0,0.14285714285714285,MT,1.0,826.0
2022-03-21,0,1.0,MT,1.0,984.0
2022-03-28,0,0.5714285714285714,MT,1.0,916.0
2022-04-04,0,0.0,MT,1.0,857.0
2022-04-11,0,0.0,MT,1.0,872.0
2022-04-18,0,0.7142857142857143,MT,1.0,958.0
2022-04-25,0,0.8571428571428571,MT,1.0,997.0
2022-05-02,0,0.0,MT,1.0,894.0
2022-05-09,0,0.0,MT,1.0,900.0
2022-05-16,0,0.42857142857142855,MT,1.0,962.0
2022-05-23,0,1.0,MT,1.0,1040.0
2022-05-30,0,0.2857142857142857,MT,1.0,966.0
2022-06-06,1,0.0,MT,1.0,1052.0
2022-06-13,1,0.0,MT,1.0,1043.0
2022-06-20,1,1.0,MT,1.0,1236.0
2022-06-27,1,0.5714285714285714,MT,1.0,1183.0
2022-07-04,1,0.0,MT,1.0,1067.0
2022-07-11,1,0.0,MT,1.0,1044.0
2022-07-18,1,0.7142857142857143,MT,1.0,1180.0
2022-07-25,1,1.0,MT,1.0,1239.0
2022-08-01,1,0.0,MT,1.0,1064.0
2022-08-08,1,0.0,MT,1.0,1069.0
2022-08-15,0,0.2857142857142857,MT,1.0,1002.0
2022-08-22,0,1.0,MT,1.0,1064.0
2022-08-29,0,0.42857142857142855,MT,1.0,1015.0
2022-09-05,0,0.0,MT,1.0,921.0
2022-09-12,0,0.0,MT,1.0,905.0
2022-09-19,0,0.8571428571428571,MT,1.0,1052.0
2022-09-26,0,0.7142857142857143,MT,1.0,1003.0
2022-10-03,0,0.0,MT,1.0,904.0
2022-10-10,0,0.0,MT,1.0,910.0
2022-10-17,0,0.5714285714285714,MT,1.0,965.0
2022-10-24,0,1.0,MT,1.0,1009.0
2022-10-31,0,0.14285714285714285,MT,1.0,931.0
2022-11-07,0,0.0,MT,1.0,1001.0
2022-11-14,0,0.14285714285714285,MT,1.0,971.0
2022-11-21,0,1.0,MT,1.0,1143.0
2022-11-28,0,0.42857142857142855,MT,1.0,1059.0
2022-12-05,0,0.0,MT,1.0,978.0
2022-12-12,0,0.0,MT,1.0,972.0
2022-12-19,0,0.8571428571428571,MT,1.0,1095.0
2022-12-26,1,0.8571428571428571,MT,1.0,1253.0
2023-01-02,1,0.0,MT,1.0,995.0
2023-01-09,0,0.0,MT,1.0,880.0
2023-01-16,0,0.42857142857142855,MT,1.0,977.0
2023-01-23,0,1.0,MT,1.0,1052.0
2023-01-30,0,0.2857142857142857,MT,1.0,964.0
2023-02-06,0,0.0,MT,1.0,925.0
2023-02-13,0,0.0,MT,1.0,912.0
2023-02-20,0,1.0,MT,1.0,1092.0
2023-02-27,0,0.2857142857142857,MT,1.0,991.0
2023-03-06,0,0.0,MT,1.0,960.0
2023-03-13,0,0.0,MT,1.0,968.0
2023-03-20,0,1.0,MT,1.0,1149.0
2023-03-27,0,0.7142857142857143,MT,1.0,1082.0
2023-04-03,0,0.0,MT,1.0,958.0
2023-04-10,0,0.0,MT,1.0,1003.0
2023-04-17,0,0.5714285714285714,MT,1.0,1101.0
2023-04-24,0,1.0,MT,1.0,1167.0
2023-05-01,0,0.0,MT,1.0,1014.0
2023-05-08,0,0.0,MT,1.0,1013.0
2023-05-15,0,0.2857142857142857,MT,1.0,1077.0
2023-05-22,0,1.0,MT,1.0,1219.0
2023-05-29,0,0.42857142857142855,MT,1.0,1136.0
2023-06-05,1,0.0,MT,1.0,1182.0
2023-06-12,1,0.0,MT,1.0,1193.0
2023-06-19,1,0.8571428571428571,MT,1.0,1322.0
2023-06-26,1,0.7142857142857143,MT,1.0,1321.0
2023-07-03,1,0.0,MT,1.0,1179.0
2023-07-10,1,0.0,MT,1.0,1215.0
2023-07-17,1,0.5714285714285714,MT,1.0,1293.0
2023-07-24,1,1.0,MT,1.0,1378.0
2023-07-31,1,0.14285714285714285,MT,1.0,1247.0
2023-08-07,1,0.0,MT,1.0,1192.0
2023-08-14,1,0.14285714285714285,MT,1.0,1216.0
2023-08-21,0,1.0,MT,1.0,1220.0
2023-08-28,0,0.5714285714285714,MT,1.0,1162.0
2023-09-04,0,0.0,MT,1.0,1054.0
2023-09-11,0,0.0,MT,1.0,1044.0
2023-09-18,0,0.7142857142857143,MT,1.0,1113.0
2023-09-25,0,0.8571428571428571,MT,1.0,1155.0
2023-10-02,0,0.0,MT,1.0,1008.0
2023-10-09,0,0.0,MT,1.0,1024.0
2023-10-16,0,0.42857142857142855,MT,1.0,1073.0
2023-10-23,0,1.0,MT,1.0,1170.0
2023-10-30,0,0.2857142857142857,MT,1.0,1047.0
2023-11-06,0,0.0,MT,1.0,1091.0
2023-11-13,0,0.0,MT,1.0,1093.0
2023-11-20,0,1.0,MT,1.0,1268.0
2023-11-27,0,0.5714285714285714,MT,1.0,1192.0
2023-12-04,0,0.0,MT,1.0,1083.0
2023-12-11,0,0.0,MT,1.0,1111.0
2023-12-18,0,0.7142857142857143,MT,1.0,1184.0
2023-12-25,1,1.0,MT,1.0,1420.0
2024-01-01,1,0.0,MT,1.0,1128.0
2024-01-08,0,0.0,MT,1.0,1004.0
2024-01-15,0,0.2857142857142857,MT,1.0,1062.0
2024-01-22,0,1.0,MT,1.0,1193.0
2024-01-29,0,0.42857142857142855,MT,1.0,1076.0
2024-02-05,0,0.0,MT,1.0,1023.0
2024-02-12,0,0.0,MT,1.0,1027.0
2024-02-19,0,0.8571428571428571,MT,1.0,1194.0
2024-02-26,0,0.5714285714285714,MT,1.0,1192.0
2024-03-04,0,0.0,MT,1.0,1070.0
2024-03-11,0,0.0,MT,1.0,1107.0
2024-03-18,0,0.7142857142857143,MT,1.0,1222.0
2024-03-25,0,1.0,MT,1.0,1269.0
2024-04-01,0,0.0,MT,1.0,1147.0
2024-04-08,0,0.0,MT,1.0,1127.0
2024-04-15,0,0.2857142857142857,MT,1.0,1185.0
2024-04-22,0,1.0,MT,1.0,1309.0
2024-04-29,0,0.2857142857142857,MT,1.0,1192.0
2024-05-06,0,0.0,MT,1.0,1193.0
2024-05-13,0,0.0,MT,1.0,1158.0
2024-05-20,0,1.0,MT,1.0,1364.0
2024-05-27,0,0.7142857142857143,MT,1.0,1282.0
2024-06-03,1,0.0,MT,1.0,1373.0
2024-06-10,1,0.0,MT,1.0,1314.0
2024-06-17,1,0.5714285714285714,MT,1.0,1455.0
2024-06-24,1,1.0,MT,1.0,1545.0
2024-07-01,1,0.0,MT,1.0,1298.0
2024-07-08,1,0.0,MT,1.0,1318.0
2024-07-15,1,0.2857142857142857,MT,1.0,1389.0
2024-07-22,1,1.0,MT,1.0,1485.0
2024-07-29,1,0.42857142857142855,MT,1.0,1407.0
2024-08-05,1,0.0,MT,1.0,1330.0
2024-08-12,1,0.0,MT,1.0,1278.0
2024-08-19,0,0.8571428571428571,MT,1.0,1297.0
2024-08-26,0,0.8571428571428571,MT,1.0,1303.0
2024-09-02,0,0.0,MT,1.0,1164.0
2024-09-09,0,0.0,MT,1.0,1121.0
2024-09-16,0,0.42857142857142855,MT,1.0,1206.0
2024-09-23,0,1.0,MT,1.0,1314.0
2024-09-30,0,0.14285714285714285,MT,1.0,1127.0
2024-10-07,0,0.0,MT,1.0,1078.0
2024-10-14,0,0.14285714285714285,MT,1.0,1132.0
2024-10-21,0,1.0,MT,1.0,1263.0
2024-10-28,0,0.5714285714285714,MT,1.0,1177.0
2024-11-04,0,0.0,MT,1.0,1176.0
2024-11-11,0,0.0,MT,1.0,1202.0
2024-11-18,0,0.7142857142857143,MT,1.0,1321.0
2024-11-25,0,0.8571428571428571,MT,1.0,1350.0
2024-12-02,0,0.0,MT,1.0,1184.0
2024-12-09,0,0.0,MT,1.0,1159.0
2024-12-16,0,0.42857142857142855,MT,1.0,1239.0
2024-12-23,1,1.0,MT,1.0,1518.0
2024-12-30,1,0.2857142857142857,MT,1.0,1354.0
2025-01-06,0,0.0,MT,1.0,1037.0
2025-01-13,0,0.0,MT,1.0,1093.0
2025-01-20,0,1.0,MT,1.0,1226.0
2025-01-27,0,0.7142857142857143,MT,1.0,1182.0
2025-02-03,0,0.0,MT,1.0,1064.0
2025-02-10,0,0.0,MT,1.0,1098.0
2025-02-17,0,0.5714285714285714,MT,1.0,1187.0
2025-02-24,0,0.7142857142857143,MT,1.0,1226.0
2025-03-03,0,0.0,MT,1.0,1085.0
2025-03-10,0,0.0,MT,1.0,1107.0
2025-03-17,0,0.5714285714285714,MT,1.0,1215.0
2025-03-24,0,1.0,MT,1.0,1314.0
2025-03-31,0,0.14285714285714285,MT,1.0,1148.0
2025-04-07,0,0.0,MT,1.0,1140.0
2025-04-14,0,0.14285714285714285,MT,1.0,1186.0
2025-04-21,0,1.0,MT,1.0,1315.0
2025-04-28,0,0.42857142857142855,MT,1.0,1270.0
2025-05-05,0,0.0,MT,1.0,1143.0
2025-05-12,0,0.0,MT,1.0,1195.0
2025-05-19,0,0.8571428571428571,MT,1.0,1368.0
2025-05-26,0,0.8571428571428571,MT,1.0,1355.0
2025-06-02,1,0.0,MT,1.0,1346.0
2025-06-09,1,0.0,MT,1.0,1345.0
2025-06-16,1,0.42857142857142855,MT,1.0,1434.0
2025-06-23,1,1.0,MT,1.0,1507.0
2025-06-30,1,0.14285714285714285,MT,1.0,1362.0
2025-07-07,1,0.0,MT,1.0,1280.0
2025-07-14,1,0.14285714285714285,MT,1.0,1369.0
2025-07-21,1,1.0,MT,1.0,1540.0
2025-07-28,1,0.5714285714285714,MT,1.0,1459.0
2025-08-04,1,0.0,MT,0.9982823457764278,1305.0
2025-08-11,1,0.0,MT,0.9965646915528555,1315.0
2025-08-18,0,0.7142857142857143,MT,0.9948470373292834,1291.0
2025-08-25,0,1.0,MT,0.9931293831057112,1352.0
2025-09-01,0,0.0,MT,0.9914117288821389,1137.0
2025-09-08,0,0.0,MT,0.9896940746585667,1137.0
2025-09-15,0,0.2857142857142857,MT,0.9879764204349946,1207.0
2025-09-22,0,1.0,MT,0.9862587662114223,1298.0
2025-09-29,0,0.2857142857142857,MT,0.9845411119878501,1184.0
2025-10-06,0,0.0,MT,0.9828234577642778,1118.0
2025-10-13,0,0.0,MT,0.9811058035407056,1143.0
2025-10-20,0,1.0,MT,0.9793881493171335,1271.0
2025-10-27,0,0.7142857142857143,MT,0.9776704950935612,1243.0
2025-11-03,0,0.0,MT,0.975952840869989,1247.0
2025-11-10,0,0.0,MT,0.9742351866464168,1202.0
2025-11-17,0,0.5714285714285714,MT,0.9725175324228446,1334.0
2025-11-24,0,1.0,MT,0.9707998781992724,1377.0
2025-12-01,0,0.0,MT,0.9690822239757002,1189.0
2025-12-08,0,0.0,MT,0.9673645697521279,1216.0
2025-12-15,0,0.2857142857142857,MT,0.9656469155285557,1246.0
2025-12-22,1,1.0,MT,0.9639292613049836,1601.0
2025-12-29,1,0.42857142857142855,MT,0.9622116070814113,1467.0
2026-01-05,1,0.0,MT,0.9604939528578391,1243.0
2026-01-12,0,0.0,MT,0.9587762986342669,1143.0
2026-01-19,0,0.8571428571428571,MT,0.9570586444106947,1298.0
2026-01-26,0,0.8571428571428571,MT,0.9553409901871225,1265.0
2026-02-02,0,0.0,MT,0.9536233359635502,1139.0
2026-02-09,0,0.0,MT,0.951905681739978,1172.0
2026-02-16,0,0.42857142857142855,MT,0.9501880275164059,1242.0
2026-02-23,0,0.8571428571428571,MT,0.9484703732928336,1332.0
2026-03-02,0,0.0,MT,0.9467527190692614,1185.0
2026-03-09,0,0.0,MT,0.9450350648456892,1191.0
2026-03-16,0,0.42857142857142855,MT,0.9433174106221169,1248.0
2026-03-23,0,1.0,MT,0.9415997563985448,1377.0
2026-03-30,0,0.2857142857142857,MT,0.9398821021749726,1266.0
2026-04-06,0,0.0,MT,0.9381644479514003,1232.0
2026-04-13,0,0.0,MT,0.9364467937278281,1229.0
2026-04-20,0,1.0,MT,0.934729139504256,1459.0
2026-04-27,0,0.5714285714285714,MT,0.9330114852806837,1353.0
2026-05-04,0,0.0,MT,0.9312938310571115,1267.0
2026-05-11,0,0.0,MT,0.9295761768335393,1278.0
2026-05-18,0,0.7142857142857143,MT,0.927858522609967,1437.0
2026-05-25,0,1.0,MT,0.9261408683863949,1470.0
2026-06-01,1,0.0,MT,0.9244232141628226,1424.0
2026-06-08,1,0.0,MT,0.9227055599392504,1455.0
2026-06-15,1,0.2857142857142857,MT,0.9209879057156782,1538.0
2026-06-22,1,1.0,MT,0.919270251492106,1687.0
2026-06-29,1,0.2857142857142857,MT,0.9175525972685338,1507.0
2026-07-06,1,0.0,MT,0.9158349430449616,1480.0
2026-07-13,1,0.0,MT,0.9141172888213893,1468.0
2026-07-20,1,1.0,MT,0.9123996345978171,1700.0
2026-07-27,1,0.7142857142857143,MT,0.9123996345978171,1626.0
2026-08-03,1,0.0,MT,0.9123996345978171,1440.0
2026-08-10,1,0.0,MT,0.9123996345978171,1433.0
2026-08-17,0,0.5714285714285714,MT,0.9123996345978171,1407.0
2026-08-24,0,1.0,MT,0.9123996345978171,1483.0
2026-08-31,0,0.14285714285714285,MT,0.9123996345978171,1307.0
2026-09-07,0,0.0,MT,0.9123996345978171,1245.0
2026-09-14,0,0.14285714285714285,MT,0.9123996345978171,1289.0
2026-09-21,0,1.0,MT,0.9123996345978171,1407.0
2019-01-07,0,0.0,NC,1.0,10468.0
2019-01-14,0,0.14285714285714285,NC,1.0,10757.0
2019-01-21,0,1.0,NC,1.0,12218.0
2019-01-28,0,0.5714285714285714,NC,1.0,11435.0
2019-02-04,0,0.0,NC,1.0,10558.0
2019-02-11,0,0.0,NC,1.0,10929.0
2019-02-18,0,0.7142857142857143,NC,1.0,11966.0
2019-02-25,0,0.5714285714285714,NC,1.0,11787.0
2019-03-04,0,0.0,NC,1.0,10831.0
2019-03-11,0,0.0,NC,1.0,10994.0
2019-03-18,0,0.7142857142857143,NC,1.0,12346.0
2019-03-25,0,1.0,NC,1.0,12712.0
2019-04-01,0,0.0,NC,1.0,11398.0
2019-04-08,0,0.0,NC,1.0,11261.0
2019-04-15,0,0.2857142857142857,NC,1.0,11986.0
2019-04-22,0,1.0,NC,1.0,13167.0
2019-04-29,0,0.2857142857142857,NC,1.0,12149.0
2019-05-06,0,0.0,NC,1.0,11535.0
2019-05-13,0,0.0,NC,1.0,11751.0
2019-05-20,0,1.0,NC,1.0,13617.0
2019-05-27,0,0.7142857142857143,NC,1.0,13085.0
2019-06-03,1,0.0,NC,1.0,13164.0
2019-06-10,1,0.0,NC,1.0,13181.0
2019-06-17,1,0.5714285714285714,NC,1.0,14317.0
2019-06-24,1,1.0,NC,1.0,15334.0
2019-07-01,1,0.0,NC,1.0,13140.0
2019-07-08,1,0.0,NC,1.0,13292.0
2019-07-15,1,0.2857142857142857,NC,1.0,13767.0
2019-07-22,1,1.0,NC,1.0,14989.0
2019-07-29,1,0.42857142857142855,NC,1.0,13685.0
2019-08-05,1,0.0,NC,1.0,12962.0
2019-08-12,1,0.0,NC,1.0,12971.0
2019-08-19,0,0.8571428571428571,NC,1.0,12901.0
2019-08-26,0,0.8571428571428571,NC,1.0,13018.0
2019-09-02,0,0.0,NC,1.0,11408.0
2019-09-09,0,0.0,NC,1.0,11174.0
2019-09-16,0,0.42857142857142855,NC,1.0,11793.0
2019-09-23,0,1.0,NC,1.0,12493.0
2019-09-30,0,0.14285714285714285,NC,1.0,11370.0
2019-10-07,0,0.0,NC,1.0,10880.0
2019-10-14,0,0.14285714285714285,NC,1.0,11167.0
2019-10-21,0,1.0,NC,1.0,12635.0
2019-10-28,0,0.5714285714285714,NC,1.0,11619.0
2019-11-04,0,0.0,NC,1.0,11601.0
2019-11-11,0,0.0,NC,1.0,11742.0
2019-11-18,0,0.7142857142857143,NC,1.0,12895.0
2019-11-25,0,0.8571428571428571,NC,1.0,13012.0
2019-12-02,0,0.0,NC,1.0,11306.0
2019-12-09,0,0.0,NC,1.0,11446.0
2019-12-16,0,0.42857142857142855,NC,1.0,12092.0
2019-12-23,1,1.0,NC,1.0,14525.0
2019-12-30,1,0.2857142857142857,NC,1.0,13451.0
2020-01-06,0,0.0,NC,1.0,10397.0
2020-01-13,0,0.0,NC,1.0,10182.0
2020-01-20,0,1.0,NC,1.0,12027.0
2020-01-27,0,0.7142857142857143,NC,1.0,11681.0
2020-02-03,0,0.0,NC,1.0,10451.0
2020-02-10,0,0.0,NC,1.0,10540.0
2020-02-17,0,0.5714285714285714,NC,1.0,11592.0
2020-02-24,0,0.8571428571428571,NC,1.0,12021.0
2020-03-02,0,0.0,NC,1.0,10694.0
2020-03-09,0,0.0,NC,1.0,10809.0
2020-03-16,0,0.42857142857142855,NC,1.0,11687.0
2020-03-23,0,1.0,NC,1.0,12600.0
2020-03-30,0,0.2857142857142857,NC,1.0,11577.0
2020-04-06,0,0.0,NC,1.0,11052.0
2020-04-13,0,0.0,NC,1.0,11224.0
2020-04-20,0,1.0,NC,1.0,13151.0
2020-04-27,0,0.5714285714285714,NC,1.0,12296.0
2020-05-04,0,0.0,NC,1.0,11428.0
2020-05-11,0,0.0,NC,1.0,11799.0
2020-05-18,0,0.7142857142857143,NC,1.0,12665.0
2020-05-25,0,1.0,NC,1.0,13393.0
2020-06-01,1,0.0,NC,1.0,12995.0
2020-06-08,1,0.0,NC,1.0,12903.0
2020-06-15,1,0.2857142857142857,NC,1.0,13596.0
2020-06-22,1,1.0,NC,1.0,14954.0
2020-06-29,1,0.2857142857142857,NC,1.0,13560.0
2020-07-06,1,0.0,NC,1.0,12900.0
2020-07-13,1,0.0,NC,1.0,12833.0
2020-07-20,1,1.0,NC,1.0,14661.0
2020-07-27,1,0.7142857142857143,NC,1.0,14095.0
2020-08-03,1,0.0,NC,1.0,12801.0
2020-08-10,1,0.0,NC,1.0,12548.0
2020-08-17,0,0.5714285714285714,NC,1.0,12174.0
2020-08-24,0,1.0,NC,1.0,12703.0
2020-08-31,0,0.14285714285714285,NC,1.0,11145.0
2020-09-07,0,0.0,NC,1.0,10766.0
2020-09-14,0,0.14285714285714285,NC,1.0,11041.0
2020-09-21,0,1.0,NC,1.0,12287.0
2020-09-28,0,0.42857142857142855,NC,1.0,10960.0
2020-10-05,0,0.0,NC,1.0,10350.0
2020-10-12,0,0.0,NC,1.0,10400.0
2020-10-19,0,0.8571428571428571,NC,1.0,11655.0
2020-10-26,0,0.8571428571428571,NC,1.0,11393.0
2020-11-02,0,0.0,NC,1.0,11040.0
2020-11-09,0,0.0,NC,1.0,11055.0
2020-11-16,0,0.42857142857142855,NC,1.0,11441.0
2020-11-23,0,1.0,NC,1.0,12703.0
2020-11-30,0,0.14285714285714285,NC,1.0,11067.0
2020-12-07,0,0.0,NC,1.0,10683.0
2020-12-14,0,0.14285714285714285,NC,1.0,11002.0
2020-12-21,1,1.0,NC,1.0,13933.0
2020-12-28,1,0.5714285714285714,NC,1.0,12737.0
2021-01-04,1,0.0,NC,1.0,10937.0
2021-01-11,0,0.0,NC,1.0,9618.0
2021-01-18,0,0.7142857142857143,NC,1.0,10653.0
2021-01-25,0,1.0,NC,1.0,11087.0
2021-02-01,0,0.0,NC,1.0,9837.0
2021-02-08,0,0.0,NC,1.0,10038.0
2021-02-15,0,0.2857142857142857,NC,1.0,10331.0
2021-02-22,0,1.0,NC,1.0,11407.0
2021-03-01,0,0.0,NC,1.0,9910.0
2021-03-08,0,0.0,NC,1.0,9760.0
2021-03-15,0,0.2857142857142857,NC,1.0,10249.0
2021-03-22,0,1.0,NC,1.0,11594.0
2021-03-29,0,0.42857142857142855,NC,1.0,10639.0
2021-04-05,0,0.0,NC,1.0,10185.0
2021-04-12,0,0.0,NC,1.0,10030.0
2021-04-19,0,0.8571428571428571,NC,1.0,11412.0
2021-04-26,0,0.7142857142857143,NC,1.0,11323.0
2021-05-03,0,0.0,NC,1.0,10143.0
2021-05-10,0,0.0,NC,1.0,10360.0
2021-05-17,0,0.5714285714285714,NC,1.0,11272.0
2021-05-24,0,1.0,NC,1.0,11871.0
2021-05-31,0,0.14285714285714285,NC,1.0,10439.0
2021-06-07,1,0.0,NC,1.0,11514.0
2021-06-14,1,0.14285714285714285,NC,1.0,11812.0
2021-06-21,1,1.0,NC,1.0,13340.0
2021-06-28,1,0.42857142857142855,NC,1.0,12294.0
2021-07-05,1,0.0,NC,1.0,11608.0
2021-07-12,1,0.0,NC,1.0,11429.0
2021-07-19,1,0.8571428571428571,NC,1.0,12687.0
2021-07-26,1,0.8571428571428571,NC,1.0,13065.0
2021-08-02,1,0.0,NC,1.0,11425.0
2021-08-09,1,0.0,NC,1.0,11340.0
2021-08-16,0,0.42857142857142855,NC,1.0,10818.0
2021-08-23,0,1.0,NC,1.0,11885.0
2021-08-30,0,0.2857142857142857,NC,1.0,10560.0
2021-09-06,0,0.0,NC,1.0,10171.0
2021-09-13,0,0.0,NC,1.0,10253.0
2021-09-20,0,1.0,NC,1.0,11634.0
2021-09-27,0,0.5714285714285714,NC,1.0,11012.0
2021-10-04,0,0.0,NC,1.0,10038.0
2021-10-11,0,0.0,NC,1.0,9950.0
2021-10-18,0,0.7142857142857143,NC,1.0,11137.0
2021-10-25,0,1.0,NC,1.0,11592.0
2021-11-01,0,0.0,NC,1.0,10977.0
2021-11-08,0,0.0,NC,1.0,10887.0
2021-11-15,0,0.2857142857142857,NC,1.0,11503.0
2021-11-22,0,1.0,NC,1.0,12741.0
2021-11-29,0,0.2857142857142857,NC,1.0,11522.0
2021-12-06,0,0.0,NC,1.0,11035.0
2021-12-13,0,0.0,NC,1.0,11036.0
2021-12-20,1,1.0,NC,1.0,14194.0
2021-12-27,1,0.7142857142857143,NC,1.0,13840.0
2022-01-03,1,0.0,NC,1.0,11329.0
2022-01-10,0,0.0,NC,1.0,10346.0
2022-01-17,0,0.5714285714285714,NC,1.0,11270.0
2022-01-24,0,1.0,NC,1.0,12251.0
2022-01-31,0,0.14285714285714285,NC,1.0,10849.0
2022-02-07,0,0.0,NC,1.0,10654.0
2022-02-14,0,0.14285714285714285,NC,1.0,10713.0
2022-02-21,0,1.0,NC,1.0,12180.0
2022-02-28,0,0.14285714285714285,NC,1.0,11316.0
2022-03-07,0,0.0,NC,1.0,11136.0
2022-03-14,0,0.14285714285714285,NC,1.0,11411.0
2022-03-21,0,1.0,NC,1.0,13087.0
2022-03-28,0,0.5714285714285714,NC,1.0,12414.0
2022-04-04,0,0.0,NC,1.0,11384.0
2022-04-11,0,0.0,NC,1.0,11710.0
2022-04-18,0,0.7142857142857143,NC,1.0,13182.0
2022-04-25,0,0.8571428571428571,NC,1.0,13868.0
2022-05-02,0,0.0,NC,1.0,12155.0
2022-05-09,0,0.0,NC,1.0,12215.0
2022-05-16,0,0.42857142857142855,NC,1.0,13046.0
2022-05-23,0,1.0,NC,1.0,14126.0
2022-05-30,0,0.2857142857142857,NC,1.0,13203.0
2022-06-06,1,0.0,NC,1.0,14017.0
2022-06-13,1,0.0,NC,1.0,14065.0
2022-06-20,1,1.0,NC,1.0,16210.0
2022-06-27,1,0.5714285714285714,NC,1.0,15588.0
2022-07-04,1,0.0,NC,1.0,13904.0
2022-07-11,1,0.0,NC,1.0,14002.0
2022-07-18,1,0.7142857142857143,NC,1.0,15525.0
2022-07-25,1,1.0,NC,1.0,16396.0
2022-08-01,1,0.0,NC,1.0,14257.0
2022-08-08,1,0.0,NC,1.0,13856.0
2022-08-15,0,0.2857142857142857,NC,1.0,13009.0
2022-08-22,0,1.0,NC,1.0,14381.0
2022-08-29,0,0.42857142857142855,NC,1.0,13361.0
2022-09-05,0,0.0,NC,1.0,12342.0
2022-09-12,0,0.0,NC,1.0,12237.0
2022-09-19,0,0.8571428571428571,NC,1.0,13716.0
2022-09-26,0,0.7142857142857143,NC,1.0,13736.0
2022-10-03,0,0.0,NC,1.0,11966.0
2022-10-10,0,0.0,NC,1.0,11861.0
2022-10-17,0,0.5714285714285714,NC,1.0,12757.0
2022-10-24,0,1.0,NC,1.0,13296.0
2022-10-31,0,0.14285714285714285,NC,1.0,11869.0
2022-11-07,0,0.0,NC,1.0,13059.0
2022-11-14,0,0.14285714285714285,NC,1.0,13194.0
2022-11-21,0,1.0,NC,1.0,14871.0
2022-11-28,0,0.42857142857142855,NC,1.0,13636.0
2022-12-05,0,0.0,NC,1.0,12827.0
2022-12-12,0,0.0,NC,1.0,12895.0
2022-12-19,0,0.8571428571428571,NC,1.0,14430.0
2022-12-26,1,0.8571428571428571,NC,1.0,16271.0
2023-01-02,1,0.0,NC,1.0,13062.0
2023-01-09,0,0.0,NC,1.0,11992.0
2023-01-16,0,0.42857142857142855,NC,1.0,12601.0
2023-01-23,0,1.0,NC,1.0,13617.0
2023-01-30,0,0.2857142857142857,NC,1.0,12354.0
2023-02-06,0,0.0,NC,1.0,12176.0
2023-02-13,0,0.0,NC,1.0,11903.0
2023-02-20,0,1.0,NC,1.0,13813.0
2023-02-27,0,0.2857142857142857,NC,1.0,12685.0
2023-03-06,0,0.0,NC,1.0,12364.0
2023-03-13,0,0.0,NC,1.0,12337.0
2023-03-20,0,1.0,NC,1.0,14478.0
2023-03-27,0,0.7142857142857143,NC,1.0,14172.0
2023-04-03,0,0.0,NC,1.0,12966.0
2023-04-10,0,0.0,NC,1.0,12885.0
2023-04-17,0,0.5714285714285714,NC,1.0,14101.0
2023-04-24,0,1.0,NC,1.0,14765.0
2023-05-01,0,0.0,NC,1.0,13276.0
2023-05-08,0,0.0,NC,1.0,13304.0
2023-05-15,0,0.2857142857142857,NC,1.0,13968.0
2023-05-22,0,1.0,NC,1.0,15390.0
2023-05-29,0,0.42857142857142855,NC,1.0,14219.0
2023-06-05,1,0.0,NC,1.0,15292.0
2023-06-12,1,0.0,NC,1.0,15284.0
2023-06-19,1,0.8571428571428571,NC,1.0,17010.0
2023-06-26,1,0.7142857142857143,NC,1.0,16503.0
2023-07-03,1,0.0,NC,1.0,15072.0
2023-07-10,1,0.0,NC,1.0,15039.0
2023-07-17,1,0.5714285714285714,NC,1.0,16390.0
2023-07-24,1,1.0,NC,1.0,17187.0
2023-07-31,1,0.14285714285714285,NC,1.0,15538.0
2023-08-07,1,0.0,NC,1.0,15124.0
2023-08-14,1,0.14285714285714285,NC,1.0,15419.0
2023-08-21,0,1.0,NC,1.0,15201.0
2023-08-28,0,0.5714285714285714,NC,1.0,14381.0
2023-09-04,0,0.0,NC,1.0,13300.0
2023-09-11,0,0.0,NC,1.0,13163.0
2023-09-18,0,0.7142857142857143,NC,1.0,14539.0
2023-09-25,0,0.8571428571428571,NC,1.0,14403.0
2023-10-02,0,0.0,NC,1.0,13043.0
2023-10-09,0,0.0,NC,1.0,12689.0
2023-10-16,0,0.42857142857142855,NC,1.0,13337.0
2023-10-23,0,1.0,NC,1.0,14486.0
2023-10-30,0,0.2857142857142857,NC,1.0,13064.0
2023-11-06,0,0.0,NC,1.0,13783.0
2023-11-13,0,0.0,NC,1.0,13741.0
2023-11-20,0,1.0,NC,1.0,15677.0
2023-11-27,0,0.5714285714285714,NC,1.0,14754.0
2023-12-04,0,0.0,NC,1.0,13654.0
2023-12-11,0,0.0,NC,1.0,13677.0
2023-12-18,0,0.7142857142857143,NC,1.0,14762.0
2023-12-25,1,1.0,NC,1.0,17290.0
2024-01-01,1,0.0,NC,1.0,13515.0
2024-01-08,0,0.0,NC,1.0,12378.0
2024-01-15,0,0.2857142857142857,NC,1.0,13256.0
2024-01-22,0,1.0,NC,1.0,14303.0
2024-01-29,0,0.42857142857142855,NC,1.0,13490.0
2024-02-05,0,0.0,NC,1.0,12631.0
2024-02-12,0,0.0,NC,1.0,12584.0
2024-02-19,0,0.8571428571428571,NC,1.0,14414.0
2024-02-26,0,0.5714285714285714,NC,1.0,14049.0
2024-03-04,0,0.0,NC,1.0,12978.0
2024-03-11,0,0.0,NC,1.0,12977.0
2024-03-18,0,0.7142857142857143,NC,1.0,14618.0
2024-03-25,0,1.0,NC,1.0,15593.0
2024-04-01,0,0.0,NC,1.0,13603.0
2024-04-08,0,0.0,NC,1.0,13473.0
2024-04-15,0,0.2857142857142857,NC,1.0,14216.0
2024-04-22,0,1.0,NC,1.0,15806.0
2024-04-29,0,0.2857142857142857,NC,1.0,14710.0
2024-05-06,0,0.0,NC,1.0,13888.0
2024-05-13,0,0.0,NC,1.0,14081.0
2024-05-20,0,1.0,NC,1.0,16273.0
2024-05-27,0,0.7142857142857143,NC,1.0,15633.0
2024-06-03,1,0.0,NC,1.0,15918.0
2024-06-10,1,0.0,NC,1.0,15744.0
2024-06-17,1,0.5714285714285714,NC,1.0,17436.0
2024-06-24,1,1.0,NC,1.0,18379.0
2024-07-01,1,0.0,NC,1.0,16039.0
2024-07-08,1,0.0,NC,1.0,15600.0
2024-07-15,1,0.2857142857142857,NC,1.0,16653.0
2024-07-22,1,1.0,NC,1.0,18066.0
2024-07-29,1,0.42857142857142855,NC,1.0,16644.0
2024-08-05,1,0.0,NC,1.0,15689.0
2024-08-12,1,0.0,NC,1.0,15638.0
2024-08-19,0,0.8571428571428571,NC,1.0,15445.0
2024-08-26,0,0.8571428571428571,NC,1.0,15726.0
2024-09-02,0,0.0,NC,1.0,13520.0
2024-09-09,0,0.0,NC,1.0,13631.0
2024-09-16,0,0.42857142857142855,NC,1.0,14343.0
2024-09-23,0,1.0,NC,1.0,15417.0
2024-09-30,0,0.14285714285714285,NC,1.0,13450.0
2024-10-07,0,0.0,NC,1.0,13114.0
2024-10-14,0,0.14285714285714285,NC,1.0,13460.0
2024-10-21,0,1.0,NC,1.0,15046.0
2024-10-28,0,0.5714285714285714,NC,1.0,14113.0
2024-11-04,0,0.0,NC,1.0,14274.0
2024-11-11,0,0.0,NC,1.0,13854.0
2024-11-18,0,0.7142857142857143,NC,1.0,15445.0
2024-11-25,0,0.8571428571428571,NC,1.0,15774.0
2024-12-02,0,0.0,NC,1.0,13951.0
2024-12-09,0,0.0,NC,1.0,13669.0
2024-12-16,0,0.42857142857142855,NC,1.0,14801.0
2024-12-23,1,1.0,NC,1.0,18163.0
2024-12-30,1,0.2857142857142857,NC,1.0,16464.0
2025-01-06,0,0.0,NC,1.0,12620.0
2025-01-13,0,0.0,NC,1.0,12704.0
2025-01-20,0,1.0,NC,1.0,14747.0
2025-01-27,0,0.7142857142857143,NC,1.0,14332.0
2025-02-03,0,0.0,NC,1.0,12856.0
2025-02-10,0,0.0,NC,1.0,12893.0
2025-02-17,0,0.5714285714285714,NC,1.0,14163.0
2025-02-24,0,0.7142857142857143,NC,1.0,14671.0
2025-03-03,0,0.0,NC,1.0,13078.0
2025-03-10,0,0.0,NC,1.0,13323.0
2025-03-17,0,0.5714285714285714,NC,1.0,14593.0
2025-03-24,0,1.0,NC,1.0,15496.0
2025-03-31,0,0.14285714285714285,NC,1.0,13865.0
2025-04-07,0,0.0,NC,1.0,13511.0
2025-04-14,0,0.14285714285714285,NC,1.0,14280.0
2025-04-21,0,1.0,NC,1.0,15887.0
2025-04-28,0,0.42857142857142855,NC,1.0,15021.0
2025-05-05,0,0.0,NC,1.0,13989.0
2025-05-12,0,0.0,NC,1.0,13862.0
2025-05-19,0,0.8571428571428571,NC,1.0,16053.0
2025-05-26,0,0.8571428571428571,NC,1.0,16266.0
2025-06-02,1,0.0,NC,1.0,15820.0
2025-06-09,1,0.0,NC,1.0,15888.0
2025-06-16,1,0.42857142857142855,NC,1.0,17046.0
2025-06-23,1,1.0,NC,1.0,18308.0
2025-06-30,1,0.14285714285714285,NC,1.0,16351.0
2025-07-07,1,0.0,NC,1.0,15715.0
2025-07-14,1,0.14285714285714285,NC,1.0,16282.0
2025-07-21,1,1.0,NC,1.0,18205.0
2025-07-28,1,0.5714285714285714,NC,1.0,17199.0
2025-08-04,1,0.0,NC,0.9986335434228935,15699.0
2025-08-11,1,0.0,NC,0.9972670868457869,15723.0
2025-08-18,0,0.7142857142857143,NC,0.9959006302686803,15643.0
2025-08-25,0,1.0,NC,0.9945341736915737,16210.0
2025-09-01,0,0.0,NC,0.9931677171144672,13845.0
2025-09-08,0,0.0,NC,0.9918012605373606,13856.0
2025-09-15,0,0.2857142857142857,NC,0.9904348039602541,14191.0
2025-09-22,0,1.0,NC,0.9890683473831475,15420.0
2025-09-29,0,0.2857142857142857,NC,0.9877018908060409,14171.0
2025-10-06,0,0.0,NC,0.9863354342289343,13350.0
2025-10-13,0,0.0,NC,0.9849689776518278,13394.0
2025-10-20,0,1.0,NC,0.9836025210747212,15365.0
2025-10-27,0,0.7142857142857143,NC,0.9822360644976147,14669.0
2025-11-03,0,0.0,NC,0.9808696079205081,14588.0
2025-11-10,0,0.0,NC,0.9795031513434015,14398.0
2025-11-17,0,0.5714285714285714,NC,0.978136694766295,15539.0
2025-11-24,0,1.0,NC,0.9767702381891884,16475.0
2025-12-01,0,0.0,NC,0.9754037816120819,14311.0
2025-12-08,0,0.0,NC,0.9740373250349753,14179.0
2025-12-15,0,0.2857142857142857,NC,0.9726708684578687,15011.0
2025-12-22,1,1.0,NC,0.9713044118807621,18458.0
2025-12-29,1,0.42857142857142855,NC,0.9699379553036556,16966.0
2026-01-05,1,0.0,NC,0.968571498726549,14724.0
2026-01-12,0,0.0,NC,0.9672050421494425,13266.0
2026-01-19,0,0.8571428571428571,NC,0.9658385855723359,14868.0
2026-01-26,0,0.8571428571428571,NC,0.9644721289952293,14913.0
2026-02-02,0,0.0,NC,0.9631056724181227,13435.0
2026-02-09,0,0.0,NC,0.9617392158410162,13693.0
2026-02-16,0,0.42857142857142855,NC,0.9603727592639096,14451.0
2026-02-23,0,0.8571428571428571,NC,0.9590063026868031,15626.0
2026-03-02,0,0.0,NC,0.9576398461096965,13892.0
2026-03-09,0,0.0,NC,0.9562733895325899,14119.0
2026-03-16,0,0.42857142857142855,NC,0.9549069329554833,15027.0
2026-03-23,0,1.0,NC,0.9535404763783768,16324.0
2026-03-30,0,0.2857142857142857,NC,0.9521740198012703,15047.0
2026-04-06,0,0.0,NC,0.9508075632241637,14631.0
2026-04-13,0,0.0,NC,0.9494411066470572,14400.0
2026-04-20,0,1.0,NC,0.9480746500699505,16973.0
2026-04-27,0,0.5714285714285714,NC,0.946708193492844,15931.0
2026-05-04,0,0.0,NC,0.9453417369157374,14912.0
2026-05-11,0,0.0,NC,0.9439752803386309,14915.0
2026-05-18,0,0.7142857142857143,NC,0.9426088237615243,16479.0
2026-05-25,0,1.0,NC,0.9412423671844177,17698.0
2026-06-01,1,0.0,NC,0.9398759106073111,16783.0
2026-06-08,1,0.0,NC,0.9385094540302046,16966.0
2026-06-15,1,0.2857142857142857,NC,0.937142997453098,17959.0
2026-06-22,1,1.0,NC,0.9357765408759915,19594.0
2026-06-29,1,0.2857142857142857,NC,0.934410084298885,17920.0
2026-07-06,1,0.0,NC,0.9330436277217783,17292.0
2026-07-13,1,0.0,NC,0.9316771711446717,17182.0
2026-07-20,1,1.0,NC,0.9303107145675652,19836.0
2026-07-27,1,0.7142857142857143,NC,0.9303107145675652,18759.0
2026-08-03,1,0.0,NC,0.9303107145675652,16966.0
2026-08-10,1,0.0,NC,0.9303107145675652,16996.0
2026-08-17,0,0.5714285714285714,NC,0.9303107145675652,16382.0
2026-08-24,0,1.0,NC,0.9303107145675652,17100.0
2026-08-31,0,0.14285714285714285,NC,0.9303107145675652,15147.0
2026-09-07,0,0.0,NC,0.9303107145675652,14668.0
2026-09-14,0,0.14285714285714285,NC,0.9303107145675652,14915.0
2026-09-21,0,1.0,NC,0.9303107145675652,16735.0
2019-01-07,0,0.0,ND,1.0,309.0
2019-01-14,0,0.14285714285714285,ND,1.0,319.0
2019-01-21,0,1.0,ND,1.0,359.0
2019-01-28,0,0.5714285714285714,ND,1.0,343.0
2019-02-04,0,0.0,ND,1.0,320.0
2019-02-11,0,0.0,ND,1.0,313.0
2019-02-18,0,0.7142857142857143,ND,1.0,349.0
2019-02-25,0,0.5714285714285714,ND,1.0,337.0
2019-03-04,0,0.0,ND,1.0,327.0
2019-03-11,0,0.0,ND,1.0,335.0
2019-03-18,0,0.7142857142857143,ND,1.0,365.0
2019-03-25,0,1.0,ND,1.0,384.0
2019-04-01,0,0.0,ND,1.0,339.0
2019-04-08,0,0.0,ND,1.0,333.0
2019-04-15,0,0.2857142857142857,ND,1.0,357.0
2019-04-22,0,1.0,ND,1.0,383.0
2019-04-29,0,0.2857142857142857,ND,1.0,356.0
2019-05-06,0,0.0,ND,1.0,341.0
2019-05-13,0,0.0,ND,1.0,342.0
2019-05-20,0,1.0,ND,1.0,399.0
2019-05-27,0,0.7142857142857143,ND,1.0,404.0
2019-06-03,1,0.0,ND,1.0,382.0
2019-06-10,1,0.0,ND,1.0,387.0
2019-06-17,1,0.5714285714285714,ND,1.0,428.0
2019-06-24,1,1.0,ND,1.0,453.0
2019-07-01,1,0.0,ND,1.0,387.0
2019-07-08,1,0.0,ND,1.0,391.0
2019-07-15,1,0.2857142857142857,ND,1.0,400.0
2019-07-22,1,1.0,ND,1.0,434.0
2019-07-29,1,0.42857142857142855,ND,1.0,414.0
2019-08-05,1,0.0,ND,1.0,385.0
2019-08-12,1,0.0,ND,1.0,391.0
2019-08-19,0,0.8571428571428571,ND,1.0,387.0
2019-08-26,0,0.8571428571428571,ND,1.0,371.0
2019-09-02,0,0.0,ND,1.0,325.0
2019-09-09,0,0.0,ND,1.0,328.0
2019-09-16,0,0.42857142857142855,ND,1.0,358.0
2019-09-23,0,1.0,ND,1.0,375.0
2019-09-30,0,0.14285714285714285,ND,1.0,331.0
2019-10-07,0,0.0,ND,1.0,319.0
2019-10-14,0,0.14285714285714285,ND,1.0,317.0
2019-10-21,0,1.0,ND,1.0,366.0
2019-10-28,0,0.5714285714285714,ND,1.0,340.0
2019-11-04,0,0.0,ND,1.0,345.0
2019-11-11,0,0.0,ND,1.0,331.0
2019-11-18,0,0.7142857142857143,ND,1.0,371.0
2019-11-25,0,0.8571428571428571,ND,1.0,380.0
2019-12-02,0,0.0,ND,1.0,333.0
2019-12-09,0,0.0,ND,1.0,343.0
2019-12-16,0,0.42857142857142855,ND,1.0,353.0
2019-12-23,1,1.0,ND,1.0,421.0
2019-12-30,1,0.2857142857142857,ND,1.0,387.0
2020-01-06,0,0.0,ND,1.0,307.0
2020-01-13,0,0.0,ND,1.0,308.0
2020-01-20,0,1.0,ND,1.0,351.0
2020-01-27,0,0.7142857142857143,ND,1.0,340.0
2020-02-03,0,0.0,ND,1.0,301.0
2020-02-10,0,0.0,ND,1.0,303.0
2020-02-17,0,0.5714285714285714,ND,1.0,342.0
2020-02-24,0,0.8571428571428571,ND,1.0,342.0
2020-03-02,0,0.0,ND,1.0,310.0
2020-03-09,0,0.0,ND,1.0,318.0
2020-03-16,0,0.42857142857142855,ND,1.0,333.0
2020-03-23,0,1.0,ND,1.0,372.0
2020-03-30,0,0.2857142857142857,ND,1.0,330.0
2020-04-06,0,0.0,ND,1.0,328.0
2020-04-13,0,0.0,ND,1.0,319.0
2020-04-20,0,1.0,ND,1.0,364.0
2020-04-27,0,0.5714285714285714,ND,1.0,350.0
2020-05-04,0,0.0,ND,1.0,327.0
2020-05-11,0,0.0,ND,1.0,330.0
2020-05-18,0,0.7142857142857143,ND,1.0,369.0
2020-05-25,0,1.0,ND,1.0,372.0
2020-06-01,1,0.0,ND,1.0,386.0
2020-06-08,1,0.0,ND,1.0,372.0
2020-06-15,1,0.2857142857142857,ND,1.0,391.0
2020-06-22,1,1.0,ND,1.0,423.0
2020-06-29,1,0.2857142857142857,ND,1.0,378.0
2020-07-06,1,0.0,ND,1.0,376.0
2020-07-13,1,0.0,ND,1.0,365.0
2020-07-20,1,1.0,ND,1.0,433.0
2020-07-27,1,0.7142857142857143,ND,1.0,414.0
2020-08-03,1,0.0,ND,1.0,370.0
2020-08-10,1,0.0,ND,1.0,363.0
2020-08-17,0,0.5714285714285714,ND,1.0,353.0
2020-08-24,0,1.0,ND,1.0,366.0
2020-08-31,0,0.14285714285714285,ND,1.0,319.0
2020-09-07,0,0.0,ND,1.0,319.0
2020-09-14,0,0.14285714285714285,ND,1.0,329.0
2020-09-21,0,1.0,ND,1.0,347.0
2020-09-28,0,0.42857142857142855,ND,1.0,327.0
2020-10-05,0,0.0,ND,1.0,312.0
2020-10-12,0,0.0,ND,1.0,300.0
2020-10-19,0,0.8571428571428571,ND,1.0,333.0
2020-10-26,0,0.8571428571428571,ND,1.0,345.0
2020-11-02,0,0.0,ND,1.0,329.0
2020-11-09,0,0.0,ND,1.0,326.0
2020-11-16,0,0.42857142857142855,ND,1.0,342.0
2020-11-23,0,1.0,ND,1.0,361.0
2020-11-30,0,0.14285714285714285,ND,1.0,328.0
2020-12-07,0,0.0,ND,1.0,324.0
2020-12-14,0,0.14285714285714285,ND,1.0,322.0
2020-12-21,1,1.0,ND,1.0,417.0
2020-12-28,1,0.5714285714285714,ND,1.0,387.0
2021-01-04,1,0.0,ND,1.0,324.0
2021-01-11,0,0.0,ND,1.0,291.0
2021-01-18,0,0.7142857142857143,ND,1.0,324.0
2021-01-25,0,1.0,ND,1.0,344.0
2021-02-01,0,0.0,ND,1.0,297.0
2021-02-08,0,0.0,ND,1.0,290.0
2021-02-15,0,0.2857142857142857,ND,1.0,315.0
2021-02-22,0,1.0,ND,1.0,337.0
2021-03-01,0,0.0,ND,1.0,309.0
2021-03-08,0,0.0,ND,1.0,292.0
2021-03-15,0,0.2857142857142857,ND,1.0,316.0
2021-03-22,0,1.0,ND,1.0,350.0
2021-03-29,0,0.42857142857142855,ND,1.0,330.0
2021-04-05,0,0.0,ND,1.0,313.0
2021-04-12,0,0.0,ND,1.0,304.0
2021-04-19,0,0.8571428571428571,ND,1.0,355.0
2021-04-26,0,0.7142857142857143,ND,1.0,350.0
2021-05-03,0,0.0,ND,1.0,315.0
2021-05-10,0,0.0,ND,1.0,312.0
2021-05-17,0,0.5714285714285714,ND,1.0,348.0
2021-05-24,0,1.0,ND,1.0,368.0
2021-05-31,0,0.14285714285714285,ND,1.0,330.0
2021-06-07,1,0.0,ND,1.0,372.0
2021-06-14,1,0.14285714285714285,ND,1.0,363.0
2021-06-21,1,1.0,ND,1.0,408.0
2021-06-28,1,0.42857142857142855,ND,1.0,367.0
2021-07-05,1,0.0,ND,1.0,364.0
2021-07-12,1,0.0,ND,1.0,369.0
2021-07-19,1,0.8571428571428571,ND,1.0,418.0
2021-07-26,1,0.8571428571428571,ND,1.0,417.0
2021-08-02,1,0.0,ND,1.0,379.0
2021-08-09,1,0.0,ND,1.0,377.0
2021-08-16,0,0.42857142857142855,ND,1.0,347.0
2021-08-23,0,1.0,ND,1.0,387.0
2021-08-30,0,0.2857142857142857,ND,1.0,343.0
2021-09-06,0,0.0,ND,1.0,331.0
2021-09-13,0,0.0,ND,1.0,329.0
2021-09-20,0,1.0,ND,1.0,383.0
2021-09-27,0,0.5714285714285714,ND,1.0,362.0
2021-10-04,0,0.0,ND,1.0,340.0
2021-10-11,0,0.0,ND,1.0,334.0
2021-10-18,0,0.7142857142857143,ND,1.0,377.0
2021-10-25,0,1.0,ND,1.0,383.0
2021-11-01,0,0.0,ND,1.0,375.0
2021-11-08,0,0.0,ND,1.0,380.0
2021-11-15,0,0.2857142857142857,ND,1.0,381.0
2021-11-22,0,1.0,ND,1.0,424.0
2021-11-29,0,0.2857142857142857,ND,1.0,400.0
2021-12-06,0,0.0,ND,1.0,376.0
2021-12-13,0,0.0,ND,1.0,377.0
2021-12-20,1,1.0,ND,1.0,487.0
2021-12-27,1,0.7142857142857143,ND,1.0,488.0
2022-01-03,1,0.0,ND,1.0,400.0
2022-01-10,0,0.0,ND,1.0,358.0
2022-01-17,0,0.5714285714285714,ND,1.0,403.0
2022-01-24,0,1.0,ND,1.0,419.0
2022-01-31,0,0.14285714285714285,ND,1.0,393.0
2022-02-07,0,0.0,ND,1.0,383.0
2022-02-14,0,0.14285714285714285,ND,1.0,393.0
2022-02-21,0,1.0,ND,1.0,454.0
2022-02-28,0,0.14285714285714285,ND,1.0,408.0
2022-03-07,0,0.0,ND,1.0,407.0
2022-03-14,0,0.14285714285714285,ND,1.0,424.0
2022-03-21,0,1.0,ND,1.0,461.0
2022-03-28,0,0.5714285714285714,ND,1.0,446.0
2022-04-04,0,0.0,ND,1.0,416.0
2022-04-11,0,0.0,ND,1.0,432.0
2022-04-18,0,0.7142857142857143,ND,1.0,492.0
2022-04-25,0,0.8571428571428571,ND,1.0,499.0
2022-05-02,0,0.0,ND,1.0,453.0
2022-05-09,0,0.0,ND,1.0,459.0
2022-05-16,0,0.42857142857142855,ND,1.0,502.0
2022-05-23,0,1.0,ND,1.0,542.0
2022-05-30,0,0.2857142857142857,ND,1.0,494.0
2022-06-06,1,0.0,ND,1.0,526.0
2022-06-13,1,0.0,ND,1.0,534.0
2022-06-20,1,1.0,ND,1.0,630.0
2022-06-27,1,0.5714285714285714,ND,1.0,584.0
2022-07-04,1,0.0,ND,1.0,549.0
2022-07-11,1,0.0,ND,1.0,540.0
2022-07-18,1,0.7142857142857143,ND,1.0,594.0
2022-07-25,1,1.0,ND,1.0,627.0
2022-08-01,1,0.0,ND,1.0,545.0
2022-08-08,1,0.0,ND,1.0,528.0
2022-08-15,0,0.2857142857142857,ND,1.0,518.0
2022-08-22,0,1.0,ND,1.0,553.0
2022-08-29,0,0.42857142857142855,ND,1.0,509.0
2022-09-05,0,0.0,ND,1.0,485.0
2022-09-12,0,0.0,ND,1.0,465.0
2022-09-19,0,0.8571428571428571,ND,1.0,539.0
2022-09-26,0,0.7142857142857143,ND,1.0,531.0
2022-10-03,0,0.0,ND,1.0,480.0
2022-10-10,0,0.0,ND,1.0,476.0
2022-10-17,0,0.5714285714285714,ND,1.0,494.0
2022-10-24,0,1.0,ND,1.0,541.0
2022-10-31,0,0.14285714285714285,ND,1.0,480.0
2022-11-07,0,0.0,ND,1.0,498.0
2022-11-14,0,0.14285714285714285,ND,1.0,525.0
2022-11-21,0,1.0,ND,1.0,589.0
2022-11-28,0,0.42857142857142855,ND,1.0,552.0
2022-12-05,0,0.0,ND,1.0,506.0
2022-12-12,0,0.0,ND,1.0,501.0
2022-12-19,0,0.8571428571428571,ND,1.0,590.0
2022-12-26,1,0.8571428571428571,ND,1.0,657.0
2023-01-02,1,0.0,ND,1.0,537.0
2023-01-09,0,0.0,ND,1.0,464.0
2023-01-16,0,0.42857142857142855,ND,1.0,509.0
2023-01-23,0,1.0,ND,1.0,552.0
2023-01-30,0,0.2857142857142857,ND,1.0,482.0
2023-02-06,0,0.0,ND,1.0,487.0
2023-02-13,0,0.0,ND,1.0,498.0
2023-02-20,0,1.0,ND,1.0,574.0
2023-02-27,0,0.2857142857142857,ND,1.0,513.0
2023-03-06,0,0.0,ND,1.0,505.0
2023-03-13,0,0.0,ND,1.0,526.0
2023-03-20,0,1.0,ND,1.0,591.0
2023-03-27,0,0.7142857142857143,ND,1.0,587.0
2023-04-03,0,0.0,ND,1.0,525.0
2023-04-10,0,0.0,ND,1.0,534.0
2023-04-17,0,0.5714285714285714,ND,1.0,584.0
2023-04-24,0,1.0,ND,1.0,610.0
2023-05-01,0,0.0,ND,1.0,552.0
2023-05-08,0,0.0,ND,1.0,552.0
2023-05-15,0,0.2857142857142857,ND,1.0,581.0
2023-05-22,0,1.0,ND,1.0,637.0
2023-05-29,0,0.42857142857142855,ND,1.0,624.0
2023-06-05,1,0.0,ND,1.0,624.0
2023-06-12,1,0.0,ND,1.0,617.0
2023-06-19,1,0.8571428571428571,ND,1.0,720.0
2023-06-26,1,0.7142857142857143,ND,1.0,705.0
2023-07-03,1,0.0,ND,1.0,652.0
2023-07-10,1,0.0,ND,1.0,636.0
2023-07-17,1,0.5714285714285714,ND,1.0,720.0
2023-07-24,1,1.0,ND,1.0,764.0
2023-07-31,1,0.14285714285714285,ND,1.0,624.0
2023-08-07,1,0.0,ND,1.0,621.0
2023-08-14,1,0.14285714285714285,ND,1.0,667.0
2023-08-21,0,1.0,ND,1.0,686.0
2023-08-28,0,0.5714285714285714,ND,1.0,612.0
2023-09-04,0,0.0,ND,1.0,558.0
2023-09-11,0,0.0,ND,1.0,561.0
2023-09-18,0,0.7142857142857143,ND,1.0,628.0
2023-09-25,0,0.8571428571428571,ND,1.0,618.0
2023-10-02,0,0.0,ND,1.0,558.0
2023-10-09,0,0.0,ND,1.0,554.0
2023-10-16,0,0.42857142857142855,ND,1.0,597.0
2023-10-23,0,1.0,ND,1.0,632.0
2023-10-30,0,0.2857142857142857,ND,1.0,563.0
2023-11-06,0,0.0,ND,1.0,593.0
2023-11-13,0,0.0,ND,1.0,607.0
2023-11-20,0,1.0,ND,1.0,703.0
2023-11-27,0,0.5714285714285714,ND,1.0,660.0
2023-12-04,0,0.0,ND,1.0,593.0
2023-12-11,0,0.0,ND,1.0,614.0
2023-12-18,0,0.7142857142857143,ND,1.0,678.0
2023-12-25,1,1.0,ND,1.0,809.0
2024-01-01,1,0.0,ND,1.0,620.0
2024-01-08,0,0.0,ND,1.0,553.0
2024-01-15,0,0.2857142857142857,ND,1.0,586.0
2024-01-22,0,1.0,ND,1.0,661.0
2024-01-29,0,0.42857142857142855,ND,1.0,604.0
2024-02-05,0,0.0,ND,1.0,572.0
2024-02-12,0,0.0,ND,1.0,575.0
2024-02-19,0,0.8571428571428571,ND,1.0,647.0
2024-02-26,0,0.5714285714285714,ND,1.0,646.0
2024-03-04,0,0.0,ND,1.0,617.0
2024-03-11,0,0.0,ND,1.0,584.0
2024-03-18,0,0.7142857142857143,ND,1.0,685.0
2024-03-25,0,1.0,ND,1.0,716.0
2024-04-01,0,0.0,ND,1.0,621.0
2024-04-08,0,0.0,ND,1.0,621.0
2024-04-15,0,0.2857142857142857,ND,1.0,673.0
2024-04-22,0,1.0,ND,1.0,744.0
2024-04-29,0,0.2857142857142857,ND,1.0,671.0
2024-05-06,0,0.0,ND,1.0,666.0
2024-05-13,0,0.0,ND,1.0,647.0
2024-05-20,0,1.0,ND,1.0,767.0
2024-05-27,0,0.7142857142857143,ND,1.0,729.0
2024-06-03,1,0.0,ND,1.0,735.0
2024-06-10,1,0.0,ND,1.0,748.0
2024-06-17,1,0.5714285714285714,ND,1.0,841.0
2024-06-24,1,1.0,ND,1.0,862.0
2024-07-01,1,0.0,ND,1.0,770.0
2024-07-08,1,0.0,ND,1.0,762.0
2024-07-15,1,0.2857142857142857,ND,1.0,810.0
2024-07-22,1,1.0,ND,1.0,897.0
2024-07-29,1,0.42857142857142855,ND,1.0,798.0
2024-08-05,1,0.0,ND,1.0,754.0
2024-08-12,1,0.0,ND,1.0,752.0
2024-08-19,0,0.8571428571428571,ND,1.0,755.0
2024-08-26,0,0.8571428571428571,ND,1.0,739.0
2024-09-02,0,0.0,ND,1.0,651.0
2024-09-09,0,0.0,ND,1.0,653.0
2024-09-16,0,0.42857142857142855,ND,1.0,695.0
2024-09-23,0,1.0,ND,1.0,727.0
2024-09-30,0,0.14285714285714285,ND,1.0,660.0
2024-10-07,0,0.0,ND,1.0,622.0
2024-10-14,0,0.14285714285714285,ND,1.0,632.0
2024-10-21,0,1.0,ND,1.0,689.0
2024-10-28,0,0.5714285714285714,ND,1.0,647.0
2024-11-04,0,0.0,ND,1.0,654.0
2024-11-11,0,0.0,ND,1.0,667.0
2024-11-18,0,0.7142857142857143,ND,1.0,744.0
2024-11-25,0,0.8571428571428571,ND,1.0,747.0
2024-12-02,0,0.0,ND,1.0,664.0
2024-12-09,0,0.0,ND,1.0,681.0
2024-12-16,0,0.42857142857142855,ND,1.0,730.0
2024-12-23,1,1.0,ND,1.0,829.0
2024-12-30,1,0.2857142857142857,ND,1.0,766.0
2025-01-06,0,0.0,ND,1.0,620.0
2025-01-13,0,0.0,ND,1.0,616.0
2025-01-20,0,1.0,ND,1.0,722.0
2025-01-27,0,0.7142857142857143,ND,1.0,662.0
2025-02-03,0,0.0,ND,1.0,599.0
2025-02-10,0,0.0,ND,1.0,633.0
2025-02-17,0,0.5714285714285714,ND,1.0,661.0
2025-02-24,0,0.7142857142857143,ND,1.0,690.0
2025-03-03,0,0.0,ND,1.0,636.0
2025-03-10,0,0.0,ND,1.0,642.0
2025-03-17,0,0.5714285714285714,ND,1.0,690.0
2025-03-24,0,1.0,ND,1.0,767.0
2025-03-31,0,0.14285714285714285,ND,1.0,662.0
2025-04-07,0,0.0,ND,1.0,628.0
2025-04-14,0,0.14285714285714285,ND,1.0,679.0
2025-04-21,0,1.0,ND,1.0,765.0
2025-04-28,0,0.42857142857142855,ND,1.0,702.0
2025-05-05,0,0.0,ND,1.0,651.0
2025-05-12,0,0.0,ND,1.0,711.0
2025-05-19,0,0.8571428571428571,ND,1.0,785.0
2025-05-26,0,0.8571428571428571,ND,1.0,755.0
2025-06-02,1,0.0,ND,1.0,769.0
2025-06-09,1,0.0,ND,1.0,769.0
2025-06-16,1,0.42857142857142855,ND,1.0,808.0
2025-06-23,1,1.0,ND,1.0,907.0
2025-06-30,1,0.14285714285714285,ND,1.0,749.0
2025-07-07,1,0.0,ND,1.0,749.0
2025-07-14,1,0.14285714285714285,ND,1.0,769.0
2025-07-21,1,1.0,ND,1.0,858.0
2025-07-28,1,0.5714285714285714,ND,1.0,828.0
2025-08-04,1,0.0,ND,0.998684994470532,738.0
2025-08-11,1,0.0,ND,0.997369988941064,761.0
2025-08-18,0,0.7142857142857143,ND,0.996054983411596,739.0
2025-08-25,0,1.0,ND,0.9947399778821281,776.0
2025-09-01,0,0.0,ND,0.99342497235266,663.0
2025-09-08,0,0.0,ND,0.9921099668231921,666.0
2025-09-15,0,0.2857142857142857,ND,0.9907949612937241,656.0
2025-09-22,0,1.0,ND,0.9894799557642561,735.0
2025-09-29,0,0.2857142857142857,ND,0.9881649502347881,688.0
2025-10-06,0,0.0,ND,0.9868499447053202,638.0
2025-10-13,0,0.0,ND,0.9855349391758522,637.0
2025-10-20,0,1.0,ND,0.9842199336463842,747.0
2025-10-27,0,0.7142857142857143,ND,0.9829049281169162,701.0
2025-11-03,0,0.0,ND,0.9815899225874483,692.0
2025-11-10,0,0.0,ND,0.9802749170579802,681.0
2025-11-17,0,0.5714285714285714,ND,0.9789599115285122,733.0
2025-11-24,0,1.0,ND,0.9776449059990443,798.0
2025-12-01,0,0.0,ND,0.9763299004695762,683.0
2025-12-08,0,0.0,ND,0.9750148949401083,696.0
2025-12-15,0,0.2857142857142857,ND,0.9736998894106403,715.0
2025-12-22,1,1.0,ND,0.9723848838811723,884.0
2025-12-29,1,0.42857142857142855,ND,0.9710698783517043,819.0
2026-01-05,1,0.0,ND,0.9697548728222364,699.0
2026-01-12,0,0.0,ND,0.9684398672927683,628.0
2026-01-19,0,0.8571428571428571,ND,0.9671248617633004,701.0
2026-01-26,0,0.8571428571428571,ND,0.9658098562338324,713.0
2026-02-02,0,0.0,ND,0.9644948507043645,625.0
2026-02-09,0,0.0,ND,0.9631798451748964,636.0
2026-02-16,0,0.42857142857142855,ND,0.9618648396454285,710.0
2026-02-23,0,0.8571428571428571,ND,0.9605498341159605,744.0
2026-03-02,0,0.0,ND,0.9592348285864924,657.0
2026-03-09,0,0.0,ND,0.9579198230570245,667.0
2026-03-16,0,0.42857142857142855,ND,0.9566048175275566,733.0
2026-03-23,0,1.0,ND,0.9552898119980885,782.0
2026-03-30,0,0.2857142857142857,ND,0.9539748064686205,719.0
2026-04-06,0,0.0,ND,0.9526598009391526,677.0
2026-04-13,0,0.0,ND,0.9513447954096845,711.0
2026-04-20,0,1.0,ND,0.9500297898802166,793.0
2026-04-27,0,0.5714285714285714,ND,0.9487147843507486,749.0
2026-05-04,0,0.0,ND,0.9473997788212806,706.0
2026-05-11,0,0.0,ND,0.9460847732918126,736.0
2026-05-18,0,0.7142857142857143,ND,0.9447697677623447,787.0
2026-05-25,0,1.0,ND,0.9434547622328766,854.0
2026-06-01,1,0.0,ND,0.9421397567034087,831.0
2026-06-08,1,0.0,ND,0.9408247511739407,787.0
2026-06-15,1,0.2857142857142857,ND,0.9395097456444728,846.0
2026-06-22,1,1.0,ND,0.9381947401150047,953.0
2026-06-29,1,0.2857142857142857,ND,0.9368797345855367,854.0
2026-07-06,1,0.0,ND,0.9355647290560688,856.0
2026-07-13,1,0.0,ND,0.9342497235266007,806.0
2026-07-20,1,1.0,ND,0.9329347179971328,915.0
2026-07-27,1,0.7142857142857143,ND,0.9329347179971328,917.0
2026-08-03,1,0.0,ND,0.9329347179971328,820.0
2026-08-10,1,0.0,ND,0.9329347179971328,781.0
2026-08-17,0,0.5714285714285714,ND,0.9329347179971328,779.0
2026-08-24,0,1.0,ND,0.9329347179971328,804.0
2026-08-31,0,0.14285714285714285,ND,0.9329347179971328,730.0
2026-09-07,0,0.0,ND,0.9329347179971328,677.0
2026-09-14,0,0.14285714285714285,ND,0.9329347179971328,697.0
2026-09-21,0,1.0,ND,0.9329347179971328,824.0
2019-01-07,0,0.0,NE,1.0,1591.0
2019-01-14,0,0.14285714285714285,NE,1.0,1628.0
2019-01-21,0,1.0,NE,1.0,1862.0
2019-01-28,0,0.5714285714285714,NE,1.0,1747.0
2019-02-04,0,0.0,NE,1.0,1624.0
2019-02-11,0,0.0,NE,1.0,1699.0
2019-02-18,0,0.7142857142857143,NE,1.0,1850.0
2019-02-25,0,0.5714285714285714,NE,1.0,1817.0
2019-03-04,0,0.0,NE,1.0,1674.0
2019-03-11,0,0.0,NE,1.0,1678.0
2019-03-18,0,0.7142857142857143,NE,1.0,1885.0
2019-03-25,0,1.0,NE,1.0,1947.0
2019-04-01,0,0.0,NE,1.0,1739.0
2019-04-08,0,0.0,NE,1.0,1725.0
2019-04-15,0,0.2857142857142857,NE,1.0,1899.0
2019-04-22,0,1.0,NE,1.0,2072.0
2019-04-29,0,0.2857142857142857,NE,1.0,1804.0
2019-05-06,0,0.0,NE,1.0,1797.0
2019-05-13,0,0.0,NE,1.0,1733.0
2019-05-20,0,1.0,NE,1.0,1966.0
2019-05-27,0,0.7142857142857143,NE,1.0,1997.0
2019-06-03,1,0.0,NE,1.0,1992.0
2019-06-10,1,0.0,NE,1.0,1998.0
2019-06-17,1,0.5714285714285714,NE,1.0,2230.0
2019-06-24,1,1.0,NE,1.0,2221.0
2019-07-01,1,0.0,NE,1.0,2018.0
2019-07-08,1,0.0,NE,1.0,2041.0
2019-07-15,1,0.2857142857142857,NE,1.0,2052.0
2019-07-22,1,1.0,NE,1.0,2248.0
2019-07-29,1,0.42857142857142855,NE,1.0,2103.0
2019-08-05,1,0.0,NE,1.0,1990.0
2019-08-12,1,0.0,NE,1.0,1913.0
2019-08-19,0,0.8571428571428571,NE,1.0,1944.0
2019-08-26,0,0.8571428571428571,NE,1.0,1957.0
2019-09-02,0,0.0,NE,1.0,1641.0
2019-09-09,0,0.0,NE,1.0,1663.0
2019-09-16,0,0.42857142857142855,NE,1.0,1798.0
2019-09-23,0,1.0,NE,1.0,1871.0
2019-09-30,0,0.14285714285714285,NE,1.0,1711.0
2019-10-07,0,0.0,NE,1.0,1648.0
2019-10-14,0,0.14285714285714285,NE,1.0,1639.0
2019-10-21,0,1.0,NE,1.0,1818.0
2019-10-28,0,0.5714285714285714,NE,1.0,1657.0
2019-11-04,0,0.0,NE,1.0,1739.0
2019-11-11,0,0.0,NE,1.0,1721.0
2019-11-18,0,0.7142857142857143,NE,1.0,1871.0
2019-11-25,0,0.8571428571428571,NE,1.0,1915.0
2019-12-02,0,0.0,NE,1.0,1638.0
2019-12-09,0,0.0,NE,1.0,1681.0
2019-12-16,0,0.42857142857142855,NE,1.0,1760.0
2019-12-23,1,1.0,NE,1.0,2168.0
2019-12-30,1,0.2857142857142857,NE,1.0,1958.0
2020-01-06,0,0.0,NE,1.0,1496.0
2020-01-13,0,0.0,NE,1.0,1486.0
2020-01-20,0,1.0,NE,1.0,1712.0
2020-01-27,0,0.7142857142857143,NE,1.0,1678.0
2020-02-03,0,0.0,NE,1.0,1520.0
2020-02-10,0,0.0,NE,1.0,1573.0
2020-02-17,0,0.5714285714285714,NE,1.0,1699.0
2020-02-24,0,0.8571428571428571,NE,1.0,1691.0
2020-03-02,0,0.0,NE,1.0,1529.0
2020-03-09,0,0.0,NE,1.0,1512.0
2020-03-16,0,0.42857142857142855,NE,1.0,1663.0
2020-03-23,0,1.0,NE,1.0,1814.0
2020-03-30,0,0.2857142857142857,NE,1.0,1638.0
2020-04-06,0,0.0,NE,1.0,1528.0
2020-04-13,0,0.0,NE,1.0,1598.0
2020-04-20,0,1.0,NE,1.0,1856.0
2020-04-27,0,0.5714285714285714,NE,1.0,1741.0
2020-05-04,0,0.0,NE,1.0,1526.0
2020-05-11,0,0.0,NE,1.0,1606.0
2020-05-18,0,0.7142857142857143,NE,1.0,1821.0
2020-05-25,0,1.0,NE,1.0,1866.0
2020-06-01,1,0.0,NE,1.0,1785.0
2020-06-08,1,0.0,NE,1.0,1813.0
2020-06-15,1,0.2857142857142857,NE,1.0,1870.0
2020-06-22,1,1.0,NE,1.0,2061.0
2020-06-29,1,0.2857142857142857,NE,1.0,1911.0
2020-07-06,1,0.0,NE,1.0,1745.0
2020-07-13,1,0.0,NE,1.0,1819.0
2020-07-20,1,1.0,NE,1.0,2057.0
2020-07-27,1,0.7142857142857143,NE,1.0,2006.0
2020-08-03,1,0.0,NE,1.0,1726.0
2020-08-10,1,0.0,NE,1.0,1713.0
2020-08-17,0,0.5714285714285714,NE,1.0,1657.0
2020-08-24,0,1.0,NE,1.0,1794.0
2020-08-31,0,0.14285714285714285,NE,1.0,1590.0
2020-09-07,0,0.0,NE,1.0,1541.0
2020-09-14,0,0.14285714285714285,NE,1.0,1522.0
2020-09-21,0,1.0,NE,1.0,1682.0
2020-09-28,0,0.42857142857142855,NE,1.0,1577.0
2020-10-05,0,0.0,NE,1.0,1439.0
2020-10-12,0,0.0,NE,1.0,1482.0
2020-10-19,0,0.8571428571428571,NE,1.0,1572.0
2020-10-26,0,0.8571428571428571,NE,1.0,1642.0
2020-11-02,0,0.0,NE,1.0,1560.0
2020-11-09,0,0.0,NE,1.0,1587.0
2020-11-16,0,0.42857142857142855,NE,1.0,1619.0
2020-11-23,0,1.0,NE,1.0,1837.0
2020-11-30,0,0.14285714285714285,NE,1.0,1524.0
2020-12-07,0,0.0,NE,1.0,1464.0
2020-12-14,0,0.14285714285714285,NE,1.0,1587.0
2020-12-21,1,1.0,NE,1.0,2002.0
2020-12-28,1,0.5714285714285714,NE,1.0,1818.0
2021-01-04,1,0.0,NE,1.0,1547.0
2021-01-11,0,0.0,NE,1.0,1396.0
2021-01-18,0,0.7142857142857143,NE,1.0,1491.0
2021-01-25,0,1.0,NE,1.0,1603.0
2021-02-01,0,0.0,NE,1.0,1410.0
2021-02-08,0,0.0,NE,1.0,1416.0
2021-02-15,0,0.2857142857142857,NE,1.0,1551.0
2021-02-22,0,1.0,NE,1.0,1618.0
2021-03-01,0,0.0,NE,1.0,1380.0
2021-03-08,0,0.0,NE,1.0,1403.0
2021-03-15,0,0.2857142857142857,NE,1.0,1459.0
2021-03-22,0,1.0,NE,1.0,1660.0
2021-03-29,0,0.42857142857142855,NE,1.0,1542.0
2021-04-05,0,0.0,NE,1.0,1466.0
2021-04-12,0,0.0,NE,1.0,1488.0
2021-04-19,0,0.8571428571428571,NE,1.0,1706.0
2021-04-26,0,0.7142857142857143,NE,1.0,1698.0
2021-05-03,0,0.0,NE,1.0,1503.0
2021-05-10,0,0.0,NE,1.0,1467.0
2021-05-17,0,0.5714285714285714,NE,1.0,1684.0
2021-05-24,0,1.0,NE,1.0,1769.0
2021-05-31,0,0.14285714285714285,NE,1.0,1530.0
2021-06-07,1,0.0,NE,1.0,1716.0
2021-06-14,1,0.14285714285714285,NE,1.0,1775.0
2021-06-21,1,1.0,NE,1.0,1978.0
2021-06-28,1,0.42857142857142855,NE,1.0,1880.0
2021-07-05,1,0.0,NE,1.0,1658.0
2021-07-12,1,0.0,NE,1.0,1728.0
2021-07-19,1,0.8571428571428571,NE,1.0,1991.0
2021-07-26,1,0.8571428571428571,NE,1.0,1945.0
2021-08-02,1,0.0,NE,1.0,1732.0
2021-08-09,1,0.0,NE,1.0,1784.0
2021-08-16,0,0.42857142857142855,NE,1.0,1678.0
2021-08-23,0,1.0,NE,1.0,1798.0
2021-08-30,0,0.2857142857142857,NE,1.0,1640.0
2021-09-06,0,0.0,NE,1.0,1580.0
2021-09-13,0,0.0,NE,1.0,1514.0
2021-09-20,0,1.0,NE,1.0,1775.0
2021-09-27,0,0.5714285714285714,NE,1.0,1703.0
2021-10-04,0,0.0,NE,1.0,1618.0
2021-10-11,0,0.0,NE,1.0,1533.0
2021-10-18,0,0.7142857142857143,NE,1.0,1726.0
2021-10-25,0,1.0,NE,1.0,1716.0
2021-11-01,0,0.0,NE,1.0,1719.0
2021-11-08,0,0.0,NE,1.0,1769.0
2021-11-15,0,0.2857142857142857,NE,1.0,1699.0
2021-11-22,0,1.0,NE,1.0,1951.0
2021-11-29,0,0.2857142857142857,NE,1.0,1804.0
2021-12-06,0,0.0,NE,1.0,1752.0
2021-12-13,0,0.0,NE,1.0,1747.0
2021-12-20,1,1.0,NE,1.0,2248.0
2021-12-27,1,0.7142857142857143,NE,1.0,2135.0
2022-01-03,1,0.0,NE,1.0,1796.0
2022-01-10,0,0.0,NE,1.0,1650.0
2022-01-17,0,0.5714285714285714,NE,1.0,1807.0
2022-01-24,0,1.0,NE,1.0,1889.0
2022-01-31,0,0.14285714285714285,NE,1.0,1757.0
2022-02-07,0,0.0,NE,1.0,1723.0
2022-02-14,0,0.14285714285714285,NE,1.0,1723.0
2022-02-21,0,1.0,NE,1.0,1968.0
2022-02-28,0,0.14285714285714285,NE,1.0,1855.0
2022-03-07,0,0.0,NE,1.0,1740.0
2022-03-14,0,0.14285714285714285,NE,1.0,1835.0
2022-03-21,0,1.0,NE,1.0,2157.0
2022-03-28,0,0.5714285714285714,NE,1.0,1988.0
2022-04-04,0,0.0,NE,1.0,1955.0
2022-04-11,0,0.0,NE,1.0,1902.0
2022-04-18,0,0.7142857142857143,NE,1.0,2153.0
2022-04-25,0,0.8571428571428571,NE,1.0,2131.0
2022-05-02,0,0.0,NE,1.0,1953.0
2022-05-09,0,0.0,NE,1.0,1975.0
2022-05-16,0,0.42857142857142855,NE,1.0,2165.0
2022-05-23,0,1.0,NE,1.0,2384.0
2022-05-30,0,0.2857142857142857,NE,1.0,2097.0
2022-06-06,1,0.0,NE,1.0,2215.0
2022-06-13,1,0.0,NE,1.0,2320.0
2022-06-20,1,1.0,NE,1.0,2640.0
2022-06-27,1,0.5714285714285714,NE,1.0,2596.0
2022-07-04,1,0.0,NE,1.0,2347.0
2022-07-11,1,0.0,NE,1.0,2368.0
2022-07-18,1,0.7142857142857143,NE,1.0,2589.0
2022-07-25,1,1.0,NE,1.0,2779.0
2022-08-01,1,0.0,NE,1.0,2273.0
2022-08-08,1,0.0,NE,1.0,2224.0
2022-08-15,0,0.2857142857142857,NE,1.0,2181.0
2022-08-22,0,1.0,NE,1.0,2362.0
2022-08-29,0,0.42857142857142855,NE,1.0,2227.0
2022-09-05,0,0.0,NE,1.0,1972.0
2022-09-12,0,0.0,NE,1.0,2056.0
2022-09-19,0,0.8571428571428571,NE,1.0,2223.0
2022-09-26,0,0.7142857142857143,NE,1.0,2246.0
2022-10-03,0,0.0,NE,1.0,1954.0
2022-10-10,0,0.0,NE,1.0,1947.0
2022-10-17,0,0.5714285714285714,NE,1.0,2157.0
2022-10-24,0,1.0,NE,1.0,2262.0
2022-10-31,0,0.14285714285714285,NE,1.0,1935.0
2022-11-07,0,0.0,NE,1.0,2112.0
2022-11-14,0,0.14285714285714285,NE,1.0,2185.0
2022-11-21,0,1.0,NE,1.0,2448.0
2022-11-28,0,0.42857142857142855,NE,1.0,2288.0
2022-12-05,0,0.0,NE,1.0,2166.0
2022-12-12,0,0.0,NE,1.0,2085.0
2022-12-19,0,0.8571428571428571,NE,1.0,2414.0
2022-12-26,1,0.8571428571428571,NE,1.0,2670.0
2023-01-02,1,0.0,NE,1.0,2188.0
2023-01-09,0,0.0,NE,1.0,1887.0
2023-01-16,0,0.42857142857142855,NE,1.0,2085.0
2023-01-23,0,1.0,NE,1.0,2277.0
2023-01-30,0,0.2857142857142857,NE,1.0,2053.0
2023-02-06,0,0.0,NE,1.0,1960.0
2023-02-13,0,0.0,NE,1.0,2005.0
2023-02-20,0,1.0,NE,1.0,2388.0
2023-02-27,0,0.2857142857142857,NE,1.0,2044.0
2023-03-06,0,0.0,NE,1.0,2106.0
2023-03-13,0,0.0,NE,1.0,2076.0
2023-03-20,0,1.0,NE,1.0,2313.0
2023-03-27,0,0.7142857142857143,NE,1.0,2349.0
2023-04-03,0,0.0,NE,1.0,2115.0
2023-04-10,0,0.0,NE,1.0,2140.0
2023-04-17,0,0.5714285714285714,NE,1.0,2323.0
2023-04-24,0,1.0,NE,1.0,2468.0
2023-05-01,0,0.0,NE,1.0,2104.0
2023-05-08,0,0.0,NE,1.0,2270.0
2023-05-15,0,0.2857142857142857,NE,1.0,2286.0
2023-05-22,0,1.0,NE,1.0,2583.0
2023-05-29,0,0.42857142857142855,NE,1.0,2378.0
2023-06-05,1,0.0,NE,1.0,2456.0
2023-06-12,1,0.0,NE,1.0,2520.0
2023-06-19,1,0.8571428571428571,NE,1.0,2829.0
2023-06-26,1,0.7142857142857143,NE,1.0,2742.0
2023-07-03,1,0.0,NE,1.0,2485.0
2023-07-10,1,0.0,NE,1.0,2595.0
2023-07-17,1,0.5714285714285714,NE,1.0,2797.0
2023-07-24,1,1.0,NE,1.0,2933.0
2023-07-31,1,0.14285714285714285,NE,1.0,2686.0
2023-08-07,1,0.0,NE,1.0,2630.0
2023-08-14,1,0.14285714285714285,NE,1.0,2513.0
2023-08-21,0,1.0,NE,1.0,2555.0
2023-08-28,0,0.5714285714285714,NE,1.0,2409.0
2023-09-04,0,0.0,NE,1.0,2200.0
2023-09-11,0,0.0,NE,1.0,2174.0
2023-09-18,0,0.7142857142857143,NE,1.0,2464.0
2023-09-25,0,0.8571428571428571,NE,1.0,2504.0
2023-10-02,0,0.0,NE,1.0,2157.0
2023-10-09,0,0.0,NE,1.0,2164.0
2023-10-16,0,0.42857142857142855,NE,1.0,2252.0
2023-10-23,0,1.0,NE,1.0,2472.0
2023-10-30,0,0.2857142857142857,NE,1.0,2249.0
2023-11-06,0,0.0,NE,1.0,2292.0
2023-11-13,0,0.0,NE,1.0,2274.0
2023-11-20,0,1.0,NE,1.0,2758.0
2023-11-27,0,0.5714285714285714,NE,1.0,2530.0
2023-12-04,0,0.0,NE,1.0,2296.0
2023-12-11,0,0.0,NE,1.0,2310.0
2023-12-18,0,0.7142857142857143,NE,1.0,2536.0
2023-12-25,1,1.0,NE,1.0,2968.0
2024-01-01,1,0.0,NE,1.0,2405.0
2024-01-08,0,0.0,NE,1.0,2057.0
2024-01-15,0,0.2857142857142857,NE,1.0,2227.0
2024-01-22,0,1.0,NE,1.0,2505.0
2024-01-29,0,0.42857142857142855,NE,1.0,2296.0
2024-02-05,0,0.0,NE,1.0,2152.0
2024-02-12,0,0.0,NE,1.0,2143.0
2024-02-19,0,0.8571428571428571,NE,1.0,2451.0
2024-02-26,0,0.5714285714285714,NE,1.0,2325.0
2024-03-04,0,0.0,NE,1.0,2297.0
2024-03-11,0,0.0,NE,1.0,2239.0
2024-03-18,0,0.7142857142857143,NE,1.0,2615.0
2024-03-25,0,1.0,NE,1.0,2708.0
2024-04-01,0,0.0,NE,1.0,2322.0
2024-04-08,0,0.0,NE,1.0,2342.0
2024-04-15,0,0.2857142857142857,NE,1.0,2488.0
2024-04-22,0,1.0,NE,1.0,2735.0
2024-04-29,0,0.2857142857142857,NE,1.0,2605.0
2024-05-06,0,0.0,NE,1.0,2451.0
2024-05-13,0,0.0,NE,1.0,2437.0
2024-05-20,0,1.0,NE,1.0,2845.0
2024-05-27,0,0.7142857142857143,NE,1.0,2678.0
2024-06-03,1,0.0,NE,1.0,2758.0
2024-06-10,1,0.0,NE,1.0,2745.0
2024-06-17,1,0.5714285714285714,NE,1.0,2918.0
2024-06-24,1,1.0,NE,1.0,3210.0
2024-07-01,1,0.0,NE,1.0,2756.0
2024-07-08,1,0.0,NE,1.0,2852.0
2024-07-15,1,0.2857142857142857,NE,1.0,2840.0
2024-07-22,1,1.0,NE,1.0,3035.0
2024-07-29,1,0.42857142857142855,NE,1.0,3029.0
2024-08-05,1,0.0,NE,1.0,2952.0
2024-08-12,1,0.0,NE,1.0,2668.0
2024-08-19,0,0.8571428571428571,NE,1.0,2659.0
2024-08-26,0,0.8571428571428571,NE,1.0,2740.0
2024-09-02,0,0.0,NE,1.0,2413.0
2024-09-09,0,0.0,NE,1.0,2404.0
2024-09-16,0,0.42857142857142855,NE,1.0,2550.0
2024-09-23,0,1.0,NE,1.0,2719.0
2024-09-30,0,0.14285714285714285,NE,1.0,2338.0
2024-10-07,0,0.0,NE,1.0,2270.0
2024-10-14,0,0.14285714285714285,NE,1.0,2369.0
2024-10-21,0,1.0,NE,1.0,2645.0
2024-10-28,0,0.5714285714285714,NE,1.0,2470.0
2024-11-04,0,0.0,NE,1.0,2518.0
2024-11-11,0,0.0,NE,1.0,2483.0
2024-11-18,0,0.7142857142857143,NE,1.0,2705.0
2024-11-25,0,0.8571428571428571,NE,1.0,2834.0
2024-12-02,0,0.0,NE,1.0,2381.0
2024-12-09,0,0.0,NE,1.0,2497.0
2024-12-16,0,0.42857142857142855,NE,1.0,2618.0
2024-12-23,1,1.0,NE,1.0,3083.0
2024-12-30,1,0.2857142857142857,NE,1.0,2707.0
2025-01-06,0,0.0,NE,1.0,2191.0
2025-01-13,0,0.0,NE,1.0,2242.0
2025-01-20,0,1.0,NE,1.0,2483.0
2025-01-27,0,0.7142857142857143,NE,1.0,2537.0
2025-02-03,0,0.0,NE,1.0,2163.0
2025-02-10,0,0.0,NE,1.0,2287.0
2025-02-17,0,0.5714285714285714,NE,1.0,2373.0
2025-02-24,0,0.7142857142857143,NE,1.0,2458.0
2025-03-03,0,0.0,NE,1.0,2221.0
2025-03-10,0,0.0,NE,1.0,2227.0
2025-03-17,0,0.5714285714285714,NE,1.0,2546.0
2025-03-24,0,1.0,NE,1.0,2727.0
2025-03-31,0,0.14285714285714285,NE,1.0,2427.0
2025-04-07,0,0.0,NE,1.0,2325.0
2025-04-14,0,0.14285714285714285,NE,1.0,2452.0
2025-04-21,0,1.0,NE,1.0,2791.0
2025-04-28,0,0.42857142857142855,NE,1.0,2617.0
2025-05-05,0,0.0,NE,1.0,2417.0
2025-05-12,0,0.0,NE,1.0,2369.0
2025-05-19,0,0.8571428571428571,NE,1.0,2689.0
2025-05-26,0,0.8571428571428571,NE,1.0,2828.0
2025-06-02,1,0.0,NE,1.0,2746.0
2025-06-09,1,0.0,NE,1.0,2719.0
2025-06-16,1,0.42857142857142855,NE,1.0,2958.0
2025-06-23,1,1.0,NE,1.0,3187.0
2025-06-30,1,0.14285714285714285,NE,1.0,2830.0
2025-07-07,1,0.0,NE,1.0,2880.0
2025-07-14,1,0.14285714285714285,NE,1.0,2725.0
2025-07-21,1,1.0,NE,1.0,3242.0
2025-07-28,1,0.5714285714285714,NE,1.0,3002.0
2025-08-04,1,0.0,NE,0.9970700893686137,2703.0
2025-08-11,1,0.0,NE,0.9941401787372275,2776.0
2025-08-18,0,0.7142857142857143,NE,0.9912102681058413,2714.0
2025-08-25,0,1.0,NE,0.9882803574744551,2776.0
2025-09-01,0,0.0,NE,0.9853504468430688,2413.0
2025-09-08,0,0.0,NE,0.9824205362116826,2414.0
2025-09-15,0,0.2857142857142857,NE,0.9794906255802964,2409.0
2025-09-22,0,1.0,NE,0.9765607149489102,2721.0
2025-09-29,0,0.2857142857142857,NE,0.9736308043175239,2489.0
2025-10-06,0,0.0,NE,0.9707008936861377,2407.0
2025-10-13,0,0.0,NE,0.9677709830547515,2347.0
2025-10-20,0,1.0,NE,0.9648410724233653,2763.0
2025-10-27,0,0.7142857142857143,NE,0.961911161791979,2619.0
2025-11-03,0,0.0,NE,0.9589812511605927,2572.0
2025-11-10,0,0.0,NE,0.9560513405292066,2539.0
2025-11-17,0,0.5714285714285714,NE,0.9531214298978203,2712.0
2025-11-24,0,1.0,NE,0.9501915192664341,3006.0
2025-12-01,0,0.0,NE,0.9472616086350478,2529.0
2025-12-08,0,0.0,NE,0.9443316980036616,2588.0
2025-12-15,0,0.2857142857142857,NE,0.9414017873722754,2725.0
2025-12-22,1,1.0,NE,0.9384718767408892,3352.0
2025-12-29,1,0.42857142857142855,NE,0.9355419661095029,3144.0
2026-01-05,1,0.0,NE,0.9326120554781167,2605.0
2026-01-12,0,0.0,NE,0.9296821448467305,2422.0
2026-01-19,0,0.8571428571428571,NE,0.9267522342153443,2689.0
2026-01-26,0,0.8571428571428571,NE,0.923822323583958,2743.0
2026-02-02,0,0.0,NE,0.9208924129525717,2476.0
2026-02-09,0,0.0,NE,0.9179625023211855,2432.0
2026-02-16,0,0.42857142857142855,NE,0.9150325916897993,2619.0
2026-02-23,0,0.8571428571428571,NE,0.9121026810584131,2859.0
2026-03-02,0,0.0,NE,0.9091727704270268,2495.0
2026-03-09,0,0.0,NE,0.9062428597956407,2598.0
2026-03-16,0,0.42857142857142855,NE,0.9033129491642544,2780.0
2026-03-23,0,1.0,NE,0.9003830385328682,3100.0
2026-03-30,0,0.2857142857142857,NE,0.8974531279014819,2679.0
2026-04-06,0,0.0,NE,0.8945232172700956,2688.0
2026-04-13,0,0.0,NE,0.8915933066387095,2668.0
2026-04-20,0,1.0,NE,0.8886633960073232,3231.0
2026-04-27,0,0.5714285714285714,NE,0.885733485375937,2930.0
2026-05-04,0,0.0,NE,0.8828035747445507,2745.0
2026-05-11,0,0.0,NE,0.8798736641131646,2845.0
2026-05-18,0,0.7142857142857143,NE,0.8769437534817783,3183.0
2026-05-25,0,1.0,NE,0.8740138428503921,3307.0
2026-06-01,1,0.0,NE,0.8710839322190058,3237.0
2026-06-08,1,0.0,NE,0.8681540215876196,3265.0
2026-06-15,1,0.2857142857142857,NE,0.8652241109562334,3398.0
2026-06-22,1,1.0,NE,0.8622942003248472,3668.0
2026-06-29,1,0.2857142857142857,NE,0.8593642896934609,3360.0
2026-07-06,1,0.0,NE,0.8564343790620748,3221.0
2026-07-13,1,0.0,NE,0.8535044684306885,3215.0
2026-07-20,1,1.0,NE,0.8505745577993022,3804.0
2026-07-27,1,0.7142857142857143,NE,0.8505745577993022,3693.0
2026-08-03,1,0.0,NE,0.8505745577993022,3186.0
2026-08-10,1,0.0,NE,0.8505745577993022,3135.0
2026-08-17,0,0.5714285714285714,NE,0.8505745577993022,3054.0
2026-08-24,0,1.0,NE,0.8505745577993022,3167.0
2026-08-31,0,0.14285714285714285,NE,0.8505745577993022,2963.0
2026-09-07,0,0.0,NE,0.8505745577993022,2776.0
2026-09-14,0,0.14285714285714285,NE,0.8505745577993022,2833.0
2026-09-21,0,1.0,NE,0.8505745577993022,3249.0
2019-01-07,0,0.0,NH,1.0,885.0
2019-01-14,0,0.14285714285714285,NH,1.0,894.0
2019-01-21,0,1.0,NH,1.0,1016.0
2019-01-28,0,0.5714285714285714,NH,1.0,958.0
2019-02-04,0,0.0,NH,1.0,879.0
2019-02-11,0,0.0,NH,1.0,882.0
2019-02-18,0,0.7142857142857143,NH,1.0,993.0
2019-02-25,0,0.5714285714285714,NH,1.0,970.0
2019-03-04,0,0.0,NH,1.0,926.0
2019-03-11,0,0.0,NH,1.0,915.0
2019-03-18,0,0.7142857142857143,NH,1.0,1040.0
2019-03-25,0,1.0,NH,1.0,1101.0
2019-04-01,0,0.0,NH,1.0,964.0
2019-04-08,0,0.0,NH,1.0,927.0
2019-04-15,0,0.2857142857142857,NH,1.0,983.0
2019-04-22,0,1.0,NH,1.0,1102.0
2019-04-29,0,0.2857142857142857,NH,1.0,1032.0
2019-05-06,0,0.0,NH,1.0,952.0
2019-05-13,0,0.0,NH,1.0,920.0
2019-05-20,0,1.0,NH,1.0,1092.0
2019-05-27,0,0.7142857142857143,NH,1.0,1102.0
2019-06-03,1,0.0,NH,1.0,1066.0
2019-06-10,1,0.0,NH,1.0,1110.0
2019-06-17,1,0.5714285714285714,NH,1.0,1198.0
2019-06-24,1,1.0,NH,1.0,1227.0
2019-07-01,1,0.0,NH,1.0,1126.0
2019-07-08,1,0.0,NH,1.0,1118.0
2019-07-15,1,0.2857142857142857,NH,1.0,1190.0
2019-07-22,1,1.0,NH,1.0,1276.0
2019-07-29,1,0.42857142857142855,NH,1.0,1157.0
2019-08-05,1,0.0,NH,1.0,1105.0
2019-08-12,1,0.0,NH,1.0,1071.0
2019-08-19,0,0.8571428571428571,NH,1.0,1082.0
2019-08-26,0,0.8571428571428571,NH,1.0,1080.0
2019-09-02,0,0.0,NH,1.0,949.0
2019-09-09,0,0.0,NH,1.0,940.0
2019-09-16,0,0.42857142857142855,NH,1.0,1026.0
2019-09-23,0,1.0,NH,1.0,1082.0
2019-09-30,0,0.14285714285714285,NH,1.0,930.0
2019-10-07,0,0.0,NH,1.0,911.0
2019-10-14,0,0.14285714285714285,NH,1.0,945.0
2019-10-21,0,1.0,NH,1.0,1037.0
2019-10-28,0,0.5714285714285714,NH,1.0,969.0
2019-11-04,0,0.0,NH,1.0,948.0
2019-11-11,0,0.0,NH,1.0,964.0
2019-11-18,0,0.7142857142857143,NH,1.0,1077.0
2019-11-25,0,0.8571428571428571,NH,1.0,1103.0
2019-12-02,0,0.0,NH,1.0,990.0
2019-12-09,0,0.0,NH,1.0,998.0
2019-12-16,0,0.42857142857142855,NH,1.0,1017.0
2019-12-23,1,1.0,NH,1.0,1213.0
2019-12-30,1,0.2857142857142857,NH,1.0,1173.0
2020-01-06,0,0.0,NH,1.0,903.0
2020-01-13,0,0.0,NH,1.0,918.0
2020-01-20,0,1.0,NH,1.0,1051.0
2020-01-27,0,0.7142857142857143,NH,1.0,958.0
2020-02-03,0,0.0,NH,1.0,893.0
2020-02-10,0,0.0,NH,1.0,914.0
2020-02-17,0,0.5714285714285714,NH,1.0,979.0
2020-02-24,0,0.8571428571428571,NH,1.0,1045.0
2020-03-02,0,0.0,NH,1.0,942.0
2020-03-09,0,0.0,NH,1.0,909.0
2020-03-16,0,0.42857142857142855,NH,1.0,997.0
2020-03-23,0,1.0,NH,1.0,1033.0
2020-03-30,0,0.2857142857142857,NH,1.0,996.0
2020-04-06,0,0.0,NH,1.0,979.0
2020-04-13,0,0.0,NH,1.0,946.0
2020-04-20,0,1.0,NH,1.0,1105.0
2020-04-27,0,0.5714285714285714,NH,1.0,1068.0
2020-05-04,0,0.0,NH,1.0,965.0
2020-05-11,0,0.0,NH,1.0,979.0
2020-05-18,0,0.7142857142857143,NH,1.0,1038.0
2020-05-25,0,1.0,NH,1.0,1150.0
2020-06-01,1,0.0,NH,1.0,1107.0
2020-06-08,1,0.0,NH,1.0,1082.0
2020-06-15,1,0.2857142857142857,NH,1.0,1156.0
2020-06-22,1,1.0,NH,1.0,1277.0
2020-06-29,1,0.2857142857142857,NH,1.0,1144.0
2020-07-06,1,0.0,NH,1.0,1115.0
2020-07-13,1,0.0,NH,1.0,1105.0
2020-07-20,1,1.0,NH,1.0,1222.0
2020-07-27,1,0.7142857142857143,NH,1.0,1195.0
2020-08-03,1,0.0,NH,1.0,1079.0
2020-08-10,1,0.0,NH,1.0,1102.0
2020-08-17,0,0.5714285714285714,NH,1.0,1023.0
2020-08-24,0,1.0,NH,1.0,1044.0
2020-08-31,0,0.14285714285714285,NH,1.0,923.0
2020-09-07,0,0.0,NH,1.0,884.0
2020-09-14,0,0.14285714285714285,NH,1.0,934.0
2020-09-21,0,1.0,NH,1.0,1038.0
2020-09-28,0,0.42857142857142855,NH,1.0,940.0
2020-10-05,0,0.0,NH,1.0,868.0
2020-10-12,0,0.0,NH,1.0,873.0
2020-10-19,0,0.8571428571428571,NH,1.0,963.0
2020-10-26,0,0.8571428571428571,NH,1.0,957.0
2020-11-02,0,0.0,NH,1.0,921.0
2020-11-09,0,0.0,NH,1.0,905.0
2020-11-16,0,0.42857142857142855,NH,1.0,998.0
2020-11-23,0,1.0,NH,1.0,1025.0
2020-11-30,0,0.14285714285714285,NH,1.0,938.0
2020-12-07,0,0.0,NH,1.0,873.0
2020-12-14,0,0.14285714285714285,NH,1.0,885.0
2020-12-21,1,1.0,NH,1.0,1161.0
2020-12-28,1,0.5714285714285714,NH,1.0,1036.0
2021-01-04,1,0.0,NH,1.0,901.0
2021-01-11,0,0.0,NH,1.0,808.0
2021-01-18,0,0.7142857142857143,NH,1.0,902.0
2021-01-25,0,1.0,NH,1.0,928.0
2021-02-01,0,0.0,NH,1.0,786.0
2021-02-08,0,0.0,NH,1.0,821.0
2021-02-15,0,0.2857142857142857,NH,1.0,820.0
2021-02-22,0,1.0,NH,1.0,920.0
2021-03-01,0,0.0,NH,1.0,805.0
2021-03-08,0,0.0,NH,1.0,807.0
2021-03-15,0,0.2857142857142857,NH,1.0,853.0
2021-03-22,0,1.0,NH,1.0,924.0
2021-03-29,0,0.42857142857142855,NH,1.0,872.0
2021-04-05,0,0.0,NH,1.0,841.0
2021-04-12,0,0.0,NH,1.0,793.0
2021-04-19,0,0.8571428571428571,NH,1.0,956.0
2021-04-26,0,0.7142857142857143,NH,1.0,916.0
2021-05-03,0,0.0,NH,1.0,810.0
2021-05-10,0,0.0,NH,1.0,824.0
2021-05-17,0,0.5714285714285714,NH,1.0,914.0
2021-05-24,0,1.0,NH,1.0,943.0
2021-05-31,0,0.14285714285714285,NH,1.0,847.0
2021-06-07,1,0.0,NH,1.0,940.0
2021-06-14,1,0.14285714285714285,NH,1.0,957.0
2021-06-21,1,1.0,NH,1.0,1024.0
2021-06-28,1,0.42857142857142855,NH,1.0,1020.0
2021-07-05,1,0.0,NH,1.0,919.0
2021-07-12,1,0.0,NH,1.0,927.0
2021-07-19,1,0.8571428571428571,NH,1.0,1055.0
2021-07-26,1,0.8571428571428571,NH,1.0,1078.0
2021-08-02,1,0.0,NH,1.0,946.0
2021-08-09,1,0.0,NH,1.0,926.0
2021-08-16,0,0.42857142857142855,NH,1.0,871.0
2021-08-23,0,1.0,NH,1.0,953.0
2021-08-30,0,0.2857142857142857,NH,1.0,906.0
2021-09-06,0,0.0,NH,1.0,848.0
2021-09-13,0,0.0,NH,1.0,837.0
2021-09-20,0,1.0,NH,1.0,936.0
2021-09-27,0,0.5714285714285714,NH,1.0,899.0
2021-10-04,0,0.0,NH,1.0,853.0
2021-10-11,0,0.0,NH,1.0,864.0
2021-10-18,0,0.7142857142857143,NH,1.0,944.0
2021-10-25,0,1.0,NH,1.0,994.0
2021-11-01,0,0.0,NH,1.0,936.0
2021-11-08,0,0.0,NH,1.0,934.0
2021-11-15,0,0.2857142857142857,NH,1.0,979.0
2021-11-22,0,1.0,NH,1.0,1012.0
2021-11-29,0,0.2857142857142857,NH,1.0,975.0
2021-12-06,0,0.0,NH,1.0,943.0
2021-12-13,0,0.0,NH,1.0,956.0
2021-12-20,1,1.0,NH,1.0,1212.0
2021-12-27,1,0.7142857142857143,NH,1.0,1197.0
2022-01-03,1,0.0,NH,1.0,998.0
2022-01-10,0,0.0,NH,1.0,897.0
2022-01-17,0,0.5714285714285714,NH,1.0,942.0
2022-01-24,0,1.0,NH,1.0,1052.0
2022-01-31,0,0.14285714285714285,NH,1.0,936.0
2022-02-07,0,0.0,NH,1.0,943.0
2022-02-14,0,0.14285714285714285,NH,1.0,974.0
2022-02-21,0,1.0,NH,1.0,1055.0
2022-02-28,0,0.14285714285714285,NH,1.0,992.0
2022-03-07,0,0.0,NH,1.0,1036.0
2022-03-14,0,0.14285714285714285,NH,1.0,968.0
2022-03-21,0,1.0,NH,1.0,1163.0
2022-03-28,0,0.5714285714285714,NH,1.0,1142.0
2022-04-04,0,0.0,NH,1.0,1046.0
2022-04-11,0,0.0,NH,1.0,1027.0
2022-04-18,0,0.7142857142857143,NH,1.0,1173.0
2022-04-25,0,0.8571428571428571,NH,1.0,1177.0
2022-05-02,0,0.0,NH,1.0,1095.0
2022-05-09,0,0.0,NH,1.0,1093.0
2022-05-16,0,0.42857142857142855,NH,1.0,1207.0
2022-05-23,0,1.0,NH,1.0,1262.0
2022-05-30,0,0.2857142857142857,NH,1.0,1151.0
2022-06-06,1,0.0,NH,1.0,1227.0
2022-06-13,1,0.0,NH,1.0,1274.0
2022-06-20,1,1.0,NH,1.0,1446.0
2022-06-27,1,0.5714285714285714,NH,1.0,1368.0
2022-07-04,1,0.0,NH,1.0,1283.0
2022-07-11,1,0.0,NH,1.0,1304.0
2022-07-18,1,0.7142857142857143,NH,1.0,1429.0
2022-07-25,1,1.0,NH,1.0,1491.0
2022-08-01,1,0.0,NH,1.0,1281.0
2022-08-08,1,0.0,NH,1.0,1269.0
2022-08-15,0,0.2857142857142857,NH,1.0,1177.0
2022-08-22,0,1.0,NH,1.0,1308.0
2022-08-29,0,0.42857142857142855,NH,1.0,1188.0
2022-09-05,0,0.0,NH,1.0,1108.0
2022-09-12,0,0.0,NH,1.0,1093.0
2022-09-19,0,0.8571428571428571,NH,1.0,1277.0
2022-09-26,0,0.7142857142857143,NH,1.0,1222.0
2022-10-03,0,0.0,NH,1.0,1136.0
2022-10-10,0,0.0,NH,1.0,1063.0
2022-10-17,0,0.5714285714285714,NH,1.0,1149.0
2022-10-24,0,1.0,NH,1.0,1282.0
2022-10-31,0,0.14285714285714285,NH,1.0,1117.0
2022-11-07,0,0.0,NH,1.0,1212.0
2022-11-14,0,0.14285714285714285,NH,1.0,1195.0
2022-11-21,0,1.0,NH,1.0,1325.0
2022-11-28,0,0.42857142857142855,NH,1.0,1240.0
2022-12-05,0,0.0,NH,1.0,1127.0
2022-12-12,0,0.0,NH,1.0,1188.0
2022-12-19,0,0.8571428571428571,NH,1.0,1322.0
2022-12-26,1,0.8571428571428571,NH,1.0,1458.0
2023-01-02,1,0.0,NH,1.0,1190.0
2023-01-09,0,0.0,NH,1.0,1089.0
2023-01-16,0,0.42857142857142855,NH,1.0,1147.0
2023-01-23,0,1.0,NH,1.0,1270.0
2023-01-30,0,0.2857142857142857,NH,1.0,1133.0
2023-02-06,0,0.0,NH,1.0,1097.0
2023-02-13,0,0.0,NH,1.0,1088.0
2023-02-20,0,1.0,NH,1.0,1293.0
2023-02-27,0,0.2857142857142857,NH,1.0,1193.0
2023-03-06,0,0.0,NH,1.0,1115.0
2023-03-13,0,0.0,NH,1.0,1114.0
2023-03-20,0,1.0,NH,1.0,1336.0
2023-03-27,0,0.7142857142857143,NH,1.0,1319.0
2023-04-03,0,0.0,NH,1.0,1199.0
2023-04-10,0,0.0,NH,1.0,1146.0
2023-04-17,0,0.5714285714285714,NH,1.0,1283.0
2023-04-24,0,1.0,NH,1.0,1421.0
2023-05-01,0,0.0,NH,1.0,1202.0
2023-05-08,0,0.0,NH,1.0,1219.0
2023-05-15,0,0.2857142857142857,NH,1.0,1273.0
2023-05-22,0,1.0,NH,1.0,1452.0
2023-05-29,0,0.42857142857142855,NH,1.0,1327.0
2023-06-05,1,0.0,NH,1.0,1386.0
2023-06-12,1,0.0,NH,1.0,1398.0
2023-06-19,1,0.8571428571428571,NH,1.0,1652.0
2023-06-26,1,0.7142857142857143,NH,1.0,1607.0
2023-07-03,1,0.0,NH,1.0,1367.0
2023-07-10,1,0.0,NH,1.0,1427.0
2023-07-17,1,0.5714285714285714,NH,1.0,1524.0
2023-07-24,1,1.0,NH,1.0,1586.0
2023-07-31,1,0.14285714285714285,NH,1.0,1394.0
2023-08-07,1,0.0,NH,1.0,1379.0
2023-08-14,1,0.14285714285714285,NH,1.0,1400.0
2023-08-21,0,1.0,NH,1.0,1374.0
2023-08-28,0,0.5714285714285714,NH,1.0,1315.0
2023-09-04,0,0.0,NH,1.0,1194.0
2023-09-11,0,0.0,NH,1.0,1215.0
2023-09-18,0,0.7142857142857143,NH,1.0,1335.0
2023-09-25,0,0.8571428571428571,NH,1.0,1310.0
2023-10-02,0,0.0,NH,1.0,1192.0
2023-10-09,0,0.0,NH,1.0,1226.0
2023-10-16,0,0.42857142857142855,NH,1.0,1240.0
2023-10-23,0,1.0,NH,1.0,1330.0
2023-10-30,0,0.2857142857142857,NH,1.0,1223.0
2023-11-06,0,0.0,NH,1.0,1324.0
2023-11-13,0,0.0,NH,1.0,1262.0
2023-11-20,0,1.0,NH,1.0,1425.0
2023-11-27,0,0.5714285714285714,NH,1.0,1304.0
2023-12-04,0,0.0,NH,1.0,1231.0
2023-12-11,0,0.0,NH,1.0,1214.0
2023-12-18,0,0.7142857142857143,NH,1.0,1408.0
2023-12-25,1,1.0,NH,1.0,1607.0
2024-01-01,1,0.0,NH,1.0,1271.0
2024-01-08,0,0.0,NH,1.0,1124.0
2024-01-15,0,0.2857142857142857,NH,1.0,1200.0
2024-01-22,0,1.0,NH,1.0,1287.0
2024-01-29,0,0.42857142857142855,NH,1.0,1229.0
2024-02-05,0,0.0,NH,1.0,1162.0
2024-02-12,0,0.0,NH,1.0,1130.0
2024-02-19,0,0.8571428571428571,NH,1.0,1378.0
2024-02-26,0,0.5714285714285714,NH,1.0,1311.0
2024-03-04,0,0.0,NH,1.0,1215.0
2024-03-11,0,0.0,NH,1.0,1208.0
2024-03-18,0,0.7142857142857143,NH,1.0,1367.0
2024-03-25,0,1.0,NH,1.0,1446.0
2024-04-01,0,0.0,NH,1.0,1198.0
2024-04-08,0,0.0,NH,1.0,1228.0
2024-04-15,0,0.2857142857142857,NH,1.0,1338.0
2024-04-22,0,1.0,NH,1.0,1459.0
2024-04-29,0,0.2857142857142857,NH,1.0,1316.0
2024-05-06,0,0.0,NH,1.0,1238.0
2024-05-13,0,0.0,NH,1.0,1286.0
2024-05-20,0,1.0,NH,1.0,1489.0
2024-05-27,0,0.7142857142857143,NH,1.0,1385.0
2024-06-03,1,0.0,NH,1.0,1450.0
2024-06-10,1,0.0,NH,1.0,1501.0
2024-06-17,1,0.5714285714285714,NH,1.0,1620.0
2024-06-24,1,1.0,NH,1.0,1700.0
2024-07-01,1,0.0,NH,1.0,1493.0
2024-07-08,1,0.0,NH,1.0,1515.0
2024-07-15,1,0.2857142857142857,NH,1.0,1497.0
2024-07-22,1,1.0,NH,1.0,1699.0
2024-07-29,1,0.42857142857142855,NH,1.0,1548.0
2024-08-05,1,0.0,NH,1.0,1422.0
2024-08-12,1,0.0,NH,1.0,1436.0
2024-08-19,0,0.8571428571428571,NH,1.0,1444.0
2024-08-26,0,0.8571428571428571,NH,1.0,1376.0
2024-09-02,0,0.0,NH,1.0,1205.0
2024-09-09,0,0.0,NH,1.0,1197.0
2024-09-16,0,0.42857142857142855,NH,1.0,1300.0
2024-09-23,0,1.0,NH,1.0,1430.0
2024-09-30,0,0.14285714285714285,NH,1.0,1282.0
2024-10-07,0,0.0,NH,1.0,1183.0
2024-10-14,0,0.14285714285714285,NH,1.0,1216.0
2024-10-21,0,1.0,NH,1.0,1371.0
2024-10-28,0,0.5714285714285714,NH,1.0,1306.0
2024-11-04,0,0.0,NH,1.0,1260.0
2024-11-11,0,0.0,NH,1.0,1287.0
2024-11-18,0,0.7142857142857143,NH,1.0,1369.0
2024-11-25,0,0.8571428571428571,NH,1.0,1430.0
2024-12-02,0,0.0,NH,1.0,1281.0
2024-12-09,0,0.0,NH,1.0,1216.0
2024-12-16,0,0.42857142857142855,NH,1.0,1375.0
2024-12-23,1,1.0,NH,1.0,1685.0
2024-12-30,1,0.2857142857142857,NH,1.0,1490.0
2025-01-06,0,0.0,NH,1.0,1151.0
2025-01-13,0,0.0,NH,1.0,1138.0
2025-01-20,0,1.0,NH,1.0,1323.0
2025-01-27,0,0.7142857142857143,NH,1.0,1306.0
2025-02-03,0,0.0,NH,1.0,1143.0
2025-02-10,0,0.0,NH,1.0,1199.0
2025-02-17,0,0.5714285714285714,NH,1.0,1297.0
2025-02-24,0,0.7142857142857143,NH,1.0,1328.0
2025-03-03,0,0.0,NH,1.0,1195.0
2025-03-10,0,0.0,NH,1.0,1226.0
2025-03-17,0,0.5714285714285714,NH,1.0,1302.0
2025-03-24,0,1.0,NH,1.0,1413.0
2025-03-31,0,0.14285714285714285,NH,1.0,1273.0
2025-04-07,0,0.0,NH,1.0,1254.0
2025-04-14,0,0.14285714285714285,NH,1.0,1354.0
2025-04-21,0,1.0,NH,1.0,1487.0
2025-04-28,0,0.42857142857142855,NH,1.0,1385.0
2025-05-05,0,0.0,NH,1.0,1280.0
2025-05-12,0,0.0,NH,1.0,1302.0
2025-05-19,0,0.8571428571428571,NH,1.0,1424.0
2025-05-26,0,0.8571428571428571,NH,1.0,1491.0
2025-06-02,1,0.0,NH,1.0,1479.0
2025-06-09,1,0.0,NH,1.0,1482.0
2025-06-16,1,0.42857142857142855,NH,1.0,1551.0
2025-06-23,1,1.0,NH,1.0,1682.0
2025-06-30,1,0.14285714285714285,NH,1.0,1449.0
2025-07-07,1,0.0,NH,1.0,1411.0
2025-07-14,1,0.14285714285714285,NH,1.0,1488.0
2025-07-21,1,1.0,NH,1.0,1680.0
2025-07-28,1,0.5714285714285714,NH,1.0,1575.0
2025-08-04,1,0.0,NH,0.9996016465276856,1462.0
2025-08-11,1,0.0,NH,0.9992032930553711,1402.0
2025-08-18,0,0.7142857142857143,NH,0.9988049395830567,1437.0
2025-08-25,0,1.0,NH,0.9984065861107423,1472.0
2025-09-01,0,0.0,NH,0.9980082326384279,1240.0
2025-09-08,0,0.0,NH,0.9976098791661134,1284.0
2025-09-15,0,0.2857142857142857,NH,0.997211525693799,1295.0
2025-09-22,0,1.0,NH,0.9968131722214846,1422.0
2025-09-29,0,0.2857142857142857,NH,0.99641481874917,1325.0
2025-10-06,0,0.0,NH,0.9960164652768556,1228.0
2025-10-13,0,0.0,NH,0.9956181118045412,1203.0
2025-10-20,0,1.0,NH,0.9952197583322268,1401.0
2025-10-27,0,0.7142857142857143,NH,0.9948214048599123,1313.0
2025-11-03,0,0.0,NH,0.9944230513875979,1296.0
2025-11-10,0,0.0,NH,0.9940246979152835,1299.0
2025-11-17,0,0.5714285714285714,NH,0.993626344442969,1397.0
2025-11-24,0,1.0,NH,0.9932279909706546,1510.0
2025-12-01,0,0.0,NH,0.9928296374983402,1304.0
2025-12-08,0,0.0,NH,0.9924312840260258,1298.0
2025-12-15,0,0.2857142857142857,NH,0.9920329305537113,1347.0
2025-12-22,1,1.0,NH,0.9916345770813969,1720.0
2025-12-29,1,0.42857142857142855,NH,0.9912362236090825,1517.0
2026-01-05,1,0.0,NH,0.990837870136768,1273.0
2026-01-12,0,0.0,NH,0.9904395166644536,1185.0
2026-01-19,0,0.8571428571428571,NH,0.9900411631921392,1375.0
2026-01-26,0,0.8571428571428571,NH,0.9896428097198247,1292.0
2026-02-02,0,0.0,NH,0.9892444562475102,1218.0
2026-02-09,0,0.0,NH,0.9888461027751958,1196.0
2026-02-16,0,0.42857142857142855,NH,0.9884477493028814,1352.0
2026-02-23,0,0.8571428571428571,NH,0.988049395830567,1400.0
2026-03-02,0,0.0,NH,0.9876510423582525,1216.0
2026-03-09,0,0.0,NH,0.9872526888859381,1273.0
2026-03-16,0,0.42857142857142855,NH,0.9868543354136237,1326.0
2026-03-23,0,1.0,NH,0.9864559819413092,1435.0
2026-03-30,0,0.2857142857142857,NH,0.9860576284689948,1300.0
2026-04-06,0,0.0,NH,0.9856592749966804,1256.0
2026-04-13,0,0.0,NH,0.985260921524366,1233.0
2026-04-20,0,1.0,NH,0.9848625680520515,1438.0
2026-04-27,0,0.5714285714285714,NH,0.9844642145797371,1390.0
2026-05-04,0,0.0,NH,0.9840658611074227,1269.0
2026-05-11,0,0.0,NH,0.9836675076351082,1323.0
2026-05-18,0,0.7142857142857143,NH,0.9832691541627938,1459.0
2026-05-25,0,1.0,NH,0.9828708006904793,1562.0
2026-06-01,1,0.0,NH,0.9824724472181648,1463.0
2026-06-08,1,0.0,NH,0.9820740937458504,1509.0
2026-06-15,1,0.2857142857142857,NH,0.981675740273536,1538.0
2026-06-22,1,1.0,NH,0.9812773868012216,1730.0
2026-06-29,1,0.2857142857142857,NH,0.9808790333289071,1517.0
2026-07-06,1,0.0,NH,0.9804806798565927,1488.0
2026-07-13,1,0.0,NH,0.9800823263842783,1511.0
2026-07-20,1,1.0,NH,0.9796839729119639,1693.0
2026-07-27,1,0.7142857142857143,NH,0.9796839729119639,1663.0
2026-08-03,1,0.0,NH,0.9796839729119639,1491.0
2026-08-10,1,0.0,NH,0.9796839729119639,1478.0
2026-08-17,0,0.5714285714285714,NH,0.9796839729119639,1400.0
2026-08-24,0,1.0,NH,0.9796839729119639,1567.0
2026-08-31,0,0.14285714285714285,NH,0.9796839729119639,1307.0
2026-09-07,0,0.0,NH,0.9796839729119639,1297.0
2026-09-14,0,0.14285714285714285,NH,0.9796839729119639,1294.0
2026-09-21,0,1.0,NH,0.9796839729119639,1360.0
2019-01-07,0,0.0,NJ,1.0,5881.0
2019-01-14,0,0.14285714285714285,NJ,1.0,6050.0
2019-01-21,0,1.0,NJ,1.0,6752.0
2019-01-28,0,0.5714285714285714,NJ,1.0,6494.0
2019-02-04,0,0.0,NJ,1.0,5974.0
2019-02-11,0,0.0,NJ,1.0,6027.0
2019-02-18,0,0.7142857142857143,NJ,1.0,6588.0
2019-02-25,0,0.5714285714285714,NJ,1.0,6588.0
2019-03-04,0,0.0,NJ,1.0,5988.0
2019-03-11,0,0.0,NJ,1.0,6097.0
2019-03-18,0,0.7142857142857143,NJ,1.0,6795.0
2019-03-25,0,1.0,NJ,1.0,7277.0
2019-04-01,0,0.0,NJ,1.0,6212.0
2019-04-08,0,0.0,NJ,1.0,6390.0
2019-04-15,0,0.2857142857142857,NJ,1.0,6620.0
2019-04-22,0,1.0,NJ,1.0,7325.0
2019-04-29,0,0.2857142857142857,NJ,1.0,6541.0
2019-05-06,0,0.0,NJ,1.0,6565.0
2019-05-13,0,0.0,NJ,1.0,6510.0
2019-05-20,0,1.0,NJ,1.0,7574.0
2019-05-27,0,0.7142857142857143,NJ,1.0,7215.0
2019-06-03,1,0.0,NJ,1.0,7219.0
2019-06-10,1,0.0,NJ,1.0,7503.0
2019-06-17,1,0.5714285714285714,NJ,1.0,7738.0
2019-06-24,1,1.0,NJ,1.0,8243.0
2019-07-01,1,0.0,NJ,1.0,7395.0
2019-07-08,1,0.0,NJ,1.0,7523.0
2019-07-15,1,0.2857142857142857,NJ,1.0,7421.0
2019-07-22,1,1.0,NJ,1.0,8407.0
2019-07-29,1,0.42857142857142855,NJ,1.0,7620.0
2019-08-05,1,0.0,NJ,1.0,7271.0
2019-08-12,1,0.0,NJ,1.0,7260.0
2019-08-19,0,0.8571428571428571,NJ,1.0,7464.0
2019-08-26,0,0.8571428571428571,NJ,1.0,7403.0
2019-09-02,0,0.0,NJ,1.0,6252.0
2019-09-09,0,0.0,NJ,1.0,6357.0
2019-09-16,0,0.42857142857142855,NJ,1.0,6826.0
2019-09-23,0,1.0,NJ,1.0,7293.0
2019-09-30,0,0.14285714285714285,NJ,1.0,6479.0
2019-10-07,0,0.0,NJ,1.0,6342.0
2019-10-14,0,0.14285714285714285,NJ,1.0,6347.0
2019-10-21,0,1.0,NJ,1.0,6993.0
2019-10-28,0,0.5714285714285714,NJ,1.0,6682.0
2019-11-04,0,0.0,NJ,1.0,6801.0
2019-11-11,0,0.0,NJ,1.0,6796.0
2019-11-18,0,0.7142857142857143,NJ,1.0,7681.0
2019-11-25,0,0.8571428571428571,NJ,1.0,7767.0
2019-12-02,0,0.0,NJ,1.0,6873.0
2019-12-09,0,0.0,NJ,1.0,6996.0
2019-12-16,0,0.42857142857142855,NJ,1.0,7266.0
2019-12-23,1,1.0,NJ,1.0,8711.0
2019-12-30,1,0.2857142857142857,NJ,1.0,8035.0
2020-01-06,0,0.0,NJ,1.0,6218.0
2020-01-13,0,0.0,NJ,1.0,6425.0
2020-01-20,0,1.0,NJ,1.0,7159.0
2020-01-27,0,0.7142857142857143,NJ,1.0,7207.0
2020-02-03,0,0.0,NJ,1.0,6556.0
2020-02-10,0,0.0,NJ,1.0,6494.0
2020-02-17,0,0.5714285714285714,NJ,1.0,7240.0
2020-02-24,0,0.8571428571428571,NJ,1.0,7452.0
2020-03-02,0,0.0,NJ,1.0,6718.0
2020-03-09,0,0.0,NJ,1.0,6709.0
2020-03-16,0,0.42857142857142855,NJ,1.0,7266.0
2020-03-23,0,1.0,NJ,1.0,7789.0
2020-03-30,0,0.2857142857142857,NJ,1.0,7260.0
2020-04-06,0,0.0,NJ,1.0,6861.0
2020-04-13,0,0.0,NJ,1.0,7133.0
2020-04-20,0,1.0,NJ,1.0,8144.0
2020-04-27,0,0.5714285714285714,NJ,1.0,7802.0
2020-05-04,0,0.0,NJ,1.0,7076.0
2020-05-11,0,0.0,NJ,1.0,7373.0
2020-05-18,0,0.7142857142857143,NJ,1.0,8048.0
2020-05-25,0,1.0,NJ,1.0,8488.0
2020-06-01,1,0.0,NJ,1.0,8035.0
2020-06-08,1,0.0,NJ,1.0,8516.0
2020-06-15,1,0.2857142857142857,NJ,1.0,8650.0
2020-06-22,1,1.0,NJ,1.0,9706.0
2020-06-29,1,0.2857142857142857,NJ,1.0,8723.0
2020-07-06,1,0.0,NJ,1.0,8385.0
2020-07-13,1,0.0,NJ,1.0,8358.0
2020-07-20,1,1.0,NJ,1.0,9597.0
2020-07-27,1,0.7142857142857143,NJ,1.0,9078.0
2020-08-03,1,0.0,NJ,1.0,8193.0
2020-08-10,1,0.0,NJ,1.0,8087.0
2020-08-17,0,0.5714285714285714,NJ,1.0,7705.0
2020-08-24,0,1.0,NJ,1.0,8063.0
2020-08-31,0,0.14285714285714285,NJ,1.0,7147.0
2020-09-07,0,0.0,NJ,1.0,6991.0
2020-09-14,0,0.14285714285714285,NJ,1.0,7130.0
2020-09-21,0,1.0,NJ,1.0,8058.0
2020-09-28,0,0.42857142857142855,NJ,1.0,7351.0
2020-10-05,0,0.0,NJ,1.0,6832.0
2020-10-12,0,0.0,NJ,1.0,6763.0
2020-10-19,0,0.8571428571428571,NJ,1.0,7379.0
2020-10-26,0,0.8571428571428571,NJ,1.0,7305.0
2020-11-02,0,0.0,NJ,1.0,7207.0
2020-11-09,0,0.0,NJ,1.0,7082.0
2020-11-16,0,0.42857142857142855,NJ,1.0,7355.0
2020-11-23,0,1.0,NJ,1.0,8039.0
2020-11-30,0,0.14285714285714285,NJ,1.0,7156.0
2020-12-07,0,0.0,NJ,1.0,6828.0
2020-12-14,0,0.14285714285714285,NJ,1.0,6880.0
2020-12-21,1,1.0,NJ,1.0,8828.0
2020-12-28,1,0.5714285714285714,NJ,1.0,8204.0
2021-01-04,1,0.0,NJ,1.0,6935.0
2021-01-11,0,0.0,NJ,1.0,6079.0
2021-01-18,0,0.7142857142857143,NJ,1.0,6722.0
2021-01-25,0,1.0,NJ,1.0,7161.0
2021-02-01,0,0.0,NJ,1.0,6236.0
2021-02-08,0,0.0,NJ,1.0,6201.0
2021-02-15,0,0.2857142857142857,NJ,1.0,6579.0
2021-02-22,0,1.0,NJ,1.0,7213.0
2021-03-01,0,0.0,NJ,1.0,6316.0
2021-03-08,0,0.0,NJ,1.0,6362.0
2021-03-15,0,0.2857142857142857,NJ,1.0,6588.0
2021-03-22,0,1.0,NJ,1.0,7218.0
2021-03-29,0,0.42857142857142855,NJ,1.0,6796.0
2021-04-05,0,0.0,NJ,1.0,6381.0
2021-04-12,0,0.0,NJ,1.0,6485.0
2021-04-19,0,0.8571428571428571,NJ,1.0,7214.0
2021-04-26,0,0.7142857142857143,NJ,1.0,7281.0
2021-05-03,0,0.0,NJ,1.0,6585.0
2021-05-10,0,0.0,NJ,1.0,6665.0
2021-05-17,0,0.5714285714285714,NJ,1.0,7158.0
2021-05-24,0,1.0,NJ,1.0,7597.0
2021-05-31,0,0.14285714285714285,NJ,1.0,6792.0
2021-06-07,1,0.0,NJ,1.0,7541.0
2021-06-14,1,0.14285714285714285,NJ,1.0,7619.0
2021-06-21,1,1.0,NJ,1.0,8504.0
2021-06-28,1,0.42857142857142855,NJ,1.0,7823.0
2021-07-05,1,0.0,NJ,1.0,7334.0
2021-07-12,1,0.0,NJ,1.0,7306.0
2021-07-19,1,0.8571428571428571,NJ,1.0,8391.0
2021-07-26,1,0.8571428571428571,NJ,1.0,8177.0
2021-08-02,1,0.0,NJ,1.0,7372.0
2021-08-09,1,0.0,NJ,1.0,7419.0
2021-08-16,0,0.42857142857142855,NJ,1.0,7055.0
2021-08-23,0,1.0,NJ,1.0,7525.0
2021-08-30,0,0.2857142857142857,NJ,1.0,6717.0
2021-09-06,0,0.0,NJ,1.0,6282.0
2021-09-13,0,0.0,NJ,1.0,6473.0
2021-09-20,0,1.0,NJ,1.0,7497.0
2021-09-27,0,0.5714285714285714,NJ,1.0,7122.0
2021-10-04,0,0.0,NJ,1.0,6434.0
2021-10-11,0,0.0,NJ,1.0,6563.0
2021-10-18,0,0.7142857142857143,NJ,1.0,7161.0
2021-10-25,0,1.0,NJ,1.0,7476.0
2021-11-01,0,0.0,NJ,1.0,7149.0
2021-11-08,0,0.0,NJ,1.0,7199.0
2021-11-15,0,0.2857142857142857,NJ,1.0,7212.0
2021-11-22,0,1.0,NJ,1.0,8176.0
2021-11-29,0,0.2857142857142857,NJ,1.0,7256.0
2021-12-06,0,0.0,NJ,1.0,7089.0
2021-12-13,0,0.0,NJ,1.0,7074.0
2021-12-20,1,1.0,NJ,1.0,9130.0
2021-12-27,1,0.7142857142857143,NJ,1.0,8958.0
2022-01-03,1,0.0,NJ,1.0,7289.0
2022-01-10,0,0.0,NJ,1.0,6604.0
2022-01-17,0,0.5714285714285714,NJ,1.0,7340.0
2022-01-24,0,1.0,NJ,1.0,7703.0
2022-01-31,0,0.14285714285714285,NJ,1.0,6885.0
2022-02-07,0,0.0,NJ,1.0,6881.0
2022-02-14,0,0.14285714285714285,NJ,1.0,7091.0
2022-02-21,0,1.0,NJ,1.0,8025.0
2022-02-28,0,0.14285714285714285,NJ,1.0,7315.0
2022-03-07,0,0.0,NJ,1.0,7239.0
2022-03-14,0,0.14285714285714285,NJ,1.0,7425.0
2022-03-21,0,1.0,NJ,1.0,8376.0
2022-03-28,0,0.5714285714285714,NJ,1.0,8073.0
2022-04-04,0,0.0,NJ,1.0,7399.0
2022-04-11,0,0.0,NJ,1.0,7719.0
2022-04-18,0,0.7142857142857143,NJ,1.0,8400.0
2022-04-25,0,0.8571428571428571,NJ,1.0,8777.0
2022-05-02,0,0.0,NJ,1.0,8011.0
2022-05-09,0,0.0,NJ,1.0,7823.0
2022-05-16,0,0.42857142857142855,NJ,1.0,8326.0
2022-05-23,0,1.0,NJ,1.0,9197.0
2022-05-30,0,0.2857142857142857,NJ,1.0,8412.0
2022-06-06,1,0.0,NJ,1.0,9311.0
2022-06-13,1,0.0,NJ,1.0,9108.0
2022-06-20,1,1.0,NJ,1.0,10634.0
2022-06-27,1,0.5714285714285714,NJ,1.0,10090.0
2022-07-04,1,0.0,NJ,1.0,9230.0
2022-07-11,1,0.0,NJ,1.0,9566.0
2022-07-18,1,0.7142857142857143,NJ,1.0,10256.0
2022-07-25,1,1.0,NJ,1.0,10998.0
2022-08-01,1,0.0,NJ,1.0,9346.0
2022-08-08,1,0.0,NJ,1.0,9274.0
2022-08-15,0,0.2857142857142857,NJ,1.0,8876.0
2022-08-22,0,1.0,NJ,1.0,9492.0
2022-08-29,0,0.42857142857142855,NJ,1.0,8520.0
2022-09-05,0,0.0,NJ,1.0,8113.0
2022-09-12,0,0.0,NJ,1.0,8241.0
2022-09-19,0,0.8571428571428571,NJ,1.0,9059.0
2022-09-26,0,0.7142857142857143,NJ,1.0,8898.0
2022-10-03,0,0.0,NJ,1.0,7917.0
2022-10-10,0,0.0,NJ,1.0,8047.0
2022-10-17,0,0.5714285714285714,NJ,1.0,8657.0
2022-10-24,0,1.0,NJ,1.0,9366.0
2022-10-31,0,0.14285714285714285,NJ,1.0,8069.0
2022-11-07,0,0.0,NJ,1.0,8541.0
2022-11-14,0,0.14285714285714285,NJ,1.0,8889.0
2022-11-21,0,1.0,NJ,1.0,9898.0
2022-11-28,0,0.42857142857142855,NJ,1.0,9405.0
2022-12-05,0,0.0,NJ,1.0,8777.0
2022-12-12,0,0.0,NJ,1.0,8566.0
2022-12-19,0,0.8571428571428571,NJ,1.0,10067.0
2022-12-26,1,0.8571428571428571,NJ,1.0,10913.0
2023-01-02,1,0.0,NJ,1.0,8686.0
2023-01-09,0,0.0,NJ,1.0,8095.0
2023-01-16,0,0.42857142857142855,NJ,1.0,8486.0
2023-01-23,0,1.0,NJ,1.0,9416.0
2023-01-30,0,0.2857142857142857,NJ,1.0,8537.0
2023-02-06,0,0.0,NJ,1.0,8303.0
2023-02-13,0,0.0,NJ,1.0,8467.0
2023-02-20,0,1.0,NJ,1.0,9520.0
2023-02-27,0,0.2857142857142857,NJ,1.0,9145.0
2023-03-06,0,0.0,NJ,1.0,8658.0
2023-03-13,0,0.0,NJ,1.0,8753.0
2023-03-20,0,1.0,NJ,1.0,10226.0
2023-03-27,0,0.7142857142857143,NJ,1.0,9962.0
2023-04-03,0,0.0,NJ,1.0,8928.0
2023-04-10,0,0.0,NJ,1.0,8898.0
2023-04-17,0,0.5714285714285714,NJ,1.0,10006.0
2023-04-24,0,1.0,NJ,1.0,10553.0
2023-05-01,0,0.0,NJ,1.0,9231.0
2023-05-08,0,0.0,NJ,1.0,9390.0
2023-05-15,0,0.2857142857142857,NJ,1.0,9715.0
2023-05-22,0,1.0,NJ,1.0,10967.0
2023-05-29,0,0.42857142857142855,NJ,1.0,10119.0
2023-06-05,1,0.0,NJ,1.0,10795.0
2023-06-12,1,0.0,NJ,1.0,10664.0
2023-06-19,1,0.8571428571428571,NJ,1.0,12090.0
2023-06-26,1,0.7142857142857143,NJ,1.0,11758.0
2023-07-03,1,0.0,NJ,1.0,10853.0
2023-07-10,1,0.0,NJ,1.0,10837.0
2023-07-17,1,0.5714285714285714,NJ,1.0,11898.0
2023-07-24,1,1.0,NJ,1.0,12003.0
2023-07-31,1,0.14285714285714285,NJ,1.0,11110.0
2023-08-07,1,0.0,NJ,1.0,10729.0
2023-08-14,1,0.14285714285714285,NJ,1.0,10730.0
2023-08-21,0,1.0,NJ,1.0,10797.0
2023-08-28,0,0.5714285714285714,NJ,1.0,10126.0
2023-09-04,0,0.0,NJ,1.0,9458.0
2023-09-11,0,0.0,NJ,1.0,9486.0
2023-09-18,0,0.7142857142857143,NJ,1.0,10297.0
2023-09-25,0,0.8571428571428571,NJ,1.0,10370.0
2023-10-02,0,0.0,NJ,1.0,9209.0
2023-10-09,0,0.0,NJ,1.0,9109.0
2023-10-16,0,0.42857142857142855,NJ,1.0,9854.0
2023-10-23,0,1.0,NJ,1.0,10336.0
2023-10-30,0,0.2857142857142857,NJ,1.0,9735.0
2023-11-06,0,0.0,NJ,1.0,9801.0
2023-11-13,0,0.0,NJ,1.0,10208.0
2023-11-20,0,1.0,NJ,1.0,11250.0
2023-11-27,0,0.5714285714285714,NJ,1.0,10488.0
2023-12-04,0,0.0,NJ,1.0,9742.0
2023-12-11,0,0.0,NJ,1.0,9711.0
2023-12-18,0,0.7142857142857143,NJ,1.0,10787.0
2023-12-25,1,1.0,NJ,1.0,12838.0
2024-01-01,1,0.0,NJ,1.0,10078.0
2024-01-08,0,0.0,NJ,1.0,8999.0
2024-01-15,0,0.2857142857142857,NJ,1.0,9486.0
2024-01-22,0,1.0,NJ,1.0,10731.0
2024-01-29,0,0.42857142857142855,NJ,1.0,9664.0
2024-02-05,0,0.0,NJ,1.0,9095.0
2024-02-12,0,0.0,NJ,1.0,9270.0
2024-02-19,0,0.8571428571428571,NJ,1.0,10604.0
2024-02-26,0,0.5714285714285714,NJ,1.0,10411.0
2024-03-04,0,0.0,NJ,1.0,9225.0
2024-03-11,0,0.0,NJ,1.0,9429.0
2024-03-18,0,0.7142857142857143,NJ,1.0,10663.0
2024-03-25,0,1.0,NJ,1.0,11259.0
2024-04-01,0,0.0,NJ,1.0,10057.0
2024-04-08,0,0.0,NJ,1.0,9944.0
2024-04-15,0,0.2857142857142857,NJ,1.0,10456.0
2024-04-22,0,1.0,NJ,1.0,11509.0
2024-04-29,0,0.2857142857142857,NJ,1.0,10452.0
2024-05-06,0,0.0,NJ,1.0,10291.0
2024-05-13,0,0.0,NJ,1.0,10438.0
2024-05-20,0,1.0,NJ,1.0,12299.0
2024-05-27,0,0.7142857142857143,NJ,1.0,11548.0
2024-06-03,1,0.0,NJ,1.0,12025.0
2024-06-10,1,0.0,NJ,1.0,11822.0
2024-06-17,1,0.5714285714285714,NJ,1.0,12886.0
2024-06-24,1,1.0,NJ,1.0,13666.0
2024-07-01,1,0.0,NJ,1.0,11905.0
2024-07-08,1,0.0,NJ,1.0,11790.0
2024-07-15,1,0.2857142857142857,NJ,1.0,12318.0
2024-07-22,1,1.0,NJ,1.0,13574.0
2024-07-29,1,0.42857142857142855,NJ,1.0,12410.0
2024-08-05,1,0.0,NJ,1.0,11875.0
2024-08-12,1,0.0,NJ,1.0,11372.0
2024-08-19,0,0.8571428571428571,NJ,1.0,11778.0
2024-08-26,0,0.8571428571428571,NJ,1.0,11331.0
2024-09-02,0,0.0,NJ,1.0,10101.0
2024-09-09,0,0.0,NJ,1.0,10207.0
2024-09-16,0,0.42857142857142855,NJ,1.0,10583.0
2024-09-23,0,1.0,NJ,1.0,11377.0
2024-09-30,0,0.14285714285714285,NJ,1.0,10034.0
2024-10-07,0,0.0,NJ,1.0,9846.0
2024-10-14,0,0.14285714285714285,NJ,1.0,9888.0
2024-10-21,0,1.0,NJ,1.0,11102.0
2024-10-28,0,0.5714285714285714,NJ,1.0,10532.0
2024-11-04,0,0.0,NJ,1.0,10397.0
2024-11-11,0,0.0,NJ,1.0,10626.0
2024-11-18,0,0.7142857142857143,NJ,1.0,11545.0
2024-11-25,0,0.8571428571428571,NJ,1.0,11656.0
2024-12-02,0,0.0,NJ,1.0,10362.0
2024-12-09,0,0.0,NJ,1.0,10262.0
2024-12-16,0,0.42857142857142855,NJ,1.0,11329.0
2024-12-23,1,1.0,NJ,1.0,13679.0
2024-12-30,1,0.2857142857142857,NJ,1.0,12093.0
2025-01-06,0,0.0,NJ,1.0,9407.0
2025-01-13,0,0.0,NJ,1.0,9405.0
2025-01-20,0,1.0,NJ,1.0,10915.0
2025-01-27,0,0.7142857142857143,NJ,1.0,10631.0
2025-02-03,0,0.0,NJ,1.0,9412.0
2025-02-10,0,0.0,NJ,1.0,9680.0
2025-02-17,0,0.5714285714285714,NJ,1.0,10695.0
2025-02-24,0,0.7142857142857143,NJ,1.0,10863.0
2025-03-03,0,0.0,NJ,1.0,9903.0
2025-03-10,0,0.0,NJ,1.0,9987.0
2025-03-17,0,0.5714285714285714,NJ,1.0,11040.0
2025-03-24,0,1.0,NJ,1.0,11717.0
2025-03-31,0,0.14285714285714285,NJ,1.0,10259.0
2025-04-07,0,0.0,NJ,1.0,10306.0
2025-04-14,0,0.14285714285714285,NJ,1.0,10496.0
2025-04-21,0,1.0,NJ,1.0,11959.0
2025-04-28,0,0.42857142857142855,NJ,1.0,11086.0
2025-05-05,0,0.0,NJ,1.0,10457.0
2025-05-12,0,0.0,NJ,1.0,10791.0
2025-05-19,0,0.8571428571428571,NJ,1.0,11808.0
2025-05-26,0,0.8571428571428571,NJ,1.0,12015.0
2025-06-02,1,0.0,NJ,1.0,11686.0
2025-06-09,1,0.0,NJ,1.0,11914.0
2025-06-16,1,0.42857142857142855,NJ,1.0,12940.0
2025-06-23,1,1.0,NJ,1.0,13584.0
2025-06-30,1,0.14285714285714285,NJ,1.0,12072.0
2025-07-07,1,0.0,NJ,1.0,12123.0
2025-07-14,1,0.14285714285714285,NJ,1.0,12127.0
2025-07-21,1,1.0,NJ,1.0,13812.0
2025-07-28,1,0.5714285714285714,NJ,1.0,12810.0
2025-08-04,1,0.0,NJ,0.9985782506284514,11729.0
2025-08-11,1,0.0,NJ,0.9971565012569027,11584.0
2025-08-18,0,0.7142857142857143,NJ,0.9957347518853541,11544.0
2025-08-25,0,1.0,NJ,0.9943130025138054,11628.0
2025-09-01,0,0.0,NJ,0.9928912531422568,10142.0
2025-09-08,0,0.0,NJ,0.9914695037707082,10221.0
2025-09-15,0,0.2857142857142857,NJ,0.9900477543991595,10648.0
2025-09-22,0,1.0,NJ,0.9886260050276109,11568.0
2025-09-29,0,0.2857142857142857,NJ,0.9872042556560622,10676.0
2025-10-06,0,0.0,NJ,0.9857825062845136,9997.0
2025-10-13,0,0.0,NJ,0.984360756912965,10292.0
2025-10-20,0,1.0,NJ,0.9829390075414163,11403.0
2025-10-27,0,0.7142857142857143,NJ,0.9815172581698677,10866.0
2025-11-03,0,0.0,NJ,0.980095508798319,10787.0
2025-11-10,0,0.0,NJ,0.9786737594267704,10797.0
2025-11-17,0,0.5714285714285714,NJ,0.9772520100552218,11701.0
2025-11-24,0,1.0,NJ,0.9758302606836731,12481.0
2025-12-01,0,0.0,NJ,0.9744085113121245,10665.0
2025-12-08,0,0.0,NJ,0.9729867619405759,10823.0
2025-12-15,0,0.2857142857142857,NJ,0.9715650125690272,11181.0
2025-12-22,1,1.0,NJ,0.9701432631974786,13716.0
2025-12-29,1,0.42857142857142855,NJ,0.9687215138259299,12784.0
2026-01-05,1,0.0,NJ,0.9672997644543813,10989.0
2026-01-12,0,0.0,NJ,0.9658780150828327,9919.0
2026-01-19,0,0.8571428571428571,NJ,0.964456265711284,10861.0
2026-01-26,0,0.8571428571428571,NJ,0.9630345163397354,11077.0
2026-02-02,0,0.0,NJ,0.9616127669681866,10178.0
2026-02-09,0,0.0,NJ,0.960191017596638,9907.0
2026-02-16,0,0.42857142857142855,NJ,0.9587692682250895,10731.0
2026-02-23,0,0.8571428571428571,NJ,0.9573475188535407,11679.0
2026-03-02,0,0.0,NJ,0.9559257694819921,10349.0
2026-03-09,0,0.0,NJ,0.9545040201104434,10464.0
2026-03-16,0,0.42857142857142855,NJ,0.9530822707388948,11180.0
2026-03-23,0,1.0,NJ,0.9516605213673462,12064.0
2026-03-30,0,0.2857142857142857,NJ,0.9502387719957975,11218.0
2026-04-06,0,0.0,NJ,0.9488170226242489,10645.0
2026-04-13,0,0.0,NJ,0.9473952732527002,10809.0
2026-04-20,0,1.0,NJ,0.9459735238811516,12718.0
2026-04-27,0,0.5714285714285714,NJ,0.944551774509603,11843.0
2026-05-04,0,0.0,NJ,0.9431300251380543,11091.0
2026-05-11,0,0.0,NJ,0.9417082757665057,11060.0
2026-05-18,0,0.7142857142857143,NJ,0.9402865263949571,12213.0
2026-05-25,0,1.0,NJ,0.9388647770234084,13198.0
2026-06-01,1,0.0,NJ,0.9374430276518598,12781.0
2026-06-08,1,0.0,NJ,0.9360212782803111,13148.0
2026-06-15,1,0.2857142857142857,NJ,0.9345995289087625,13436.0
2026-06-22,1,1.0,NJ,0.9331777795372138,15089.0
2026-06-29,1,0.2857142857142857,NJ,0.9317560301656652,13523.0
2026-07-06,1,0.0,NJ,0.9303342807941166,12822.0
2026-07-13,1,0.0,NJ,0.9289125314225679,12745.0
2026-07-20,1,1.0,NJ,0.9274907820510193,14518.0
2026-07-27,1,0.7142857142857143,NJ,0.9274907820510193,14388.0
2026-08-03,1,0.0,NJ,0.9274907820510193,12775.0
2026-08-10,1,0.0,NJ,0.9274907820510193,12875.0
2026-08-17,0,0.5714285714285714,NJ,0.9274907820510193,12087.0
2026-08-24,0,1.0,NJ,0.9274907820510193,12920.0
2026-08-31,0,0.14285714285714285,NJ,0.9274907820510193,11354.0
2026-09-07,0,0.0,NJ,0.9274907820510193,11096.0
2026-09-14,0,0.14285714285714285,NJ,0.9274907820510193,11088.0
2026-09-21,0,1.0,NJ,0.9274907820510193,12348.0
2019-01-07,0,0.0,NM,1.0,2194.0
2019-01-14,0,0.14285714285714285,NM,1.0,2270.0
2019-01-21,0,1.0,NM,1.0,2501.0
2019-01-28,0,0.5714285714285714,NM,1.0,2344.0
2019-02-04,0,0.0,NM,1.0,2239.0
2019-02-11,0,0.0,NM,1.0,2224.0
2019-02-18,0,0.7142857142857143,NM,1.0,2426.0
2019-02-25,0,0.5714285714285714,NM,1.0,2398.0
2019-03-04,0,0.0,NM,1.0,2225.0
2019-03-11,0,0.0,NM,1.0,2316.0
2019-03-18,0,0.7142857142857143,NM,1.0,2534.0
2019-03-25,0,1.0,NM,1.0,2639.0
2019-04-01,0,0.0,NM,1.0,2267.0
2019-04-08,0,0.0,NM,1.0,2361.0
2019-04-15,0,0.2857142857142857,NM,1.0,2445.0
2019-04-22,0,1.0,NM,1.0,2664.0
2019-04-29,0,0.2857142857142857,NM,1.0,2437.0
2019-05-06,0,0.0,NM,1.0,2517.0
2019-05-13,0,0.0,NM,1.0,2403.0
2019-05-20,0,1.0,NM,1.0,2822.0
2019-05-27,0,0.7142857142857143,NM,1.0,2602.0
2019-06-03,1,0.0,NM,1.0,2770.0
2019-06-10,1,0.0,NM,1.0,2664.0
2019-06-17,1,0.5714285714285714,NM,1.0,2931.0
2019-06-24,1,1.0,NM,1.0,3091.0
2019-07-01,1,0.0,NM,1.0,2762.0
2019-07-08,1,0.0,NM,1.0,2747.0
2019-07-15,1,0.2857142857142857,NM,1.0,2935.0
2019-07-22,1,1.0,NM,1.0,3147.0
2019-07-29,1,0.42857142857142855,NM,1.0,2883.0
2019-08-05,1,0.0,NM,1.0,2685.0
2019-08-12,1,0.0,NM,1.0,2656.0
2019-08-19,0,0.8571428571428571,NM,1.0,2695.0
2019-08-26,0,0.8571428571428571,NM,1.0,2714.0
2019-09-02,0,0.0,NM,1.0,2258.0
2019-09-09,0,0.0,NM,1.0,2339.0
2019-09-16,0,0.42857142857142855,NM,1.0,2414.0
2019-09-23,0,1.0,NM,1.0,2601.0
2019-09-30,0,0.14285714285714285,NM,1.0,2316.0
2019-10-07,0,0.0,NM,1.0,2274.0
2019-10-14,0,0.14285714285714285,NM,1.0,2307.0
2019-10-21,0,1.0,NM,1.0,2545.0
2019-10-28,0,0.5714285714285714,NM,1.0,2469.0
2019-11-04,0,0.0,NM,1.0,2420.0
2019-11-11,0,0.0,NM,1.0,2398.0
2019-11-18,0,0.7142857142857143,NM,1.0,2642.0
2019-11-25,0,0.8571428571428571,NM,1.0,2692.0
2019-12-02,0,0.0,NM,1.0,2396.0
2019-12-09,0,0.0,NM,1.0,2388.0
2019-12-16,0,0.42857142857142855,NM,1.0,2462.0
2019-12-23,1,1.0,NM,1.0,3007.0
2019-12-30,1,0.2857142857142857,NM,1.0,2693.0
2020-01-06,0,0.0,NM,1.0,2150.0
2020-01-13,0,0.0,NM,1.0,2159.0
2020-01-20,0,1.0,NM,1.0,2477.0
2020-01-27,0,0.7142857142857143,NM,1.0,2435.0
2020-02-03,0,0.0,NM,1.0,2165.0
2020-02-10,0,0.0,NM,1.0,2211.0
2020-02-17,0,0.5714285714285714,NM,1.0,2426.0
2020-02-24,0,0.8571428571428571,NM,1.0,2464.0
2020-03-02,0,0.0,NM,1.0,2235.0
2020-03-09,0,0.0,NM,1.0,2199.0
2020-03-16,0,0.42857142857142855,NM,1.0,2411.0
2020-03-23,0,1.0,NM,1.0,2694.0
2020-03-30,0,0.2857142857142857,NM,1.0,2355.0
2020-04-06,0,0.0,NM,1.0,2234.0
2020-04-13,0,0.0,NM,1.0,2386.0
2020-04-20,0,1.0,NM,1.0,2705.0
2020-04-27,0,0.5714285714285714,NM,1.0,2549.0
2020-05-04,0,0.0,NM,1.0,2388.0
2020-05-11,0,0.0,NM,1.0,2406.0
2020-05-18,0,0.7142857142857143,NM,1.0,2677.0
2020-05-25,0,1.0,NM,1.0,2789.0
2020-06-01,1,0.0,NM,1.0,2735.0
2020-06-08,1,0.0,NM,1.0,2637.0
2020-06-15,1,0.2857142857142857,NM,1.0,2769.0
2020-06-22,1,1.0,NM,1.0,3232.0
2020-06-29,1,0.2857142857142857,NM,1.0,2765.0
2020-07-06,1,0.0,NM,1.0,2660.0
2020-07-13,1,0.0,NM,1.0,2715.0
2020-07-20,1,1.0,NM,1.0,3053.0
2020-07-27,1,0.7142857142857143,NM,1.0,2938.0
2020-08-03,1,0.0,NM,1.0,2624.0
2020-08-10,1,0.0,NM,1.0,2562.0
2020-08-17,0,0.5714285714285714,NM,1.0,2519.0
2020-08-24,0,1.0,NM,1.0,2610.0
2020-08-31,0,0.14285714285714285,NM,1.0,2448.0
2020-09-07,0,0.0,NM,1.0,2244.0
2020-09-14,0,0.14285714285714285,NM,1.0,2265.0
2020-09-21,0,1.0,NM,1.0,2590.0
2020-09-28,0,0.42857142857142855,NM,1.0,2369.0
2020-10-05,0,0.0,NM,1.0,2205.0
2020-10-12,0,0.0,NM,1.0,2209.0
2020-10-19,0,0.8571428571428571,NM,1.0,2388.0
2020-10-26,0,0.8571428571428571,NM,1.0,2420.0
2020-11-02,0,0.0,NM,1.0,2393.0
2020-11-09,0,0.0,NM,1.0,2337.0
2020-11-16,0,0.42857142857142855,NM,1.0,2569.0
2020-11-23,0,1.0,NM,1.0,2629.0
2020-11-30,0,0.14285714285714285,NM,1.0,2415.0
2020-12-07,0,0.0,NM,1.0,2293.0
2020-12-14,0,0.14285714285714285,NM,1.0,2298.0
2020-12-21,1,1.0,NM,1.0,2901.0
2020-12-28,1,0.5714285714285714,NM,1.0,2796.0
2021-01-04,1,0.0,NM,1.0,2315.0
2021-01-11,0,0.0,NM,1.0,2101.0
2021-01-18,0,0.7142857142857143,NM,1.0,2301.0
2021-01-25,0,1.0,NM,1.0,2406.0
2021-02-01,0,0.0,NM,1.0,2097.0
2021-02-08,0,0.0,NM,1.0,2155.0
2021-02-15,0,0.2857142857142857,NM,1.0,2283.0
2021-02-22,0,1.0,NM,1.0,2482.0
2021-03-01,0,0.0,NM,1.0,2131.0
2021-03-08,0,0.0,NM,1.0,2208.0
2021-03-15,0,0.2857142857142857,NM,1.0,2303.0
2021-03-22,0,1.0,NM,1.0,2505.0
2021-03-29,0,0.42857142857142855,NM,1.0,2388.0
2021-04-05,0,0.0,NM,1.0,2146.0
2021-04-12,0,0.0,NM,1.0,2247.0
2021-04-19,0,0.8571428571428571,NM,1.0,2476.0
2021-04-26,0,0.7142857142857143,NM,1.0,2522.0
2021-05-03,0,0.0,NM,1.0,2189.0
2021-05-10,0,0.0,NM,1.0,2191.0
2021-05-17,0,0.5714285714285714,NM,1.0,2390.0
2021-05-24,0,1.0,NM,1.0,2624.0
2021-05-31,0,0.14285714285714285,NM,1.0,2307.0
2021-06-07,1,0.0,NM,1.0,2558.0
2021-06-14,1,0.14285714285714285,NM,1.0,2617.0
2021-06-21,1,1.0,NM,1.0,2956.0
2021-06-28,1,0.42857142857142855,NM,1.0,2662.0
2021-07-05,1,0.0,NM,1.0,2516.0
2021-07-12,1,0.0,NM,1.0,2521.0
2021-07-19,1,0.8571428571428571,NM,1.0,3008.0
2021-07-26,1,0.8571428571428571,NM,1.0,2887.0
2021-08-02,1,0.0,NM,1.0,2522.0
2021-08-09,1,0.0,NM,1.0,2571.0
2021-08-16,0,0.42857142857142855,NM,1.0,2417.0
2021-08-23,0,1.0,NM,1.0,2665.0
2021-08-30,0,0.2857142857142857,NM,1.0,2374.0
2021-09-06,0,0.0,NM,1.0,2248.0
2021-09-13,0,0.0,NM,1.0,2183.0
2021-09-20,0,1.0,NM,1.0,2547.0
2021-09-27,0,0.5714285714285714,NM,1.0,2428.0
2021-10-04,0,0.0,NM,1.0,2150.0
2021-10-11,0,0.0,NM,1.0,2207.0
2021-10-18,0,0.7142857142857143,NM,1.0,2386.0
2021-10-25,0,1.0,NM,1.0,2499.0
2021-11-01,0,0.0,NM,1.0,2463.0
2021-11-08,0,0.0,NM,1.0,2372.0
2021-11-15,0,0.2857142857142857,NM,1.0,2410.0
2021-11-22,0,1.0,NM,1.0,2822.0
2021-11-29,0,0.2857142857142857,NM,1.0,2520.0
2021-12-06,0,0.0,NM,1.0,2386.0
2021-12-13,0,0.0,NM,1.0,2412.0
2021-12-20,1,1.0,NM,1.0,3164.0
2021-12-27,1,0.7142857142857143,NM,1.0,3024.0
2022-01-03,1,0.0,NM,1.0,2408.0
2022-01-10,0,0.0,NM,1.0,2176.0
2022-01-17,0,0.5714285714285714,NM,1.0,2424.0
2022-01-24,0,1.0,NM,1.0,2602.0
2022-01-31,0,0.14285714285714285,NM,1.0,2330.0
2022-02-07,0,0.0,NM,1.0,2249.0
2022-02-14,0,0.14285714285714285,NM,1.0,2332.0
2022-02-21,0,1.0,NM,1.0,2564.0
2022-02-28,0,0.14285714285714285,NM,1.0,2422.0
2022-03-07,0,0.0,NM,1.0,2346.0
2022-03-14,0,0.14285714285714285,NM,1.0,2426.0
2022-03-21,0,1.0,NM,1.0,2785.0
2022-03-28,0,0.5714285714285714,NM,1.0,2699.0
2022-04-04,0,0.0,NM,1.0,2509.0
2022-04-11,0,0.0,NM,1.0,2491.0
2022-04-18,0,0.7142857142857143,NM,1.0,2729.0
2022-04-25,0,0.8571428571428571,NM,1.0,2806.0
2022-05-02,0,0.0,NM,1.0,2522.0
2022-05-09,0,0.0,NM,1.0,2506.0
2022-05-16,0,0.42857142857142855,NM,1.0,2716.0
2022-05-23,0,1.0,NM,1.0,3168.0
2022-05-30,0,0.2857142857142857,NM,1.0,2697.0
2022-06-06,1,0.0,NM,1.0,2965.0
2022-06-13,1,0.0,NM,1.0,2992.0
2022-06-20,1,1.0,NM,1.0,3341.0
2022-06-27,1,0.5714285714285714,NM,1.0,3142.0
2022-07-04,1,0.0,NM,1.0,2952.0
2022-07-11,1,0.0,NM,1.0,2991.0
2022-07-18,1,0.7142857142857143,NM,1.0,3205.0
2022-07-25,1,1.0,NM,1.0,3307.0
2022-08-01,1,0.0,NM,1.0,2940.0
2022-08-08,1,0.0,NM,1.0,2859.0
2022-08-15,0,0.2857142857142857,NM,1.0,2647.0
2022-08-22,0,1.0,NM,1.0,2975.0
2022-08-29,0,0.42857142857142855,NM,1.0,2719.0
2022-09-05,0,0.0,NM,1.0,2564.0
2022-09-12,0,0.0,NM,1.0,2515.0
2022-09-19,0,0.8571428571428571,NM,1.0,2883.0
2022-09-26,0,0.7142857142857143,NM,1.0,2803.0
2022-10-03,0,0.0,NM,1.0,2469.0
2022-10-10,0,0.0,NM,1.0,2470.0
2022-10-17,0,0.5714285714285714,NM,1.0,2714.0
2022-10-24,0,1.0,NM,1.0,2867.0
2022-10-31,0,0.14285714285714285,NM,1.0,2498.0
2022-11-07,0,0.0,NM,1.0,2707.0
2022-11-14,0,0.14285714285714285,NM,1.0,2630.0
2022-11-21,0,1.0,NM,1.0,3094.0
2022-11-28,0,0.42857142857142855,NM,1.0,2822.0
2022-12-05,0,0.0,NM,1.0,2770.0
2022-12-12,0,0.0,NM,1.0,2621.0
2022-12-19,0,0.8571428571428571,NM,1.0,2939.0
2022-12-26,1,0.8571428571428571,NM,1.0,3376.0
2023-01-02,1,0.0,NM,1.0,2675.0
2023-01-09,0,0.0,NM,1.0,2385.0
2023-01-16,0,0.42857142857142855,NM,1.0,2525.0
2023-01-23,0,1.0,NM,1.0,2904.0
2023-01-30,0,0.2857142857142857,NM,1.0,2619.0
2023-02-06,0,0.0,NM,1.0,2515.0
2023-02-13,0,0.0,NM,1.0,2498.0
2023-02-20,0,1.0,NM,1.0,2876.0
2023-02-27,0,0.2857142857142857,NM,1.0,2598.0
2023-03-06,0,0.0,NM,1.0,2701.0
2023-03-13,0,0.0,NM,1.0,2482.0
2023-03-20,0,1.0,NM,1.0,2951.0
2023-03-27,0,0.7142857142857143,NM,1.0,2872.0
2023-04-03,0,0.0,NM,1.0,2637.0
2023-04-10,0,0.0,NM,1.0,2683.0
2023-04-17,0,0.5714285714285714,NM,1.0,2817.0
2023-04-24,0,1.0,NM,1.0,3110.0
2023-05-01,0,0.0,NM,1.0,2752.0
2023-05-08,0,0.0,NM,1.0,2773.0
2023-05-15,0,0.2857142857142857,NM,1.0,2820.0
2023-05-22,0,1.0,NM,1.0,3208.0
2023-05-29,0,0.42857142857142855,NM,1.0,2995.0
2023-06-05,1,0.0,NM,1.0,3129.0
2023-06-12,1,0.0,NM,1.0,3197.0
2023-06-19,1,0.8571428571428571,NM,1.0,3515.0
2023-06-26,1,0.7142857142857143,NM,1.0,3469.0
2023-07-03,1,0.0,NM,1.0,3166.0
2023-07-10,1,0.0,NM,1.0,3233.0
2023-07-17,1,0.5714285714285714,NM,1.0,3401.0
2023-07-24,1,1.0,NM,1.0,3684.0
2023-07-31,1,0.14285714285714285,NM,1.0,3275.0
2023-08-07,1,0.0,NM,1.0,3232.0
2023-08-14,1,0.14285714285714285,NM,1.0,3070.0
2023-08-21,0,1.0,NM,1.0,3179.0
2023-08-28,0,0.5714285714285714,NM,1.0,3057.0
2023-09-04,0,0.0,NM,1.0,2833.0
2023-09-11,0,0.0,NM,1.0,2682.0
2023-09-18,0,0.7142857142857143,NM,1.0,3035.0
2023-09-25,0,0.8571428571428571,NM,1.0,3086.0
2023-10-02,0,0.0,NM,1.0,2763.0
2023-10-09,0,0.0,NM,1.0,2690.0
2023-10-16,0,0.42857142857142855,NM,1.0,2818.0
2023-10-23,0,1.0,NM,1.0,2977.0
2023-10-30,0,0.2857142857142857,NM,1.0,2786.0
2023-11-06,0,0.0,NM,1.0,2971.0
2023-11-13,0,0.0,NM,1.0,2853.0
2023-11-20,0,1.0,NM,1.0,3310.0
2023-11-27,0,0.5714285714285714,NM,1.0,3114.0
2023-12-04,0,0.0,NM,1.0,2896.0
2023-12-11,0,0.0,NM,1.0,2882.0
2023-12-18,0,0.7142857142857143,NM,1.0,3230.0
2023-12-25,1,1.0,NM,1.0,3742.0
2024-01-01,1,0.0,NM,1.0,3006.0
2024-01-08,0,0.0,NM,1.0,2597.0
2024-01-15,0,0.2857142857142857,NM,1.0,2870.0
2024-01-22,0,1.0,NM,1.0,3061.0
2024-01-29,0,0.42857142857142855,NM,1.0,2945.0
2024-02-05,0,0.0,NM,1.0,2685.0
2024-02-12,0,0.0,NM,1.0,2704.0
2024-02-19,0,0.8571428571428571,NM,1.0,3201.0
2024-02-26,0,0.5714285714285714,NM,1.0,2996.0
2024-03-04,0,0.0,NM,1.0,2914.0
2024-03-11,0,0.0,NM,1.0,2857.0
2024-03-18,0,0.7142857142857143,NM,1.0,3174.0
2024-03-25,0,1.0,NM,1.0,3336.0
2024-04-01,0,0.0,NM,1.0,2911.0
2024-04-08,0,0.0,NM,1.0,2965.0
2024-04-15,0,0.2857142857142857,NM,1.0,3254.0
2024-04-22,0,1.0,NM,1.0,3392.0
2024-04-29,0,0.2857142857142857,NM,1.0,3154.0
2024-05-06,0,0.0,NM,1.0,2961.0
2024-05-13,0,0.0,NM,1.0,3022.0
2024-05-20,0,1.0,NM,1.0,3689.0
2024-05-27,0,0.7142857142857143,NM,1.0,3510.0
2024-06-03,1,0.0,NM,1.0,3413.0
2024-06-10,1,0.0,NM,1.0,3490.0
2024-06-17,1,0.5714285714285714,NM,1.0,3875.0
2024-06-24,1,1.0,NM,1.0,4011.0
2024-07-01,1,0.0,NM,1.0,3517.0
2024-07-08,1,0.0,NM,1.0,3574.0
2024-07-15,1,0.2857142857142857,NM,1.0,3655.0
2024-07-22,1,1.0,NM,1.0,4101.0
2024-07-29,1,0.42857142857142855,NM,1.0,3583.0
2024-08-05,1,0.0,NM,1.0,3414.0
2024-08-12,1,0.0,NM,1.0,3595.0
2024-08-19,0,0.8571428571428571,NM,1.0,3504.0
2024-08-26,0,0.8571428571428571,NM,1.0,3342.0
2024-09-02,0,0.0,NM,1.0,3108.0
2024-09-09,0,0.0,NM,1.0,2966.0
2024-09-16,0,0.42857142857142855,NM,1.0,3157.0
2024-09-23,0,1.0,NM,1.0,3477.0
2024-09-30,0,0.14285714285714285,NM,1.0,3022.0
2024-10-07,0,0.0,NM,1.0,2906.0
2024-10-14,0,0.14285714285714285,NM,1.0,2985.0
2024-10-21,0,1.0,NM,1.0,3292.0
2024-10-28,0,0.5714285714285714,NM,1.0,3120.0
2024-11-04,0,0.0,NM,1.0,3225.0
2024-11-11,0,0.0,NM,1.0,3136.0
2024-11-18,0,0.7142857142857143,NM,1.0,3390.0
2024-11-25,0,0.8571428571428571,NM,1.0,3412.0
2024-12-02,0,0.0,NM,1.0,3137.0
2024-12-09,0,0.0,NM,1.0,3202.0
2024-12-16,0,0.42857142857142855,NM,1.0,3166.0
2024-12-23,1,1.0,NM,1.0,3989.0
2024-12-30,1,0.2857142857142857,NM,1.0,3708.0
2025-01-06,0,0.0,NM,1.0,2783.0
2025-01-13,0,0.0,NM,1.0,2821.0
2025-01-20,0,1.0,NM,1.0,3212.0
2025-01-27,0,0.7142857142857143,NM,1.0,3096.0
2025-02-03,0,0.0,NM,1.0,2778.0
2025-02-10,0,0.0,NM,1.0,2778.0
2025-02-17,0,0.5714285714285714,NM,1.0,3179.0
2025-02-24,0,0.7142857142857143,NM,1.0,3210.0
2025-03-03,0,0.0,NM,1.0,2980.0
2025-03-10,0,0.0,NM,1.0,2846.0
2025-03-17,0,0.5714285714285714,NM,1.0,3317.0
2025-03-24,0,1.0,NM,1.0,3403.0
2025-03-31,0,0.14285714285714285,NM,1.0,3170.0
2025-04-07,0,0.0,NM,1.0,3007.0
2025-04-14,0,0.14285714285714285,NM,1.0,3148.0
2025-04-21,0,1.0,NM,1.0,3571.0
2025-04-28,0,0.42857142857142855,NM,1.0,3323.0
2025-05-05,0,0.0,NM,1.0,3199.0
2025-05-12,0,0.0,NM,1.0,3159.0
2025-05-19,0,0.8571428571428571,NM,1.0,3511.0
2025-05-26,0,0.8571428571428571,NM,1.0,3601.0
2025-06-02,1,0.0,NM,1.0,3612.0
2025-06-09,1,0.0,NM,1.0,3495.0
2025-06-16,1,0.42857142857142855,NM,1.0,3674.0
2025-06-23,1,1.0,NM,1.0,4145.0
2025-06-30,1,0.14285714285714285,NM,1.0,3683.0
2025-07-07,1,0.0,NM,1.0,3553.0
2025-07-14,1,0.14285714285714285,NM,1.0,3533.0
2025-07-21,1,1.0,NM,1.0,4024.0
2025-07-28,1,0.5714285714285714,NM,1.0,3747.0
2025-08-04,1,0.0,NM,0.9993500398053246,3455.0
2025-08-11,1,0.0,NM,0.9987000796106492,3414.0
2025-08-18,0,0.7142857142857143,NM,0.9980501194159738,3519.0
2025-08-25,0,1.0,NM,0.9974001592212984,3533.0
2025-09-01,0,0.0,NM,0.996750199026623,3000.0
2025-09-08,0,0.0,NM,0.9961002388319476,3030.0
2025-09-15,0,0.2857142857142857,NM,0.9954502786372722,3233.0
2025-09-22,0,1.0,NM,0.9948003184425969,3462.0
2025-09-29,0,0.2857142857142857,NM,0.9941503582479214,3147.0
2025-10-06,0,0.0,NM,0.9935003980532461,2974.0
2025-10-13,0,0.0,NM,0.9928504378585706,2819.0
2025-10-20,0,1.0,NM,0.9922004776638953,3285.0
2025-10-27,0,0.7142857142857143,NM,0.9915505174692198,3310.0
2025-11-03,0,0.0,NM,0.9909005572745445,3098.0
2025-11-10,0,0.0,NM,0.9902505970798691,3125.0
2025-11-17,0,0.5714285714285714,NM,0.9896006368851937,3421.0
2025-11-24,0,1.0,NM,0.9889506766905183,3530.0
2025-12-01,0,0.0,NM,0.9883007164958428,3014.0
2025-12-08,0,0.0,NM,0.9876507563011675,3044.0
2025-12-15,0,0.2857142857142857,NM,0.987000796106492,3260.0
2025-12-22,1,1.0,NM,0.9863508359118167,3993.0
2025-12-29,1,0.42857142857142855,NM,0.9857008757171413,3647.0
2026-01-05,1,0.0,NM,0.9850509155224659,3221.0
2026-01-12,0,0.0,NM,0.9844009553277905,2807.0
2026-01-19,0,0.8571428571428571,NM,0.9837509951331151,3232.0
2026-01-26,0,0.8571428571428571,NM,0.9831010349384397,3276.0
2026-02-02,0,0.0,NM,0.9824510747437644,2833.0
2026-02-09,0,0.0,NM,0.9818011145490889,2933.0
2026-02-16,0,0.42857142857142855,NM,0.9811511543544136,3139.0
2026-02-23,0,0.8571428571428571,NM,0.9805011941597381,3292.0
2026-03-02,0,0.0,NM,0.9798512339650628,2967.0
2026-03-09,0,0.0,NM,0.9792012737703873,2978.0
2026-03-16,0,0.42857142857142855,NM,0.978551313575712,3313.0
2026-03-23,0,1.0,NM,0.9779013533810366,3493.0
2026-03-30,0,0.2857142857142857,NM,0.9772513931863611,3337.0
2026-04-06,0,0.0,NM,0.9766014329916858,3159.0
2026-04-13,0,0.0,NM,0.9759514727970103,3112.0
2026-04-20,0,1.0,NM,0.975301512602335,3620.0
2026-04-27,0,0.5714285714285714,NM,0.9746515524076595,3384.0
2026-05-04,0,0.0,NM,0.9740015922129842,3187.0
2026-05-11,0,0.0,NM,0.9733516320183088,3292.0
2026-05-18,0,0.7142857142857143,NM,0.9727016718236334,3528.0
2026-05-25,0,1.0,NM,0.972051711628958,3682.0
2026-06-01,1,0.0,NM,0.9714017514342826,3667.0
2026-06-08,1,0.0,NM,0.9707517912396072,3680.0
2026-06-15,1,0.2857142857142857,NM,0.9701018310449319,3787.0
2026-06-22,1,1.0,NM,0.9694518708502564,4149.0
2026-06-29,1,0.2857142857142857,NM,0.9688019106555811,3687.0
2026-07-06,1,0.0,NM,0.9681519504609056,3755.0
2026-07-13,1,0.0,NM,0.9675019902662303,3685.0
2026-07-20,1,1.0,NM,0.9668520300715548,4126.0
2026-07-27,1,0.7142857142857143,NM,0.9668520300715548,3969.0
2026-08-03,1,0.0,NM,0.9668520300715548,3602.0
2026-08-10,1,0.0,NM,0.9668520300715548,3572.0
2026-08-17,0,0.5714285714285714,NM,0.9668520300715548,3553.0
2026-08-24,0,1.0,NM,0.9668520300715548,3718.0
2026-08-31,0,0.14285714285714285,NM,0.9668520300715548,3182.0
2026-09-07,0,0.0,NM,0.9668520300715548,3096.0
2026-09-14,0,0.14285714285714285,NM,0.9668520300715548,3142.0
2026-09-21,0,1.0,NM,0.9668520300715548,3560.0
2019-01-07,0,0.0,NV,1.0,2631.0
2019-01-14,0,0.14285714285714285,NV,1.0,2701.0
2019-01-21,0,1.0,NV,1.0,3050.0
2019-01-28,0,0.5714285714285714,NV,1.0,2961.0
2019-02-04,0,0.0,NV,1.0,2655.0
2019-02-11,0,0.0,NV,1.0,2812.0
2019-02-18,0,0.7142857142857143,NV,1.0,3106.0
2019-02-25,0,0.5714285714285714,NV,1.0,3029.0
2019-03-04,0,0.0,NV,1.0,2747.0
2019-03-11,0,0.0,NV,1.0,2907.0
2019-03-18,0,0.7142857142857143,NV,1.0,3044.0
2019-03-25,0,1.0,NV,1.0,3233.0
2019-04-01,0,0.0,NV,1.0,2755.0
2019-04-08,0,0.0,NV,1.0,2840.0
2019-04-15,0,0.2857142857142857,NV,1.0,2991.0
2019-04-22,0,1.0,NV,1.0,3319.0
2019-04-29,0,0.2857142857142857,NV,1.0,3151.0
2019-05-06,0,0.0,NV,1.0,2925.0
2019-05-13,0,0.0,NV,1.0,2869.0
2019-05-20,0,1.0,NV,1.0,3361.0
2019-05-27,0,0.7142857142857143,NV,1.0,3200.0
2019-06-03,1,0.0,NV,1.0,3425.0
2019-06-10,1,0.0,NV,1.0,3299.0
2019-06-17,1,0.5714285714285714,NV,1.0,3499.0
2019-06-24,1,1.0,NV,1.0,3957.0
2019-07-01,1,0.0,NV,1.0,3299.0
2019-07-08,1,0.0,NV,1.0,3296.0
2019-07-15,1,0.2857142857142857,NV,1.0,3324.0
2019-07-22,1,1.0,NV,1.0,3921.0
2019-07-29,1,0.42857142857142855,NV,1.0,3562.0
2019-08-05,1,0.0,NV,1.0,3369.0
2019-08-12,1,0.0,NV,1.0,3514.0
2019-08-19,0,0.8571428571428571,NV,1.0,3655.0
2019-08-26,0,0.8571428571428571,NV,1.0,3161.0
2019-09-02,0,0.0,NV,1.0,3088.0
2019-09-09,0,0.0,NV,1.0,2962.0
2019-09-16,0,0.42857142857142855,NV,1.0,3175.0
2019-09-23,0,1.0,NV,1.0,3320.0
2019-09-30,0,0.14285714285714285,NV,1.0,3171.0
2019-10-07,0,0.0,NV,1.0,3032.0
2019-10-14,0,0.14285714285714285,NV,1.0,3028.0
2019-10-21,0,1.0,NV,1.0,3452.0
2019-10-28,0,0.5714285714285714,NV,1.0,2929.0
2019-11-04,0,0.0,NV,1.0,3069.0
2019-11-11,0,0.0,NV,1.0,3369.0
2019-11-18,0,0.7142857142857143,NV,1.0,3470.0
2019-11-25,0,0.8571428571428571,NV,1.0,3893.0
2019-12-02,0,0.0,NV,1.0,3456.0
2019-12-09,0,0.0,NV,1.0,3300.0
2019-12-16,0,0.42857142857142855,NV,1.0,3464.0
2019-12-23,1,1.0,NV,1.0,3946.0
2019-12-30,1,0.2857142857142857,NV,1.0,3686.0
2020-01-06,0,0.0,NV,1.0,2992.0
2020-01-13,0,0.0,NV,1.0,2959.0
2020-01-20,0,1.0,NV,1.0,3414.0
2020-01-27,0,0.7142857142857143,NV,1.0,3396.0
2020-02-03,0,0.0,NV,1.0,2947.0
2020-02-10,0,0.0,NV,1.0,3130.0
2020-02-17,0,0.5714285714285714,NV,1.0,3278.0
2020-02-24,0,0.8571428571428571,NV,1.0,3575.0
2020-03-02,0,0.0,NV,1.0,3453.0
2020-03-09,0,0.0,NV,1.0,3201.0
2020-03-16,0,0.42857142857142855,NV,1.0,3239.0
2020-03-23,0,1.0,NV,1.0,3860.0
2020-03-30,0,0.2857142857142857,NV,1.0,3434.0
2020-04-06,0,0.0,NV,1.0,3619.0
2020-04-13,0,0.0,NV,1.0,3470.0
2020-04-20,0,1.0,NV,1.0,4000.0
2020-04-27,0,0.5714285714285714,NV,1.0,3536.0
2020-05-04,0,0.0,NV,1.0,3492.0
2020-05-11,0,0.0,NV,1.0,3283.0
2020-05-18,0,0.7142857142857143,NV,1.0,4089.0
2020-05-25,0,1.0,NV,1.0,3958.0
2020-06-01,1,0.0,NV,1.0,4096.0
2020-06-08,1,0.0,NV,1.0,3912.0
2020-06-15,1,0.2857142857142857,NV,1.0,4273.0
2020-06-22,1,1.0,NV,1.0,4906.0
2020-06-29,1,0.2857142857142857,NV,1.0,4575.0
2020-07-06,1,0.0,NV,1.0,3816.0
2020-07-13,1,0.0,NV,1.0,4369.0
2020-07-20,1,1.0,NV,1.0,4423.0
2020-07-27,1,0.7142857142857143,NV,1.0,4129.0
2020-08-03,1,0.0,NV,1.0,4119.0
2020-08-10,1,0.0,NV,1.0,3902.0
2020-08-17,0,0.5714285714285714,NV,1.0,3822.0
2020-08-24,0,1.0,NV,1.0,4003.0
2020-08-31,0,0.14285714285714285,NV,1.0,3551.0
2020-09-07,0,0.0,NV,1.0,3270.0
2020-09-14,0,0.14285714285714285,NV,1.0,3449.0
2020-09-21,0,1.0,NV,1.0,3772.0
2020-09-28,0,0.42857142857142855,NV,1.0,3632.0
2020-10-05,0,0.0,NV,1.0,3371.0
2020-10-12,0,0.0,NV,1.0,3222.0
2020-10-19,0,0.8571428571428571,NV,1.0,3598.0
2020-10-26,0,0.8571428571428571,NV,1.0,3520.0
2020-11-02,0,0.0,NV,1.0,3244.0
2020-11-09,0,0.0,NV,1.0,3330.0
2020-11-16,0,0.42857142857142855,NV,1.0,3687.0
2020-11-23,0,1.0,NV,1.0,4028.0
2020-11-30,0,0.14285714285714285,NV,1.0,3157.0
2020-12-07,0,0.0,NV,1.0,2955.0
2020-12-14,0,0.14285714285714285,NV,1.0,3345.0
2020-12-21,1,1.0,NV,1.0,4041.0
2020-12-28,1,0.5714285714285714,NV,1.0,4193.0
2021-01-04,1,0.0,NV,1.0,3038.0
2021-01-11,0,0.0,NV,1.0,3080.0
2021-01-18,0,0.7142857142857143,NV,1.0,3254.0
2021-01-25,0,1.0,NV,1.0,3262.0
2021-02-01,0,0.0,NV,1.0,3061.0
2021-02-08,0,0.0,NV,1.0,2944.0
2021-02-15,0,0.2857142857142857,NV,1.0,3319.0
2021-02-22,0,1.0,NV,1.0,3432.0
2021-03-01,0,0.0,NV,1.0,2840.0
2021-03-08,0,0.0,NV,1.0,3048.0
2021-03-15,0,0.2857142857142857,NV,1.0,3129.0
2021-03-22,0,1.0,NV,1.0,3302.0
2021-03-29,0,0.42857142857142855,NV,1.0,3264.0
2021-04-05,0,0.0,NV,1.0,3008.0
2021-04-12,0,0.0,NV,1.0,3121.0
2021-04-19,0,0.8571428571428571,NV,1.0,3517.0
2021-04-26,0,0.7142857142857143,NV,1.0,3373.0
2021-05-03,0,0.0,NV,1.0,3077.0
2021-05-10,0,0.0,NV,1.0,3074.0
2021-05-17,0,0.5714285714285714,NV,1.0,3225.0
2021-05-24,0,1.0,NV,1.0,3372.0
2021-05-31,0,0.14285714285714285,NV,1.0,3205.0
2021-06-07,1,0.0,NV,1.0,3350.0
2021-06-14,1,0.14285714285714285,NV,1.0,3433.0
2021-06-21,1,1.0,NV,1.0,3650.0
2021-06-28,1,0.42857142857142855,NV,1.0,3459.0
2021-07-05,1,0.0,NV,1.0,3239.0
2021-07-12,1,0.0,NV,1.0,3491.0
2021-07-19,1,0.8571428571428571,NV,1.0,3856.0
2021-07-26,1,0.8571428571428571,NV,1.0,3909.0
2021-08-02,1,0.0,NV,1.0,3408.0
2021-08-09,1,0.0,NV,1.0,3415.0
2021-08-16,0,0.42857142857142855,NV,1.0,3052.0
2021-08-23,0,1.0,NV,1.0,3443.0
2021-08-30,0,0.2857142857142857,NV,1.0,3125.0
2021-09-06,0,0.0,NV,1.0,2937.0
2021-09-13,0,0.0,NV,1.0,2960.0
2021-09-20,0,1.0,NV,1.0,3367.0
2021-09-27,0,0.5714285714285714,NV,1.0,3345.0
2021-10-04,0,0.0,NV,1.0,3114.0
2021-10-11,0,0.0,NV,1.0,3026.0
2021-10-18,0,0.7142857142857143,NV,1.0,3337.0
2021-10-25,0,1.0,NV,1.0,3454.0
2021-11-01,0,0.0,NV,1.0,3284.0
2021-11-08,0,0.0,NV,1.0,3260.0
2021-11-15,0,0.2857142857142857,NV,1.0,3242.0
2021-11-22,0,1.0,NV,1.0,3708.0
2021-11-29,0,0.2857142857142857,NV,1.0,3352.0
2021-12-06,0,0.0,NV,1.0,3207.0
2021-12-13,0,0.0,NV,1.0,3349.0
2021-12-20,1,1.0,NV,1.0,4270.0
2021-12-27,1,0.7142857142857143,NV,1.0,4216.0
2022-01-03,1,0.0,NV,1.0,3344.0
2022-01-10,0,0.0,NV,1.0,2942.0
2022-01-17,0,0.5714285714285714,NV,1.0,3289.0
2022-01-24,0,1.0,NV,1.0,3112.0
2022-01-31,0,0.14285714285714285,NV,1.0,3176.0
2022-02-07,0,0.0,NV,1.0,3037.0
2022-02-14,0,0.14285714285714285,NV,1.0,3043.0
2022-02-21,0,1.0,NV,1.0,3303.0
2022-02-28,0,0.14285714285714285,NV,1.0,3403.0
2022-03-07,0,0.0,NV,1.0,3424.0
2022-03-14,0,0.14285714285714285,NV,1.0,3419.0
2022-03-21,0,1.0,NV,1.0,3737.0
2022-03-28,0,0.5714285714285714,NV,1.0,3752.0
2022-04-04,0,0.0,NV,1.0,3648.0
2022-04-11,0,0.0,NV,1.0,3474.0
2022-04-18,0,0.7142857142857143,NV,1.0,3765.0
2022-04-25,0,0.8571428571428571,NV,1.0,3999.0
2022-05-02,0,0.0,NV,1.0,3531.0
2022-05-09,0,0.0,NV,1.0,3628.0
2022-05-16,0,0.42857142857142855,NV,1.0,4091.0
2022-05-23,0,1.0,NV,1.0,4309.0
2022-05-30,0,0.2857142857142857,NV,1.0,3662.0
2022-06-06,1,0.0,NV,1.0,4388.0
2022-06-13,1,0.0,NV,1.0,4198.0
2022-06-20,1,1.0,NV,1.0,4742.0
2022-06-27,1,0.5714285714285714,NV,1.0,4523.0
2022-07-04,1,0.0,NV,1.0,3998.0
2022-07-11,1,0.0,NV,1.0,4286.0
2022-07-18,1,0.7142857142857143,NV,1.0,4768.0
2022-07-25,1,1.0,NV,1.0,5055.0
2022-08-01,1,0.0,NV,1.0,4275.0
2022-08-08,1,0.0,NV,1.0,4035.0
2022-08-15,0,0.2857142857142857,NV,1.0,4095.0
2022-08-22,0,1.0,NV,1.0,4202.0
2022-08-29,0,0.42857142857142855,NV,1.0,3881.0
2022-09-05,0,0.0,NV,1.0,3832.0
2022-09-12,0,0.0,NV,1.0,3593.0
2022-09-19,0,0.8571428571428571,NV,1.0,4409.0
2022-09-26,0,0.7142857142857143,NV,1.0,3997.0
2022-10-03,0,0.0,NV,1.0,3459.0
2022-10-10,0,0.0,NV,1.0,3632.0
2022-10-17,0,0.5714285714285714,NV,1.0,3976.0
2022-10-24,0,1.0,NV,1.0,4149.0
2022-10-31,0,0.14285714285714285,NV,1.0,3434.0
2022-11-07,0,0.0,NV,1.0,4032.0
2022-11-14,0,0.14285714285714285,NV,1.0,3770.0
2022-11-21,0,1.0,NV,1.0,4305.0
2022-11-28,0,0.42857142857142855,NV,1.0,4219.0
2022-12-05,0,0.0,NV,1.0,3937.0
2022-12-12,0,0.0,NV,1.0,3672.0
2022-12-19,0,0.8571428571428571,NV,1.0,4662.0
2022-12-26,1,0.8571428571428571,NV,1.0,5001.0
2023-01-02,1,0.0,NV,1.0,3988.0
2023-01-09,0,0.0,NV,1.0,3571.0
2023-01-16,0,0.42857142857142855,NV,1.0,4007.0
2023-01-23,0,1.0,NV,1.0,3980.0
2023-01-30,0,0.2857142857142857,NV,1.0,3888.0
2023-02-06,0,0.0,NV,1.0,3467.0
2023-02-13,0,0.0,NV,1.0,3371.0
2023-02-20,0,1.0,NV,1.0,3958.0
2023-02-27,0,0.2857142857142857,NV,1.0,3764.0
2023-03-06,0,0.0,NV,1.0,3882.0
2023-03-13,0,0.0,NV,1.0,3980.0
2023-03-20,0,1.0,NV,1.0,4300.0
2023-03-27,0,0.7142857142857143,NV,1.0,4218.0
2023-04-03,0,0.0,NV,1.0,3708.0
2023-04-10,0,0.0,NV,1.0,3755.0
2023-04-17,0,0.5714285714285714,NV,1.0,4057.0
2023-04-24,0,1.0,NV,1.0,4456.0
2023-05-01,0,0.0,NV,1.0,3666.0
2023-05-08,0,0.0,NV,1.0,3762.0
2023-05-15,0,0.2857142857142857,NV,1.0,4342.0
2023-05-22,0,1.0,NV,1.0,4784.0
2023-05-29,0,0.42857142857142855,NV,1.0,4447.0
2023-06-05,1,0.0,NV,1.0,4608.0
2023-06-12,1,0.0,NV,1.0,4457.0
2023-06-19,1,0.8571428571428571,NV,1.0,5210.0
2023-06-26,1,0.7142857142857143,NV,1.0,4841.0
2023-07-03,1,0.0,NV,1.0,4439.0
2023-07-10,1,0.0,NV,1.0,4262.0
2023-07-17,1,0.5714285714285714,NV,1.0,5016.0
2023-07-24,1,1.0,NV,1.0,5532.0
2023-07-31,1,0.14285714285714285,NV,1.0,4824.0
2023-08-07,1,0.0,NV,1.0,4447.0
2023-08-14,1,0.14285714285714285,NV,1.0,4574.0
2023-08-21,0,1.0,NV,1.0,4471.0
2023-08-28,0,0.5714285714285714,NV,1.0,4601.0
2023-09-04,0,0.0,NV,1.0,3876.0
2023-09-11,0,0.0,NV,1.0,3945.0
2023-09-18,0,0.7142857142857143,NV,1.0,4293.0
2023-09-25,0,0.8571428571428571,NV,1.0,4412.0
2023-10-02,0,0.0,NV,1.0,3868.0
2023-10-09,0,0.0,NV,1.0,3695.0
2023-10-16,0,0.42857142857142855,NV,1.0,4062.0
2023-10-23,0,1.0,NV,1.0,4546.0
2023-10-30,0,0.2857142857142857,NV,1.0,3900.0
2023-11-06,0,0.0,NV,1.0,4517.0
2023-11-13,0,0.0,NV,1.0,4108.0
2023-11-20,0,1.0,NV,1.0,4852.0
2023-11-27,0,0.5714285714285714,NV,1.0,4501.0
2023-12-04,0,0.0,NV,1.0,4055.0
2023-12-11,0,0.0,NV,1.0,4228.0
2023-12-18,0,0.7142857142857143,NV,1.0,4659.0
2023-12-25,1,1.0,NV,1.0,5381.0
2024-01-01,1,0.0,NV,1.0,4446.0
2024-01-08,0,0.0,NV,1.0,3741.0
2024-01-15,0,0.2857142857142857,NV,1.0,4012.0
2024-01-22,0,1.0,NV,1.0,4372.0
2024-01-29,0,0.42857142857142855,NV,1.0,4229.0
2024-02-05,0,0.0,NV,1.0,3792.0
2024-02-12,0,0.0,NV,1.0,4054.0
2024-02-19,0,0.8571428571428571,NV,1.0,4358.0
2024-02-26,0,0.5714285714285714,NV,1.0,3969.0
2024-03-04,0,0.0,NV,1.0,3760.0
2024-03-11,0,0.0,NV,1.0,4079.0
2024-03-18,0,0.7142857142857143,NV,1.0,4157.0
2024-03-25,0,1.0,NV,1.0,4673.0
2024-04-01,0,0.0,NV,1.0,4221.0
2024-04-08,0,0.0,NV,1.0,4073.0
2024-04-15,0,0.2857142857142857,NV,1.0,4428.0
2024-04-22,0,1.0,NV,1.0,4918.0
2024-04-29,0,0.2857142857142857,NV,1.0,4605.0
2024-05-06,0,0.0,NV,1.0,3977.0
2024-05-13,0,0.0,NV,1.0,4476.0
2024-05-20,0,1.0,NV,1.0,4883.0
2024-05-27,0,0.7142857142857143,NV,1.0,4585.0
2024-06-03,1,0.0,NV,1.0,4723.0
2024-06-10,1,0.0,NV,1.0,4759.0
2024-06-17,1,0.5714285714285714,NV,1.0,5103.0
2024-06-24,1,1.0,NV,1.0,5607.0
2024-07-01,1,0.0,NV,1.0,4839.0
2024-07-08,1,0.0,NV,1.0,4910.0
2024-07-15,1,0.2857142857142857,NV,1.0,5378.0
2024-07-22,1,1.0,NV,1.0,5847.0
2024-07-29,1,0.42857142857142855,NV,1.0,5350.0
2024-08-05,1,0.0,NV,1.0,5241.0
2024-08-12,1,0.0,NV,1.0,4864.0
2024-08-19,0,0.8571428571428571,NV,1.0,4688.0
2024-08-26,0,0.8571428571428571,NV,1.0,5046.0
2024-09-02,0,0.0,NV,1.0,4083.0
2024-09-09,0,0.0,NV,1.0,4332.0
2024-09-16,0,0.42857142857142855,NV,1.0,4808.0
2024-09-23,0,1.0,NV,1.0,4774.0
2024-09-30,0,0.14285714285714285,NV,1.0,4239.0
2024-10-07,0,0.0,NV,1.0,4218.0
2024-10-14,0,0.14285714285714285,NV,1.0,4355.0
2024-10-21,0,1.0,NV,1.0,4394.0
2024-10-28,0,0.5714285714285714,NV,1.0,4548.0
2024-11-04,0,0.0,NV,1.0,4455.0
2024-11-11,0,0.0,NV,1.0,4649.0
2024-11-18,0,0.7142857142857143,NV,1.0,4892.0
2024-11-25,0,0.8571428571428571,NV,1.0,5135.0
2024-12-02,0,0.0,NV,1.0,4364.0
2024-12-09,0,0.0,NV,1.0,4291.0
2024-12-16,0,0.42857142857142855,NV,1.0,4378.0
2024-12-23,1,1.0,NV,1.0,5574.0
2024-12-30,1,0.2857142857142857,NV,1.0,4895.0
2025-01-06,0,0.0,NV,1.0,4119.0
2025-01-13,0,0.0,NV,1.0,4080.0
2025-01-20,0,1.0,NV,1.0,4556.0
2025-01-27,0,0.7142857142857143,NV,1.0,4545.0
2025-02-03,0,0.0,NV,1.0,3907.0
2025-02-10,0,0.0,NV,1.0,4048.0
2025-02-17,0,0.5714285714285714,NV,1.0,4421.0
2025-02-24,0,0.7142857142857143,NV,1.0,4964.0
2025-03-03,0,0.0,NV,1.0,3979.0
2025-03-10,0,0.0,NV,1.0,4110.0
2025-03-17,0,0.5714285714285714,NV,1.0,4483.0
2025-03-24,0,1.0,NV,1.0,5141.0
2025-03-31,0,0.14285714285714285,NV,1.0,4404.0
2025-04-07,0,0.0,NV,1.0,4240.0
2025-04-14,0,0.14285714285714285,NV,1.0,4622.0
2025-04-21,0,1.0,NV,1.0,4641.0
2025-04-28,0,0.42857142857142855,NV,1.0,4461.0
2025-05-05,0,0.0,NV,1.0,4493.0
2025-05-12,0,0.0,NV,1.0,4414.0
2025-05-19,0,0.8571428571428571,NV,1.0,5141.0
2025-05-26,0,0.8571428571428571,NV,1.0,4838.0
2025-06-02,1,0.0,NV,1.0,4718.0
2025-06-09,1,0.0,NV,1.0,5088.0
2025-06-16,1,0.42857142857142855,NV,1.0,5181.0
2025-06-23,1,1.0,NV,1.0,5843.0
2025-06-30,1,0.14285714285714285,NV,1.0,4919.0
2025-07-07,1,0.0,NV,1.0,4666.0
2025-07-14,1,0.14285714285714285,NV,1.0,5207.0
2025-07-21,1,1.0,NV,1.0,5359.0
2025-07-28,1,0.5714285714285714,NV,1.0,5360.0
2025-08-04,1,0.0,NV,0.9946002786364262,4912.0
2025-08-11,1,0.0,NV,0.9892005572728524,4923.0
2025-08-18,0,0.7142857142857143,NV,0.9838008359092786,4834.0
2025-08-25,0,1.0,NV,0.9784011145457048,5218.0
2025-09-01,0,0.0,NV,0.9730013931821309,4364.0
2025-09-08,0,0.0,NV,0.967601671818557,4475.0
2025-09-15,0,0.2857142857142857,NV,0.9622019504549832,4667.0
2025-09-22,0,1.0,NV,0.9568022290914094,4925.0
2025-09-29,0,0.2857142857142857,NV,0.9514025077278356,4746.0
2025-10-06,0,0.0,NV,0.9460027863642618,4445.0
2025-10-13,0,0.0,NV,0.940603065000688,4449.0
2025-10-20,0,1.0,NV,0.9352033436371142,5174.0
2025-10-27,0,0.7142857142857143,NV,0.9298036222735404,4970.0
2025-11-03,0,0.0,NV,0.9244039009099666,4582.0
2025-11-10,0,0.0,NV,0.9190041795463928,4967.0
2025-11-17,0,0.5714285714285714,NV,0.9136044581828189,5010.0
2025-11-24,0,1.0,NV,0.9082047368192451,5706.0
2025-12-01,0,0.0,NV,0.9028050154556713,4854.0
2025-12-08,0,0.0,NV,0.8974052940920975,4768.0
2025-12-15,0,0.2857142857142857,NV,0.8920055727285237,5354.0
2025-12-22,1,1.0,NV,0.8866058513649498,6633.0
2025-12-29,1,0.42857142857142855,NV,0.881206130001376,5513.0
2026-01-05,1,0.0,NV,0.8758064086378022,5127.0
2026-01-12,0,0.0,NV,0.8704066872742284,4372.0
2026-01-19,0,0.8571428571428571,NV,0.8650069659106545,4998.0
2026-01-26,0,0.8571428571428571,NV,0.8596072445470807,5222.0
2026-02-02,0,0.0,NV,0.8542075231835069,4797.0
2026-02-09,0,0.0,NV,0.8488078018199331,4604.0
2026-02-16,0,0.42857142857142855,NV,0.8434080804563593,5008.0
2026-02-23,0,0.8571428571428571,NV,0.8380083590927855,5492.0
2026-03-02,0,0.0,NV,0.8326086377292117,5159.0
2026-03-09,0,0.0,NV,0.8272089163656379,5017.0
2026-03-16,0,0.42857142857142855,NV,0.8218091950020641,5192.0
2026-03-23,0,1.0,NV,0.8164094736384901,5868.0
2026-03-30,0,0.2857142857142857,NV,0.8110097522749165,5561.0
2026-04-06,0,0.0,NV,0.8056100309113425,5313.0
2026-04-13,0,0.0,NV,0.8002103095477687,4974.0
2026-04-20,0,1.0,NV,0.7948105881841949,6261.0
2026-04-27,0,0.5714285714285714,NV,0.7894108668206211,5849.0
2026-05-04,0,0.0,NV,0.7840111454570473,5711.0
2026-05-11,0,0.0,NV,0.7786114240934735,6002.0
2026-05-18,0,0.7142857142857143,NV,0.7732117027298997,6200.0
2026-05-25,0,1.0,NV,0.7678119813663259,6621.0
2026-06-01,1,0.0,NV,0.7624122600027521,6444.0
2026-06-08,1,0.0,NV,0.7570125386391782,6394.0
2026-06-15,1,0.2857142857142857,NV,0.7516128172756044,6652.0
2026-06-22,1,1.0,NV,0.7462130959120306,7488.0
2026-06-29,1,0.2857142857142857,NV,0.7408133745484567,6894.0
2026-07-06,1,0.0,NV,0.7354136531848829,6565.0
2026-07-13,1,0.0,NV,0.7300139318213091,6374.0
2026-07-20,1,1.0,NV,0.7246142104577353,7358.0
2026-07-27,1,0.7142857142857143,NV,0.7246142104577353,7055.0
2026-08-03,1,0.0,NV,0.7246142104577353,6426.0
2026-08-10,1,0.0,NV,0.7246142104577353,6530.0
2026-08-17,0,0.5714285714285714,NV,0.7246142104577353,6470.0
2026-08-24,0,1.0,NV,0.7246142104577353,6589.0
2026-08-31,0,0.14285714285714285,NV,0.7246142104577353,6250.0
2026-09-07,0,0.0,NV,0.7246142104577353,5244.0
2026-09-14,0,0.14285714285714285,NV,0.7246142104577353,5742.0
2026-09-21,0,1.0,NV,0.7246142104577353,6706.0
2019-01-07,0,0.0,NY,1.0,16996.0
2019-01-14,0,0.14285714285714285,NY,1.0,17337.0
2019-01-21,0,1.0,NY,1.0,19752.0
2019-01-28,0,0.5714285714285714,NY,1.0,18687.0
2019-02-04,0,0.0,NY,1.0,16966.0
2019-02-11,0,0.0,NY,1.0,17696.0
2019-02-18,0,0.7142857142857143,NY,1.0,19612.0
2019-02-25,0,0.5714285714285714,NY,1.0,18938.0
2019-03-04,0,0.0,NY,1.0,17305.0
2019-03-11,0,0.0,NY,1.0,17645.0
2019-03-18,0,0.7142857142857143,NY,1.0,19733.0
2019-03-25,0,1.0,NY,1.0,20778.0
2019-04-01,0,0.0,NY,1.0,18210.0
2019-04-08,0,0.0,NY,1.0,18138.0
2019-04-15,0,0.2857142857142857,NY,1.0,19430.0
2019-04-22,0,1.0,NY,1.0,21387.0
2019-04-29,0,0.2857142857142857,NY,1.0,19918.0
2019-05-06,0,0.0,NY,1.0,19045.0
2019-05-13,0,0.0,NY,1.0,18706.0
2019-05-20,0,1.0,NY,1.0,21352.0
2019-05-27,0,0.7142857142857143,NY,1.0,21190.0
2019-06-03,1,0.0,NY,1.0,21435.0
2019-06-10,1,0.0,NY,1.0,21376.0
2019-06-17,1,0.5714285714285714,NY,1.0,23408.0
2019-06-24,1,1.0,NY,1.0,24484.0
2019-07-01,1,0.0,NY,1.0,21318.0
2019-07-08,1,0.0,NY,1.0,21624.0
2019-07-15,1,0.2857142857142857,NY,1.0,22391.0
2019-07-22,1,1.0,NY,1.0,24903.0
2019-07-29,1,0.42857142857142855,NY,1.0,22366.0
2019-08-05,1,0.0,NY,1.0,20593.0
2019-08-12,1,0.0,NY,1.0,21174.0
2019-08-19,0,0.8571428571428571,NY,1.0,21094.0
2019-08-26,0,0.8571428571428571,NY,1.0,21343.0
2019-09-02,0,0.0,NY,1.0,18133.0
2019-09-09,0,0.0,NY,1.0,18656.0
2019-09-16,0,0.42857142857142855,NY,1.0,19330.0
2019-09-23,0,1.0,NY,1.0,21711.0
2019-09-30,0,0.14285714285714285,NY,1.0,18612.0
2019-10-07,0,0.0,NY,1.0,17858.0
2019-10-14,0,0.14285714285714285,NY,1.0,18366.0
2019-10-21,0,1.0,NY,1.0,20520.0
2019-10-28,0,0.5714285714285714,NY,1.0,19733.0
2019-11-04,0,0.0,NY,1.0,20066.0
2019-11-11,0,0.0,NY,1.0,20046.0
2019-11-18,0,0.7142857142857143,NY,1.0,21610.0
2019-11-25,0,0.8571428571428571,NY,1.0,22034.0
2019-12-02,0,0.0,NY,1.0,19179.0
2019-12-09,0,0.0,NY,1.0,19522.0
2019-12-16,0,0.42857142857142855,NY,1.0,20712.0
2019-12-23,1,1.0,NY,1.0,25196.0
2019-12-30,1,0.2857142857142857,NY,1.0,22832.0
2020-01-06,0,0.0,NY,1.0,17286.0
2020-01-13,0,0.0,NY,1.0,17859.0
2020-01-20,0,1.0,NY,1.0,20850.0
2020-01-27,0,0.7142857142857143,NY,1.0,19961.0
2020-02-03,0,0.0,NY,1.0,18375.0
2020-02-10,0,0.0,NY,1.0,18543.0
2020-02-17,0,0.5714285714285714,NY,1.0,19781.0
2020-02-24,0,0.8571428571428571,NY,1.0,20759.0
2020-03-02,0,0.0,NY,1.0,18812.0
2020-03-09,0,0.0,NY,1.0,19092.0
2020-03-16,0,0.42857142857142855,NY,1.0,20499.0
2020-03-23,0,1.0,NY,1.0,22310.0
2020-03-30,0,0.2857142857142857,NY,1.0,20513.0
2020-04-06,0,0.0,NY,1.0,19852.0
2020-04-13,0,0.0,NY,1.0,19968.0
2020-04-20,0,1.0,NY,1.0,22696.0
2020-04-27,0,0.5714285714285714,NY,1.0,21456.0
2020-05-04,0,0.0,NY,1.0,20120.0
2020-05-11,0,0.0,NY,1.0,20921.0
2020-05-18,0,0.7142857142857143,NY,1.0,22751.0
2020-05-25,0,1.0,NY,1.0,23740.0
2020-06-01,1,0.0,NY,1.0,23368.0
2020-06-08,1,0.0,NY,1.0,23354.0
2020-06-15,1,0.2857142857142857,NY,1.0,24380.0
2020-06-22,1,1.0,NY,1.0,26728.0
2020-06-29,1,0.2857142857142857,NY,1.0,24614.0
2020-07-06,1,0.0,NY,1.0,23477.0
2020-07-13,1,0.0,NY,1.0,23846.0
2020-07-20,1,1.0,NY,1.0,27197.0
2020-07-27,1,0.7142857142857143,NY,1.0,25148.0
2020-08-03,1,0.0,NY,1.0,23671.0
2020-08-10,1,0.0,NY,1.0,21802.0
2020-08-17,0,0.5714285714285714,NY,1.0,21923.0
2020-08-24,0,1.0,NY,1.0,23085.0
2020-08-31,0,0.14285714285714285,NY,1.0,20821.0
2020-09-07,0,0.0,NY,1.0,20205.0
2020-09-14,0,0.14285714285714285,NY,1.0,19929.0
2020-09-21,0,1.0,NY,1.0,22377.0
2020-09-28,0,0.42857142857142855,NY,1.0,20799.0
2020-10-05,0,0.0,NY,1.0,18920.0
2020-10-12,0,0.0,NY,1.0,19024.0
2020-10-19,0,0.8571428571428571,NY,1.0,21037.0
2020-10-26,0,0.8571428571428571,NY,1.0,21662.0
2020-11-02,0,0.0,NY,1.0,20459.0
2020-11-09,0,0.0,NY,1.0,19755.0
2020-11-16,0,0.42857142857142855,NY,1.0,21462.0
2020-11-23,0,1.0,NY,1.0,22615.0
2020-11-30,0,0.14285714285714285,NY,1.0,20172.0
2020-12-07,0,0.0,NY,1.0,20023.0
2020-12-14,0,0.14285714285714285,NY,1.0,19948.0
2020-12-21,1,1.0,NY,1.0,24962.0
2020-12-28,1,0.5714285714285714,NY,1.0,23596.0
2021-01-04,1,0.0,NY,1.0,20136.0
2021-01-11,0,0.0,NY,1.0,17765.0
2021-01-18,0,0.7142857142857143,NY,1.0,19677.0
2021-01-25,0,1.0,NY,1.0,20315.0
2021-02-01,0,0.0,NY,1.0,17942.0
2021-02-08,0,0.0,NY,1.0,18329.0
2021-02-15,0,0.2857142857142857,NY,1.0,18740.0
2021-02-22,0,1.0,NY,1.0,21123.0
2021-03-01,0,0.0,NY,1.0,18392.0
2021-03-08,0,0.0,NY,1.0,18402.0
2021-03-15,0,0.2857142857142857,NY,1.0,18681.0
2021-03-22,0,1.0,NY,1.0,21466.0
2021-03-29,0,0.42857142857142855,NY,1.0,19801.0
2021-04-05,0,0.0,NY,1.0,18784.0
2021-04-12,0,0.0,NY,1.0,18568.0
2021-04-19,0,0.8571428571428571,NY,1.0,22227.0
2021-04-26,0,0.7142857142857143,NY,1.0,20636.0
2021-05-03,0,0.0,NY,1.0,19896.0
2021-05-10,0,0.0,NY,1.0,18948.0
2021-05-17,0,0.5714285714285714,NY,1.0,20426.0
2021-05-24,0,1.0,NY,1.0,22689.0
2021-05-31,0,0.14285714285714285,NY,1.0,19347.0
2021-06-07,1,0.0,NY,1.0,21241.0
2021-06-14,1,0.14285714285714285,NY,1.0,22047.0
2021-06-21,1,1.0,NY,1.0,24748.0
2021-06-28,1,0.42857142857142855,NY,1.0,22544.0
2021-07-05,1,0.0,NY,1.0,21791.0
2021-07-12,1,0.0,NY,1.0,22040.0
2021-07-19,1,0.8571428571428571,NY,1.0,23882.0
2021-07-26,1,0.8571428571428571,NY,1.0,24457.0
2021-08-02,1,0.0,NY,1.0,21462.0
2021-08-09,1,0.0,NY,1.0,21761.0
2021-08-16,0,0.42857142857142855,NY,1.0,20505.0
2021-08-23,0,1.0,NY,1.0,22278.0
2021-08-30,0,0.2857142857142857,NY,1.0,19510.0
2021-09-06,0,0.0,NY,1.0,18939.0
2021-09-13,0,0.0,NY,1.0,18808.0
2021-09-20,0,1.0,NY,1.0,21873.0
2021-09-27,0,0.5714285714285714,NY,1.0,19879.0
2021-10-04,0,0.0,NY,1.0,18962.0
2021-10-11,0,0.0,NY,1.0,18527.0
2021-10-18,0,0.7142857142857143,NY,1.0,20851.0
2021-10-25,0,1.0,NY,1.0,21731.0
2021-11-01,0,0.0,NY,1.0,20354.0
2021-11-08,0,0.0,NY,1.0,20438.0
2021-11-15,0,0.2857142857142857,NY,1.0,20718.0
2021-11-22,0,1.0,NY,1.0,23842.0
2021-11-29,0,0.2857142857142857,NY,1.0,21006.0
2021-12-06,0,0.0,NY,1.0,20162.0
2021-12-13,0,0.0,NY,1.0,20673.0
2021-12-20,1,1.0,NY,1.0,27179.0
2021-12-27,1,0.7142857142857143,NY,1.0,25475.0
2022-01-03,1,0.0,NY,1.0,21084.0
2022-01-10,0,0.0,NY,1.0,18963.0
2022-01-17,0,0.5714285714285714,NY,1.0,21460.0
2022-01-24,0,1.0,NY,1.0,21883.0
2022-01-31,0,0.14285714285714285,NY,1.0,20049.0
2022-02-07,0,0.0,NY,1.0,19610.0
2022-02-14,0,0.14285714285714285,NY,1.0,20423.0
2022-02-21,0,1.0,NY,1.0,23025.0
2022-02-28,0,0.14285714285714285,NY,1.0,20314.0
2022-03-07,0,0.0,NY,1.0,20618.0
2022-03-14,0,0.14285714285714285,NY,1.0,20792.0
2022-03-21,0,1.0,NY,1.0,23706.0
2022-03-28,0,0.5714285714285714,NY,1.0,22717.0
2022-04-04,0,0.0,NY,1.0,21400.0
2022-04-11,0,0.0,NY,1.0,21077.0
2022-04-18,0,0.7142857142857143,NY,1.0,23843.0
2022-04-25,0,0.8571428571428571,NY,1.0,24458.0
2022-05-02,0,0.0,NY,1.0,22285.0
2022-05-09,0,0.0,NY,1.0,21507.0
2022-05-16,0,0.42857142857142855,NY,1.0,23938.0
2022-05-23,0,1.0,NY,1.0,26280.0
2022-05-30,0,0.2857142857142857,NY,1.0,23751.0
2022-06-06,1,0.0,NY,1.0,25790.0
2022-06-13,1,0.0,NY,1.0,25654.0
2022-06-20,1,1.0,NY,1.0,29423.0
2022-06-27,1,0.5714285714285714,NY,1.0,28847.0
2022-07-04,1,0.0,NY,1.0,25655.0
2022-07-11,1,0.0,NY,1.0,25499.0
2022-07-18,1,0.7142857142857143,NY,1.0,29016.0
2022-07-25,1,1.0,NY,1.0,29653.0
2022-08-01,1,0.0,NY,1.0,25426.0
2022-08-08,1,0.0,NY,1.0,25675.0
2022-08-15,0,0.2857142857142857,NY,1.0,23183.0
2022-08-22,0,1.0,NY,1.0,25592.0
2022-08-29,0,0.42857142857142855,NY,1.0,23868.0
2022-09-05,0,0.0,NY,1.0,22856.0
2022-09-12,0,0.0,NY,1.0,22134.0
2022-09-19,0,0.8571428571428571,NY,1.0,24643.0
2022-09-26,0,0.7142857142857143,NY,1.0,24739.0
2022-10-03,0,0.0,NY,1.0,21852.0
2022-10-10,0,0.0,NY,1.0,21488.0
2022-10-17,0,0.5714285714285714,NY,1.0,23279.0
2022-10-24,0,1.0,NY,1.0,24752.0
2022-10-31,0,0.14285714285714285,NY,1.0,22137.0
2022-11-07,0,0.0,NY,1.0,23452.0
2022-11-14,0,0.14285714285714285,NY,1.0,23459.0
2022-11-21,0,1.0,NY,1.0,27297.0
2022-11-28,0,0.42857142857142855,NY,1.0,25165.0
2022-12-05,0,0.0,NY,1.0,23539.0
2022-12-12,0,0.0,NY,1.0,23252.0
2022-12-19,0,0.8571428571428571,NY,1.0,26155.0
2022-12-26,1,0.8571428571428571,NY,1.0,30499.0
2023-01-02,1,0.0,NY,1.0,24380.0
2023-01-09,0,0.0,NY,1.0,21700.0
2023-01-16,0,0.42857142857142855,NY,1.0,22942.0
2023-01-23,0,1.0,NY,1.0,25063.0
2023-01-30,0,0.2857142857142857,NY,1.0,23017.0
2023-02-06,0,0.0,NY,1.0,22110.0
2023-02-13,0,0.0,NY,1.0,22403.0
2023-02-20,0,1.0,NY,1.0,25627.0
2023-02-27,0,0.2857142857142857,NY,1.0,22847.0
2023-03-06,0,0.0,NY,1.0,22444.0
2023-03-13,0,0.0,NY,1.0,23323.0
2023-03-20,0,1.0,NY,1.0,27065.0
2023-03-27,0,0.7142857142857143,NY,1.0,25825.0
2023-04-03,0,0.0,NY,1.0,24215.0
2023-04-10,0,0.0,NY,1.0,23136.0
2023-04-17,0,0.5714285714285714,NY,1.0,25944.0
2023-04-24,0,1.0,NY,1.0,28526.0
2023-05-01,0,0.0,NY,1.0,24172.0
2023-05-08,0,0.0,NY,1.0,24869.0
2023-05-15,0,0.2857142857142857,NY,1.0,25163.0
2023-05-22,0,1.0,NY,1.0,27810.0
2023-05-29,0,0.42857142857142855,NY,1.0,26522.0
2023-06-05,1,0.0,NY,1.0,27356.0
2023-06-12,1,0.0,NY,1.0,27981.0
2023-06-19,1,0.8571428571428571,NY,1.0,31468.0
2023-06-26,1,0.7142857142857143,NY,1.0,31995.0
2023-07-03,1,0.0,NY,1.0,27812.0
2023-07-10,1,0.0,NY,1.0,28214.0
2023-07-17,1,0.5714285714285714,NY,1.0,29690.0
2023-07-24,1,1.0,NY,1.0,32485.0
2023-07-31,1,0.14285714285714285,NY,1.0,27981.0
2023-08-07,1,0.0,NY,1.0,28053.0
2023-08-14,1,0.14285714285714285,NY,1.0,27700.0
2023-08-21,0,1.0,NY,1.0,27971.0
2023-08-28,0,0.5714285714285714,NY,1.0,26343.0
2023-09-04,0,0.0,NY,1.0,24371.0
2023-09-11,0,0.0,NY,1.0,23877.0
2023-09-18,0,0.7142857142857143,NY,1.0,26726.0
2023-09-25,0,0.8571428571428571,NY,1.0,26986.0
2023-10-02,0,0.0,NY,1.0,23667.0
2023-10-09,0,0.0,NY,1.0,23166.0
2023-10-16,0,0.42857142857142855,NY,1.0,25054.0
2023-10-23,0,1.0,NY,1.0,26713.0
2023-10-30,0,0.2857142857142857,NY,1.0,24684.0
2023-11-06,0,0.0,NY,1.0,25202.0
2023-11-13,0,0.0,NY,1.0,25233.0
2023-11-20,0,1.0,NY,1.0,30033.0
2023-11-27,0,0.5714285714285714,NY,1.0,27666.0
2023-12-04,0,0.0,NY,1.0,25146.0
2023-12-11,0,0.0,NY,1.0,24568.0
2023-12-18,0,0.7142857142857143,NY,1.0,28040.0
2023-12-25,1,1.0,NY,1.0,32552.0
2024-01-01,1,0.0,NY,1.0,25385.0
2024-01-08,0,0.0,NY,1.0,22768.0
2024-01-15,0,0.2857142857142857,NY,1.0,23896.0
2024-01-22,0,1.0,NY,1.0,26588.0
2024-01-29,0,0.42857142857142855,NY,1.0,24997.0
2024-02-05,0,0.0,NY,1.0,23305.0
2024-02-12,0,0.0,NY,1.0,23948.0
2024-02-19,0,0.8571428571428571,NY,1.0,26307.0
2024-02-26,0,0.5714285714285714,NY,1.0,25553.0
2024-03-04,0,0.0,NY,1.0,23674.0
2024-03-11,0,0.0,NY,1.0,24353.0
2024-03-18,0,0.7142857142857143,NY,1.0,26708.0
2024-03-25,0,1.0,NY,1.0,27902.0
2024-04-01,0,0.0,NY,1.0,24822.0
2024-04-08,0,0.0,NY,1.0,25490.0
2024-04-15,0,0.2857142857142857,NY,1.0,25915.0
2024-04-22,0,1.0,NY,1.0,29325.0
2024-04-29,0,0.2857142857142857,NY,1.0,26770.0
2024-05-06,0,0.0,NY,1.0,25710.0
2024-05-13,0,0.0,NY,1.0,25921.0
2024-05-20,0,1.0,NY,1.0,30251.0
2024-05-27,0,0.7142857142857143,NY,1.0,28895.0
2024-06-03,1,0.0,NY,1.0,29606.0
2024-06-10,1,0.0,NY,1.0,29074.0
2024-06-17,1,0.5714285714285714,NY,1.0,31626.0
2024-06-24,1,1.0,NY,1.0,34033.0
2024-07-01,1,0.0,NY,1.0,29714.0
2024-07-08,1,0.0,NY,1.0,29137.0
2024-07-15,1,0.2857142857142857,NY,1.0,31514.0
2024-07-22,1,1.0,NY,1.0,33533.0
2024-07-29,1,0.42857142857142855,NY,1.0,30065.0
2024-08-05,1,0.0,NY,1.0,29060.0
2024-08-12,1,0.0,NY,1.0,28721.0
2024-08-19,0,0.8571428571428571,NY,1.0,29145.0
2024-08-26,0,0.8571428571428571,NY,1.0,28171.0
2024-09-02,0,0.0,NY,1.0,25147.0
2024-09-09,0,0.0,NY,1.0,24985.0
2024-09-16,0,0.42857142857142855,NY,1.0,25621.0
2024-09-23,0,1.0,NY,1.0,27482.0
2024-09-30,0,0.14285714285714285,NY,1.0,24493.0
2024-10-07,0,0.0,NY,1.0,23735.0
2024-10-14,0,0.14285714285714285,NY,1.0,24544.0
2024-10-21,0,1.0,NY,1.0,27464.0
2024-10-28,0,0.5714285714285714,NY,1.0,25706.0
2024-11-04,0,0.0,NY,1.0,26073.0
2024-11-11,0,0.0,NY,1.0,26606.0
2024-11-18,0,0.7142857142857143,NY,1.0,28319.0
2024-11-25,0,0.8571428571428571,NY,1.0,28159.0
2024-12-02,0,0.0,NY,1.0,26050.0
2024-12-09,0,0.0,NY,1.0,25878.0
2024-12-16,0,0.42857142857142855,NY,1.0,26903.0
2024-12-23,1,1.0,NY,1.0,33357.0
2024-12-30,1,0.2857142857142857,NY,1.0,30403.0
2025-01-06,0,0.0,NY,1.0,23421.0
2025-01-13,0,0.0,NY,1.0,23658.0
2025-01-20,0,1.0,NY,1.0,26497.0
2025-01-27,0,0.7142857142857143,NY,1.0,26285.0
2025-02-03,0,0.0,NY,1.0,24174.0
2025-02-10,0,0.0,NY,1.0,23760.0
2025-02-17,0,0.5714285714285714,NY,1.0,25991.0
2025-02-24,0,0.7142857142857143,NY,1.0,26981.0
2025-03-03,0,0.0,NY,1.0,23867.0
2025-03-10,0,0.0,NY,1.0,23795.0
2025-03-17,0,0.5714285714285714,NY,1.0,26877.0
2025-03-24,0,1.0,NY,1.0,28807.0
2025-03-31,0,0.14285714285714285,NY,1.0,25201.0
2025-04-07,0,0.0,NY,1.0,25947.0
2025-04-14,0,0.14285714285714285,NY,1.0,25875.0
2025-04-21,0,1.0,NY,1.0,29216.0
2025-04-28,0,0.42857142857142855,NY,1.0,26899.0
2025-05-05,0,0.0,NY,1.0,25112.0
2025-05-12,0,0.0,NY,1.0,25400.0
2025-05-19,0,0.8571428571428571,NY,1.0,29591.0
2025-05-26,0,0.8571428571428571,NY,1.0,29989.0
2025-06-02,1,0.0,NY,1.0,29363.0
2025-06-09,1,0.0,NY,1.0,28957.0
2025-06-16,1,0.42857142857142855,NY,1.0,31607.0
2025-06-23,1,1.0,NY,1.0,33930.0
2025-06-30,1,0.14285714285714285,NY,1.0,29991.0
2025-07-07,1,0.0,NY,1.0,29534.0
2025-07-14,1,0.14285714285714285,NY,1.0,29545.0
2025-07-21,1,1.0,NY,1.0,34391.0
2025-07-28,1,0.5714285714285714,NY,1.0,31284.0
2025-08-04,1,0.0,NY,0.9986364648651767,28394.0
2025-08-11,1,0.0,NY,0.9972729297303534,28752.0
2025-08-18,0,0.7142857142857143,NY,0.9959093945955301,29010.0
2025-08-25,0,1.0,NY,0.9945458594607068,29290.0
2025-09-01,0,0.0,NY,0.9931823243258835,25564.0
2025-09-08,0,0.0,NY,0.9918187891910601,25753.0
2025-09-15,0,0.2857142857142857,NY,0.9904552540562369,25793.0
2025-09-22,0,1.0,NY,0.9890917189214136,28605.0
2025-09-29,0,0.2857142857142857,NY,0.9877281837865903,25684.0
2025-10-06,0,0.0,NY,0.986364648651767,24784.0
2025-10-13,0,0.0,NY,0.9850011135169437,24580.0
2025-10-20,0,1.0,NY,0.9836375783821204,27946.0
2025-10-27,0,0.7142857142857143,NY,0.9822740432472971,27049.0
2025-11-03,0,0.0,NY,0.9809105081124738,26646.0
2025-11-10,0,0.0,NY,0.9795469729776505,26932.0
2025-11-17,0,0.5714285714285714,NY,0.9781834378428272,29561.0
2025-11-24,0,1.0,NY,0.9768199027080039,30551.0
2025-12-01,0,0.0,NY,0.9754563675731805,26674.0
2025-12-08,0,0.0,NY,0.9740928324383573,27569.0
2025-12-15,0,0.2857142857142857,NY,0.972729297303534,27862.0
2025-12-22,1,1.0,NY,0.9713657621687107,33801.0
2025-12-29,1,0.42857142857142855,NY,0.9700022270338874,30463.0
2026-01-05,1,0.0,NY,0.9686386918990642,27230.0
2026-01-12,0,0.0,NY,0.9672751567642408,24864.0
2026-01-19,0,0.8571428571428571,NY,0.9659116216294175,27788.0
2026-01-26,0,0.8571428571428571,NY,0.9645480864945942,27284.0
2026-02-02,0,0.0,NY,0.9631845513597709,24479.0
2026-02-09,0,0.0,NY,0.9618210162249476,25185.0
2026-02-16,0,0.42857142857142855,NY,0.9604574810901243,26398.0
2026-02-23,0,0.8571428571428571,NY,0.959093945955301,29158.0
2026-03-02,0,0.0,NY,0.9577304108204777,25693.0
2026-03-09,0,0.0,NY,0.9563668756856544,25691.0
2026-03-16,0,0.42857142857142855,NY,0.9550033405508311,27787.0
2026-03-23,0,1.0,NY,0.9536398054160078,30024.0
2026-03-30,0,0.2857142857142857,NY,0.9522762702811844,28106.0
2026-04-06,0,0.0,NY,0.9509127351463612,26802.0
2026-04-13,0,0.0,NY,0.9495492000115379,27489.0
2026-04-20,0,1.0,NY,0.9481856648767146,30649.0
2026-04-27,0,0.5714285714285714,NY,0.9468221297418913,29950.0
2026-05-04,0,0.0,NY,0.9454585946070679,27116.0
2026-05-11,0,0.0,NY,0.9440950594722447,26963.0
2026-05-18,0,0.7142857142857143,NY,0.9427315243374214,30947.0
2026-05-25,0,1.0,NY,0.9413679892025981,31917.0
2026-06-01,1,0.0,NY,0.9400044540677748,32322.0
2026-06-08,1,0.0,NY,0.9386409189329515,31796.0
2026-06-15,1,0.2857142857142857,NY,0.9372773837981282,33078.0
2026-06-22,1,1.0,NY,0.9359138486633048,36849.0
2026-06-29,1,0.2857142857142857,NY,0.9345503135284816,33506.0
2026-07-06,1,0.0,NY,0.9331867783936583,31424.0
2026-07-13,1,0.0,NY,0.931823243258835,31978.0
2026-07-20,1,1.0,NY,0.9304597081240117,36026.0
2026-07-27,1,0.7142857142857143,NY,0.9304597081240117,35292.0
2026-08-03,1,0.0,NY,0.9304597081240117,31024.0
2026-08-10,1,0.0,NY,0.9304597081240117,31202.0
2026-08-17,0,0.5714285714285714,NY,0.9304597081240117,30471.0
2026-08-24,0,1.0,NY,0.9304597081240117,31644.0
2026-08-31,0,0.14285714285714285,NY,0.9304597081240117,27210.0
2026-09-07,0,0.0,NY,0.9304597081240117,26565.0
2026-09-14,0,0.14285714285714285,NY,0.9304597081240117,27792.0
2026-09-21,0,1.0,NY,0.9304597081240117,30049.0
2019-01-07,0,0.0,OH,1.0,11040.0
2019-01-14,0,0.14285714285714285,OH,1.0,11326.0
2019-01-21,0,1.0,OH,1.0,12944.0
2019-01-28,0,0.5714285714285714,OH,1.0,12431.0
2019-02-04,0,0.0,OH,1.0,11396.0
2019-02-11,0,0.0,OH,1.0,11290.0
2019-02-18,0,0.7142857142857143,OH,1.0,12747.0
2019-02-25,0,0.5714285714285714,OH,1.0,12543.0
2019-03-04,0,0.0,OH,1.0,11719.0
2019-03-11,0,0.0,OH,1.0,11603.0
2019-03-18,0,0.7142857142857143,OH,1.0,12981.0
2019-03-25,0,1.0,OH,1.0,13736.0
2019-04-01,0,0.0,OH,1.0,12246.0
2019-04-08,0,0.0,OH,1.0,12271.0
2019-04-15,0,0.2857142857142857,OH,1.0,12674.0
2019-04-22,0,1.0,OH,1.0,13969.0
2019-04-29,0,0.2857142857142857,OH,1.0,12836.0
2019-05-06,0,0.0,OH,1.0,12194.0
2019-05-13,0,0.0,OH,1.0,12497.0
2019-05-20,0,1.0,OH,1.0,14583.0
2019-05-27,0,0.7142857142857143,OH,1.0,14081.0
2019-06-03,1,0.0,OH,1.0,14187.0
2019-06-10,1,0.0,OH,1.0,14253.0
2019-06-17,1,0.5714285714285714,OH,1.0,15206.0
2019-06-24,1,1.0,OH,1.0,16282.0
2019-07-01,1,0.0,OH,1.0,13784.0
2019-07-08,1,0.0,OH,1.0,13897.0
2019-07-15,1,0.2857142857142857,OH,1.0,14505.0
2019-07-22,1,1.0,OH,1.0,16197.0
2019-07-29,1,0.42857142857142855,OH,1.0,15029.0
2019-08-05,1,0.0,OH,1.0,13850.0
2019-08-12,1,0.0,OH,1.0,13695.0
2019-08-19,0,0.8571428571428571,OH,1.0,13850.0
2019-08-26,0,0.8571428571428571,OH,1.0,13470.0
2019-09-02,0,0.0,OH,1.0,12059.0
2019-09-09,0,0.0,OH,1.0,12030.0
2019-09-16,0,0.42857142857142855,OH,1.0,12609.0
2019-09-23,0,1.0,OH,1.0,13435.0
2019-09-30,0,0.14285714285714285,OH,1.0,11950.0
2019-10-07,0,0.0,OH,1.0,11501.0
2019-10-14,0,0.14285714285714285,OH,1.0,11701.0
2019-10-21,0,1.0,OH,1.0,13288.0
2019-10-28,0,0.5714285714285714,OH,1.0,12752.0
2019-11-04,0,0.0,OH,1.0,12370.0
2019-11-11,0,0.0,OH,1.0,12433.0
2019-11-18,0,0.7142857142857143,OH,1.0,13643.0
2019-11-25,0,0.8571428571428571,OH,1.0,14065.0
2019-12-02,0,0.0,OH,1.0,12429.0
2019-12-09,0,0.0,OH,1.0,12485.0
2019-12-16,0,0.42857142857142855,OH,1.0,13234.0
2019-12-23,1,1.0,OH,1.0,15228.0
2019-12-30,1,0.2857142857142857,OH,1.0,14335.0
2020-01-06,0,0.0,OH,1.0,11245.0
2020-01-13,0,0.0,OH,1.0,11239.0
2020-01-20,0,1.0,OH,1.0,12706.0
2020-01-27,0,0.7142857142857143,OH,1.0,12477.0
2020-02-03,0,0.0,OH,1.0,11208.0
2020-02-10,0,0.0,OH,1.0,11370.0
2020-02-17,0,0.5714285714285714,OH,1.0,12349.0
2020-02-24,0,0.8571428571428571,OH,1.0,12763.0
2020-03-02,0,0.0,OH,1.0,11601.0
2020-03-09,0,0.0,OH,1.0,11691.0
2020-03-16,0,0.42857142857142855,OH,1.0,12649.0
2020-03-23,0,1.0,OH,1.0,13797.0
2020-03-30,0,0.2857142857142857,OH,1.0,12531.0
2020-04-06,0,0.0,OH,1.0,11917.0
2020-04-13,0,0.0,OH,1.0,12009.0
2020-04-20,0,1.0,OH,1.0,13739.0
2020-04-27,0,0.5714285714285714,OH,1.0,13227.0
2020-05-04,0,0.0,OH,1.0,12346.0
2020-05-11,0,0.0,OH,1.0,12381.0
2020-05-18,0,0.7142857142857143,OH,1.0,13873.0
2020-05-25,0,1.0,OH,1.0,14265.0
2020-06-01,1,0.0,OH,1.0,13980.0
2020-06-08,1,0.0,OH,1.0,14036.0
2020-06-15,1,0.2857142857142857,OH,1.0,14768.0
2020-06-22,1,1.0,OH,1.0,16180.0
2020-06-29,1,0.2857142857142857,OH,1.0,14510.0
2020-07-06,1,0.0,OH,1.0,14046.0
2020-07-13,1,0.0,OH,1.0,13908.0
2020-07-20,1,1.0,OH,1.0,15796.0
2020-07-27,1,0.7142857142857143,OH,1.0,15466.0
2020-08-03,1,0.0,OH,1.0,13627.0
2020-08-10,1,0.0,OH,1.0,13640.0
2020-08-17,0,0.5714285714285714,OH,1.0,13040.0
2020-08-24,0,1.0,OH,1.0,13522.0
2020-08-31,0,0.14285714285714285,OH,1.0,11963.0
2020-09-07,0,0.0,OH,1.0,11535.0
2020-09-14,0,0.14285714285714285,OH,1.0,11746.0
2020-09-21,0,1.0,OH,1.0,13391.0
2020-09-28,0,0.42857142857142855,OH,1.0,12228.0
2020-10-05,0,0.0,OH,1.0,11104.0
2020-10-12,0,0.0,OH,1.0,11272.0
2020-10-19,0,0.8571428571428571,OH,1.0,12363.0
2020-10-26,0,0.8571428571428571,OH,1.0,12277.0
2020-11-02,0,0.0,OH,1.0,12213.0
2020-11-09,0,0.0,OH,1.0,11971.0
2020-11-16,0,0.42857142857142855,OH,1.0,12416.0
2020-11-23,0,1.0,OH,1.0,13557.0
2020-11-30,0,0.14285714285714285,OH,1.0,12130.0
2020-12-07,0,0.0,OH,1.0,11760.0
2020-12-14,0,0.14285714285714285,OH,1.0,11791.0
2020-12-21,1,1.0,OH,1.0,14955.0
2020-12-28,1,0.5714285714285714,OH,1.0,13937.0
2021-01-04,1,0.0,OH,1.0,11732.0
2021-01-11,0,0.0,OH,1.0,10606.0
2021-01-18,0,0.7142857142857143,OH,1.0,11775.0
2021-01-25,0,1.0,OH,1.0,12142.0
2021-02-01,0,0.0,OH,1.0,10298.0
2021-02-08,0,0.0,OH,1.0,10616.0
2021-02-15,0,0.2857142857142857,OH,1.0,11198.0
2021-02-22,0,1.0,OH,1.0,12210.0
2021-03-01,0,0.0,OH,1.0,10807.0
2021-03-08,0,0.0,OH,1.0,10867.0
2021-03-15,0,0.2857142857142857,OH,1.0,11142.0
2021-03-22,0,1.0,OH,1.0,12733.0
2021-03-29,0,0.42857142857142855,OH,1.0,11502.0
2021-04-05,0,0.0,OH,1.0,10959.0
2021-04-12,0,0.0,OH,1.0,11145.0
2021-04-19,0,0.8571428571428571,OH,1.0,12534.0
2021-04-26,0,0.7142857142857143,OH,1.0,12000.0
2021-05-03,0,0.0,OH,1.0,10956.0
2021-05-10,0,0.0,OH,1.0,11125.0
2021-05-17,0,0.5714285714285714,OH,1.0,12092.0
2021-05-24,0,1.0,OH,1.0,13149.0
2021-05-31,0,0.14285714285714285,OH,1.0,11555.0
2021-06-07,1,0.0,OH,1.0,12706.0
2021-06-14,1,0.14285714285714285,OH,1.0,12742.0
2021-06-21,1,1.0,OH,1.0,14324.0
2021-06-28,1,0.42857142857142855,OH,1.0,13362.0
2021-07-05,1,0.0,OH,1.0,12440.0
2021-07-12,1,0.0,OH,1.0,12608.0
2021-07-19,1,0.8571428571428571,OH,1.0,14383.0
2021-07-26,1,0.8571428571428571,OH,1.0,14079.0
2021-08-02,1,0.0,OH,1.0,12729.0
2021-08-09,1,0.0,OH,1.0,12516.0
2021-08-16,0,0.42857142857142855,OH,1.0,12292.0
2021-08-23,0,1.0,OH,1.0,13136.0
2021-08-30,0,0.2857142857142857,OH,1.0,11748.0
2021-09-06,0,0.0,OH,1.0,11270.0
2021-09-13,0,0.0,OH,1.0,11077.0
2021-09-20,0,1.0,OH,1.0,12565.0
2021-09-27,0,0.5714285714285714,OH,1.0,12156.0
2021-10-04,0,0.0,OH,1.0,11236.0
2021-10-11,0,0.0,OH,1.0,11007.0
2021-10-18,0,0.7142857142857143,OH,1.0,12078.0
2021-10-25,0,1.0,OH,1.0,12553.0
2021-11-01,0,0.0,OH,1.0,12011.0
2021-11-08,0,0.0,OH,1.0,12072.0
2021-11-15,0,0.2857142857142857,OH,1.0,12514.0
2021-11-22,0,1.0,OH,1.0,13861.0
2021-11-29,0,0.2857142857142857,OH,1.0,12484.0
2021-12-06,0,0.0,OH,1.0,11914.0
2021-12-13,0,0.0,OH,1.0,12179.0
2021-12-20,1,1.0,OH,1.0,15350.0
2021-12-27,1,0.7142857142857143,OH,1.0,15097.0
2022-01-03,1,0.0,OH,1.0,12389.0
2022-01-10,0,0.0,OH,1.0,11267.0
2022-01-17,0,0.5714285714285714,OH,1.0,12281.0
2022-01-24,0,1.0,OH,1.0,13007.0
2022-01-31,0,0.14285714285714285,OH,1.0,11508.0
2022-02-07,0,0.0,OH,1.0,11675.0
2022-02-14,0,0.14285714285714285,OH,1.0,12144.0
2022-02-21,0,1.0,OH,1.0,13747.0
2022-02-28,0,0.14285714285714285,OH,1.0,12175.0
2022-03-07,0,0.0,OH,1.0,12146.0
2022-03-14,0,0.14285714285714285,OH,1.0,12408.0
2022-03-21,0,1.0,OH,1.0,13826.0
2022-03-28,0,0.5714285714285714,OH,1.0,13366.0
2022-04-04,0,0.0,OH,1.0,12522.0
2022-04-11,0,0.0,OH,1.0,12717.0
2022-04-18,0,0.7142857142857143,OH,1.0,14183.0
2022-04-25,0,0.8571428571428571,OH,1.0,14332.0
2022-05-02,0,0.0,OH,1.0,12926.0
2022-05-09,0,0.0,OH,1.0,13418.0
2022-05-16,0,0.42857142857142855,OH,1.0,14230.0
2022-05-23,0,1.0,OH,1.0,15399.0
2022-05-30,0,0.2857142857142857,OH,1.0,14054.0
2022-06-06,1,0.0,OH,1.0,14996.0
2022-06-13,1,0.0,OH,1.0,15020.0
2022-06-20,1,1.0,OH,1.0,17574.0
2022-06-27,1,0.5714285714285714,OH,1.0,16702.0
2022-07-04,1,0.0,OH,1.0,15098.0
2022-07-11,1,0.0,OH,1.0,15602.0
2022-07-18,1,0.7142857142857143,OH,1.0,17372.0
2022-07-25,1,1.0,OH,1.0,17829.0
2022-08-01,1,0.0,OH,1.0,15332.0
2022-08-08,1,0.0,OH,1.0,15118.0
2022-08-15,0,0.2857142857142857,OH,1.0,13949.0
2022-08-22,0,1.0,OH,1.0,15645.0
2022-08-29,0,0.42857142857142855,OH,1.0,14196.0
2022-09-05,0,0.0,OH,1.0,12944.0
2022-09-12,0,0.0,OH,1.0,13378.0
2022-09-19,0,0.8571428571428571,OH,1.0,14741.0
2022-09-26,0,0.7142857142857143,OH,1.0,14265.0
2022-10-03,0,0.0,OH,1.0,12865.0
2022-10-10,0,0.0,OH,1.0,12777.0
2022-10-17,0,0.5714285714285714,OH,1.0,13897.0
2022-10-24,0,1.0,OH,1.0,14511.0
2022-10-31,0,0.14285714285714285,OH,1.0,13065.0
2022-11-07,0,0.0,OH,1.0,13796.0
2022-11-14,0,0.14285714285714285,OH,1.0,13978.0
2022-11-21,0,1.0,OH,1.0,16124.0
2022-11-28,0,0.42857142857142855,OH,1.0,14767.0
2022-12-05,0,0.0,OH,1.0,13422.0
2022-12-12,0,0.0,OH,1.0,13640.0
2022-12-19,0,0.8571428571428571,OH,1.0,15449.0
2022-12-26,1,0.8571428571428571,OH,1.0,17194.0
2023-01-02,1,0.0,OH,1.0,14057.0
2023-01-09,0,0.0,OH,1.0,12913.0
2023-01-16,0,0.42857142857142855,OH,1.0,13509.0
2023-01-23,0,1.0,OH,1.0,14556.0
2023-01-30,0,0.2857142857142857,OH,1.0,13155.0
2023-02-06,0,0.0,OH,1.0,12813.0
2023-02-13,0,0.0,OH,1.0,12773.0
2023-02-20,0,1.0,OH,1.0,15049.0
2023-02-27,0,0.2857142857142857,OH,1.0,13496.0
2023-03-06,0,0.0,OH,1.0,13084.0
2023-03-13,0,0.0,OH,1.0,13097.0
2023-03-20,0,1.0,OH,1.0,15561.0
2023-03-27,0,0.7142857142857143,OH,1.0,14869.0
2023-04-03,0,0.0,OH,1.0,13659.0
2023-04-10,0,0.0,OH,1.0,13972.0
2023-04-17,0,0.5714285714285714,OH,1.0,14930.0
2023-04-24,0,1.0,OH,1.0,16250.0
2023-05-01,0,0.0,OH,1.0,14105.0
2023-05-08,0,0.0,OH,1.0,14036.0
2023-05-15,0,0.2857142857142857,OH,1.0,15038.0
2023-05-22,0,1.0,OH,1.0,16326.0
2023-05-29,0,0.42857142857142855,OH,1.0,15044.0
2023-06-05,1,0.0,OH,1.0,16147.0
2023-06-12,1,0.0,OH,1.0,15977.0
2023-06-19,1,0.8571428571428571,OH,1.0,17980.0
2023-06-26,1,0.7142857142857143,OH,1.0,17933.0
2023-07-03,1,0.0,OH,1.0,16437.0
2023-07-10,1,0.0,OH,1.0,16151.0
2023-07-17,1,0.5714285714285714,OH,1.0,17680.0
2023-07-24,1,1.0,OH,1.0,18684.0
2023-07-31,1,0.14285714285714285,OH,1.0,16335.0
2023-08-07,1,0.0,OH,1.0,15697.0
2023-08-14,1,0.14285714285714285,OH,1.0,16238.0
2023-08-21,0,1.0,OH,1.0,16364.0
2023-08-28,0,0.5714285714285714,OH,1.0,15145.0
2023-09-04,0,0.0,OH,1.0,14055.0
2023-09-11,0,0.0,OH,1.0,13873.0
2023-09-18,0,0.7142857142857143,OH,1.0,15501.0
2023-09-25,0,0.8571428571428571,OH,1.0,15304.0
2023-10-02,0,0.0,OH,1.0,13773.0
2023-10-09,0,0.0,OH,1.0,13881.0
2023-10-16,0,0.42857142857142855,OH,1.0,14499.0
2023-10-23,0,1.0,OH,1.0,15557.0
2023-10-30,0,0.2857142857142857,OH,1.0,13820.0
2023-11-06,0,0.0,OH,1.0,14522.0
2023-11-13,0,0.0,OH,1.0,14353.0
2023-11-20,0,1.0,OH,1.0,17038.0
2023-11-27,0,0.5714285714285714,OH,1.0,15620.0
2023-12-04,0,0.0,OH,1.0,14566.0
2023-12-11,0,0.0,OH,1.0,14653.0
2023-12-18,0,0.7142857142857143,OH,1.0,15885.0
2023-12-25,1,1.0,OH,1.0,18366.0
2024-01-01,1,0.0,OH,1.0,14768.0
2024-01-08,0,0.0,OH,1.0,13229.0
2024-01-15,0,0.2857142857142857,OH,1.0,13699.0
2024-01-22,0,1.0,OH,1.0,15345.0
2024-01-29,0,0.42857142857142855,OH,1.0,14365.0
2024-02-05,0,0.0,OH,1.0,13753.0
2024-02-12,0,0.0,OH,1.0,13670.0
2024-02-19,0,0.8571428571428571,OH,1.0,15732.0
2024-02-26,0,0.5714285714285714,OH,1.0,14883.0
2024-03-04,0,0.0,OH,1.0,13877.0
2024-03-11,0,0.0,OH,1.0,14005.0
2024-03-18,0,0.7142857142857143,OH,1.0,15567.0
2024-03-25,0,1.0,OH,1.0,16303.0
2024-04-01,0,0.0,OH,1.0,14662.0
2024-04-08,0,0.0,OH,1.0,14273.0
2024-04-15,0,0.2857142857142857,OH,1.0,15644.0
2024-04-22,0,1.0,OH,1.0,16762.0
2024-04-29,0,0.2857142857142857,OH,1.0,15361.0
2024-05-06,0,0.0,OH,1.0,15277.0
2024-05-13,0,0.0,OH,1.0,14777.0
2024-05-20,0,1.0,OH,1.0,17302.0
2024-05-27,0,0.7142857142857143,OH,1.0,17075.0
2024-06-03,1,0.0,OH,1.0,16605.0
2024-06-10,1,0.0,OH,1.0,16991.0
2024-06-17,1,0.5714285714285714,OH,1.0,18400.0
2024-06-24,1,1.0,OH,1.0,19694.0
2024-07-01,1,0.0,OH,1.0,17265.0
2024-07-08,1,0.0,OH,1.0,17257.0
2024-07-15,1,0.2857142857142857,OH,1.0,17544.0
2024-07-22,1,1.0,OH,1.0,19330.0
2024-07-29,1,0.42857142857142855,OH,1.0,17998.0
2024-08-05,1,0.0,OH,1.0,16859.0
2024-08-12,1,0.0,OH,1.0,16634.0
2024-08-19,0,0.8571428571428571,OH,1.0,16554.0
2024-08-26,0,0.8571428571428571,OH,1.0,16744.0
2024-09-02,0,0.0,OH,1.0,14675.0
2024-09-09,0,0.0,OH,1.0,14588.0
2024-09-16,0,0.42857142857142855,OH,1.0,15356.0
2024-09-23,0,1.0,OH,1.0,16387.0
2024-09-30,0,0.14285714285714285,OH,1.0,14562.0
2024-10-07,0,0.0,OH,1.0,14118.0
2024-10-14,0,0.14285714285714285,OH,1.0,14278.0
2024-10-21,0,1.0,OH,1.0,16032.0
2024-10-28,0,0.5714285714285714,OH,1.0,15168.0
2024-11-04,0,0.0,OH,1.0,15287.0
2024-11-11,0,0.0,OH,1.0,15278.0
2024-11-18,0,0.7142857142857143,OH,1.0,16823.0
2024-11-25,0,0.8571428571428571,OH,1.0,16851.0
2024-12-02,0,0.0,OH,1.0,14942.0
2024-12-09,0,0.0,OH,1.0,14691.0
2024-12-16,0,0.42857142857142855,OH,1.0,15768.0
2024-12-23,1,1.0,OH,1.0,19380.0
2024-12-30,1,0.2857142857142857,OH,1.0,17656.0
2025-01-06,0,0.0,OH,1.0,13731.0
2025-01-13,0,0.0,OH,1.0,13666.0
2025-01-20,0,1.0,OH,1.0,15897.0
2025-01-27,0,0.7142857142857143,OH,1.0,15055.0
2025-02-03,0,0.0,OH,1.0,13815.0
2025-02-10,0,0.0,OH,1.0,13684.0
2025-02-17,0,0.5714285714285714,OH,1.0,15197.0
2025-02-24,0,0.7142857142857143,OH,1.0,15332.0
2025-03-03,0,0.0,OH,1.0,14086.0
2025-03-10,0,0.0,OH,1.0,14489.0
2025-03-17,0,0.5714285714285714,OH,1.0,15670.0
2025-03-24,0,1.0,OH,1.0,16599.0
2025-03-31,0,0.14285714285714285,OH,1.0,15106.0
2025-04-07,0,0.0,OH,1.0,14886.0
2025-04-14,0,0.14285714285714285,OH,1.0,14917.0
2025-04-21,0,1.0,OH,1.0,17228.0
2025-04-28,0,0.42857142857142855,OH,1.0,15848.0
2025-05-05,0,0.0,OH,1.0,14782.0
2025-05-12,0,0.0,OH,1.0,14878.0
2025-05-19,0,0.8571428571428571,OH,1.0,16997.0
2025-05-26,0,0.8571428571428571,OH,1.0,16788.0
2025-06-02,1,0.0,OH,1.0,17046.0
2025-06-09,1,0.0,OH,1.0,17259.0
2025-06-16,1,0.42857142857142855,OH,1.0,18573.0
2025-06-23,1,1.0,OH,1.0,19520.0
2025-06-30,1,0.14285714285714285,OH,1.0,17608.0
2025-07-07,1,0.0,OH,1.0,17018.0
2025-07-14,1,0.14285714285714285,OH,1.0,17688.0
2025-07-21,1,1.0,OH,1.0,19162.0
2025-07-28,1,0.5714285714285714,OH,1.0,18125.0
2025-08-04,1,0.0,OH,0.9986284725943524,16884.0
2025-08-11,1,0.0,OH,0.9972569451887048,16974.0
2025-08-18,0,0.7142857142857143,OH,0.9958854177830572,16632.0
2025-08-25,0,1.0,OH,0.9945138903774096,17191.0
2025-09-01,0,0.0,OH,0.993142362971762,14985.0
2025-09-08,0,0.0,OH,0.9917708355661143,14722.0
2025-09-15,0,0.2857142857142857,OH,0.9903993081604667,15304.0
2025-09-22,0,1.0,OH,0.9890277807548191,16943.0
2025-09-29,0,0.2857142857142857,OH,0.9876562533491715,15267.0
2025-10-06,0,0.0,OH,0.9862847259435239,14335.0
2025-10-13,0,0.0,OH,0.9849131985378763,14181.0
2025-10-20,0,1.0,OH,0.9835416711322287,16350.0
2025-10-27,0,0.7142857142857143,OH,0.9821701437265811,15815.0
2025-11-03,0,0.0,OH,0.9807986163209336,15404.0
2025-11-10,0,0.0,OH,0.979427088915286,15581.0
2025-11-17,0,0.5714285714285714,OH,0.9780555615096383,16801.0
2025-11-24,0,1.0,OH,0.9766840341039907,17688.0
2025-12-01,0,0.0,OH,0.9753125066983431,15507.0
2025-12-08,0,0.0,OH,0.9739409792926955,15315.0
2025-12-15,0,0.2857142857142857,OH,0.9725694518870479,15959.0
2025-12-22,1,1.0,OH,0.9711979244814003,19922.0
2025-12-29,1,0.42857142857142855,OH,0.9698263970757527,18291.0
2026-01-05,1,0.0,OH,0.9684548696701051,15757.0
2026-01-12,0,0.0,OH,0.9670833422644575,14259.0
2026-01-19,0,0.8571428571428571,OH,0.9657118148588099,16033.0
2026-01-26,0,0.8571428571428571,OH,0.9643402874531622,16386.0
2026-02-02,0,0.0,OH,0.9629687600475146,14381.0
2026-02-09,0,0.0,OH,0.961597232641867,14554.0
2026-02-16,0,0.42857142857142855,OH,0.9602257052362194,15610.0
2026-02-23,0,0.8571428571428571,OH,0.9588541778305718,16661.0
2026-03-02,0,0.0,OH,0.9574826504249242,14571.0
2026-03-09,0,0.0,OH,0.9561111230192766,14790.0
2026-03-16,0,0.42857142857142855,OH,0.954739595613629,16198.0
2026-03-23,0,1.0,OH,0.9533680682079814,17450.0
2026-03-30,0,0.2857142857142857,OH,0.9519965408023338,15986.0
2026-04-06,0,0.0,OH,0.9506250133966861,15490.0
2026-04-13,0,0.0,OH,0.9492534859910385,15620.0
2026-04-20,0,1.0,OH,0.947881958585391,18245.0
2026-04-27,0,0.5714285714285714,OH,0.9465104311797434,17081.0
2026-05-04,0,0.0,OH,0.9451389037740958,16059.0
2026-05-11,0,0.0,OH,0.9437673763684482,15914.0
2026-05-18,0,0.7142857142857143,OH,0.9423958489628006,17877.0
2026-05-25,0,1.0,OH,0.941024321557153,18864.0
2026-06-01,1,0.0,OH,0.9396527941515054,17975.0
2026-06-08,1,0.0,OH,0.9382812667458578,18266.0
2026-06-15,1,0.2857142857142857,OH,0.9369097393402102,19464.0
2026-06-22,1,1.0,OH,0.9355382119345625,21185.0
2026-06-29,1,0.2857142857142857,OH,0.9341666845289149,19301.0
2026-07-06,1,0.0,OH,0.9327951571232673,17837.0
2026-07-13,1,0.0,OH,0.9314236297176197,18376.0
2026-07-20,1,1.0,OH,0.9300521023119721,21388.0
2026-07-27,1,0.7142857142857143,OH,0.9300521023119721,19857.0
2026-08-03,1,0.0,OH,0.9300521023119721,18596.0
2026-08-10,1,0.0,OH,0.9300521023119721,18314.0
2026-08-17,0,0.5714285714285714,OH,0.9300521023119721,17435.0
2026-08-24,0,1.0,OH,0.9300521023119721,18474.0
2026-08-31,0,0.14285714285714285,OH,0.9300521023119721,16652.0
2026-09-07,0,0.0,OH,0.9300521023119721,15996.0
2026-09-14,0,0.14285714285714285,OH,0.9300521023119721,15987.0
2026-09-21,0,1.0,OH,0.9300521023119721,17832.0
2019-01-07,0,0.0,OK,1.0,4152.0
2019-01-14,0,0.14285714285714285,OK,1.0,4329.0
2019-01-21,0,1.0,OK,1.0,4845.0
2019-01-28,0,0.5714285714285714,OK,1.0,4473.0
2019-02-04,0,0.0,OK,1.0,4241.0
2019-02-11,0,0.0,OK,1.0,4323.0
2019-02-18,0,0.7142857142857143,OK,1.0,4756.0
2019-02-25,0,0.5714285714285714,OK,1.0,4697.0
2019-03-04,0,0.0,OK,1.0,4294.0
2019-03-11,0,0.0,OK,1.0,4368.0
2019-03-18,0,0.7142857142857143,OK,1.0,4947.0
2019-03-25,0,1.0,OK,1.0,5090.0
2019-04-01,0,0.0,OK,1.0,4396.0
2019-04-08,0,0.0,OK,1.0,4639.0
2019-04-15,0,0.2857142857142857,OK,1.0,4817.0
2019-04-22,0,1.0,OK,1.0,5126.0
2019-04-29,0,0.2857142857142857,OK,1.0,4919.0
2019-05-06,0,0.0,OK,1.0,4655.0
2019-05-13,0,0.0,OK,1.0,4572.0
2019-05-20,0,1.0,OK,1.0,5404.0
2019-05-27,0,0.7142857142857143,OK,1.0,5219.0
2019-06-03,1,0.0,OK,1.0,5239.0
2019-06-10,1,0.0,OK,1.0,5194.0
2019-06-17,1,0.5714285714285714,OK,1.0,5646.0
2019-06-24,1,1.0,OK,1.0,6003.0
2019-07-01,1,0.0,OK,1.0,5359.0
2019-07-08,1,0.0,OK,1.0,5204.0
2019-07-15,1,0.2857142857142857,OK,1.0,5458.0
2019-07-22,1,1.0,OK,1.0,6015.0
2019-07-29,1,0.42857142857142855,OK,1.0,5594.0
2019-08-05,1,0.0,OK,1.0,5226.0
2019-08-12,1,0.0,OK,1.0,5178.0
2019-08-19,0,0.8571428571428571,OK,1.0,5108.0
2019-08-26,0,0.8571428571428571,OK,1.0,5074.0
2019-09-02,0,0.0,OK,1.0,4459.0
2019-09-09,0,0.0,OK,1.0,4512.0
2019-09-16,0,0.42857142857142855,OK,1.0,4722.0
2019-09-23,0,1.0,OK,1.0,5079.0
2019-09-30,0,0.14285714285714285,OK,1.0,4556.0
2019-10-07,0,0.0,OK,1.0,4278.0
2019-10-14,0,0.14285714285714285,OK,1.0,4409.0
2019-10-21,0,1.0,OK,1.0,4817.0
2019-10-28,0,0.5714285714285714,OK,1.0,4594.0
2019-11-04,0,0.0,OK,1.0,4573.0
2019-11-11,0,0.0,OK,1.0,4509.0
2019-11-18,0,0.7142857142857143,OK,1.0,5058.0
2019-11-25,0,0.8571428571428571,OK,1.0,5093.0
2019-12-02,0,0.0,OK,1.0,4487.0
2019-12-09,0,0.0,OK,1.0,4555.0
2019-12-16,0,0.42857142857142855,OK,1.0,4709.0
2019-12-23,1,1.0,OK,1.0,5853.0
2019-12-30,1,0.2857142857142857,OK,1.0,5240.0
2020-01-06,0,0.0,OK,1.0,4104.0
2020-01-13,0,0.0,OK,1.0,4160.0
2020-01-20,0,1.0,OK,1.0,4820.0
2020-01-27,0,0.7142857142857143,OK,1.0,4718.0
2020-02-03,0,0.0,OK,1.0,4162.0
2020-02-10,0,0.0,OK,1.0,4111.0
2020-02-17,0,0.5714285714285714,OK,1.0,4643.0
2020-02-24,0,0.8571428571428571,OK,1.0,4711.0
2020-03-02,0,0.0,OK,1.0,4205.0
2020-03-09,0,0.0,OK,1.0,4232.0
2020-03-16,0,0.42857142857142855,OK,1.0,4648.0
2020-03-23,0,1.0,OK,1.0,4991.0
2020-03-30,0,0.2857142857142857,OK,1.0,4487.0
2020-04-06,0,0.0,OK,1.0,4374.0
2020-04-13,0,0.0,OK,1.0,4402.0
2020-04-20,0,1.0,OK,1.0,4934.0
2020-04-27,0,0.5714285714285714,OK,1.0,4847.0
2020-05-04,0,0.0,OK,1.0,4377.0
2020-05-11,0,0.0,OK,1.0,4544.0
2020-05-18,0,0.7142857142857143,OK,1.0,5055.0
2020-05-25,0,1.0,OK,1.0,5265.0
2020-06-01,1,0.0,OK,1.0,5169.0
2020-06-08,1,0.0,OK,1.0,5093.0
2020-06-15,1,0.2857142857142857,OK,1.0,5431.0
2020-06-22,1,1.0,OK,1.0,5873.0
2020-06-29,1,0.2857142857142857,OK,1.0,5187.0
2020-07-06,1,0.0,OK,1.0,5055.0
2020-07-13,1,0.0,OK,1.0,5040.0
2020-07-20,1,1.0,OK,1.0,5775.0
2020-07-27,1,0.7142857142857143,OK,1.0,5520.0
2020-08-03,1,0.0,OK,1.0,4948.0
2020-08-10,1,0.0,OK,1.0,4816.0
2020-08-17,0,0.5714285714285714,OK,1.0,4648.0
2020-08-24,0,1.0,OK,1.0,4941.0
2020-08-31,0,0.14285714285714285,OK,1.0,4474.0
2020-09-07,0,0.0,OK,1.0,4274.0
2020-09-14,0,0.14285714285714285,OK,1.0,4365.0
2020-09-21,0,1.0,OK,1.0,4909.0
2020-09-28,0,0.42857142857142855,OK,1.0,4405.0
2020-10-05,0,0.0,OK,1.0,4085.0
2020-10-12,0,0.0,OK,1.0,4130.0
2020-10-19,0,0.8571428571428571,OK,1.0,4542.0
2020-10-26,0,0.8571428571428571,OK,1.0,4455.0
2020-11-02,0,0.0,OK,1.0,4470.0
2020-11-09,0,0.0,OK,1.0,4522.0
2020-11-16,0,0.42857142857142855,OK,1.0,4574.0
2020-11-23,0,1.0,OK,1.0,4912.0
2020-11-30,0,0.14285714285714285,OK,1.0,4398.0
2020-12-07,0,0.0,OK,1.0,4290.0
2020-12-14,0,0.14285714285714285,OK,1.0,4403.0
2020-12-21,1,1.0,OK,1.0,5422.0
2020-12-28,1,0.5714285714285714,OK,1.0,5140.0
2021-01-04,1,0.0,OK,1.0,4475.0
2021-01-11,0,0.0,OK,1.0,3963.0
2021-01-18,0,0.7142857142857143,OK,1.0,4375.0
2021-01-25,0,1.0,OK,1.0,4685.0
2021-02-01,0,0.0,OK,1.0,3895.0
2021-02-08,0,0.0,OK,1.0,3892.0
2021-02-15,0,0.2857142857142857,OK,1.0,4085.0
2021-02-22,0,1.0,OK,1.0,4535.0
2021-03-01,0,0.0,OK,1.0,4084.0
2021-03-08,0,0.0,OK,1.0,3923.0
2021-03-15,0,0.2857142857142857,OK,1.0,4246.0
2021-03-22,0,1.0,OK,1.0,4577.0
2021-03-29,0,0.42857142857142855,OK,1.0,4331.0
2021-04-05,0,0.0,OK,1.0,4129.0
2021-04-12,0,0.0,OK,1.0,4229.0
2021-04-19,0,0.8571428571428571,OK,1.0,4639.0
2021-04-26,0,0.7142857142857143,OK,1.0,4663.0
2021-05-03,0,0.0,OK,1.0,4239.0
2021-05-10,0,0.0,OK,1.0,4168.0
2021-05-17,0,0.5714285714285714,OK,1.0,4620.0
2021-05-24,0,1.0,OK,1.0,4768.0
2021-05-31,0,0.14285714285714285,OK,1.0,4287.0
2021-06-07,1,0.0,OK,1.0,4743.0
2021-06-14,1,0.14285714285714285,OK,1.0,4823.0
2021-06-21,1,1.0,OK,1.0,5503.0
2021-06-28,1,0.42857142857142855,OK,1.0,5040.0
2021-07-05,1,0.0,OK,1.0,4688.0
2021-07-12,1,0.0,OK,1.0,4860.0
2021-07-19,1,0.8571428571428571,OK,1.0,5387.0
2021-07-26,1,0.8571428571428571,OK,1.0,5416.0
2021-08-02,1,0.0,OK,1.0,4814.0
2021-08-09,1,0.0,OK,1.0,4746.0
2021-08-16,0,0.42857142857142855,OK,1.0,4633.0
2021-08-23,0,1.0,OK,1.0,5022.0
2021-08-30,0,0.2857142857142857,OK,1.0,4433.0
2021-09-06,0,0.0,OK,1.0,4146.0
2021-09-13,0,0.0,OK,1.0,4312.0
2021-09-20,0,1.0,OK,1.0,4911.0
2021-09-27,0,0.5714285714285714,OK,1.0,4639.0
2021-10-04,0,0.0,OK,1.0,4244.0
2021-10-11,0,0.0,OK,1.0,4195.0
2021-10-18,0,0.7142857142857143,OK,1.0,4743.0
2021-10-25,0,1.0,OK,1.0,4805.0
2021-11-01,0,0.0,OK,1.0,4587.0
2021-11-08,0,0.0,OK,1.0,4676.0
2021-11-15,0,0.2857142857142857,OK,1.0,4797.0
2021-11-22,0,1.0,OK,1.0,5250.0
2021-11-29,0,0.2857142857142857,OK,1.0,4711.0
2021-12-06,0,0.0,OK,1.0,4645.0
2021-12-13,0,0.0,OK,1.0,4770.0
2021-12-20,1,1.0,OK,1.0,5908.0
2021-12-27,1,0.7142857142857143,OK,1.0,5737.0
2022-01-03,1,0.0,OK,1.0,4774.0
2022-01-10,0,0.0,OK,1.0,4282.0
2022-01-17,0,0.5714285714285714,OK,1.0,4615.0
2022-01-24,0,1.0,OK,1.0,5037.0
2022-01-31,0,0.14285714285714285,OK,1.0,4528.0
2022-02-07,0,0.0,OK,1.0,4507.0
2022-02-14,0,0.14285714285714285,OK,1.0,4539.0
2022-02-21,0,1.0,OK,1.0,5281.0
2022-02-28,0,0.14285714285714285,OK,1.0,4719.0
2022-03-07,0,0.0,OK,1.0,4551.0
2022-03-14,0,0.14285714285714285,OK,1.0,4837.0
2022-03-21,0,1.0,OK,1.0,5321.0
2022-03-28,0,0.5714285714285714,OK,1.0,5243.0
2022-04-04,0,0.0,OK,1.0,4770.0
2022-04-11,0,0.0,OK,1.0,4874.0
2022-04-18,0,0.7142857142857143,OK,1.0,5562.0
2022-04-25,0,0.8571428571428571,OK,1.0,5747.0
2022-05-02,0,0.0,OK,1.0,5043.0
2022-05-09,0,0.0,OK,1.0,4955.0
2022-05-16,0,0.42857142857142855,OK,1.0,5401.0
2022-05-23,0,1.0,OK,1.0,5955.0
2022-05-30,0,0.2857142857142857,OK,1.0,5354.0
2022-06-06,1,0.0,OK,1.0,5716.0
2022-06-13,1,0.0,OK,1.0,5951.0
2022-06-20,1,1.0,OK,1.0,6741.0
2022-06-27,1,0.5714285714285714,OK,1.0,6510.0
2022-07-04,1,0.0,OK,1.0,6120.0
2022-07-11,1,0.0,OK,1.0,6012.0
2022-07-18,1,0.7142857142857143,OK,1.0,6456.0
2022-07-25,1,1.0,OK,1.0,6857.0
2022-08-01,1,0.0,OK,1.0,5953.0
2022-08-08,1,0.0,OK,1.0,5849.0
2022-08-15,0,0.2857142857142857,OK,1.0,5485.0
2022-08-22,0,1.0,OK,1.0,6046.0
2022-08-29,0,0.42857142857142855,OK,1.0,5544.0
2022-09-05,0,0.0,OK,1.0,5200.0
2022-09-12,0,0.0,OK,1.0,5192.0
2022-09-19,0,0.8571428571428571,OK,1.0,5697.0
2022-09-26,0,0.7142857142857143,OK,1.0,5530.0
2022-10-03,0,0.0,OK,1.0,5027.0
2022-10-10,0,0.0,OK,1.0,5005.0
2022-10-17,0,0.5714285714285714,OK,1.0,5452.0
2022-10-24,0,1.0,OK,1.0,5672.0
2022-10-31,0,0.14285714285714285,OK,1.0,5106.0
2022-11-07,0,0.0,OK,1.0,5615.0
2022-11-14,0,0.14285714285714285,OK,1.0,5660.0
2022-11-21,0,1.0,OK,1.0,6194.0
2022-11-28,0,0.42857142857142855,OK,1.0,5839.0
2022-12-05,0,0.0,OK,1.0,5440.0
2022-12-12,0,0.0,OK,1.0,5294.0
2022-12-19,0,0.8571428571428571,OK,1.0,6162.0
2022-12-26,1,0.8571428571428571,OK,1.0,7118.0
2023-01-02,1,0.0,OK,1.0,5657.0
2023-01-09,0,0.0,OK,1.0,5147.0
2023-01-16,0,0.42857142857142855,OK,1.0,5334.0
2023-01-23,0,1.0,OK,1.0,5786.0
2023-01-30,0,0.2857142857142857,OK,1.0,5319.0
2023-02-06,0,0.0,OK,1.0,5227.0
2023-02-13,0,0.0,OK,1.0,5160.0
2023-02-20,0,1.0,OK,1.0,6110.0
2023-02-27,0,0.2857142857142857,OK,1.0,5569.0
2023-03-06,0,0.0,OK,1.0,5305.0
2023-03-13,0,0.0,OK,1.0,5373.0
2023-03-20,0,1.0,OK,1.0,6202.0
2023-03-27,0,0.7142857142857143,OK,1.0,5990.0
2023-04-03,0,0.0,OK,1.0,5528.0
2023-04-10,0,0.0,OK,1.0,5655.0
2023-04-17,0,0.5714285714285714,OK,1.0,6260.0
2023-04-24,0,1.0,OK,1.0,6635.0
2023-05-01,0,0.0,OK,1.0,5655.0
2023-05-08,0,0.0,OK,1.0,5875.0
2023-05-15,0,0.2857142857142857,OK,1.0,5913.0
2023-05-22,0,1.0,OK,1.0,6712.0
2023-05-29,0,0.42857142857142855,OK,1.0,6266.0
2023-06-05,1,0.0,OK,1.0,6448.0
2023-06-12,1,0.0,OK,1.0,6714.0
2023-06-19,1,0.8571428571428571,OK,1.0,7384.0
2023-06-26,1,0.7142857142857143,OK,1.0,7273.0
2023-07-03,1,0.0,OK,1.0,6718.0
2023-07-10,1,0.0,OK,1.0,6649.0
2023-07-17,1,0.5714285714285714,OK,1.0,7180.0
2023-07-24,1,1.0,OK,1.0,7428.0
2023-07-31,1,0.14285714285714285,OK,1.0,6763.0
2023-08-07,1,0.0,OK,1.0,6554.0
2023-08-14,1,0.14285714285714285,OK,1.0,6807.0
2023-08-21,0,1.0,OK,1.0,6656.0
2023-08-28,0,0.5714285714285714,OK,1.0,6456.0
2023-09-04,0,0.0,OK,1.0,5760.0
2023-09-11,0,0.0,OK,1.0,5892.0
2023-09-18,0,0.7142857142857143,OK,1.0,6524.0
2023-09-25,0,0.8571428571428571,OK,1.0,6362.0
2023-10-02,0,0.0,OK,1.0,5689.0
2023-10-09,0,0.0,OK,1.0,5703.0
2023-10-16,0,0.42857142857142855,OK,1.0,6053.0
2023-10-23,0,1.0,OK,1.0,6414.0
2023-10-30,0,0.2857142857142857,OK,1.0,5870.0
2023-11-06,0,0.0,OK,1.0,5903.0
2023-11-13,0,0.0,OK,1.0,6114.0
2023-11-20,0,1.0,OK,1.0,7173.0
2023-11-27,0,0.5714285714285714,OK,1.0,6701.0
2023-12-04,0,0.0,OK,1.0,6103.0
2023-12-11,0,0.0,OK,1.0,6089.0
2023-12-18,0,0.7142857142857143,OK,1.0,6732.0
2023-12-25,1,1.0,OK,1.0,7800.0
2024-01-01,1,0.0,OK,1.0,6261.0
2024-01-08,0,0.0,OK,1.0,5612.0
2024-01-15,0,0.2857142857142857,OK,1.0,5848.0
2024-01-22,0,1.0,OK,1.0,6535.0
2024-01-29,0,0.42857142857142855,OK,1.0,6062.0
2024-02-05,0,0.0,OK,1.0,5858.0
2024-02-12,0,0.0,OK,1.0,5641.0
2024-02-19,0,0.8571428571428571,OK,1.0,6679.0
2024-02-26,0,0.5714285714285714,OK,1.0,6353.0
2024-03-04,0,0.0,OK,1.0,5845.0
2024-03-11,0,0.0,OK,1.0,6101.0
2024-03-18,0,0.7142857142857143,OK,1.0,6799.0
2024-03-25,0,1.0,OK,1.0,7094.0
2024-04-01,0,0.0,OK,1.0,6175.0
2024-04-08,0,0.0,OK,1.0,6264.0
2024-04-15,0,0.2857142857142857,OK,1.0,6535.0
2024-04-22,0,1.0,OK,1.0,7403.0
2024-04-29,0,0.2857142857142857,OK,1.0,6623.0
2024-05-06,0,0.0,OK,1.0,6426.0
2024-05-13,0,0.0,OK,1.0,6491.0
2024-05-20,0,1.0,OK,1.0,7608.0
2024-05-27,0,0.7142857142857143,OK,1.0,7368.0
2024-06-03,1,0.0,OK,1.0,7324.0
2024-06-10,1,0.0,OK,1.0,7378.0
2024-06-17,1,0.5714285714285714,OK,1.0,8040.0
2024-06-24,1,1.0,OK,1.0,8432.0
2024-07-01,1,0.0,OK,1.0,7319.0
2024-07-08,1,0.0,OK,1.0,7272.0
2024-07-15,1,0.2857142857142857,OK,1.0,7944.0
2024-07-22,1,1.0,OK,1.0,8532.0
2024-07-29,1,0.42857142857142855,OK,1.0,7780.0
2024-08-05,1,0.0,OK,1.0,7335.0
2024-08-12,1,0.0,OK,1.0,7452.0
2024-08-19,0,0.8571428571428571,OK,1.0,7353.0
2024-08-26,0,0.8571428571428571,OK,1.0,7213.0
2024-09-02,0,0.0,OK,1.0,6588.0
2024-09-09,0,0.0,OK,1.0,6311.0
2024-09-16,0,0.42857142857142855,OK,1.0,6636.0
2024-09-23,0,1.0,OK,1.0,7213.0
2024-09-30,0,0.14285714285714285,OK,1.0,6374.0
2024-10-07,0,0.0,OK,1.0,5983.0
2024-10-14,0,0.14285714285714285,OK,1.0,6062.0
2024-10-21,0,1.0,OK,1.0,7161.0
2024-10-28,0,0.5714285714285714,OK,1.0,6537.0
2024-11-04,0,0.0,OK,1.0,6542.0
2024-11-11,0,0.0,OK,1.0,6533.0
2024-11-18,0,0.7142857142857143,OK,1.0,7173.0
2024-11-25,0,0.8571428571428571,OK,1.0,7213.0
2024-12-02,0,0.0,OK,1.0,6582.0
2024-12-09,0,0.0,OK,1.0,6524.0
2024-12-16,0,0.42857142857142855,OK,1.0,7022.0
2024-12-23,1,1.0,OK,1.0,8591.0
2024-12-30,1,0.2857142857142857,OK,1.0,7445.0
2025-01-06,0,0.0,OK,1.0,5849.0
2025-01-13,0,0.0,OK,1.0,6047.0
2025-01-20,0,1.0,OK,1.0,6960.0
2025-01-27,0,0.7142857142857143,OK,1.0,6788.0
2025-02-03,0,0.0,OK,1.0,6183.0
2025-02-10,0,0.0,OK,1.0,5935.0
2025-02-17,0,0.5714285714285714,OK,1.0,6787.0
2025-02-24,0,0.7142857142857143,OK,1.0,6817.0
2025-03-03,0,0.0,OK,1.0,5960.0
2025-03-10,0,0.0,OK,1.0,6170.0
2025-03-17,0,0.5714285714285714,OK,1.0,6696.0
2025-03-24,0,1.0,OK,1.0,7493.0
2025-03-31,0,0.14285714285714285,OK,1.0,6575.0
2025-04-07,0,0.0,OK,1.0,6328.0
2025-04-14,0,0.14285714285714285,OK,1.0,6812.0
2025-04-21,0,1.0,OK,1.0,7338.0
2025-04-28,0,0.42857142857142855,OK,1.0,7002.0
2025-05-05,0,0.0,OK,1.0,6376.0
2025-05-12,0,0.0,OK,1.0,6542.0
2025-05-19,0,0.8571428571428571,OK,1.0,7503.0
2025-05-26,0,0.8571428571428571,OK,1.0,7434.0
2025-06-02,1,0.0,OK,1.0,7505.0
2025-06-09,1,0.0,OK,1.0,7232.0
2025-06-16,1,0.42857142857142855,OK,1.0,7986.0
2025-06-23,1,1.0,OK,1.0,8644.0
2025-06-30,1,0.14285714285714285,OK,1.0,7638.0
2025-07-07,1,0.0,OK,1.0,7573.0
2025-07-14,1,0.14285714285714285,OK,1.0,7611.0
2025-07-21,1,1.0,OK,1.0,8601.0
2025-07-28,1,0.5714285714285714,OK,1.0,7778.0
2025-08-04,1,0.0,OK,0.9958630560621771,7378.0
2025-08-11,1,0.0,OK,0.9917261121243542,7465.0
2025-08-18,0,0.7142857142857143,OK,0.9875891681865313,7285.0
2025-08-25,0,1.0,OK,0.9834522242487085,7607.0
2025-09-01,0,0.0,OK,0.9793152803108855,6363.0
2025-09-08,0,0.0,OK,0.9751783363730626,6585.0
2025-09-15,0,0.2857142857142857,OK,0.9710413924352398,6608.0
2025-09-22,0,1.0,OK,0.9669044484974169,7503.0
2025-09-29,0,0.2857142857142857,OK,0.962767504559594,6747.0
2025-10-06,0,0.0,OK,0.9586305606217711,6480.0
2025-10-13,0,0.0,OK,0.9544936166839483,6488.0
2025-10-20,0,1.0,OK,0.9503566727461253,7566.0
2025-10-27,0,0.7142857142857143,OK,0.9462197288083024,7216.0
2025-11-03,0,0.0,OK,0.9420827848704796,7032.0
2025-11-10,0,0.0,OK,0.9379458409326566,6911.0
2025-11-17,0,0.5714285714285714,OK,0.9338088969948338,7496.0
2025-11-24,0,1.0,OK,0.9296719530570109,7966.0
2025-12-01,0,0.0,OK,0.9255350091191881,7209.0
2025-12-08,0,0.0,OK,0.9213980651813651,7206.0
2025-12-15,0,0.2857142857142857,OK,0.9172611212435422,7238.0
2025-12-22,1,1.0,OK,0.9131241773057194,9063.0
2025-12-29,1,0.42857142857142855,OK,0.9089872333678964,8407.0
2026-01-05,1,0.0,OK,0.9048502894300736,7227.0
2026-01-12,0,0.0,OK,0.9007133454922507,6769.0
2026-01-19,0,0.8571428571428571,OK,0.8965764015544277,7665.0
2026-01-26,0,0.8571428571428571,OK,0.8924394576166049,7636.0
2026-02-02,0,0.0,OK,0.888302513678782,6896.0
2026-02-09,0,0.0,OK,0.8841655697409592,6976.0
2026-02-16,0,0.42857142857142855,OK,0.8800286258031362,7599.0
2026-02-23,0,0.8571428571428571,OK,0.8758916818653133,7957.0
2026-03-02,0,0.0,OK,0.8717547379274905,7041.0
2026-03-09,0,0.0,OK,0.8676177939896675,6996.0
2026-03-16,0,0.42857142857142855,OK,0.8634808500518447,7821.0
2026-03-23,0,1.0,OK,0.8593439061140218,8199.0
2026-03-30,0,0.2857142857142857,OK,0.8552069621761988,7630.0
2026-04-06,0,0.0,OK,0.851070018238376,7808.0
2026-04-13,0,0.0,OK,0.8469330743005531,7696.0
2026-04-20,0,1.0,OK,0.8427961303627303,8990.0
2026-04-27,0,0.5714285714285714,OK,0.8386591864249073,8544.0
2026-05-04,0,0.0,OK,0.8345222424870844,7646.0
2026-05-11,0,0.0,OK,0.8303852985492616,7803.0
2026-05-18,0,0.7142857142857143,OK,0.8262483546114388,8893.0
2026-05-25,0,1.0,OK,0.8221114106736158,9242.0
2026-06-01,1,0.0,OK,0.8179744667357929,9107.0
2026-06-08,1,0.0,OK,0.8138375227979701,9119.0
2026-06-15,1,0.2857142857142857,OK,0.8097005788601471,9271.0
2026-06-22,1,1.0,OK,0.8055636349223243,10972.0
2026-06-29,1,0.2857142857142857,OK,0.8014266909845014,9512.0
2026-07-06,1,0.0,OK,0.7972897470466784,9465.0
2026-07-13,1,0.0,OK,0.7931528031088556,9097.0
2026-07-20,1,1.0,OK,0.7890158591710327,10720.0
2026-07-27,1,0.7142857142857143,OK,0.7890158591710327,10352.0
2026-08-03,1,0.0,OK,0.7890158591710327,9156.0
2026-08-10,1,0.0,OK,0.7890158591710327,9187.0
2026-08-17,0,0.5714285714285714,OK,0.7890158591710327,8901.0
2026-08-24,0,1.0,OK,0.7890158591710327,9138.0
2026-08-31,0,0.14285714285714285,OK,0.7890158591710327,8055.0
2026-09-07,0,0.0,OK,0.7890158591710327,8117.0
2026-09-14,0,0.14285714285714285,OK,0.7890158591710327,8280.0
2026-09-21,0,1.0,OK,0.7890158591710327,9168.0
2019-01-07,0,0.0,OR,1.0,3543.0
2019-01-14,0,0.14285714285714285,OR,1.0,3560.0
2019-01-21,0,1.0,OR,1.0,4029.0
2019-01-28,0,0.5714285714285714,OR,1.0,3780.0
2019-02-04,0,0.0,OR,1.0,3588.0
2019-02-11,0,0.0,OR,1.0,3513.0
2019-02-18,0,0.7142857142857143,OR,1.0,4039.0
2019-02-25,0,0.5714285714285714,OR,1.0,3815.0
2019-03-04,0,0.0,OR,1.0,3577.0
2019-03-11,0,0.0,OR,1.0,3651.0
2019-03-18,0,0.7142857142857143,OR,1.0,4098.0
2019-03-25,0,1.0,OR,1.0,4038.0
2019-04-01,0,0.0,OR,1.0,3718.0
2019-04-08,0,0.0,OR,1.0,3780.0
2019-04-15,0,0.2857142857142857,OR,1.0,3764.0
2019-04-22,0,1.0,OR,1.0,4412.0
2019-04-29,0,0.2857142857142857,OR,1.0,3926.0
2019-05-06,0,0.0,OR,1.0,3792.0
2019-05-13,0,0.0,OR,1.0,3854.0
2019-05-20,0,1.0,OR,1.0,4396.0
2019-05-27,0,0.7142857142857143,OR,1.0,4300.0
2019-06-03,1,0.0,OR,1.0,4347.0
2019-06-10,1,0.0,OR,1.0,4365.0
2019-06-17,1,0.5714285714285714,OR,1.0,4746.0
2019-06-24,1,1.0,OR,1.0,4969.0
2019-07-01,1,0.0,OR,1.0,4395.0
2019-07-08,1,0.0,OR,1.0,4382.0
2019-07-15,1,0.2857142857142857,OR,1.0,4436.0
2019-07-22,1,1.0,OR,1.0,4986.0
2019-07-29,1,0.42857142857142855,OR,1.0,4578.0
2019-08-05,1,0.0,OR,1.0,4270.0
2019-08-12,1,0.0,OR,1.0,4168.0
2019-08-19,0,0.8571428571428571,OR,1.0,4267.0
2019-08-26,0,0.8571428571428571,OR,1.0,4251.0
2019-09-02,0,0.0,OR,1.0,3717.0
2019-09-09,0,0.0,OR,1.0,3663.0
2019-09-16,0,0.42857142857142855,OR,1.0,3886.0
2019-09-23,0,1.0,OR,1.0,4165.0
2019-09-30,0,0.14285714285714285,OR,1.0,3674.0
2019-10-07,0,0.0,OR,1.0,3484.0
2019-10-14,0,0.14285714285714285,OR,1.0,3631.0
2019-10-21,0,1.0,OR,1.0,4046.0
2019-10-28,0,0.5714285714285714,OR,1.0,3819.0
2019-11-04,0,0.0,OR,1.0,3803.0
2019-11-11,0,0.0,OR,1.0,3743.0
2019-11-18,0,0.7142857142857143,OR,1.0,4198.0
2019-11-25,0,0.8571428571428571,OR,1.0,4306.0
2019-12-02,0,0.0,OR,1.0,3814.0
2019-12-09,0,0.0,OR,1.0,3770.0
2019-12-16,0,0.42857142857142855,OR,1.0,3992.0
2019-12-23,1,1.0,OR,1.0,4988.0
2019-12-30,1,0.2857142857142857,OR,1.0,4300.0
2020-01-06,0,0.0,OR,1.0,3449.0
2020-01-13,0,0.0,OR,1.0,3391.0
2020-01-20,0,1.0,OR,1.0,3815.0
2020-01-27,0,0.7142857142857143,OR,1.0,3856.0
2020-02-03,0,0.0,OR,1.0,3483.0
2020-02-10,0,0.0,OR,1.0,3467.0
2020-02-17,0,0.5714285714285714,OR,1.0,3795.0
2020-02-24,0,0.8571428571428571,OR,1.0,3867.0
2020-03-02,0,0.0,OR,1.0,3479.0
2020-03-09,0,0.0,OR,1.0,3550.0
2020-03-16,0,0.42857142857142855,OR,1.0,3773.0
2020-03-23,0,1.0,OR,1.0,4118.0
2020-03-30,0,0.2857142857142857,OR,1.0,3848.0
2020-04-06,0,0.0,OR,1.0,3652.0
2020-04-13,0,0.0,OR,1.0,3652.0
2020-04-20,0,1.0,OR,1.0,4199.0
2020-04-27,0,0.5714285714285714,OR,1.0,4056.0
2020-05-04,0,0.0,OR,1.0,3659.0
2020-05-11,0,0.0,OR,1.0,3769.0
2020-05-18,0,0.7142857142857143,OR,1.0,4126.0
2020-05-25,0,1.0,OR,1.0,4424.0
2020-06-01,1,0.0,OR,1.0,4112.0
2020-06-08,1,0.0,OR,1.0,4193.0
2020-06-15,1,0.2857142857142857,OR,1.0,4466.0
2020-06-22,1,1.0,OR,1.0,4862.0
2020-06-29,1,0.2857142857142857,OR,1.0,4374.0
2020-07-06,1,0.0,OR,1.0,4369.0
2020-07-13,1,0.0,OR,1.0,4081.0
2020-07-20,1,1.0,OR,1.0,4778.0
2020-07-27,1,0.7142857142857143,OR,1.0,4477.0
2020-08-03,1,0.0,OR,1.0,4068.0
2020-08-10,1,0.0,OR,1.0,4116.0
2020-08-17,0,0.5714285714285714,OR,1.0,3966.0
2020-08-24,0,1.0,OR,1.0,4109.0
2020-08-31,0,0.14285714285714285,OR,1.0,3628.0
2020-09-07,0,0.0,OR,1.0,3572.0
2020-09-14,0,0.14285714285714285,OR,1.0,3526.0
2020-09-21,0,1.0,OR,1.0,3976.0
2020-09-28,0,0.42857142857142855,OR,1.0,3658.0
2020-10-05,0,0.0,OR,1.0,3429.0
2020-10-12,0,0.0,OR,1.0,3376.0
2020-10-19,0,0.8571428571428571,OR,1.0,3926.0
2020-10-26,0,0.8571428571428571,OR,1.0,3748.0
2020-11-02,0,0.0,OR,1.0,3688.0
2020-11-09,0,0.0,OR,1.0,3691.0
2020-11-16,0,0.42857142857142855,OR,1.0,3836.0
2020-11-23,0,1.0,OR,1.0,4332.0
2020-11-30,0,0.14285714285714285,OR,1.0,3689.0
2020-12-07,0,0.0,OR,1.0,3589.0
2020-12-14,0,0.14285714285714285,OR,1.0,3601.0
2020-12-21,1,1.0,OR,1.0,4507.0
2020-12-28,1,0.5714285714285714,OR,1.0,4228.0
2021-01-04,1,0.0,OR,1.0,3519.0
2021-01-11,0,0.0,OR,1.0,3141.0
2021-01-18,0,0.7142857142857143,OR,1.0,3477.0
2021-01-25,0,1.0,OR,1.0,3809.0
2021-02-01,0,0.0,OR,1.0,3301.0
2021-02-08,0,0.0,OR,1.0,3199.0
2021-02-15,0,0.2857142857142857,OR,1.0,3402.0
2021-02-22,0,1.0,OR,1.0,3777.0
2021-03-01,0,0.0,OR,1.0,3263.0
2021-03-08,0,0.0,OR,1.0,3357.0
2021-03-15,0,0.2857142857142857,OR,1.0,3457.0
2021-03-22,0,1.0,OR,1.0,3943.0
2021-03-29,0,0.42857142857142855,OR,1.0,3575.0
2021-04-05,0,0.0,OR,1.0,3362.0
2021-04-12,0,0.0,OR,1.0,3464.0
2021-04-19,0,0.8571428571428571,OR,1.0,3817.0
2021-04-26,0,0.7142857142857143,OR,1.0,3880.0
2021-05-03,0,0.0,OR,1.0,3341.0
2021-05-10,0,0.0,OR,1.0,3506.0
2021-05-17,0,0.5714285714285714,OR,1.0,3667.0
2021-05-24,0,1.0,OR,1.0,3886.0
2021-05-31,0,0.14285714285714285,OR,1.0,3450.0
2021-06-07,1,0.0,OR,1.0,3830.0
2021-06-14,1,0.14285714285714285,OR,1.0,3940.0
2021-06-21,1,1.0,OR,1.0,4404.0
2021-06-28,1,0.42857142857142855,OR,1.0,4140.0
2021-07-05,1,0.0,OR,1.0,3782.0
2021-07-12,1,0.0,OR,1.0,3834.0
2021-07-19,1,0.8571428571428571,OR,1.0,4416.0
2021-07-26,1,0.8571428571428571,OR,1.0,4384.0
2021-08-02,1,0.0,OR,1.0,3966.0
2021-08-09,1,0.0,OR,1.0,3947.0
2021-08-16,0,0.42857142857142855,OR,1.0,3664.0
2021-08-23,0,1.0,OR,1.0,4087.0
2021-08-30,0,0.2857142857142857,OR,1.0,3691.0
2021-09-06,0,0.0,OR,1.0,3466.0
2021-09-13,0,0.0,OR,1.0,3517.0
2021-09-20,0,1.0,OR,1.0,4069.0
2021-09-27,0,0.5714285714285714,OR,1.0,3833.0
2021-10-04,0,0.0,OR,1.0,3425.0
2021-10-11,0,0.0,OR,1.0,3495.0
2021-10-18,0,0.7142857142857143,OR,1.0,3915.0
2021-10-25,0,1.0,OR,1.0,3866.0
2021-11-01,0,0.0,OR,1.0,3807.0
2021-11-08,0,0.0,OR,1.0,3810.0
2021-11-15,0,0.2857142857142857,OR,1.0,4070.0
2021-11-22,0,1.0,OR,1.0,4415.0
2021-11-29,0,0.2857142857142857,OR,1.0,4065.0
2021-12-06,0,0.0,OR,1.0,3769.0
2021-12-13,0,0.0,OR,1.0,3906.0
2021-12-20,1,1.0,OR,1.0,5001.0
2021-12-27,1,0.7142857142857143,OR,1.0,4816.0
2022-01-03,1,0.0,OR,1.0,4016.0
2022-01-10,0,0.0,OR,1.0,3563.0
2022-01-17,0,0.5714285714285714,OR,1.0,3903.0
2022-01-24,0,1.0,OR,1.0,4192.0
2022-01-31,0,0.14285714285714285,OR,1.0,3718.0
2022-02-07,0,0.0,OR,1.0,3693.0
2022-02-14,0,0.14285714285714285,OR,1.0,3801.0
2022-02-21,0,1.0,OR,1.0,4392.0
2022-02-28,0,0.14285714285714285,OR,1.0,3947.0
2022-03-07,0,0.0,OR,1.0,3912.0
2022-03-14,0,0.14285714285714285,OR,1.0,4006.0
2022-03-21,0,1.0,OR,1.0,4728.0
2022-03-28,0,0.5714285714285714,OR,1.0,4337.0
2022-04-04,0,0.0,OR,1.0,4086.0
2022-04-11,0,0.0,OR,1.0,4167.0
2022-04-18,0,0.7142857142857143,OR,1.0,4690.0
2022-04-25,0,0.8571428571428571,OR,1.0,4800.0
2022-05-02,0,0.0,OR,1.0,4310.0
2022-05-09,0,0.0,OR,1.0,4281.0
2022-05-16,0,0.42857142857142855,OR,1.0,4488.0
2022-05-23,0,1.0,OR,1.0,5142.0
2022-05-30,0,0.2857142857142857,OR,1.0,4625.0
2022-06-06,1,0.0,OR,1.0,4912.0
2022-06-13,1,0.0,OR,1.0,4975.0
2022-06-20,1,1.0,OR,1.0,5655.0
2022-06-27,1,0.5714285714285714,OR,1.0,5523.0
2022-07-04,1,0.0,OR,1.0,5089.0
2022-07-11,1,0.0,OR,1.0,5071.0
2022-07-18,1,0.7142857142857143,OR,1.0,5592.0
2022-07-25,1,1.0,OR,1.0,5776.0
2022-08-01,1,0.0,OR,1.0,5016.0
2022-08-08,1,0.0,OR,1.0,4886.0
2022-08-15,0,0.2857142857142857,OR,1.0,4594.0
2022-08-22,0,1.0,OR,1.0,5165.0
2022-08-29,0,0.42857142857142855,OR,1.0,4760.0
2022-09-05,0,0.0,OR,1.0,4417.0
2022-09-12,0,0.0,OR,1.0,4350.0
2022-09-19,0,0.8571428571428571,OR,1.0,4878.0
2022-09-26,0,0.7142857142857143,OR,1.0,4830.0
2022-10-03,0,0.0,OR,1.0,4294.0
2022-10-10,0,0.0,OR,1.0,4309.0
2022-10-17,0,0.5714285714285714,OR,1.0,4500.0
2022-10-24,0,1.0,OR,1.0,4884.0
2022-10-31,0,0.14285714285714285,OR,1.0,4411.0
2022-11-07,0,0.0,OR,1.0,4524.0
2022-11-14,0,0.14285714285714285,OR,1.0,4557.0
2022-11-21,0,1.0,OR,1.0,5345.0
2022-11-28,0,0.42857142857142855,OR,1.0,4867.0
2022-12-05,0,0.0,OR,1.0,4633.0
2022-12-12,0,0.0,OR,1.0,4482.0
2022-12-19,0,0.8571428571428571,OR,1.0,5216.0
2022-12-26,1,0.8571428571428571,OR,1.0,5798.0
2023-01-02,1,0.0,OR,1.0,4747.0
2023-01-09,0,0.0,OR,1.0,4211.0
2023-01-16,0,0.42857142857142855,OR,1.0,4445.0
2023-01-23,0,1.0,OR,1.0,4948.0
2023-01-30,0,0.2857142857142857,OR,1.0,4438.0
2023-02-06,0,0.0,OR,1.0,4389.0
2023-02-13,0,0.0,OR,1.0,4369.0
2023-02-20,0,1.0,OR,1.0,4916.0
2023-02-27,0,0.2857142857142857,OR,1.0,4565.0
2023-03-06,0,0.0,OR,1.0,4446.0
2023-03-13,0,0.0,OR,1.0,4402.0
2023-03-20,0,1.0,OR,1.0,5174.0
2023-03-27,0,0.7142857142857143,OR,1.0,5062.0
2023-04-03,0,0.0,OR,1.0,4647.0
2023-04-10,0,0.0,OR,1.0,4855.0
2023-04-17,0,0.5714285714285714,OR,1.0,5109.0
2023-04-24,0,1.0,OR,1.0,5366.0
2023-05-01,0,0.0,OR,1.0,4707.0
2023-05-08,0,0.0,OR,1.0,4750.0
2023-05-15,0,0.2857142857142857,OR,1.0,4877.0
2023-05-22,0,1.0,OR,1.0,5615.0
2023-05-29,0,0.42857142857142855,OR,1.0,5106.0
2023-06-05,1,0.0,OR,1.0,5492.0
2023-06-12,1,0.0,OR,1.0,5464.0
2023-06-19,1,0.8571428571428571,OR,1.0,6206.0
2023-06-26,1,0.7142857142857143,OR,1.0,6077.0
2023-07-03,1,0.0,OR,1.0,5556.0
2023-07-10,1,0.0,OR,1.0,5544.0
2023-07-17,1,0.5714285714285714,OR,1.0,5906.0
2023-07-24,1,1.0,OR,1.0,6395.0
2023-07-31,1,0.14285714285714285,OR,1.0,5513.0
2023-08-07,1,0.0,OR,1.0,5485.0
2023-08-14,1,0.14285714285714285,OR,1.0,5646.0
2023-08-21,0,1.0,OR,1.0,5469.0
2023-08-28,0,0.5714285714285714,OR,1.0,5153.0
2023-09-04,0,0.0,OR,1.0,4756.0
2023-09-11,0,0.0,OR,1.0,4703.0
2023-09-18,0,0.7142857142857143,OR,1.0,5208.0
2023-09-25,0,0.8571428571428571,OR,1.0,5156.0
2023-10-02,0,0.0,OR,1.0,4625.0
2023-10-09,0,0.0,OR,1.0,4769.0
2023-10-16,0,0.42857142857142855,OR,1.0,4918.0
2023-10-23,0,1.0,OR,1.0,5134.0
2023-10-30,0,0.2857142857142857,OR,1.0,4801.0
2023-11-06,0,0.0,OR,1.0,5001.0
2023-11-13,0,0.0,OR,1.0,5066.0
2023-11-20,0,1.0,OR,1.0,5816.0
2023-11-27,0,0.5714285714285714,OR,1.0,5332.0
2023-12-04,0,0.0,OR,1.0,4952.0
2023-12-11,0,0.0,OR,1.0,5075.0
2023-12-18,0,0.7142857142857143,OR,1.0,5544.0
2023-12-25,1,1.0,OR,1.0,6593.0
2024-01-01,1,0.0,OR,1.0,5219.0
2024-01-08,0,0.0,OR,1.0,4753.0
2024-01-15,0,0.2857142857142857,OR,1.0,4729.0
2024-01-22,0,1.0,OR,1.0,5425.0
2024-01-29,0,0.42857142857142855,OR,1.0,4829.0
2024-02-05,0,0.0,OR,1.0,4696.0
2024-02-12,0,0.0,OR,1.0,4752.0
2024-02-19,0,0.8571428571428571,OR,1.0,5376.0
2024-02-26,0,0.5714285714285714,OR,1.0,5272.0
2024-03-04,0,0.0,OR,1.0,4803.0
2024-03-11,0,0.0,OR,1.0,4973.0
2024-03-18,0,0.7142857142857143,OR,1.0,5474.0
2024-03-25,0,1.0,OR,1.0,5799.0
2024-04-01,0,0.0,OR,1.0,5001.0
2024-04-08,0,0.0,OR,1.0,5027.0
2024-04-15,0,0.2857142857142857,OR,1.0,5233.0
2024-04-22,0,1.0,OR,1.0,5760.0
2024-04-29,0,0.2857142857142857,OR,1.0,5410.0
2024-05-06,0,0.0,OR,1.0,5096.0
2024-05-13,0,0.0,OR,1.0,5279.0
2024-05-20,0,1.0,OR,1.0,6119.0
2024-05-27,0,0.7142857142857143,OR,1.0,5705.0
2024-06-03,1,0.0,OR,1.0,5874.0
2024-06-10,1,0.0,OR,1.0,5906.0
2024-06-17,1,0.5714285714285714,OR,1.0,6493.0
2024-06-24,1,1.0,OR,1.0,6958.0
2024-07-01,1,0.0,OR,1.0,5983.0
2024-07-08,1,0.0,OR,1.0,6054.0
2024-07-15,1,0.2857142857142857,OR,1.0,6179.0
2024-07-22,1,1.0,OR,1.0,6673.0
2024-07-29,1,0.42857142857142855,OR,1.0,6097.0
2024-08-05,1,0.0,OR,1.0,5767.0
2024-08-12,1,0.0,OR,1.0,5929.0
2024-08-19,0,0.8571428571428571,OR,1.0,5707.0
2024-08-26,0,0.8571428571428571,OR,1.0,5801.0
2024-09-02,0,0.0,OR,1.0,5182.0
2024-09-09,0,0.0,OR,1.0,5032.0
2024-09-16,0,0.42857142857142855,OR,1.0,5351.0
2024-09-23,0,1.0,OR,1.0,5975.0
2024-09-30,0,0.14285714285714285,OR,1.0,5047.0
2024-10-07,0,0.0,OR,1.0,4942.0
2024-10-14,0,0.14285714285714285,OR,1.0,4850.0
2024-10-21,0,1.0,OR,1.0,5629.0
2024-10-28,0,0.5714285714285714,OR,1.0,5272.0
2024-11-04,0,0.0,OR,1.0,5321.0
2024-11-11,0,0.0,OR,1.0,5300.0
2024-11-18,0,0.7142857142857143,OR,1.0,5930.0
2024-11-25,0,0.8571428571428571,OR,1.0,5902.0
2024-12-02,0,0.0,OR,1.0,5175.0
2024-12-09,0,0.0,OR,1.0,5127.0
2024-12-16,0,0.42857142857142855,OR,1.0,5530.0
2024-12-23,1,1.0,OR,1.0,6651.0
2024-12-30,1,0.2857142857142857,OR,1.0,6095.0
2025-01-06,0,0.0,OR,1.0,4812.0
2025-01-13,0,0.0,OR,1.0,4703.0
2025-01-20,0,1.0,OR,1.0,5471.0
2025-01-27,0,0.7142857142857143,OR,1.0,5182.0
2025-02-03,0,0.0,OR,1.0,4790.0
2025-02-10,0,0.0,OR,1.0,4889.0
2025-02-17,0,0.5714285714285714,OR,1.0,5205.0
2025-02-24,0,0.7142857142857143,OR,1.0,5462.0
2025-03-03,0,0.0,OR,1.0,4901.0
2025-03-10,0,0.0,OR,1.0,4991.0
2025-03-17,0,0.5714285714285714,OR,1.0,5447.0
2025-03-24,0,1.0,OR,1.0,5782.0
2025-03-31,0,0.14285714285714285,OR,1.0,5293.0
2025-04-07,0,0.0,OR,1.0,5070.0
2025-04-14,0,0.14285714285714285,OR,1.0,5240.0
2025-04-21,0,1.0,OR,1.0,6068.0
2025-04-28,0,0.42857142857142855,OR,1.0,5701.0
2025-05-05,0,0.0,OR,1.0,5123.0
2025-05-12,0,0.0,OR,1.0,5256.0
2025-05-19,0,0.8571428571428571,OR,1.0,5923.0
2025-05-26,0,0.8571428571428571,OR,1.0,6092.0
2025-06-02,1,0.0,OR,1.0,5814.0
2025-06-09,1,0.0,OR,1.0,5842.0
2025-06-16,1,0.42857142857142855,OR,1.0,6363.0
2025-06-23,1,1.0,OR,1.0,6953.0
2025-06-30,1,0.14285714285714285,OR,1.0,6075.0
2025-07-07,1,0.0,OR,1.0,6051.0
2025-07-14,1,0.14285714285714285,OR,1.0,6311.0
2025-07-21,1,1.0,OR,1.0,6879.0
2025-07-28,1,0.5714285714285714,OR,1.0,6320.0
2025-08-04,1,0.0,OR,0.997957903729698,6082.0
2025-08-11,1,0.0,OR,0.9959158074593959,5854.0
2025-08-18,0,0.7142857142857143,OR,0.9938737111890938,5825.0
2025-08-25,0,1.0,OR,0.9918316149187918,5963.0
2025-09-01,0,0.0,OR,0.9897895186484897,5251.0
2025-09-08,0,0.0,OR,0.9877474223781877,5195.0
2025-09-15,0,0.2857142857142857,OR,0.9857053261078856,5276.0
2025-09-22,0,1.0,OR,0.9836632298375836,5757.0
2025-09-29,0,0.2857142857142857,OR,0.9816211335672815,5273.0
2025-10-06,0,0.0,OR,0.9795790372969795,5000.0
2025-10-13,0,0.0,OR,0.9775369410266774,5121.0
2025-10-20,0,1.0,OR,0.9754948447563754,5691.0
2025-10-27,0,0.7142857142857143,OR,0.9734527484860733,5586.0
2025-11-03,0,0.0,OR,0.9714106522157713,5442.0
2025-11-10,0,0.0,OR,0.9693685559454692,5596.0
2025-11-17,0,0.5714285714285714,OR,0.9673264596751672,5748.0
2025-11-24,0,1.0,OR,0.9652843634048651,6265.0
2025-12-01,0,0.0,OR,0.9632422671345631,5334.0
2025-12-08,0,0.0,OR,0.961200170864261,5338.0
2025-12-15,0,0.2857142857142857,OR,0.959158074593959,5711.0
2025-12-22,1,1.0,OR,0.9571159783236569,7017.0
2025-12-29,1,0.42857142857142855,OR,0.9550738820533549,6625.0
2026-01-05,1,0.0,OR,0.9530317857830528,5708.0
2026-01-12,0,0.0,OR,0.9509896895127508,5015.0
2026-01-19,0,0.8571428571428571,OR,0.9489475932424487,5773.0
2026-01-26,0,0.8571428571428571,OR,0.9469054969721467,5660.0
2026-02-02,0,0.0,OR,0.9448634007018446,5137.0
2026-02-09,0,0.0,OR,0.9428213044315427,5153.0
2026-02-16,0,0.42857142857142855,OR,0.9407792081612406,5533.0
2026-02-23,0,0.8571428571428571,OR,0.9387371118909386,5903.0
2026-03-02,0,0.0,OR,0.9366950156206365,5284.0
2026-03-09,0,0.0,OR,0.9346529193503345,5276.0
2026-03-16,0,0.42857142857142855,OR,0.9326108230800324,5730.0
2026-03-23,0,1.0,OR,0.9305687268097304,6085.0
2026-03-30,0,0.2857142857142857,OR,0.9285266305394283,5688.0
2026-04-06,0,0.0,OR,0.9264845342691262,5633.0
2026-04-13,0,0.0,OR,0.9244424379988242,5742.0
2026-04-20,0,1.0,OR,0.9224003417285221,6449.0
2026-04-27,0,0.5714285714285714,OR,0.9203582454582201,6324.0
2026-05-04,0,0.0,OR,0.918316149187918,5810.0
2026-05-11,0,0.0,OR,0.916274052917616,5856.0
2026-05-18,0,0.7142857142857143,OR,0.9142319566473139,6306.0
2026-05-25,0,1.0,OR,0.9121898603770119,6748.0
2026-06-01,1,0.0,OR,0.9101477641067098,6561.0
2026-06-08,1,0.0,OR,0.9081056678364078,6522.0
2026-06-15,1,0.2857142857142857,OR,0.9060635715661057,7110.0
2026-06-22,1,1.0,OR,0.9040214752958037,7640.0
2026-06-29,1,0.2857142857142857,OR,0.9019793790255016,6817.0
2026-07-06,1,0.0,OR,0.8999372827551996,6854.0
2026-07-13,1,0.0,OR,0.8978951864848975,6717.0
2026-07-20,1,1.0,OR,0.8958530902145955,7572.0
2026-07-27,1,0.7142857142857143,OR,0.8958530902145955,7463.0
2026-08-03,1,0.0,OR,0.8958530902145955,6603.0
2026-08-10,1,0.0,OR,0.8958530902145955,6659.0
2026-08-17,0,0.5714285714285714,OR,0.8958530902145955,6528.0
2026-08-24,0,1.0,OR,0.8958530902145955,6637.0
2026-08-31,0,0.14285714285714285,OR,0.8958530902145955,5829.0
2026-09-07,0,0.0,OR,0.8958530902145955,5803.0
2026-09-14,0,0.14285714285714285,OR,0.8958530902145955,5864.0
2026-09-21,0,1.0,OR,0.8958530902145955,6506.0
2019-01-07,0,0.0,PA,1.0,9999.0
2019-01-14,0,0.14285714285714285,PA,1.0,9988.0
2019-01-21,0,1.0,PA,1.0,11627.0
2019-01-28,0,0.5714285714285714,PA,1.0,10949.0
2019-02-04,0,0.0,PA,1.0,9987.0
2019-02-11,0,0.0,PA,1.0,10209.0
2019-02-18,0,0.7142857142857143,PA,1.0,11267.0
2019-02-25,0,0.5714285714285714,PA,1.0,11208.0
2019-03-04,0,0.0,PA,1.0,10335.0
2019-03-11,0,0.0,PA,1.0,10214.0
2019-03-18,0,0.7142857142857143,PA,1.0,11586.0
2019-03-25,0,1.0,PA,1.0,12057.0
2019-04-01,0,0.0,PA,1.0,10668.0
2019-04-08,0,0.0,PA,1.0,10578.0
2019-04-15,0,0.2857142857142857,PA,1.0,11243.0
2019-04-22,0,1.0,PA,1.0,12439.0
2019-04-29,0,0.2857142857142857,PA,1.0,11334.0
2019-05-06,0,0.0,PA,1.0,11173.0
2019-05-13,0,0.0,PA,1.0,10852.0
2019-05-20,0,1.0,PA,1.0,12432.0
2019-05-27,0,0.7142857142857143,PA,1.0,12229.0
2019-06-03,1,0.0,PA,1.0,12029.0
2019-06-10,1,0.0,PA,1.0,12342.0
2019-06-17,1,0.5714285714285714,PA,1.0,13450.0
2019-06-24,1,1.0,PA,1.0,14408.0
2019-07-01,1,0.0,PA,1.0,12422.0
2019-07-08,1,0.0,PA,1.0,12675.0
2019-07-15,1,0.2857142857142857,PA,1.0,12922.0
2019-07-22,1,1.0,PA,1.0,14519.0
2019-07-29,1,0.42857142857142855,PA,1.0,13198.0
2019-08-05,1,0.0,PA,1.0,12421.0
2019-08-12,1,0.0,PA,1.0,12216.0
2019-08-19,0,0.8571428571428571,PA,1.0,12014.0
2019-08-26,0,0.8571428571428571,PA,1.0,11977.0
2019-09-02,0,0.0,PA,1.0,10615.0
2019-09-09,0,0.0,PA,1.0,10530.0
2019-09-16,0,0.42857142857142855,PA,1.0,11213.0
2019-09-23,0,1.0,PA,1.0,11962.0
2019-09-30,0,0.14285714285714285,PA,1.0,10667.0
2019-10-07,0,0.0,PA,1.0,10419.0
2019-10-14,0,0.14285714285714285,PA,1.0,10638.0
2019-10-21,0,1.0,PA,1.0,11809.0
2019-10-28,0,0.5714285714285714,PA,1.0,11049.0
2019-11-04,0,0.0,PA,1.0,11155.0
2019-11-11,0,0.0,PA,1.0,11199.0
2019-11-18,0,0.7142857142857143,PA,1.0,12344.0
2019-11-25,0,0.8571428571428571,PA,1.0,12497.0
2019-12-02,0,0.0,PA,1.0,11013.0
2019-12-09,0,0.0,PA,1.0,10972.0
2019-12-16,0,0.42857142857142855,PA,1.0,11797.0
2019-12-23,1,1.0,PA,1.0,14211.0
2019-12-30,1,0.2857142857142857,PA,1.0,12876.0
2020-01-06,0,0.0,PA,1.0,10007.0
2020-01-13,0,0.0,PA,1.0,10030.0
2020-01-20,0,1.0,PA,1.0,11580.0
2020-01-27,0,0.7142857142857143,PA,1.0,11268.0
2020-02-03,0,0.0,PA,1.0,10364.0
2020-02-10,0,0.0,PA,1.0,10225.0
2020-02-17,0,0.5714285714285714,PA,1.0,11196.0
2020-02-24,0,0.8571428571428571,PA,1.0,11789.0
2020-03-02,0,0.0,PA,1.0,10453.0
2020-03-09,0,0.0,PA,1.0,10665.0
2020-03-16,0,0.42857142857142855,PA,1.0,11410.0
2020-03-23,0,1.0,PA,1.0,12441.0
2020-03-30,0,0.2857142857142857,PA,1.0,11486.0
2020-04-06,0,0.0,PA,1.0,10915.0
2020-04-13,0,0.0,PA,1.0,10991.0
2020-04-20,0,1.0,PA,1.0,12847.0
2020-04-27,0,0.5714285714285714,PA,1.0,12214.0
2020-05-04,0,0.0,PA,1.0,10914.0
2020-05-11,0,0.0,PA,1.0,11291.0
2020-05-18,0,0.7142857142857143,PA,1.0,12261.0
2020-05-25,0,1.0,PA,1.0,12937.0
2020-06-01,1,0.0,PA,1.0,12887.0
2020-06-08,1,0.0,PA,1.0,12844.0
2020-06-15,1,0.2857142857142857,PA,1.0,13577.0
2020-06-22,1,1.0,PA,1.0,14515.0
2020-06-29,1,0.2857142857142857,PA,1.0,13360.0
2020-07-06,1,0.0,PA,1.0,12678.0
2020-07-13,1,0.0,PA,1.0,12430.0
2020-07-20,1,1.0,PA,1.0,14615.0
2020-07-27,1,0.7142857142857143,PA,1.0,14058.0
2020-08-03,1,0.0,PA,1.0,12278.0
2020-08-10,1,0.0,PA,1.0,12150.0
2020-08-17,0,0.5714285714285714,PA,1.0,11868.0
2020-08-24,0,1.0,PA,1.0,12625.0
2020-08-31,0,0.14285714285714285,PA,1.0,10912.0
2020-09-07,0,0.0,PA,1.0,10872.0
2020-09-14,0,0.14285714285714285,PA,1.0,10971.0
2020-09-21,0,1.0,PA,1.0,12059.0
2020-09-28,0,0.42857142857142855,PA,1.0,10996.0
2020-10-05,0,0.0,PA,1.0,10288.0
2020-10-12,0,0.0,PA,1.0,9930.0
2020-10-19,0,0.8571428571428571,PA,1.0,11425.0
2020-10-26,0,0.8571428571428571,PA,1.0,11121.0
2020-11-02,0,0.0,PA,1.0,11000.0
2020-11-09,0,0.0,PA,1.0,10739.0
2020-11-16,0,0.42857142857142855,PA,1.0,11344.0
2020-11-23,0,1.0,PA,1.0,12319.0
2020-11-30,0,0.14285714285714285,PA,1.0,10940.0
2020-12-07,0,0.0,PA,1.0,10740.0
2020-12-14,0,0.14285714285714285,PA,1.0,11068.0
2020-12-21,1,1.0,PA,1.0,13675.0
2020-12-28,1,0.5714285714285714,PA,1.0,12893.0
2021-01-04,1,0.0,PA,1.0,10756.0
2021-01-11,0,0.0,PA,1.0,9633.0
2021-01-18,0,0.7142857142857143,PA,1.0,10681.0
2021-01-25,0,1.0,PA,1.0,11031.0
2021-02-01,0,0.0,PA,1.0,9543.0
2021-02-08,0,0.0,PA,1.0,9638.0
2021-02-15,0,0.2857142857142857,PA,1.0,10210.0
2021-02-22,0,1.0,PA,1.0,11200.0
2021-03-01,0,0.0,PA,1.0,9717.0
2021-03-08,0,0.0,PA,1.0,9586.0
2021-03-15,0,0.2857142857142857,PA,1.0,10393.0
2021-03-22,0,1.0,PA,1.0,11366.0
2021-03-29,0,0.42857142857142855,PA,1.0,10465.0
2021-04-05,0,0.0,PA,1.0,9988.0
2021-04-12,0,0.0,PA,1.0,10030.0
2021-04-19,0,0.8571428571428571,PA,1.0,11538.0
2021-04-26,0,0.7142857142857143,PA,1.0,11101.0
2021-05-03,0,0.0,PA,1.0,10081.0
2021-05-10,0,0.0,PA,1.0,10105.0
2021-05-17,0,0.5714285714285714,PA,1.0,11247.0
2021-05-24,0,1.0,PA,1.0,11455.0
2021-05-31,0,0.14285714285714285,PA,1.0,10291.0
2021-06-07,1,0.0,PA,1.0,11374.0
2021-06-14,1,0.14285714285714285,PA,1.0,11619.0
2021-06-21,1,1.0,PA,1.0,13130.0
2021-06-28,1,0.42857142857142855,PA,1.0,12187.0
2021-07-05,1,0.0,PA,1.0,11394.0
2021-07-12,1,0.0,PA,1.0,11576.0
2021-07-19,1,0.8571428571428571,PA,1.0,12830.0
2021-07-26,1,0.8571428571428571,PA,1.0,12812.0
2021-08-02,1,0.0,PA,1.0,11347.0
2021-08-09,1,0.0,PA,1.0,11452.0
2021-08-16,0,0.42857142857142855,PA,1.0,10898.0
2021-08-23,0,1.0,PA,1.0,11969.0
2021-08-30,0,0.2857142857142857,PA,1.0,10484.0
2021-09-06,0,0.0,PA,1.0,10239.0
2021-09-13,0,0.0,PA,1.0,10147.0
2021-09-20,0,1.0,PA,1.0,11605.0
2021-09-27,0,0.5714285714285714,PA,1.0,10827.0
2021-10-04,0,0.0,PA,1.0,10142.0
2021-10-11,0,0.0,PA,1.0,10219.0
2021-10-18,0,0.7142857142857143,PA,1.0,11304.0
2021-10-25,0,1.0,PA,1.0,11497.0
2021-11-01,0,0.0,PA,1.0,11003.0
2021-11-08,0,0.0,PA,1.0,11031.0
2021-11-15,0,0.2857142857142857,PA,1.0,11477.0
2021-11-22,0,1.0,PA,1.0,12644.0
2021-11-29,0,0.2857142857142857,PA,1.0,11572.0
2021-12-06,0,0.0,PA,1.0,11349.0
2021-12-13,0,0.0,PA,1.0,10798.0
2021-12-20,1,1.0,PA,1.0,14207.0
2021-12-27,1,0.7142857142857143,PA,1.0,13985.0
2022-01-03,1,0.0,PA,1.0,11410.0
2022-01-10,0,0.0,PA,1.0,10356.0
2022-01-17,0,0.5714285714285714,PA,1.0,11303.0
2022-01-24,0,1.0,PA,1.0,11958.0
2022-01-31,0,0.14285714285714285,PA,1.0,10710.0
2022-02-07,0,0.0,PA,1.0,10778.0
2022-02-14,0,0.14285714285714285,PA,1.0,11063.0
2022-02-21,0,1.0,PA,1.0,12615.0
2022-02-28,0,0.14285714285714285,PA,1.0,11282.0
2022-03-07,0,0.0,PA,1.0,10934.0
2022-03-14,0,0.14285714285714285,PA,1.0,11613.0
2022-03-21,0,1.0,PA,1.0,13133.0
2022-03-28,0,0.5714285714285714,PA,1.0,12605.0
2022-04-04,0,0.0,PA,1.0,11672.0
2022-04-11,0,0.0,PA,1.0,11778.0
2022-04-18,0,0.7142857142857143,PA,1.0,13060.0
2022-04-25,0,0.8571428571428571,PA,1.0,13441.0
2022-05-02,0,0.0,PA,1.0,12107.0
2022-05-09,0,0.0,PA,1.0,12136.0
2022-05-16,0,0.42857142857142855,PA,1.0,13199.0
2022-05-23,0,1.0,PA,1.0,14239.0
2022-05-30,0,0.2857142857142857,PA,1.0,13140.0
2022-06-06,1,0.0,PA,1.0,14169.0
2022-06-13,1,0.0,PA,1.0,14095.0
2022-06-20,1,1.0,PA,1.0,16456.0
2022-06-27,1,0.5714285714285714,PA,1.0,15532.0
2022-07-04,1,0.0,PA,1.0,14304.0
2022-07-11,1,0.0,PA,1.0,14289.0
2022-07-18,1,0.7142857142857143,PA,1.0,15832.0
2022-07-25,1,1.0,PA,1.0,16227.0
2022-08-01,1,0.0,PA,1.0,14084.0
2022-08-08,1,0.0,PA,1.0,14564.0
2022-08-15,0,0.2857142857142857,PA,1.0,13142.0
2022-08-22,0,1.0,PA,1.0,14329.0
2022-08-29,0,0.42857142857142855,PA,1.0,13394.0
2022-09-05,0,0.0,PA,1.0,12649.0
2022-09-12,0,0.0,PA,1.0,12366.0
2022-09-19,0,0.8571428571428571,PA,1.0,13891.0
2022-09-26,0,0.7142857142857143,PA,1.0,13557.0
2022-10-03,0,0.0,PA,1.0,12289.0
2022-10-10,0,0.0,PA,1.0,12131.0
2022-10-17,0,0.5714285714285714,PA,1.0,13006.0
2022-10-24,0,1.0,PA,1.0,13902.0
2022-10-31,0,0.14285714285714285,PA,1.0,12046.0
2022-11-07,0,0.0,PA,1.0,12853.0
2022-11-14,0,0.14285714285714285,PA,1.0,13432.0
2022-11-21,0,1.0,PA,1.0,14419.0
2022-11-28,0,0.42857142857142855,PA,1.0,13616.0
2022-12-05,0,0.0,PA,1.0,13303.0
2022-12-12,0,0.0,PA,1.0,13004.0
2022-12-19,0,0.8571428571428571,PA,1.0,14208.0
2022-12-26,1,0.8571428571428571,PA,1.0,16748.0
2023-01-02,1,0.0,PA,1.0,13165.0
2023-01-09,0,0.0,PA,1.0,11872.0
2023-01-16,0,0.42857142857142855,PA,1.0,12672.0
2023-01-23,0,1.0,PA,1.0,13745.0
2023-01-30,0,0.2857142857142857,PA,1.0,12424.0
2023-02-06,0,0.0,PA,1.0,12040.0
2023-02-13,0,0.0,PA,1.0,12223.0
2023-02-20,0,1.0,PA,1.0,14095.0
2023-02-27,0,0.2857142857142857,PA,1.0,12641.0
2023-03-06,0,0.0,PA,1.0,12306.0
2023-03-13,0,0.0,PA,1.0,12386.0
2023-03-20,0,1.0,PA,1.0,14436.0
2023-03-27,0,0.7142857142857143,PA,1.0,14161.0
2023-04-03,0,0.0,PA,1.0,12700.0
2023-04-10,0,0.0,PA,1.0,13079.0
2023-04-17,0,0.5714285714285714,PA,1.0,13865.0
2023-04-24,0,1.0,PA,1.0,15342.0
2023-05-01,0,0.0,PA,1.0,13011.0
2023-05-08,0,0.0,PA,1.0,13455.0
2023-05-15,0,0.2857142857142857,PA,1.0,14025.0
2023-05-22,0,1.0,PA,1.0,15779.0
2023-05-29,0,0.42857142857142855,PA,1.0,14545.0
2023-06-05,1,0.0,PA,1.0,15054.0
2023-06-12,1,0.0,PA,1.0,15370.0
2023-06-19,1,0.8571428571428571,PA,1.0,17199.0
2023-06-26,1,0.7142857142857143,PA,1.0,16956.0
2023-07-03,1,0.0,PA,1.0,15313.0
2023-07-10,1,0.0,PA,1.0,15294.0
2023-07-17,1,0.5714285714285714,PA,1.0,16721.0
2023-07-24,1,1.0,PA,1.0,17823.0
2023-07-31,1,0.14285714285714285,PA,1.0,15605.0
2023-08-07,1,0.0,PA,1.0,15451.0
2023-08-14,1,0.14285714285714285,PA,1.0,15735.0
2023-08-21,0,1.0,PA,1.0,15303.0
2023-08-28,0,0.5714285714285714,PA,1.0,14323.0
2023-09-04,0,0.0,PA,1.0,13173.0
2023-09-11,0,0.0,PA,1.0,13171.0
2023-09-18,0,0.7142857142857143,PA,1.0,14956.0
2023-09-25,0,0.8571428571428571,PA,1.0,14732.0
2023-10-02,0,0.0,PA,1.0,12996.0
2023-10-09,0,0.0,PA,1.0,12665.0
2023-10-16,0,0.42857142857142855,PA,1.0,13693.0
2023-10-23,0,1.0,PA,1.0,14397.0
2023-10-30,0,0.2857142857142857,PA,1.0,13410.0
2023-11-06,0,0.0,PA,1.0,14113.0
2023-11-13,0,0.0,PA,1.0,13933.0
2023-11-20,0,1.0,PA,1.0,16003.0
2023-11-27,0,0.5714285714285714,PA,1.0,14989.0
2023-12-04,0,0.0,PA,1.0,13643.0
2023-12-11,0,0.0,PA,1.0,13628.0
2023-12-18,0,0.7142857142857143,PA,1.0,15443.0
2023-12-25,1,1.0,PA,1.0,17531.0
2024-01-01,1,0.0,PA,1.0,13963.0
2024-01-08,0,0.0,PA,1.0,12394.0
2024-01-15,0,0.2857142857142857,PA,1.0,13123.0
2024-01-22,0,1.0,PA,1.0,14529.0
2024-01-29,0,0.42857142857142855,PA,1.0,13538.0
2024-02-05,0,0.0,PA,1.0,12754.0
2024-02-12,0,0.0,PA,1.0,12656.0
2024-02-19,0,0.8571428571428571,PA,1.0,14643.0
2024-02-26,0,0.5714285714285714,PA,1.0,14179.0
2024-03-04,0,0.0,PA,1.0,13175.0
2024-03-11,0,0.0,PA,1.0,13445.0
2024-03-18,0,0.7142857142857143,PA,1.0,14742.0
2024-03-25,0,1.0,PA,1.0,15161.0
2024-04-01,0,0.0,PA,1.0,13708.0
2024-04-08,0,0.0,PA,1.0,13726.0
2024-04-15,0,0.2857142857142857,PA,1.0,14488.0
2024-04-22,0,1.0,PA,1.0,16032.0
2024-04-29,0,0.2857142857142857,PA,1.0,14642.0
2024-05-06,0,0.0,PA,1.0,14074.0
2024-05-13,0,0.0,PA,1.0,13970.0
2024-05-20,0,1.0,PA,1.0,16403.0
2024-05-27,0,0.7142857142857143,PA,1.0,15841.0
2024-06-03,1,0.0,PA,1.0,15766.0
2024-06-10,1,0.0,PA,1.0,15767.0
2024-06-17,1,0.5714285714285714,PA,1.0,16947.0
2024-06-24,1,1.0,PA,1.0,18355.0
2024-07-01,1,0.0,PA,1.0,15948.0
2024-07-08,1,0.0,PA,1.0,15837.0
2024-07-15,1,0.2857142857142857,PA,1.0,16637.0
2024-07-22,1,1.0,PA,1.0,18286.0
2024-07-29,1,0.42857142857142855,PA,1.0,16920.0
2024-08-05,1,0.0,PA,1.0,16016.0
2024-08-12,1,0.0,PA,1.0,15618.0
2024-08-19,0,0.8571428571428571,PA,1.0,15741.0
2024-08-26,0,0.8571428571428571,PA,1.0,15494.0
2024-09-02,0,0.0,PA,1.0,13830.0
2024-09-09,0,0.0,PA,1.0,13660.0
2024-09-16,0,0.42857142857142855,PA,1.0,14320.0
2024-09-23,0,1.0,PA,1.0,15380.0
2024-09-30,0,0.14285714285714285,PA,1.0,13629.0
2024-10-07,0,0.0,PA,1.0,13364.0
2024-10-14,0,0.14285714285714285,PA,1.0,13550.0
2024-10-21,0,1.0,PA,1.0,15087.0
2024-10-28,0,0.5714285714285714,PA,1.0,14228.0
2024-11-04,0,0.0,PA,1.0,14353.0
2024-11-11,0,0.0,PA,1.0,14196.0
2024-11-18,0,0.7142857142857143,PA,1.0,15439.0
2024-11-25,0,0.8571428571428571,PA,1.0,15978.0
2024-12-02,0,0.0,PA,1.0,14183.0
2024-12-09,0,0.0,PA,1.0,14177.0
2024-12-16,0,0.42857142857142855,PA,1.0,14713.0
2024-12-23,1,1.0,PA,1.0,17985.0
2024-12-30,1,0.2857142857142857,PA,1.0,16299.0
2025-01-06,0,0.0,PA,1.0,12961.0
2025-01-13,0,0.0,PA,1.0,12687.0
2025-01-20,0,1.0,PA,1.0,14763.0
2025-01-27,0,0.7142857142857143,PA,1.0,14354.0
2025-02-03,0,0.0,PA,1.0,12893.0
2025-02-10,0,0.0,PA,1.0,12721.0
2025-02-17,0,0.5714285714285714,PA,1.0,14097.0
2025-02-24,0,0.7142857142857143,PA,1.0,14444.0
2025-03-03,0,0.0,PA,1.0,13212.0
2025-03-10,0,0.0,PA,1.0,13213.0
2025-03-17,0,0.5714285714285714,PA,1.0,14400.0
2025-03-24,0,1.0,PA,1.0,15774.0
2025-03-31,0,0.14285714285714285,PA,1.0,13980.0
2025-04-07,0,0.0,PA,1.0,13943.0
2025-04-14,0,0.14285714285714285,PA,1.0,14165.0
2025-04-21,0,1.0,PA,1.0,16079.0
2025-04-28,0,0.42857142857142855,PA,1.0,15023.0
2025-05-05,0,0.0,PA,1.0,14053.0
2025-05-12,0,0.0,PA,1.0,14232.0
2025-05-19,0,0.8571428571428571,PA,1.0,15968.0
2025-05-26,0,0.8571428571428571,PA,1.0,15994.0
2025-06-02,1,0.0,PA,1.0,15995.0
2025-06-09,1,0.0,PA,1.0,16434.0
2025-06-16,1,0.42857142857142855,PA,1.0,16892.0
2025-06-23,1,1.0,PA,1.0,18464.0
2025-06-30,1,0.14285714285714285,PA,1.0,16283.0
2025-07-07,1,0.0,PA,1.0,15954.0
2025-07-14,1,0.14285714285714285,PA,1.0,16655.0
2025-07-21,1,1.0,PA,1.0,18581.0
2025-07-28,1,0.5714285714285714,PA,1.0,17258.0
2025-08-04,1,0.0,PA,0.9977565531248316,15741.0
2025-08-11,1,0.0,PA,0.9955131062496632,15606.0
2025-08-18,0,0.7142857142857143,PA,0.9932696593744949,15387.0
2025-08-25,0,1.0,PA,0.9910262124993264,16043.0
2025-09-01,0,0.0,PA,0.988782765624158,13915.0
2025-09-08,0,0.0,PA,0.9865393187489896,13881.0
2025-09-15,0,0.2857142857142857,PA,0.9842958718738213,14474.0
2025-09-22,0,1.0,PA,0.9820524249986529,15559.0
2025-09-29,0,0.2857142857142857,PA,0.9798089781234844,14357.0
2025-10-06,0,0.0,PA,0.977565531248316,13718.0
2025-10-13,0,0.0,PA,0.9753220843731477,13468.0
2025-10-20,0,1.0,PA,0.9730786374979793,15550.0
2025-10-27,0,0.7142857142857143,PA,0.9708351906228109,14835.0
2025-11-03,0,0.0,PA,0.9685917437476425,14449.0
2025-11-10,0,0.0,PA,0.9663482968724741,14630.0
2025-11-17,0,0.5714285714285714,PA,0.9641048499973057,16109.0
2025-11-24,0,1.0,PA,0.9618614031221373,16875.0
2025-12-01,0,0.0,PA,0.9596179562469689,14742.0
2025-12-08,0,0.0,PA,0.9573745093718005,14682.0
2025-12-15,0,0.2857142857142857,PA,0.9551310624966322,15267.0
2025-12-22,1,1.0,PA,0.9528876156214637,19471.0
2025-12-29,1,0.42857142857142855,PA,0.9506441687462953,17968.0
2026-01-05,1,0.0,PA,0.9484007218711269,15061.0
2026-01-12,0,0.0,PA,0.9461572749959586,13473.0
2026-01-19,0,0.8571428571428571,PA,0.9439138281207902,15492.0
2026-01-26,0,0.8571428571428571,PA,0.9416703812456217,15458.0
2026-02-02,0,0.0,PA,0.9394269343704533,13843.0
2026-02-09,0,0.0,PA,0.9371834874952849,13770.0
2026-02-16,0,0.42857142857142855,PA,0.9349400406201166,14918.0
2026-02-23,0,0.8571428571428571,PA,0.9326965937449482,16203.0
2026-03-02,0,0.0,PA,0.9304531468697798,14639.0
2026-03-09,0,0.0,PA,0.9282096999946114,14466.0
2026-03-16,0,0.42857142857142855,PA,0.925966253119443,15445.0
2026-03-23,0,1.0,PA,0.9237228062442746,17060.0
2026-03-30,0,0.2857142857142857,PA,0.9214793593691062,15812.0
2026-04-06,0,0.0,PA,0.9192359124939378,15168.0
2026-04-13,0,0.0,PA,0.9169924656187695,15295.0
2026-04-20,0,1.0,PA,0.914749018743601,17714.0
2026-04-27,0,0.5714285714285714,PA,0.9125055718684326,16527.0
2026-05-04,0,0.0,PA,0.9102621249932642,15915.0
2026-05-11,0,0.0,PA,0.9080186781180959,15405.0
2026-05-18,0,0.7142857142857143,PA,0.9057752312429275,17514.0
2026-05-25,0,1.0,PA,0.903531784367759,18251.0
2026-06-01,1,0.0,PA,0.9012883374925906,17932.0
2026-06-08,1,0.0,PA,0.8990448906174222,18014.0
2026-06-15,1,0.2857142857142857,PA,0.8968014437422539,18418.0
2026-06-22,1,1.0,PA,0.8945579968670855,20553.0
2026-06-29,1,0.2857142857142857,PA,0.8923145499919171,18790.0
2026-07-06,1,0.0,PA,0.8900711031167488,18089.0
2026-07-13,1,0.0,PA,0.8878276562415803,18218.0
2026-07-20,1,1.0,PA,0.8855842093664119,20375.0
2026-07-27,1,0.7142857142857143,PA,0.8855842093664119,20244.0
2026-08-03,1,0.0,PA,0.8855842093664119,17993.0
2026-08-10,1,0.0,PA,0.8855842093664119,18109.0
2026-08-17,0,0.5714285714285714,PA,0.8855842093664119,17251.0
2026-08-24,0,1.0,PA,0.8855842093664119,18109.0
2026-08-31,0,0.14285714285714285,PA,0.8855842093664119,15824.0
2026-09-07,0,0.0,PA,0.8855842093664119,15885.0
2026-09-14,0,0.14285714285714285,PA,0.8855842093664119,15587.0
2026-09-21,0,1.0,PA,0.8855842093664119,17795.0
2019-01-07,0,0.0,RI,1.0,761.0
2019-01-14,0,0.14285714285714285,RI,1.0,769.0
2019-01-21,0,1.0,RI,1.0,923.0
2019-01-28,0,0.5714285714285714,RI,1.0,854.0
2019-02-04,0,0.0,RI,1.0,728.0
2019-02-11,0,0.0,RI,1.0,758.0
2019-02-18,0,0.7142857142857143,RI,1.0,874.0
2019-02-25,0,0.5714285714285714,RI,1.0,852.0
2019-03-04,0,0.0,RI,1.0,815.0
2019-03-11,0,0.0,RI,1.0,808.0
2019-03-18,0,0.7142857142857143,RI,1.0,937.0
2019-03-25,0,1.0,RI,1.0,907.0
2019-04-01,0,0.0,RI,1.0,863.0
2019-04-08,0,0.0,RI,1.0,829.0
2019-04-15,0,0.2857142857142857,RI,1.0,861.0
2019-04-22,0,1.0,RI,1.0,1001.0
2019-04-29,0,0.2857142857142857,RI,1.0,847.0
2019-05-06,0,0.0,RI,1.0,827.0
2019-05-13,0,0.0,RI,1.0,801.0
2019-05-20,0,1.0,RI,1.0,981.0
2019-05-27,0,0.7142857142857143,RI,1.0,986.0
2019-06-03,1,0.0,RI,1.0,982.0
2019-06-10,1,0.0,RI,1.0,963.0
2019-06-17,1,0.5714285714285714,RI,1.0,956.0
2019-06-24,1,1.0,RI,1.0,1082.0
2019-07-01,1,0.0,RI,1.0,927.0
2019-07-08,1,0.0,RI,1.0,1014.0
2019-07-15,1,0.2857142857142857,RI,1.0,1004.0
2019-07-22,1,1.0,RI,1.0,1120.0
2019-07-29,1,0.42857142857142855,RI,1.0,1075.0
2019-08-05,1,0.0,RI,1.0,935.0
2019-08-12,1,0.0,RI,1.0,976.0
2019-08-19,0,0.8571428571428571,RI,1.0,912.0
2019-08-26,0,0.8571428571428571,RI,1.0,881.0
2019-09-02,0,0.0,RI,1.0,798.0
2019-09-09,0,0.0,RI,1.0,845.0
2019-09-16,0,0.42857142857142855,RI,1.0,826.0
2019-09-23,0,1.0,RI,1.0,971.0
2019-09-30,0,0.14285714285714285,RI,1.0,841.0
2019-10-07,0,0.0,RI,1.0,787.0
2019-10-14,0,0.14285714285714285,RI,1.0,775.0
2019-10-21,0,1.0,RI,1.0,883.0
2019-10-28,0,0.5714285714285714,RI,1.0,840.0
2019-11-04,0,0.0,RI,1.0,889.0
2019-11-11,0,0.0,RI,1.0,925.0
2019-11-18,0,0.7142857142857143,RI,1.0,960.0
2019-11-25,0,0.8571428571428571,RI,1.0,960.0
2019-12-02,0,0.0,RI,1.0,867.0
2019-12-09,0,0.0,RI,1.0,828.0
2019-12-16,0,0.42857142857142855,RI,1.0,886.0
2019-12-23,1,1.0,RI,1.0,1119.0
2019-12-30,1,0.2857142857142857,RI,1.0,955.0
2020-01-06,0,0.0,RI,1.0,780.0
2020-01-13,0,0.0,RI,1.0,770.0
2020-01-20,0,1.0,RI,1.0,915.0
2020-01-27,0,0.7142857142857143,RI,1.0,846.0
2020-02-03,0,0.0,RI,1.0,770.0
2020-02-10,0,0.0,RI,1.0,753.0
2020-02-17,0,0.5714285714285714,RI,1.0,889.0
2020-02-24,0,0.8571428571428571,RI,1.0,896.0
2020-03-02,0,0.0,RI,1.0,832.0
2020-03-09,0,0.0,RI,1.0,818.0
2020-03-16,0,0.42857142857142855,RI,1.0,851.0
2020-03-23,0,1.0,RI,1.0,980.0
2020-03-30,0,0.2857142857142857,RI,1.0,870.0
2020-04-06,0,0.0,RI,1.0,808.0
2020-04-13,0,0.0,RI,1.0,856.0
2020-04-20,0,1.0,RI,1.0,1053.0
2020-04-27,0,0.5714285714285714,RI,1.0,951.0
2020-05-04,0,0.0,RI,1.0,879.0
2020-05-11,0,0.0,RI,1.0,895.0
2020-05-18,0,0.7142857142857143,RI,1.0,970.0
2020-05-25,0,1.0,RI,1.0,1006.0
2020-06-01,1,0.0,RI,1.0,959.0
2020-06-08,1,0.0,RI,1.0,977.0
2020-06-15,1,0.2857142857142857,RI,1.0,1003.0
2020-06-22,1,1.0,RI,1.0,1141.0
2020-06-29,1,0.2857142857142857,RI,1.0,1126.0
2020-07-06,1,0.0,RI,1.0,997.0
2020-07-13,1,0.0,RI,1.0,978.0
2020-07-20,1,1.0,RI,1.0,1103.0
2020-07-27,1,0.7142857142857143,RI,1.0,1093.0
2020-08-03,1,0.0,RI,1.0,945.0
2020-08-10,1,0.0,RI,1.0,917.0
2020-08-17,0,0.5714285714285714,RI,1.0,899.0
2020-08-24,0,1.0,RI,1.0,995.0
2020-08-31,0,0.14285714285714285,RI,1.0,831.0
2020-09-07,0,0.0,RI,1.0,812.0
2020-09-14,0,0.14285714285714285,RI,1.0,847.0
2020-09-21,0,1.0,RI,1.0,962.0
2020-09-28,0,0.42857142857142855,RI,1.0,880.0
2020-10-05,0,0.0,RI,1.0,792.0
2020-10-12,0,0.0,RI,1.0,738.0
2020-10-19,0,0.8571428571428571,RI,1.0,864.0
2020-10-26,0,0.8571428571428571,RI,1.0,866.0
2020-11-02,0,0.0,RI,1.0,827.0
2020-11-09,0,0.0,RI,1.0,794.0
2020-11-16,0,0.42857142857142855,RI,1.0,860.0
2020-11-23,0,1.0,RI,1.0,958.0
2020-11-30,0,0.14285714285714285,RI,1.0,839.0
2020-12-07,0,0.0,RI,1.0,835.0
2020-12-14,0,0.14285714285714285,RI,1.0,829.0
2020-12-21,1,1.0,RI,1.0,1052.0
2020-12-28,1,0.5714285714285714,RI,1.0,929.0
2021-01-04,1,0.0,RI,1.0,788.0
2021-01-11,0,0.0,RI,1.0,704.0
2021-01-18,0,0.7142857142857143,RI,1.0,791.0
2021-01-25,0,1.0,RI,1.0,834.0
2021-02-01,0,0.0,RI,1.0,775.0
2021-02-08,0,0.0,RI,1.0,716.0
2021-02-15,0,0.2857142857142857,RI,1.0,715.0
2021-02-22,0,1.0,RI,1.0,868.0
2021-03-01,0,0.0,RI,1.0,756.0
2021-03-08,0,0.0,RI,1.0,794.0
2021-03-15,0,0.2857142857142857,RI,1.0,757.0
2021-03-22,0,1.0,RI,1.0,870.0
2021-03-29,0,0.42857142857142855,RI,1.0,789.0
2021-04-05,0,0.0,RI,1.0,764.0
2021-04-12,0,0.0,RI,1.0,743.0
2021-04-19,0,0.8571428571428571,RI,1.0,836.0
2021-04-26,0,0.7142857142857143,RI,1.0,825.0
2021-05-03,0,0.0,RI,1.0,721.0
2021-05-10,0,0.0,RI,1.0,748.0
2021-05-17,0,0.5714285714285714,RI,1.0,861.0
2021-05-24,0,1.0,RI,1.0,900.0
2021-05-31,0,0.14285714285714285,RI,1.0,739.0
2021-06-07,1,0.0,RI,1.0,848.0
2021-06-14,1,0.14285714285714285,RI,1.0,859.0
2021-06-21,1,1.0,RI,1.0,1024.0
2021-06-28,1,0.42857142857142855,RI,1.0,907.0
2021-07-05,1,0.0,RI,1.0,830.0
2021-07-12,1,0.0,RI,1.0,820.0
2021-07-19,1,0.8571428571428571,RI,1.0,969.0
2021-07-26,1,0.8571428571428571,RI,1.0,945.0
2021-08-02,1,0.0,RI,1.0,827.0
2021-08-09,1,0.0,RI,1.0,875.0
2021-08-16,0,0.42857142857142855,RI,1.0,783.0
2021-08-23,0,1.0,RI,1.0,859.0
2021-08-30,0,0.2857142857142857,RI,1.0,753.0
2021-09-06,0,0.0,RI,1.0,742.0
2021-09-13,0,0.0,RI,1.0,765.0
2021-09-20,0,1.0,RI,1.0,838.0
2021-09-27,0,0.5714285714285714,RI,1.0,842.0
2021-10-04,0,0.0,RI,1.0,747.0
2021-10-11,0,0.0,RI,1.0,683.0
2021-10-18,0,0.7142857142857143,RI,1.0,806.0
2021-10-25,0,1.0,RI,1.0,810.0
2021-11-01,0,0.0,RI,1.0,773.0
2021-11-08,0,0.0,RI,1.0,767.0
2021-11-15,0,0.2857142857142857,RI,1.0,823.0
2021-11-22,0,1.0,RI,1.0,922.0
2021-11-29,0,0.2857142857142857,RI,1.0,818.0
2021-12-06,0,0.0,RI,1.0,842.0
2021-12-13,0,0.0,RI,1.0,860.0
2021-12-20,1,1.0,RI,1.0,1096.0
2021-12-27,1,0.7142857142857143,RI,1.0,1024.0
2022-01-03,1,0.0,RI,1.0,845.0
2022-01-10,0,0.0,RI,1.0,789.0
2022-01-17,0,0.5714285714285714,RI,1.0,832.0
2022-01-24,0,1.0,RI,1.0,862.0
2022-01-31,0,0.14285714285714285,RI,1.0,767.0
2022-02-07,0,0.0,RI,1.0,797.0
2022-02-14,0,0.14285714285714285,RI,1.0,809.0
2022-02-21,0,1.0,RI,1.0,977.0
2022-02-28,0,0.14285714285714285,RI,1.0,829.0
2022-03-07,0,0.0,RI,1.0,820.0
2022-03-14,0,0.14285714285714285,RI,1.0,851.0
2022-03-21,0,1.0,RI,1.0,1030.0
2022-03-28,0,0.5714285714285714,RI,1.0,899.0
2022-04-04,0,0.0,RI,1.0,830.0
2022-04-11,0,0.0,RI,1.0,862.0
2022-04-18,0,0.7142857142857143,RI,1.0,1002.0
2022-04-25,0,0.8571428571428571,RI,1.0,988.0
2022-05-02,0,0.0,RI,1.0,886.0
2022-05-09,0,0.0,RI,1.0,951.0
2022-05-16,0,0.42857142857142855,RI,1.0,996.0
2022-05-23,0,1.0,RI,1.0,1047.0
2022-05-30,0,0.2857142857142857,RI,1.0,914.0
2022-06-06,1,0.0,RI,1.0,1032.0
2022-06-13,1,0.0,RI,1.0,1038.0
2022-06-20,1,1.0,RI,1.0,1289.0
2022-06-27,1,0.5714285714285714,RI,1.0,1105.0
2022-07-04,1,0.0,RI,1.0,1044.0
2022-07-11,1,0.0,RI,1.0,1143.0
2022-07-18,1,0.7142857142857143,RI,1.0,1199.0
2022-07-25,1,1.0,RI,1.0,1235.0
2022-08-01,1,0.0,RI,1.0,1104.0
2022-08-08,1,0.0,RI,1.0,1042.0
2022-08-15,0,0.2857142857142857,RI,1.0,939.0
2022-08-22,0,1.0,RI,1.0,1052.0
2022-08-29,0,0.42857142857142855,RI,1.0,969.0
2022-09-05,0,0.0,RI,1.0,901.0
2022-09-12,0,0.0,RI,1.0,956.0
2022-09-19,0,0.8571428571428571,RI,1.0,1004.0
2022-09-26,0,0.7142857142857143,RI,1.0,996.0
2022-10-03,0,0.0,RI,1.0,890.0
2022-10-10,0,0.0,RI,1.0,881.0
2022-10-17,0,0.5714285714285714,RI,1.0,942.0
2022-10-24,0,1.0,RI,1.0,1038.0
2022-10-31,0,0.14285714285714285,RI,1.0,851.0
2022-11-07,0,0.0,RI,1.0,931.0
2022-11-14,0,0.14285714285714285,RI,1.0,1010.0
2022-11-21,0,1.0,RI,1.0,1094.0
2022-11-28,0,0.42857142857142855,RI,1.0,1031.0
2022-12-05,0,0.0,RI,1.0,880.0
2022-12-12,0,0.0,RI,1.0,936.0
2022-12-19,0,0.8571428571428571,RI,1.0,1167.0
2022-12-26,1,0.8571428571428571,RI,1.0,1193.0
2023-01-02,1,0.0,RI,1.0,1026.0
2023-01-09,0,0.0,RI,1.0,914.0
2023-01-16,0,0.42857142857142855,RI,1.0,919.0
2023-01-23,0,1.0,RI,1.0,1052.0
2023-01-30,0,0.2857142857142857,RI,1.0,915.0
2023-02-06,0,0.0,RI,1.0,871.0
2023-02-13,0,0.0,RI,1.0,903.0
2023-02-20,0,1.0,RI,1.0,1028.0
2023-02-27,0,0.2857142857142857,RI,1.0,985.0
2023-03-06,0,0.0,RI,1.0,945.0
2023-03-13,0,0.0,RI,1.0,952.0
2023-03-20,0,1.0,RI,1.0,1095.0
2023-03-27,0,0.7142857142857143,RI,1.0,1018.0
2023-04-03,0,0.0,RI,1.0,957.0
2023-04-10,0,0.0,RI,1.0,1019.0
2023-04-17,0,0.5714285714285714,RI,1.0,1102.0
2023-04-24,0,1.0,RI,1.0,1118.0
2023-05-01,0,0.0,RI,1.0,986.0
2023-05-08,0,0.0,RI,1.0,981.0
2023-05-15,0,0.2857142857142857,RI,1.0,1071.0
2023-05-22,0,1.0,RI,1.0,1223.0
2023-05-29,0,0.42857142857142855,RI,1.0,1136.0
2023-06-05,1,0.0,RI,1.0,1127.0
2023-06-12,1,0.0,RI,1.0,1169.0
2023-06-19,1,0.8571428571428571,RI,1.0,1328.0
2023-06-26,1,0.7142857142857143,RI,1.0,1241.0
2023-07-03,1,0.0,RI,1.0,1116.0
2023-07-10,1,0.0,RI,1.0,1192.0
2023-07-17,1,0.5714285714285714,RI,1.0,1304.0
2023-07-24,1,1.0,RI,1.0,1305.0
2023-07-31,1,0.14285714285714285,RI,1.0,1161.0
2023-08-07,1,0.0,RI,1.0,1122.0
2023-08-14,1,0.14285714285714285,RI,1.0,1133.0
2023-08-21,0,1.0,RI,1.0,1143.0
2023-08-28,0,0.5714285714285714,RI,1.0,1151.0
2023-09-04,0,0.0,RI,1.0,1043.0
2023-09-11,0,0.0,RI,1.0,941.0
2023-09-18,0,0.7142857142857143,RI,1.0,1146.0
2023-09-25,0,0.8571428571428571,RI,1.0,1095.0
2023-10-02,0,0.0,RI,1.0,1002.0
2023-10-09,0,0.0,RI,1.0,916.0
2023-10-16,0,0.42857142857142855,RI,1.0,1124.0
2023-10-23,0,1.0,RI,1.0,1131.0
2023-10-30,0,0.2857142857142857,RI,1.0,1002.0
2023-11-06,0,0.0,RI,1.0,978.0
2023-11-13,0,0.0,RI,1.0,1040.0
2023-11-20,0,1.0,RI,1.0,1182.0
2023-11-27,0,0.5714285714285714,RI,1.0,1172.0
2023-12-04,0,0.0,RI,1.0,1107.0
2023-12-11,0,0.0,RI,1.0,1105.0
2023-12-18,0,0.7142857142857143,RI,1.0,1179.0
2023-12-25,1,1.0,RI,1.0,1366.0
2024-01-01,1,0.0,RI,1.0,1131.0
2024-01-08,0,0.0,RI,1.0,1035.0
2024-01-15,0,0.2857142857142857,RI,1.0,1007.0
2024-01-22,0,1.0,RI,1.0,1191.0
2024-01-29,0,0.42857142857142855,RI,1.0,1094.0
2024-02-05,0,0.0,RI,1.0,1026.0
2024-02-12,0,0.0,RI,1.0,1036.0
2024-02-19,0,0.8571428571428571,RI,1.0,1182.0
2024-02-26,0,0.5714285714285714,RI,1.0,1134.0
2024-03-04,0,0.0,RI,1.0,1052.0
2024-03-11,0,0.0,RI,1.0,979.0
2024-03-18,0,0.7142857142857143,RI,1.0,1188.0
2024-03-25,0,1.0,RI,1.0,1223.0
2024-04-01,0,0.0,RI,1.0,1132.0
2024-04-08,0,0.0,RI,1.0,1138.0
2024-04-15,0,0.2857142857142857,RI,1.0,1191.0
2024-04-22,0,1.0,RI,1.0,1307.0
2024-04-29,0,0.2857142857142857,RI,1.0,1250.0
2024-05-06,0,0.0,RI,1.0,1197.0
2024-05-13,0,0.0,RI,1.0,1177.0
2024-05-20,0,1.0,RI,1.0,1402.0
2024-05-27,0,0.7142857142857143,RI,1.0,1313.0
2024-06-03,1,0.0,RI,1.0,1336.0
2024-06-10,1,0.0,RI,1.0,1335.0
2024-06-17,1,0.5714285714285714,RI,1.0,1468.0
2024-06-24,1,1.0,RI,1.0,1598.0
2024-07-01,1,0.0,RI,1.0,1379.0
2024-07-08,1,0.0,RI,1.0,1318.0
2024-07-15,1,0.2857142857142857,RI,1.0,1472.0
2024-07-22,1,1.0,RI,1.0,1542.0
2024-07-29,1,0.42857142857142855,RI,1.0,1424.0
2024-08-05,1,0.0,RI,1.0,1411.0
2024-08-12,1,0.0,RI,1.0,1330.0
2024-08-19,0,0.8571428571428571,RI,1.0,1376.0
2024-08-26,0,0.8571428571428571,RI,1.0,1287.0
2024-09-02,0,0.0,RI,1.0,1174.0
2024-09-09,0,0.0,RI,1.0,1168.0
2024-09-16,0,0.42857142857142855,RI,1.0,1129.0
2024-09-23,0,1.0,RI,1.0,1316.0
2024-09-30,0,0.14285714285714285,RI,1.0,1183.0
2024-10-07,0,0.0,RI,1.0,1128.0
2024-10-14,0,0.14285714285714285,RI,1.0,1123.0
2024-10-21,0,1.0,RI,1.0,1271.0
2024-10-28,0,0.5714285714285714,RI,1.0,1231.0
2024-11-04,0,0.0,RI,1.0,1188.0
2024-11-11,0,0.0,RI,1.0,1189.0
2024-11-18,0,0.7142857142857143,RI,1.0,1276.0
2024-11-25,0,0.8571428571428571,RI,1.0,1234.0
2024-12-02,0,0.0,RI,1.0,1211.0
2024-12-09,0,0.0,RI,1.0,1196.0
2024-12-16,0,0.42857142857142855,RI,1.0,1293.0
2024-12-23,1,1.0,RI,1.0,1506.0
2024-12-30,1,0.2857142857142857,RI,1.0,1447.0
2025-01-06,0,0.0,RI,1.0,1083.0
2025-01-13,0,0.0,RI,1.0,1088.0
2025-01-20,0,1.0,RI,1.0,1225.0
2025-01-27,0,0.7142857142857143,RI,1.0,1145.0
2025-02-03,0,0.0,RI,1.0,999.0
2025-02-10,0,0.0,RI,1.0,1121.0
2025-02-17,0,0.5714285714285714,RI,1.0,1180.0
2025-02-24,0,0.7142857142857143,RI,1.0,1168.0
2025-03-03,0,0.0,RI,1.0,1148.0
2025-03-10,0,0.0,RI,1.0,1185.0
2025-03-17,0,0.5714285714285714,RI,1.0,1273.0
2025-03-24,0,1.0,RI,1.0,1332.0
2025-03-31,0,0.14285714285714285,RI,1.0,1115.0
2025-04-07,0,0.0,RI,1.0,1120.0
2025-04-14,0,0.14285714285714285,RI,1.0,1171.0
2025-04-21,0,1.0,RI,1.0,1363.0
2025-04-28,0,0.42857142857142855,RI,1.0,1214.0
2025-05-05,0,0.0,RI,1.0,1151.0
2025-05-12,0,0.0,RI,1.0,1221.0
2025-05-19,0,0.8571428571428571,RI,1.0,1336.0
2025-05-26,0,0.8571428571428571,RI,1.0,1328.0
2025-06-02,1,0.0,RI,1.0,1328.0
2025-06-09,1,0.0,RI,1.0,1406.0
2025-06-16,1,0.42857142857142855,RI,1.0,1479.0
2025-06-23,1,1.0,RI,1.0,1526.0
2025-06-30,1,0.14285714285714285,RI,1.0,1420.0
2025-07-07,1,0.0,RI,1.0,1286.0
2025-07-14,1,0.14285714285714285,RI,1.0,1367.0
2025-07-21,1,1.0,RI,1.0,1566.0
2025-07-28,1,0.5714285714285714,RI,1.0,1438.0
2025-08-04,1,0.0,RI,0.996893284419182,1361.0
2025-08-11,1,0.0,RI,0.993786568838364,1311.0
2025-08-18,0,0.7142857142857143,RI,0.990679853257546,1373.0
2025-08-25,0,1.0,RI,0.9875731376767279,1419.0
2025-09-01,0,0.0,RI,0.98446642209591,1175.0
2025-09-08,0,0.0,RI,0.981359706515092,1168.0
2025-09-15,0,0.2857142857142857,RI,0.978252990934274,1229.0
2025-09-22,0,1.0,RI,0.975146275353456,1400.0
2025-09-29,0,0.2857142857142857,RI,0.972039559772638,1203.0
2025-10-06,0,0.0,RI,0.96893284419182,1130.0
2025-10-13,0,0.0,RI,0.9658261286110019,1156.0
2025-10-20,0,1.0,RI,0.9627194130301839,1280.0
2025-10-27,0,0.7142857142857143,RI,0.959612697449366,1305.0
2025-11-03,0,0.0,RI,0.956505981868548,1313.0
2025-11-10,0,0.0,RI,0.95339926628773,1325.0
2025-11-17,0,0.5714285714285714,RI,0.950292550706912,1349.0
2025-11-24,0,1.0,RI,0.947185835126094,1484.0
2025-12-01,0,0.0,RI,0.944079119545276,1205.0
2025-12-08,0,0.0,RI,0.9409724039644579,1263.0
2025-12-15,0,0.2857142857142857,RI,0.9378656883836399,1386.0
2025-12-22,1,1.0,RI,0.9347589728028219,1629.0
2025-12-29,1,0.42857142857142855,RI,0.931652257222004,1570.0
2026-01-05,1,0.0,RI,0.928545541641186,1221.0
2026-01-12,0,0.0,RI,0.925438826060368,1134.0
2026-01-19,0,0.8571428571428571,RI,0.92233211047955,1298.0
2026-01-26,0,0.8571428571428571,RI,0.9192253948987319,1320.0
2026-02-02,0,0.0,RI,0.9161186793179139,1192.0
2026-02-09,0,0.0,RI,0.9130119637370959,1213.0
2026-02-16,0,0.42857142857142855,RI,0.9099052481562779,1356.0
2026-02-23,0,0.8571428571428571,RI,0.90679853257546,1327.0
2026-03-02,0,0.0,RI,0.903691816994642,1247.0
2026-03-09,0,0.0,RI,0.900585101413824,1312.0
2026-03-16,0,0.42857142857142855,RI,0.897478385833006,1298.0
2026-03-23,0,1.0,RI,0.8943716702521879,1472.0
2026-03-30,0,0.2857142857142857,RI,0.8912649546713699,1367.0
2026-04-06,0,0.0,RI,0.8881582390905519,1368.0
2026-04-13,0,0.0,RI,0.8850515235097339,1339.0
2026-04-20,0,1.0,RI,0.8819448079289159,1468.0
2026-04-27,0,0.5714285714285714,RI,0.878838092348098,1611.0
2026-05-04,0,0.0,RI,0.8757313767672799,1348.0
2026-05-11,0,0.0,RI,0.8726246611864619,1364.0
2026-05-18,0,0.7142857142857143,RI,0.8695179456056439,1446.0
2026-05-25,0,1.0,RI,0.8664112300248259,1650.0
2026-06-01,1,0.0,RI,0.8633045144440079,1546.0
2026-06-08,1,0.0,RI,0.8601977988631899,1636.0
2026-06-15,1,0.2857142857142857,RI,0.8570910832823719,1539.0
2026-06-22,1,1.0,RI,0.853984367701554,1781.0
2026-06-29,1,0.2857142857142857,RI,0.850877652120736,1615.0
2026-07-06,1,0.0,RI,0.8477709365399179,1584.0
2026-07-13,1,0.0,RI,0.8446642209590999,1516.0
2026-07-20,1,1.0,RI,0.8415575053782819,1811.0
2026-07-27,1,0.7142857142857143,RI,0.8415575053782819,1739.0
2026-08-03,1,0.0,RI,0.8415575053782819,1615.0
2026-08-10,1,0.0,RI,0.8415575053782819,1543.0
2026-08-17,0,0.5714285714285714,RI,0.8415575053782819,1535.0
2026-08-24,0,1.0,RI,0.8415575053782819,1683.0
2026-08-31,0,0.14285714285714285,RI,0.8415575053782819,1391.0
2026-09-07,0,0.0,RI,0.8415575053782819,1417.0
2026-09-14,0,0.14285714285714285,RI,0.8415575053782819,1358.0
2026-09-21,0,1.0,RI,0.8415575053782819,1492.0
2019-01-07,0,0.0,SC,1.0,3601.0
2019-01-14,0,0.14285714285714285,SC,1.0,3707.0
2019-01-21,0,1.0,SC,1.0,4245.0
2019-01-28,0,0.5714285714285714,SC,1.0,4096.0
2019-02-04,0,0.0,SC,1.0,3696.0
2019-02-11,0,0.0,SC,1.0,3807.0
2019-02-18,0,0.7142857142857143,SC,1.0,4171.0
2019-02-25,0,0.5714285714285714,SC,1.0,4099.0
2019-03-04,0,0.0,SC,1.0,3869.0
2019-03-11,0,0.0,SC,1.0,3738.0
2019-03-18,0,0.7142857142857143,SC,1.0,4301.0
2019-03-25,0,1.0,SC,1.0,4451.0
2019-04-01,0,0.0,SC,1.0,3898.0
2019-04-08,0,0.0,SC,1.0,3961.0
2019-04-15,0,0.2857142857142857,SC,1.0,4194.0
2019-04-22,0,1.0,SC,1.0,4610.0
2019-04-29,0,0.2857142857142857,SC,1.0,4188.0
2019-05-06,0,0.0,SC,1.0,4102.0
2019-05-13,0,0.0,SC,1.0,4121.0
2019-05-20,0,1.0,SC,1.0,4676.0
2019-05-27,0,0.7142857142857143,SC,1.0,4529.0
2019-06-03,1,0.0,SC,1.0,4606.0
2019-06-10,1,0.0,SC,1.0,4656.0
2019-06-17,1,0.5714285714285714,SC,1.0,5072.0
2019-06-24,1,1.0,SC,1.0,5321.0
2019-07-01,1,0.0,SC,1.0,4655.0
2019-07-08,1,0.0,SC,1.0,4697.0
2019-07-15,1,0.2857142857142857,SC,1.0,4838.0
2019-07-22,1,1.0,SC,1.0,5238.0
2019-07-29,1,0.42857142857142855,SC,1.0,4822.0
2019-08-05,1,0.0,SC,1.0,4660.0
2019-08-12,1,0.0,SC,1.0,4573.0
2019-08-19,0,0.8571428571428571,SC,1.0,4560.0
2019-08-26,0,0.8571428571428571,SC,1.0,4509.0
2019-09-02,0,0.0,SC,1.0,3989.0
2019-09-09,0,0.0,SC,1.0,3882.0
2019-09-16,0,0.42857142857142855,SC,1.0,4216.0
2019-09-23,0,1.0,SC,1.0,4536.0
2019-09-30,0,0.14285714285714285,SC,1.0,3863.0
2019-10-07,0,0.0,SC,1.0,3819.0
2019-10-14,0,0.14285714285714285,SC,1.0,3889.0
2019-10-21,0,1.0,SC,1.0,4378.0
2019-10-28,0,0.5714285714285714,SC,1.0,4176.0
2019-11-04,0,0.0,SC,1.0,4149.0
2019-11-11,0,0.0,SC,1.0,4066.0
2019-11-18,0,0.7142857142857143,SC,1.0,4456.0
2019-11-25,0,0.8571428571428571,SC,1.0,4523.0
2019-12-02,0,0.0,SC,1.0,4052.0
2019-12-09,0,0.0,SC,1.0,4089.0
2019-12-16,0,0.42857142857142855,SC,1.0,4287.0
2019-12-23,1,1.0,SC,1.0,5094.0
2019-12-30,1,0.2857142857142857,SC,1.0,4826.0
2020-01-06,0,0.0,SC,1.0,3710.0
2020-01-13,0,0.0,SC,1.0,3616.0
2020-01-20,0,1.0,SC,1.0,4194.0
2020-01-27,0,0.7142857142857143,SC,1.0,4097.0
2020-02-03,0,0.0,SC,1.0,3597.0
2020-02-10,0,0.0,SC,1.0,3742.0
2020-02-17,0,0.5714285714285714,SC,1.0,4117.0
2020-02-24,0,0.8571428571428571,SC,1.0,4221.0
2020-03-02,0,0.0,SC,1.0,3841.0
2020-03-09,0,0.0,SC,1.0,3858.0
2020-03-16,0,0.42857142857142855,SC,1.0,4134.0
2020-03-23,0,1.0,SC,1.0,4462.0
2020-03-30,0,0.2857142857142857,SC,1.0,4068.0
2020-04-06,0,0.0,SC,1.0,3920.0
2020-04-13,0,0.0,SC,1.0,4004.0
2020-04-20,0,1.0,SC,1.0,4535.0
2020-04-27,0,0.5714285714285714,SC,1.0,4373.0
2020-05-04,0,0.0,SC,1.0,4025.0
2020-05-11,0,0.0,SC,1.0,4135.0
2020-05-18,0,0.7142857142857143,SC,1.0,4494.0
2020-05-25,0,1.0,SC,1.0,4704.0
2020-06-01,1,0.0,SC,1.0,4562.0
2020-06-08,1,0.0,SC,1.0,4693.0
2020-06-15,1,0.2857142857142857,SC,1.0,4762.0
2020-06-22,1,1.0,SC,1.0,5295.0
2020-06-29,1,0.2857142857142857,SC,1.0,4802.0
2020-07-06,1,0.0,SC,1.0,4537.0
2020-07-13,1,0.0,SC,1.0,4549.0
2020-07-20,1,1.0,SC,1.0,5139.0
2020-07-27,1,0.7142857142857143,SC,1.0,5025.0
2020-08-03,1,0.0,SC,1.0,4523.0
2020-08-10,1,0.0,SC,1.0,4495.0
2020-08-17,0,0.5714285714285714,SC,1.0,4293.0
2020-08-24,0,1.0,SC,1.0,4509.0
2020-08-31,0,0.14285714285714285,SC,1.0,3969.0
2020-09-07,0,0.0,SC,1.0,3897.0
2020-09-14,0,0.14285714285714285,SC,1.0,3868.0
2020-09-21,0,1.0,SC,1.0,4441.0
2020-09-28,0,0.42857142857142855,SC,1.0,4052.0
2020-10-05,0,0.0,SC,1.0,3669.0
2020-10-12,0,0.0,SC,1.0,3683.0
2020-10-19,0,0.8571428571428571,SC,1.0,4091.0
2020-10-26,0,0.8571428571428571,SC,1.0,4125.0
2020-11-02,0,0.0,SC,1.0,4019.0
2020-11-09,0,0.0,SC,1.0,3971.0
2020-11-16,0,0.42857142857142855,SC,1.0,4169.0
2020-11-23,0,1.0,SC,1.0,4475.0
2020-11-30,0,0.14285714285714285,SC,1.0,3920.0
2020-12-07,0,0.0,SC,1.0,3884.0
2020-12-14,0,0.14285714285714285,SC,1.0,3977.0
2020-12-21,1,1.0,SC,1.0,4962.0
2020-12-28,1,0.5714285714285714,SC,1.0,4682.0
2021-01-04,1,0.0,SC,1.0,3888.0
2021-01-11,0,0.0,SC,1.0,3485.0
2021-01-18,0,0.7142857142857143,SC,1.0,3812.0
2021-01-25,0,1.0,SC,1.0,4023.0
2021-02-01,0,0.0,SC,1.0,3519.0
2021-02-08,0,0.0,SC,1.0,3539.0
2021-02-15,0,0.2857142857142857,SC,1.0,3700.0
2021-02-22,0,1.0,SC,1.0,4046.0
2021-03-01,0,0.0,SC,1.0,3554.0
2021-03-08,0,0.0,SC,1.0,3568.0
2021-03-15,0,0.2857142857142857,SC,1.0,3796.0
2021-03-22,0,1.0,SC,1.0,4176.0
2021-03-29,0,0.42857142857142855,SC,1.0,3808.0
2021-04-05,0,0.0,SC,1.0,3619.0
2021-04-12,0,0.0,SC,1.0,3667.0
2021-04-19,0,0.8571428571428571,SC,1.0,4159.0
2021-04-26,0,0.7142857142857143,SC,1.0,4137.0
2021-05-03,0,0.0,SC,1.0,3705.0
2021-05-10,0,0.0,SC,1.0,3738.0
2021-05-17,0,0.5714285714285714,SC,1.0,4064.0
2021-05-24,0,1.0,SC,1.0,4392.0
2021-05-31,0,0.14285714285714285,SC,1.0,3806.0
2021-06-07,1,0.0,SC,1.0,4117.0
2021-06-14,1,0.14285714285714285,SC,1.0,4296.0
2021-06-21,1,1.0,SC,1.0,4891.0
2021-06-28,1,0.42857142857142855,SC,1.0,4586.0
2021-07-05,1,0.0,SC,1.0,4221.0
2021-07-12,1,0.0,SC,1.0,4268.0
2021-07-19,1,0.8571428571428571,SC,1.0,4862.0
2021-07-26,1,0.8571428571428571,SC,1.0,4835.0
2021-08-02,1,0.0,SC,1.0,4262.0
2021-08-09,1,0.0,SC,1.0,4227.0
2021-08-16,0,0.42857142857142855,SC,1.0,4057.0
2021-08-23,0,1.0,SC,1.0,4465.0
2021-08-30,0,0.2857142857142857,SC,1.0,4032.0
2021-09-06,0,0.0,SC,1.0,3827.0
2021-09-13,0,0.0,SC,1.0,3819.0
2021-09-20,0,1.0,SC,1.0,4391.0
2021-09-27,0,0.5714285714285714,SC,1.0,4208.0
2021-10-04,0,0.0,SC,1.0,3828.0
2021-10-11,0,0.0,SC,1.0,3800.0
2021-10-18,0,0.7142857142857143,SC,1.0,4181.0
2021-10-25,0,1.0,SC,1.0,4424.0
2021-11-01,0,0.0,SC,1.0,4215.0
2021-11-08,0,0.0,SC,1.0,4248.0
2021-11-15,0,0.2857142857142857,SC,1.0,4436.0
2021-11-22,0,1.0,SC,1.0,4938.0
2021-11-29,0,0.2857142857142857,SC,1.0,4471.0
2021-12-06,0,0.0,SC,1.0,4242.0
2021-12-13,0,0.0,SC,1.0,4182.0
2021-12-20,1,1.0,SC,1.0,5612.0
2021-12-27,1,0.7142857142857143,SC,1.0,5370.0
2022-01-03,1,0.0,SC,1.0,4468.0
2022-01-10,0,0.0,SC,1.0,4009.0
2022-01-17,0,0.5714285714285714,SC,1.0,4407.0
2022-01-24,0,1.0,SC,1.0,4637.0
2022-01-31,0,0.14285714285714285,SC,1.0,4166.0
2022-02-07,0,0.0,SC,1.0,4292.0
2022-02-14,0,0.14285714285714285,SC,1.0,4371.0
2022-02-21,0,1.0,SC,1.0,4845.0
2022-02-28,0,0.14285714285714285,SC,1.0,4366.0
2022-03-07,0,0.0,SC,1.0,4384.0
2022-03-14,0,0.14285714285714285,SC,1.0,4498.0
2022-03-21,0,1.0,SC,1.0,5275.0
2022-03-28,0,0.5714285714285714,SC,1.0,5012.0
2022-04-04,0,0.0,SC,1.0,4608.0
2022-04-11,0,0.0,SC,1.0,4585.0
2022-04-18,0,0.7142857142857143,SC,1.0,5246.0
2022-04-25,0,0.8571428571428571,SC,1.0,5497.0
2022-05-02,0,0.0,SC,1.0,4851.0
2022-05-09,0,0.0,SC,1.0,5101.0
2022-05-16,0,0.42857142857142855,SC,1.0,5182.0
2022-05-23,0,1.0,SC,1.0,5689.0
2022-05-30,0,0.2857142857142857,SC,1.0,5418.0
2022-06-06,1,0.0,SC,1.0,5719.0
2022-06-13,1,0.0,SC,1.0,5722.0
2022-06-20,1,1.0,SC,1.0,6596.0
2022-06-27,1,0.5714285714285714,SC,1.0,6350.0
2022-07-04,1,0.0,SC,1.0,5915.0
2022-07-11,1,0.0,SC,1.0,5786.0
2022-07-18,1,0.7142857142857143,SC,1.0,6466.0
2022-07-25,1,1.0,SC,1.0,6665.0
2022-08-01,1,0.0,SC,1.0,5757.0
2022-08-08,1,0.0,SC,1.0,5889.0
2022-08-15,0,0.2857142857142857,SC,1.0,5360.0
2022-08-22,0,1.0,SC,1.0,5788.0
2022-08-29,0,0.42857142857142855,SC,1.0,5334.0
2022-09-05,0,0.0,SC,1.0,5097.0
2022-09-12,0,0.0,SC,1.0,5007.0
2022-09-19,0,0.8571428571428571,SC,1.0,5704.0
2022-09-26,0,0.7142857142857143,SC,1.0,5552.0
2022-10-03,0,0.0,SC,1.0,4945.0
2022-10-10,0,0.0,SC,1.0,4955.0
2022-10-17,0,0.5714285714285714,SC,1.0,5298.0
2022-10-24,0,1.0,SC,1.0,5709.0
2022-10-31,0,0.14285714285714285,SC,1.0,4936.0
2022-11-07,0,0.0,SC,1.0,5387.0
2022-11-14,0,0.14285714285714285,SC,1.0,5412.0
2022-11-21,0,1.0,SC,1.0,6128.0
2022-11-28,0,0.42857142857142855,SC,1.0,5609.0
2022-12-05,0,0.0,SC,1.0,5239.0
2022-12-12,0,0.0,SC,1.0,5227.0
2022-12-19,0,0.8571428571428571,SC,1.0,6148.0
2022-12-26,1,0.8571428571428571,SC,1.0,6740.0
2023-01-02,1,0.0,SC,1.0,5461.0
2023-01-09,0,0.0,SC,1.0,4885.0
2023-01-16,0,0.42857142857142855,SC,1.0,5289.0
2023-01-23,0,1.0,SC,1.0,5769.0
2023-01-30,0,0.2857142857142857,SC,1.0,5234.0
2023-02-06,0,0.0,SC,1.0,4923.0
2023-02-13,0,0.0,SC,1.0,5197.0
2023-02-20,0,1.0,SC,1.0,5868.0
2023-02-27,0,0.2857142857142857,SC,1.0,5369.0
2023-03-06,0,0.0,SC,1.0,5144.0
2023-03-13,0,0.0,SC,1.0,5182.0
2023-03-20,0,1.0,SC,1.0,6110.0
2023-03-27,0,0.7142857142857143,SC,1.0,5912.0
2023-04-03,0,0.0,SC,1.0,5344.0
2023-04-10,0,0.0,SC,1.0,5380.0
2023-04-17,0,0.5714285714285714,SC,1.0,5826.0
2023-04-24,0,1.0,SC,1.0,6233.0
2023-05-01,0,0.0,SC,1.0,5493.0
2023-05-08,0,0.0,SC,1.0,5576.0
2023-05-15,0,0.2857142857142857,SC,1.0,5819.0
2023-05-22,0,1.0,SC,1.0,6481.0
2023-05-29,0,0.42857142857142855,SC,1.0,6024.0
2023-06-05,1,0.0,SC,1.0,6245.0
2023-06-12,1,0.0,SC,1.0,6226.0
2023-06-19,1,0.8571428571428571,SC,1.0,7179.0
2023-06-26,1,0.7142857142857143,SC,1.0,7222.0
2023-07-03,1,0.0,SC,1.0,6423.0
2023-07-10,1,0.0,SC,1.0,6530.0
2023-07-17,1,0.5714285714285714,SC,1.0,6955.0
2023-07-24,1,1.0,SC,1.0,7333.0
2023-07-31,1,0.14285714285714285,SC,1.0,6598.0
2023-08-07,1,0.0,SC,1.0,6433.0
2023-08-14,1,0.14285714285714285,SC,1.0,6587.0
2023-08-21,0,1.0,SC,1.0,6526.0
2023-08-28,0,0.5714285714285714,SC,1.0,6228.0
2023-09-04,0,0.0,SC,1.0,5631.0
2023-09-11,0,0.0,SC,1.0,5669.0
2023-09-18,0,0.7142857142857143,SC,1.0,6207.0
2023-09-25,0,0.8571428571428571,SC,1.0,6265.0
2023-10-02,0,0.0,SC,1.0,5675.0
2023-10-09,0,0.0,SC,1.0,5604.0
2023-10-16,0,0.42857142857142855,SC,1.0,5877.0
2023-10-23,0,1.0,SC,1.0,6352.0
2023-10-30,0,0.2857142857142857,SC,1.0,5741.0
2023-11-06,0,0.0,SC,1.0,6001.0
2023-11-13,0,0.0,SC,1.0,6049.0
2023-11-20,0,1.0,SC,1.0,7066.0
2023-11-27,0,0.5714285714285714,SC,1.0,6514.0
2023-12-04,0,0.0,SC,1.0,6078.0
2023-12-11,0,0.0,SC,1.0,5988.0
2023-12-18,0,0.7142857142857143,SC,1.0,6709.0
2023-12-25,1,1.0,SC,1.0,7844.0
2024-01-01,1,0.0,SC,1.0,6180.0
2024-01-08,0,0.0,SC,1.0,5626.0
2024-01-15,0,0.2857142857142857,SC,1.0,5868.0
2024-01-22,0,1.0,SC,1.0,6613.0
2024-01-29,0,0.42857142857142855,SC,1.0,6090.0
2024-02-05,0,0.0,SC,1.0,5730.0
2024-02-12,0,0.0,SC,1.0,5747.0
2024-02-19,0,0.8571428571428571,SC,1.0,6611.0
2024-02-26,0,0.5714285714285714,SC,1.0,6541.0
2024-03-04,0,0.0,SC,1.0,6009.0
2024-03-11,0,0.0,SC,1.0,5969.0
2024-03-18,0,0.7142857142857143,SC,1.0,6659.0
2024-03-25,0,1.0,SC,1.0,7078.0
2024-04-01,0,0.0,SC,1.0,6138.0
2024-04-08,0,0.0,SC,1.0,6285.0
2024-04-15,0,0.2857142857142857,SC,1.0,6608.0
2024-04-22,0,1.0,SC,1.0,7292.0
2024-04-29,0,0.2857142857142857,SC,1.0,6829.0
2024-05-06,0,0.0,SC,1.0,6670.0
2024-05-13,0,0.0,SC,1.0,6737.0
2024-05-20,0,1.0,SC,1.0,7706.0
2024-05-27,0,0.7142857142857143,SC,1.0,7517.0
2024-06-03,1,0.0,SC,1.0,7550.0
2024-06-10,1,0.0,SC,1.0,7652.0
2024-06-17,1,0.5714285714285714,SC,1.0,8191.0
2024-06-24,1,1.0,SC,1.0,8526.0
2024-07-01,1,0.0,SC,1.0,7664.0
2024-07-08,1,0.0,SC,1.0,7629.0
2024-07-15,1,0.2857142857142857,SC,1.0,7859.0
2024-07-22,1,1.0,SC,1.0,8637.0
2024-07-29,1,0.42857142857142855,SC,1.0,7994.0
2024-08-05,1,0.0,SC,1.0,7557.0
2024-08-12,1,0.0,SC,1.0,7452.0
2024-08-19,0,0.8571428571428571,SC,1.0,7488.0
2024-08-26,0,0.8571428571428571,SC,1.0,7391.0
2024-09-02,0,0.0,SC,1.0,6423.0
2024-09-09,0,0.0,SC,1.0,6547.0
2024-09-16,0,0.42857142857142855,SC,1.0,6893.0
2024-09-23,0,1.0,SC,1.0,7453.0
2024-09-30,0,0.14285714285714285,SC,1.0,6424.0
2024-10-07,0,0.0,SC,1.0,6281.0
2024-10-14,0,0.14285714285714285,SC,1.0,6347.0
2024-10-21,0,1.0,SC,1.0,7139.0
2024-10-28,0,0.5714285714285714,SC,1.0,6860.0
2024-11-04,0,0.0,SC,1.0,6870.0
2024-11-11,0,0.0,SC,1.0,6857.0
2024-11-18,0,0.7142857142857143,SC,1.0,7464.0
2024-11-25,0,0.8571428571428571,SC,1.0,7517.0
2024-12-02,0,0.0,SC,1.0,6617.0
2024-12-09,0,0.0,SC,1.0,6750.0
2024-12-16,0,0.42857142857142855,SC,1.0,7094.0
2024-12-23,1,1.0,SC,1.0,8633.0
2024-12-30,1,0.2857142857142857,SC,1.0,7634.0
2025-01-06,0,0.0,SC,1.0,6008.0
2025-01-13,0,0.0,SC,1.0,6069.0
2025-01-20,0,1.0,SC,1.0,7028.0
2025-01-27,0,0.7142857142857143,SC,1.0,6806.0
2025-02-03,0,0.0,SC,1.0,6166.0
2025-02-10,0,0.0,SC,1.0,6090.0
2025-02-17,0,0.5714285714285714,SC,1.0,6734.0
2025-02-24,0,0.7142857142857143,SC,1.0,6962.0
2025-03-03,0,0.0,SC,1.0,6268.0
2025-03-10,0,0.0,SC,1.0,6384.0
2025-03-17,0,0.5714285714285714,SC,1.0,6954.0
2025-03-24,0,1.0,SC,1.0,7417.0
2025-03-31,0,0.14285714285714285,SC,1.0,6602.0
2025-04-07,0,0.0,SC,1.0,6468.0
2025-04-14,0,0.14285714285714285,SC,1.0,6781.0
2025-04-21,0,1.0,SC,1.0,7641.0
2025-04-28,0,0.42857142857142855,SC,1.0,7116.0
2025-05-05,0,0.0,SC,1.0,6690.0
2025-05-12,0,0.0,SC,1.0,6841.0
2025-05-19,0,0.8571428571428571,SC,1.0,7623.0
2025-05-26,0,0.8571428571428571,SC,1.0,7585.0
2025-06-02,1,0.0,SC,1.0,7568.0
2025-06-09,1,0.0,SC,1.0,7673.0
2025-06-16,1,0.42857142857142855,SC,1.0,7984.0
2025-06-23,1,1.0,SC,1.0,8809.0
2025-06-30,1,0.14285714285714285,SC,1.0,7861.0
2025-07-07,1,0.0,SC,1.0,7537.0
2025-07-14,1,0.14285714285714285,SC,1.0,7634.0
2025-07-21,1,1.0,SC,1.0,8502.0
2025-07-28,1,0.5714285714285714,SC,1.0,8133.0
2025-08-04,1,0.0,SC,0.9972221205131022,7757.0
2025-08-11,1,0.0,SC,0.9944442410262043,7356.0
2025-08-18,0,0.7142857142857143,SC,0.9916663615393065,7431.0
2025-08-25,0,1.0,SC,0.9888884820524086,7733.0
2025-09-01,0,0.0,SC,0.9861106025655109,6472.0
2025-09-08,0,0.0,SC,0.983332723078613,6700.0
2025-09-15,0,0.2857142857142857,SC,0.9805548435917152,6927.0
2025-09-22,0,1.0,SC,0.9777769641048174,7440.0
2025-09-29,0,0.2857142857142857,SC,0.9749990846179195,6802.0
2025-10-06,0,0.0,SC,0.9722212051310217,6544.0
2025-10-13,0,0.0,SC,0.9694433256441238,6572.0
2025-10-20,0,1.0,SC,0.966665446157226,7437.0
2025-10-27,0,0.7142857142857143,SC,0.9638875666703282,7317.0
2025-11-03,0,0.0,SC,0.9611096871834304,6943.0
2025-11-10,0,0.0,SC,0.9583318076965326,7061.0
2025-11-17,0,0.5714285714285714,SC,0.9555539282096347,7654.0
2025-11-24,0,1.0,SC,0.9527760487227369,8025.0
2025-12-01,0,0.0,SC,0.949998169235839,7072.0
2025-12-08,0,0.0,SC,0.9472202897489412,7071.0
2025-12-15,0,0.2857142857142857,SC,0.9444424102620433,7376.0
2025-12-22,1,1.0,SC,0.9416645307751456,9442.0
2025-12-29,1,0.42857142857142855,SC,0.9388866512882478,8412.0
2026-01-05,1,0.0,SC,0.9361087718013499,7269.0
2026-01-12,0,0.0,SC,0.9333308923144521,6608.0
2026-01-19,0,0.8571428571428571,SC,0.9305530128275542,7487.0
2026-01-26,0,0.8571428571428571,SC,0.9277751333406564,7580.0
2026-02-02,0,0.0,SC,0.9249972538537585,6705.0
2026-02-09,0,0.0,SC,0.9222193743668607,6644.0
2026-02-16,0,0.42857142857142855,SC,0.919441494879963,7163.0
2026-02-23,0,0.8571428571428571,SC,0.9166636153930651,7725.0
2026-03-02,0,0.0,SC,0.9138857359061673,7060.0
2026-03-09,0,0.0,SC,0.9111078564192694,6914.0
2026-03-16,0,0.42857142857142855,SC,0.9083299769323716,7566.0
2026-03-23,0,1.0,SC,0.9055520974454737,8235.0
2026-03-30,0,0.2857142857142857,SC,0.9027742179585759,7677.0
2026-04-06,0,0.0,SC,0.899996338471678,7426.0
2026-04-13,0,0.0,SC,0.8972184589847803,7329.0
2026-04-20,0,1.0,SC,0.8944405794978825,8949.0
2026-04-27,0,0.5714285714285714,SC,0.8916627000109846,8111.0
2026-05-04,0,0.0,SC,0.8888848205240868,7590.0
2026-05-11,0,0.0,SC,0.8861069410371889,7562.0
2026-05-18,0,0.7142857142857143,SC,0.8833290615502911,8545.0
2026-05-25,0,1.0,SC,0.8805511820633933,8720.0
2026-06-01,1,0.0,SC,0.8777733025764954,8696.0
2026-06-08,1,0.0,SC,0.8749954230895977,8791.0
2026-06-15,1,0.2857142857142857,SC,0.8722175436026998,9106.0
2026-06-22,1,1.0,SC,0.869439664115802,10387.0
2026-06-29,1,0.2857142857142857,SC,0.8666617846289042,9151.0
2026-07-06,1,0.0,SC,0.8638839051420063,8830.0
2026-07-13,1,0.0,SC,0.8611060256551084,8794.0
2026-07-20,1,1.0,SC,0.8583281461682106,9997.0
2026-07-27,1,0.7142857142857143,SC,0.8583281461682106,9716.0
2026-08-03,1,0.0,SC,0.8583281461682106,9110.0
2026-08-10,1,0.0,SC,0.8583281461682106,8875.0
2026-08-17,0,0.5714285714285714,SC,0.8583281461682106,8578.0
2026-08-24,0,1.0,SC,0.8583281461682106,8859.0
2026-08-31,0,0.14285714285714285,SC,0.8583281461682106,7925.0
2026-09-07,0,0.0,SC,0.8583281461682106,7499.0
2026-09-14,0,0.14285714285714285,SC,0.8583281461682106,7757.0
2026-09-21,0,1.0,SC,0.8583281461682106,8554.0
2019-01-07,0,0.0,SD,1.0,627.0
2019-01-14,0,0.14285714285714285,SD,1.0,680.0
2019-01-21,0,1.0,SD,1.0,724.0
2019-01-28,0,0.5714285714285714,SD,1.0,698.0
2019-02-04,0,0.0,SD,1.0,616.0
2019-02-11,0,0.0,SD,1.0,638.0
2019-02-18,0,0.7142857142857143,SD,1.0,730.0
2019-02-25,0,0.5714285714285714,SD,1.0,713.0
2019-03-04,0,0.0,SD,1.0,652.0
2019-03-11,0,0.0,SD,1.0,679.0
2019-03-18,0,0.7142857142857143,SD,1.0,743.0
2019-03-25,0,1.0,SD,1.0,762.0
2019-04-01,0,0.0,SD,1.0,670.0
2019-04-08,0,0.0,SD,1.0,663.0
2019-04-15,0,0.2857142857142857,SD,1.0,711.0
2019-04-22,0,1.0,SD,1.0,797.0
2019-04-29,0,0.2857142857142857,SD,1.0,710.0
2019-05-06,0,0.0,SD,1.0,705.0
2019-05-13,0,0.0,SD,1.0,699.0
2019-05-20,0,1.0,SD,1.0,790.0
2019-05-27,0,0.7142857142857143,SD,1.0,781.0
2019-06-03,1,0.0,SD,1.0,807.0
2019-06-10,1,0.0,SD,1.0,812.0
2019-06-17,1,0.5714285714285714,SD,1.0,906.0
2019-06-24,1,1.0,SD,1.0,951.0
2019-07-01,1,0.0,SD,1.0,785.0
2019-07-08,1,0.0,SD,1.0,791.0
2019-07-15,1,0.2857142857142857,SD,1.0,817.0
2019-07-22,1,1.0,SD,1.0,901.0
2019-07-29,1,0.42857142857142855,SD,1.0,833.0
2019-08-05,1,0.0,SD,1.0,769.0
2019-08-12,1,0.0,SD,1.0,757.0
2019-08-19,0,0.8571428571428571,SD,1.0,774.0
2019-08-26,0,0.8571428571428571,SD,1.0,755.0
2019-09-02,0,0.0,SD,1.0,669.0
2019-09-09,0,0.0,SD,1.0,660.0
2019-09-16,0,0.42857142857142855,SD,1.0,704.0
2019-09-23,0,1.0,SD,1.0,756.0
2019-09-30,0,0.14285714285714285,SD,1.0,666.0
2019-10-07,0,0.0,SD,1.0,639.0
2019-10-14,0,0.14285714285714285,SD,1.0,643.0
2019-10-21,0,1.0,SD,1.0,712.0
2019-10-28,0,0.5714285714285714,SD,1.0,670.0
2019-11-04,0,0.0,SD,1.0,658.0
2019-11-11,0,0.0,SD,1.0,665.0
2019-11-18,0,0.7142857142857143,SD,1.0,753.0
2019-11-25,0,0.8571428571428571,SD,1.0,753.0
2019-12-02,0,0.0,SD,1.0,654.0
2019-12-09,0,0.0,SD,1.0,647.0
2019-12-16,0,0.42857142857142855,SD,1.0,705.0
2019-12-23,1,1.0,SD,1.0,837.0
2019-12-30,1,0.2857142857142857,SD,1.0,749.0
2020-01-06,0,0.0,SD,1.0,596.0
2020-01-13,0,0.0,SD,1.0,591.0
2020-01-20,0,1.0,SD,1.0,676.0
2020-01-27,0,0.7142857142857143,SD,1.0,657.0
2020-02-03,0,0.0,SD,1.0,618.0
2020-02-10,0,0.0,SD,1.0,617.0
2020-02-17,0,0.5714285714285714,SD,1.0,662.0
2020-02-24,0,0.8571428571428571,SD,1.0,680.0
2020-03-02,0,0.0,SD,1.0,593.0
2020-03-09,0,0.0,SD,1.0,622.0
2020-03-16,0,0.42857142857142855,SD,1.0,646.0
2020-03-23,0,1.0,SD,1.0,695.0
2020-03-30,0,0.2857142857142857,SD,1.0,648.0
2020-04-06,0,0.0,SD,1.0,597.0
2020-04-13,0,0.0,SD,1.0,607.0
2020-04-20,0,1.0,SD,1.0,711.0
2020-04-27,0,0.5714285714285714,SD,1.0,672.0
2020-05-04,0,0.0,SD,1.0,621.0
2020-05-11,0,0.0,SD,1.0,620.0
2020-05-18,0,0.7142857142857143,SD,1.0,698.0
2020-05-25,0,1.0,SD,1.0,711.0
2020-06-01,1,0.0,SD,1.0,704.0
2020-06-08,1,0.0,SD,1.0,708.0
2020-06-15,1,0.2857142857142857,SD,1.0,743.0
2020-06-22,1,1.0,SD,1.0,816.0
2020-06-29,1,0.2857142857142857,SD,1.0,712.0
2020-07-06,1,0.0,SD,1.0,688.0
2020-07-13,1,0.0,SD,1.0,686.0
2020-07-20,1,1.0,SD,1.0,810.0
2020-07-27,1,0.7142857142857143,SD,1.0,771.0
2020-08-03,1,0.0,SD,1.0,677.0
2020-08-10,1,0.0,SD,1.0,670.0
2020-08-17,0,0.5714285714285714,SD,1.0,659.0
2020-08-24,0,1.0,SD,1.0,688.0
2020-08-31,0,0.14285714285714285,SD,1.0,608.0
2020-09-07,0,0.0,SD,1.0,580.0
2020-09-14,0,0.14285714285714285,SD,1.0,584.0
2020-09-21,0,1.0,SD,1.0,665.0
2020-09-28,0,0.42857142857142855,SD,1.0,585.0
2020-10-05,0,0.0,SD,1.0,567.0
2020-10-12,0,0.0,SD,1.0,569.0
2020-10-19,0,0.8571428571428571,SD,1.0,623.0
2020-10-26,0,0.8571428571428571,SD,1.0,626.0
2020-11-02,0,0.0,SD,1.0,595.0
2020-11-09,0,0.0,SD,1.0,607.0
2020-11-16,0,0.42857142857142855,SD,1.0,636.0
2020-11-23,0,1.0,SD,1.0,693.0
2020-11-30,0,0.14285714285714285,SD,1.0,599.0
2020-12-07,0,0.0,SD,1.0,578.0
2020-12-14,0,0.14285714285714285,SD,1.0,600.0
2020-12-21,1,1.0,SD,1.0,758.0
2020-12-28,1,0.5714285714285714,SD,1.0,713.0
2021-01-04,1,0.0,SD,1.0,598.0
2021-01-11,0,0.0,SD,1.0,523.0
2021-01-18,0,0.7142857142857143,SD,1.0,584.0
2021-01-25,0,1.0,SD,1.0,607.0
2021-02-01,0,0.0,SD,1.0,524.0
2021-02-08,0,0.0,SD,1.0,532.0
2021-02-15,0,0.2857142857142857,SD,1.0,546.0
2021-02-22,0,1.0,SD,1.0,627.0
2021-03-01,0,0.0,SD,1.0,542.0
2021-03-08,0,0.0,SD,1.0,535.0
2021-03-15,0,0.2857142857142857,SD,1.0,565.0
2021-03-22,0,1.0,SD,1.0,640.0
2021-03-29,0,0.42857142857142855,SD,1.0,596.0
2021-04-05,0,0.0,SD,1.0,543.0
2021-04-12,0,0.0,SD,1.0,564.0
2021-04-19,0,0.8571428571428571,SD,1.0,640.0
2021-04-26,0,0.7142857142857143,SD,1.0,634.0
2021-05-03,0,0.0,SD,1.0,566.0
2021-05-10,0,0.0,SD,1.0,564.0
2021-05-17,0,0.5714285714285714,SD,1.0,607.0
2021-05-24,0,1.0,SD,1.0,673.0
2021-05-31,0,0.14285714285714285,SD,1.0,571.0
2021-06-07,1,0.0,SD,1.0,630.0
2021-06-14,1,0.14285714285714285,SD,1.0,635.0
2021-06-21,1,1.0,SD,1.0,735.0
2021-06-28,1,0.42857142857142855,SD,1.0,684.0
2021-07-05,1,0.0,SD,1.0,633.0
2021-07-12,1,0.0,SD,1.0,636.0
2021-07-19,1,0.8571428571428571,SD,1.0,730.0
2021-07-26,1,0.8571428571428571,SD,1.0,724.0
2021-08-02,1,0.0,SD,1.0,657.0
2021-08-09,1,0.0,SD,1.0,652.0
2021-08-16,0,0.42857142857142855,SD,1.0,622.0
2021-08-23,0,1.0,SD,1.0,659.0
2021-08-30,0,0.2857142857142857,SD,1.0,602.0
2021-09-06,0,0.0,SD,1.0,576.0
2021-09-13,0,0.0,SD,1.0,601.0
2021-09-20,0,1.0,SD,1.0,668.0
2021-09-27,0,0.5714285714285714,SD,1.0,635.0
2021-10-04,0,0.0,SD,1.0,575.0
2021-10-11,0,0.0,SD,1.0,573.0
2021-10-18,0,0.7142857142857143,SD,1.0,648.0
2021-10-25,0,1.0,SD,1.0,648.0
2021-11-01,0,0.0,SD,1.0,638.0
2021-11-08,0,0.0,SD,1.0,632.0
2021-11-15,0,0.2857142857142857,SD,1.0,677.0
2021-11-22,0,1.0,SD,1.0,750.0
2021-11-29,0,0.2857142857142857,SD,1.0,672.0
2021-12-06,0,0.0,SD,1.0,648.0
2021-12-13,0,0.0,SD,1.0,646.0
2021-12-20,1,1.0,SD,1.0,850.0
2021-12-27,1,0.7142857142857143,SD,1.0,816.0
2022-01-03,1,0.0,SD,1.0,655.0
2022-01-10,0,0.0,SD,1.0,597.0
2022-01-17,0,0.5714285714285714,SD,1.0,664.0
2022-01-24,0,1.0,SD,1.0,704.0
2022-01-31,0,0.14285714285714285,SD,1.0,656.0
2022-02-07,0,0.0,SD,1.0,639.0
2022-02-14,0,0.14285714285714285,SD,1.0,646.0
2022-02-21,0,1.0,SD,1.0,747.0
2022-02-28,0,0.14285714285714285,SD,1.0,659.0
2022-03-07,0,0.0,SD,1.0,668.0
2022-03-14,0,0.14285714285714285,SD,1.0,685.0
2022-03-21,0,1.0,SD,1.0,804.0
2022-03-28,0,0.5714285714285714,SD,1.0,773.0
2022-04-04,0,0.0,SD,1.0,697.0
2022-04-11,0,0.0,SD,1.0,685.0
2022-04-18,0,0.7142857142857143,SD,1.0,809.0
2022-04-25,0,0.8571428571428571,SD,1.0,830.0
2022-05-02,0,0.0,SD,1.0,744.0
2022-05-09,0,0.0,SD,1.0,729.0
2022-05-16,0,0.42857142857142855,SD,1.0,814.0
2022-05-23,0,1.0,SD,1.0,883.0
2022-05-30,0,0.2857142857142857,SD,1.0,807.0
2022-06-06,1,0.0,SD,1.0,851.0
2022-06-13,1,0.0,SD,1.0,883.0
2022-06-20,1,1.0,SD,1.0,1023.0
2022-06-27,1,0.5714285714285714,SD,1.0,950.0
2022-07-04,1,0.0,SD,1.0,856.0
2022-07-11,1,0.0,SD,1.0,897.0
2022-07-18,1,0.7142857142857143,SD,1.0,960.0
2022-07-25,1,1.0,SD,1.0,1000.0
2022-08-01,1,0.0,SD,1.0,879.0
2022-08-08,1,0.0,SD,1.0,865.0
2022-08-15,0,0.2857142857142857,SD,1.0,805.0
2022-08-22,0,1.0,SD,1.0,908.0
2022-08-29,0,0.42857142857142855,SD,1.0,815.0
2022-09-05,0,0.0,SD,1.0,754.0
2022-09-12,0,0.0,SD,1.0,771.0
2022-09-19,0,0.8571428571428571,SD,1.0,848.0
2022-09-26,0,0.7142857142857143,SD,1.0,832.0
2022-10-03,0,0.0,SD,1.0,721.0
2022-10-10,0,0.0,SD,1.0,724.0
2022-10-17,0,0.5714285714285714,SD,1.0,809.0
2022-10-24,0,1.0,SD,1.0,828.0
2022-10-31,0,0.14285714285714285,SD,1.0,746.0
2022-11-07,0,0.0,SD,1.0,789.0
2022-11-14,0,0.14285714285714285,SD,1.0,825.0
2022-11-21,0,1.0,SD,1.0,900.0
2022-11-28,0,0.42857142857142855,SD,1.0,862.0
2022-12-05,0,0.0,SD,1.0,825.0
2022-12-12,0,0.0,SD,1.0,805.0
2022-12-19,0,0.8571428571428571,SD,1.0,896.0
2022-12-26,1,0.8571428571428571,SD,1.0,1008.0
2023-01-02,1,0.0,SD,1.0,811.0
2023-01-09,0,0.0,SD,1.0,729.0
2023-01-16,0,0.42857142857142855,SD,1.0,774.0
2023-01-23,0,1.0,SD,1.0,857.0
2023-01-30,0,0.2857142857142857,SD,1.0,757.0
2023-02-06,0,0.0,SD,1.0,763.0
2023-02-13,0,0.0,SD,1.0,761.0
2023-02-20,0,1.0,SD,1.0,874.0
2023-02-27,0,0.2857142857142857,SD,1.0,804.0
2023-03-06,0,0.0,SD,1.0,766.0
2023-03-13,0,0.0,SD,1.0,778.0
2023-03-20,0,1.0,SD,1.0,901.0
2023-03-27,0,0.7142857142857143,SD,1.0,873.0
2023-04-03,0,0.0,SD,1.0,809.0
2023-04-10,0,0.0,SD,1.0,811.0
2023-04-17,0,0.5714285714285714,SD,1.0,895.0
2023-04-24,0,1.0,SD,1.0,947.0
2023-05-01,0,0.0,SD,1.0,837.0
2023-05-08,0,0.0,SD,1.0,853.0
2023-05-15,0,0.2857142857142857,SD,1.0,864.0
2023-05-22,0,1.0,SD,1.0,978.0
2023-05-29,0,0.42857142857142855,SD,1.0,906.0
2023-06-05,1,0.0,SD,1.0,955.0
2023-06-12,1,0.0,SD,1.0,971.0
2023-06-19,1,0.8571428571428571,SD,1.0,1083.0
2023-06-26,1,0.7142857142857143,SD,1.0,1030.0
2023-07-03,1,0.0,SD,1.0,952.0
2023-07-10,1,0.0,SD,1.0,937.0
2023-07-17,1,0.5714285714285714,SD,1.0,1017.0
2023-07-24,1,1.0,SD,1.0,1138.0
2023-07-31,1,0.14285714285714285,SD,1.0,981.0
2023-08-07,1,0.0,SD,1.0,947.0
2023-08-14,1,0.14285714285714285,SD,1.0,958.0
2023-08-21,0,1.0,SD,1.0,971.0
2023-08-28,0,0.5714285714285714,SD,1.0,933.0
2023-09-04,0,0.0,SD,1.0,840.0
2023-09-11,0,0.0,SD,1.0,829.0
2023-09-18,0,0.7142857142857143,SD,1.0,911.0
2023-09-25,0,0.8571428571428571,SD,1.0,905.0
2023-10-02,0,0.0,SD,1.0,825.0
2023-10-09,0,0.0,SD,1.0,841.0
2023-10-16,0,0.42857142857142855,SD,1.0,876.0
2023-10-23,0,1.0,SD,1.0,929.0
2023-10-30,0,0.2857142857142857,SD,1.0,872.0
2023-11-06,0,0.0,SD,1.0,895.0
2023-11-13,0,0.0,SD,1.0,878.0
2023-11-20,0,1.0,SD,1.0,1025.0
2023-11-27,0,0.5714285714285714,SD,1.0,948.0
2023-12-04,0,0.0,SD,1.0,889.0
2023-12-11,0,0.0,SD,1.0,888.0
2023-12-18,0,0.7142857142857143,SD,1.0,999.0
2023-12-25,1,1.0,SD,1.0,1172.0
2024-01-01,1,0.0,SD,1.0,920.0
2024-01-08,0,0.0,SD,1.0,812.0
2024-01-15,0,0.2857142857142857,SD,1.0,853.0
2024-01-22,0,1.0,SD,1.0,958.0
2024-01-29,0,0.42857142857142855,SD,1.0,892.0
2024-02-05,0,0.0,SD,1.0,840.0
2024-02-12,0,0.0,SD,1.0,819.0
2024-02-19,0,0.8571428571428571,SD,1.0,967.0
2024-02-26,0,0.5714285714285714,SD,1.0,940.0
2024-03-04,0,0.0,SD,1.0,887.0
2024-03-11,0,0.0,SD,1.0,888.0
2024-03-18,0,0.7142857142857143,SD,1.0,997.0
2024-03-25,0,1.0,SD,1.0,1057.0
2024-04-01,0,0.0,SD,1.0,893.0
2024-04-08,0,0.0,SD,1.0,910.0
2024-04-15,0,0.2857142857142857,SD,1.0,948.0
2024-04-22,0,1.0,SD,1.0,1079.0
2024-04-29,0,0.2857142857142857,SD,1.0,1019.0
2024-05-06,0,0.0,SD,1.0,956.0
2024-05-13,0,0.0,SD,1.0,938.0
2024-05-20,0,1.0,SD,1.0,1104.0
2024-05-27,0,0.7142857142857143,SD,1.0,1045.0
2024-06-03,1,0.0,SD,1.0,1083.0
2024-06-10,1,0.0,SD,1.0,1092.0
2024-06-17,1,0.5714285714285714,SD,1.0,1178.0
2024-06-24,1,1.0,SD,1.0,1244.0
2024-07-01,1,0.0,SD,1.0,1096.0
2024-07-08,1,0.0,SD,1.0,1085.0
2024-07-15,1,0.2857142857142857,SD,1.0,1144.0
2024-07-22,1,1.0,SD,1.0,1286.0
2024-07-29,1,0.42857142857142855,SD,1.0,1173.0
2024-08-05,1,0.0,SD,1.0,1087.0
2024-08-12,1,0.0,SD,1.0,1057.0
2024-08-19,0,0.8571428571428571,SD,1.0,1090.0
2024-08-26,0,0.8571428571428571,SD,1.0,1062.0
2024-09-02,0,0.0,SD,1.0,949.0
2024-09-09,0,0.0,SD,1.0,961.0
2024-09-16,0,0.42857142857142855,SD,1.0,999.0
2024-09-23,0,1.0,SD,1.0,1048.0
2024-09-30,0,0.14285714285714285,SD,1.0,943.0
2024-10-07,0,0.0,SD,1.0,890.0
2024-10-14,0,0.14285714285714285,SD,1.0,914.0
2024-10-21,0,1.0,SD,1.0,1031.0
2024-10-28,0,0.5714285714285714,SD,1.0,950.0
2024-11-04,0,0.0,SD,1.0,976.0
2024-11-11,0,0.0,SD,1.0,974.0
2024-11-18,0,0.7142857142857143,SD,1.0,1070.0
2024-11-25,0,0.8571428571428571,SD,1.0,1110.0
2024-12-02,0,0.0,SD,1.0,950.0
2024-12-09,0,0.0,SD,1.0,983.0
2024-12-16,0,0.42857142857142855,SD,1.0,1031.0
2024-12-23,1,1.0,SD,1.0,1216.0
2024-12-30,1,0.2857142857142857,SD,1.0,1102.0
2025-01-06,0,0.0,SD,1.0,867.0
2025-01-13,0,0.0,SD,1.0,864.0
2025-01-20,0,1.0,SD,1.0,1028.0
2025-01-27,0,0.7142857142857143,SD,1.0,965.0
2025-02-03,0,0.0,SD,1.0,871.0
2025-02-10,0,0.0,SD,1.0,890.0
2025-02-17,0,0.5714285714285714,SD,1.0,972.0
2025-02-24,0,0.7142857142857143,SD,1.0,983.0
2025-03-03,0,0.0,SD,1.0,922.0
2025-03-10,0,0.0,SD,1.0,893.0
2025-03-17,0,0.5714285714285714,SD,1.0,1000.0
2025-03-24,0,1.0,SD,1.0,1077.0
2025-03-31,0,0.14285714285714285,SD,1.0,946.0
2025-04-07,0,0.0,SD,1.0,939.0
2025-04-14,0,0.14285714285714285,SD,1.0,955.0
2025-04-21,0,1.0,SD,1.0,1100.0
2025-04-28,0,0.42857142857142855,SD,1.0,1037.0
2025-05-05,0,0.0,SD,1.0,987.0
2025-05-12,0,0.0,SD,1.0,970.0
2025-05-19,0,0.8571428571428571,SD,1.0,1101.0
2025-05-26,0,0.8571428571428571,SD,1.0,1121.0
2025-06-02,1,0.0,SD,1.0,1106.0
2025-06-09,1,0.0,SD,1.0,1088.0
2025-06-16,1,0.42857142857142855,SD,1.0,1149.0
2025-06-23,1,1.0,SD,1.0,1242.0
2025-06-30,1,0.14285714285714285,SD,1.0,1118.0
2025-07-07,1,0.0,SD,1.0,1078.0
2025-07-14,1,0.14285714285714285,SD,1.0,1118.0
2025-07-21,1,1.0,SD,1.0,1250.0
2025-07-28,1,0.5714285714285714,SD,1.0,1173.0
2025-08-04,1,0.0,SD,0.9990231449116149,1068.0
2025-08-11,1,0.0,SD,0.9980462898232298,1068.0
2025-08-18,0,0.7142857142857143,SD,0.9970694347348447,1086.0
2025-08-25,0,1.0,SD,0.9960925796464596,1085.0
2025-09-01,0,0.0,SD,0.9951157245580745,956.0
2025-09-08,0,0.0,SD,0.9941388694696894,921.0
2025-09-15,0,0.2857142857142857,SD,0.9931620143813042,993.0
2025-09-22,0,1.0,SD,0.9921851592929192,1080.0
2025-09-29,0,0.2857142857142857,SD,0.9912083042045341,939.0
2025-10-06,0,0.0,SD,0.990231449116149,952.0
2025-10-13,0,0.0,SD,0.989254594027764,901.0
2025-10-20,0,1.0,SD,0.9882777389393788,1065.0
2025-10-27,0,0.7142857142857143,SD,0.9873008838509937,1005.0
2025-11-03,0,0.0,SD,0.9863240287626086,1004.0
2025-11-10,0,0.0,SD,0.9853471736742235,986.0
2025-11-17,0,0.5714285714285714,SD,0.9843703185858385,1063.0
2025-11-24,0,1.0,SD,0.9833934634974533,1125.0
2025-12-01,0,0.0,SD,0.9824166084090682,976.0
2025-12-08,0,0.0,SD,0.9814397533206831,969.0
2025-12-15,0,0.2857142857142857,SD,0.980462898232298,997.0
2025-12-22,1,1.0,SD,0.979486043143913,1219.0
2025-12-29,1,0.42857142857142855,SD,0.9785091880555278,1183.0
2026-01-05,1,0.0,SD,0.9775323329671427,999.0
2026-01-12,0,0.0,SD,0.9765554778787576,898.0
2026-01-19,0,0.8571428571428571,SD,0.9755786227903726,1026.0
2026-01-26,0,0.8571428571428571,SD,0.9746017677019874,1052.0
2026-02-02,0,0.0,SD,0.9736249126136023,925.0
2026-02-09,0,0.0,SD,0.9726480575252172,899.0
2026-02-16,0,0.42857142857142855,SD,0.9716712024368321,969.0
2026-02-23,0,0.8571428571428571,SD,0.9706943473484471,1047.0
2026-03-02,0,0.0,SD,0.9697174922600619,950.0
2026-03-09,0,0.0,SD,0.9687406371716768,963.0
2026-03-16,0,0.42857142857142855,SD,0.9677637820832917,1022.0
2026-03-23,0,1.0,SD,0.9667869269949066,1117.0
2026-03-30,0,0.2857142857142857,SD,0.9658100719065215,1035.0
2026-04-06,0,0.0,SD,0.9648332168181364,987.0
2026-04-13,0,0.0,SD,0.9638563617297513,971.0
2026-04-20,0,1.0,SD,0.9628795066413662,1127.0
2026-04-27,0,0.5714285714285714,SD,0.9619026515529812,1093.0
2026-05-04,0,0.0,SD,0.960925796464596,1044.0
2026-05-11,0,0.0,SD,0.9599489413762109,982.0
2026-05-18,0,0.7142857142857143,SD,0.9589720862878258,1115.0
2026-05-25,0,1.0,SD,0.9579952311994407,1166.0
2026-06-01,1,0.0,SD,0.9570183761110557,1178.0
2026-06-08,1,0.0,SD,0.9560415210226705,1145.0
2026-06-15,1,0.2857142857142857,SD,0.9550646659342854,1169.0
2026-06-22,1,1.0,SD,0.9540878108459003,1344.0
2026-06-29,1,0.2857142857142857,SD,0.9531109557575153,1215.0
2026-07-06,1,0.0,SD,0.9521341006691302,1184.0
2026-07-13,1,0.0,SD,0.951157245580745,1128.0
2026-07-20,1,1.0,SD,0.9501803904923599,1338.0
2026-07-27,1,0.7142857142857143,SD,0.9501803904923599,1276.0
2026-08-03,1,0.0,SD,0.9501803904923599,1154.0
2026-08-10,1,0.0,SD,0.9501803904923599,1127.0
2026-08-17,0,0.5714285714285714,SD,0.9501803904923599,1100.0
2026-08-24,0,1.0,SD,0.9501803904923599,1153.0
2026-08-31,0,0.14285714285714285,SD,0.9501803904923599,1037.0
2026-09-07,0,0.0,SD,0.9501803904923599,990.0
2026-09-14,0,0.14285714285714285,SD,0.9501803904923599,997.0
2026-09-21,0,1.0,SD,0.9501803904923599,1122.0
2019-01-07,0,0.0,TN,1.0,6658.0
2019-01-14,0,0.14285714285714285,TN,1.0,6749.0
2019-01-21,0,1.0,TN,1.0,7590.0
2019-01-28,0,0.5714285714285714,TN,1.0,7225.0
2019-02-04,0,0.0,TN,1.0,6662.0
2019-02-11,0,0.0,TN,1.0,6768.0
2019-02-18,0,0.7142857142857143,TN,1.0,7497.0
2019-02-25,0,0.5714285714285714,TN,1.0,7361.0
2019-03-04,0,0.0,TN,1.0,6677.0
2019-03-11,0,0.0,TN,1.0,6862.0
2019-03-18,0,0.7142857142857143,TN,1.0,7800.0
2019-03-25,0,1.0,TN,1.0,8199.0
2019-04-01,0,0.0,TN,1.0,7101.0
2019-04-08,0,0.0,TN,1.0,7016.0
2019-04-15,0,0.2857142857142857,TN,1.0,7381.0
2019-04-22,0,1.0,TN,1.0,8360.0
2019-04-29,0,0.2857142857142857,TN,1.0,7510.0
2019-05-06,0,0.0,TN,1.0,7224.0
2019-05-13,0,0.0,TN,1.0,7294.0
2019-05-20,0,1.0,TN,1.0,8390.0
2019-05-27,0,0.7142857142857143,TN,1.0,8141.0
2019-06-03,1,0.0,TN,1.0,8249.0
2019-06-10,1,0.0,TN,1.0,8134.0
2019-06-17,1,0.5714285714285714,TN,1.0,8972.0
2019-06-24,1,1.0,TN,1.0,9317.0
2019-07-01,1,0.0,TN,1.0,8303.0
2019-07-08,1,0.0,TN,1.0,8202.0
2019-07-15,1,0.2857142857142857,TN,1.0,8612.0
2019-07-22,1,1.0,TN,1.0,9334.0
2019-07-29,1,0.42857142857142855,TN,1.0,8597.0
2019-08-05,1,0.0,TN,1.0,8194.0
2019-08-12,1,0.0,TN,1.0,8119.0
2019-08-19,0,0.8571428571428571,TN,1.0,8089.0
2019-08-26,0,0.8571428571428571,TN,1.0,7963.0
2019-09-02,0,0.0,TN,1.0,7113.0
2019-09-09,0,0.0,TN,1.0,7079.0
2019-09-16,0,0.42857142857142855,TN,1.0,7344.0
2019-09-23,0,1.0,TN,1.0,8066.0
2019-09-30,0,0.14285714285714285,TN,1.0,7242.0
2019-10-07,0,0.0,TN,1.0,6796.0
2019-10-14,0,0.14285714285714285,TN,1.0,6930.0
2019-10-21,0,1.0,TN,1.0,7735.0
2019-10-28,0,0.5714285714285714,TN,1.0,7382.0
2019-11-04,0,0.0,TN,1.0,7262.0
2019-11-11,0,0.0,TN,1.0,7394.0
2019-11-18,0,0.7142857142857143,TN,1.0,8098.0
2019-11-25,0,0.8571428571428571,TN,1.0,8327.0
2019-12-02,0,0.0,TN,1.0,7209.0
2019-12-09,0,0.0,TN,1.0,7353.0
2019-12-16,0,0.42857142857142855,TN,1.0,7767.0
2019-12-23,1,1.0,TN,1.0,9450.0
2019-12-30,1,0.2857142857142857,TN,1.0,8613.0
2020-01-06,0,0.0,TN,1.0,6715.0
2020-01-13,0,0.0,TN,1.0,6675.0
2020-01-20,0,1.0,TN,1.0,7678.0
2020-01-27,0,0.7142857142857143,TN,1.0,7255.0
2020-02-03,0,0.0,TN,1.0,6746.0
2020-02-10,0,0.0,TN,1.0,6749.0
2020-02-17,0,0.5714285714285714,TN,1.0,7438.0
2020-02-24,0,0.8571428571428571,TN,1.0,7859.0
2020-03-02,0,0.0,TN,1.0,6848.0
2020-03-09,0,0.0,TN,1.0,7018.0
2020-03-16,0,0.42857142857142855,TN,1.0,7584.0
2020-03-23,0,1.0,TN,1.0,8048.0
2020-03-30,0,0.2857142857142857,TN,1.0,7351.0
2020-04-06,0,0.0,TN,1.0,7100.0
2020-04-13,0,0.0,TN,1.0,7227.0
2020-04-20,0,1.0,TN,1.0,8358.0
2020-04-27,0,0.5714285714285714,TN,1.0,7912.0
2020-05-04,0,0.0,TN,1.0,7311.0
2020-05-11,0,0.0,TN,1.0,7421.0
2020-05-18,0,0.7142857142857143,TN,1.0,8025.0
2020-05-25,0,1.0,TN,1.0,8522.0
2020-06-01,1,0.0,TN,1.0,8595.0
2020-06-08,1,0.0,TN,1.0,8278.0
2020-06-15,1,0.2857142857142857,TN,1.0,8857.0
2020-06-22,1,1.0,TN,1.0,9636.0
2020-06-29,1,0.2857142857142857,TN,1.0,8776.0
2020-07-06,1,0.0,TN,1.0,8262.0
2020-07-13,1,0.0,TN,1.0,8330.0
2020-07-20,1,1.0,TN,1.0,9468.0
2020-07-27,1,0.7142857142857143,TN,1.0,9020.0
2020-08-03,1,0.0,TN,1.0,8166.0
2020-08-10,1,0.0,TN,1.0,8182.0
2020-08-17,0,0.5714285714285714,TN,1.0,7869.0
2020-08-24,0,1.0,TN,1.0,8263.0
2020-08-31,0,0.14285714285714285,TN,1.0,7125.0
2020-09-07,0,0.0,TN,1.0,7045.0
2020-09-14,0,0.14285714285714285,TN,1.0,7093.0
2020-09-21,0,1.0,TN,1.0,8020.0
2020-09-28,0,0.42857142857142855,TN,1.0,7269.0
2020-10-05,0,0.0,TN,1.0,6793.0
2020-10-12,0,0.0,TN,1.0,6746.0
2020-10-19,0,0.8571428571428571,TN,1.0,7350.0
2020-10-26,0,0.8571428571428571,TN,1.0,7436.0
2020-11-02,0,0.0,TN,1.0,7019.0
2020-11-09,0,0.0,TN,1.0,7071.0
2020-11-16,0,0.42857142857142855,TN,1.0,7623.0
2020-11-23,0,1.0,TN,1.0,8021.0
2020-11-30,0,0.14285714285714285,TN,1.0,7025.0
2020-12-07,0,0.0,TN,1.0,6957.0
2020-12-14,0,0.14285714285714285,TN,1.0,7021.0
2020-12-21,1,1.0,TN,1.0,8687.0
2020-12-28,1,0.5714285714285714,TN,1.0,8361.0
2021-01-04,1,0.0,TN,1.0,7062.0
2021-01-11,0,0.0,TN,1.0,6251.0
2021-01-18,0,0.7142857142857143,TN,1.0,6795.0
2021-01-25,0,1.0,TN,1.0,7355.0
2021-02-01,0,0.0,TN,1.0,6248.0
2021-02-08,0,0.0,TN,1.0,6472.0
2021-02-15,0,0.2857142857142857,TN,1.0,6649.0
2021-02-22,0,1.0,TN,1.0,7327.0
2021-03-01,0,0.0,TN,1.0,6396.0
2021-03-08,0,0.0,TN,1.0,6426.0
2021-03-15,0,0.2857142857142857,TN,1.0,6626.0
2021-03-22,0,1.0,TN,1.0,7438.0
2021-03-29,0,0.42857142857142855,TN,1.0,7081.0
2021-04-05,0,0.0,TN,1.0,6481.0
2021-04-12,0,0.0,TN,1.0,6603.0
2021-04-19,0,0.8571428571428571,TN,1.0,7438.0
2021-04-26,0,0.7142857142857143,TN,1.0,7256.0
2021-05-03,0,0.0,TN,1.0,6685.0
2021-05-10,0,0.0,TN,1.0,6696.0
2021-05-17,0,0.5714285714285714,TN,1.0,7121.0
2021-05-24,0,1.0,TN,1.0,7635.0
2021-05-31,0,0.14285714285714285,TN,1.0,6741.0
2021-06-07,1,0.0,TN,1.0,7633.0
2021-06-14,1,0.14285714285714285,TN,1.0,7626.0
2021-06-21,1,1.0,TN,1.0,8512.0
2021-06-28,1,0.42857142857142855,TN,1.0,7929.0
2021-07-05,1,0.0,TN,1.0,7362.0
2021-07-12,1,0.0,TN,1.0,7394.0
2021-07-19,1,0.8571428571428571,TN,1.0,8372.0
2021-07-26,1,0.8571428571428571,TN,1.0,8353.0
2021-08-02,1,0.0,TN,1.0,7334.0
2021-08-09,1,0.0,TN,1.0,7418.0
2021-08-16,0,0.42857142857142855,TN,1.0,7232.0
2021-08-23,0,1.0,TN,1.0,7559.0
2021-08-30,0,0.2857142857142857,TN,1.0,6955.0
2021-09-06,0,0.0,TN,1.0,6677.0
2021-09-13,0,0.0,TN,1.0,6653.0
2021-09-20,0,1.0,TN,1.0,7643.0
2021-09-27,0,0.5714285714285714,TN,1.0,7275.0
2021-10-04,0,0.0,TN,1.0,6468.0
2021-10-11,0,0.0,TN,1.0,6670.0
2021-10-18,0,0.7142857142857143,TN,1.0,7216.0
2021-10-25,0,1.0,TN,1.0,7453.0
2021-11-01,0,0.0,TN,1.0,7145.0
2021-11-08,0,0.0,TN,1.0,7280.0
2021-11-15,0,0.2857142857142857,TN,1.0,7379.0
2021-11-22,0,1.0,TN,1.0,8186.0
2021-11-29,0,0.2857142857142857,TN,1.0,7537.0
2021-12-06,0,0.0,TN,1.0,7230.0
2021-12-13,0,0.0,TN,1.0,7135.0
2021-12-20,1,1.0,TN,1.0,9432.0
2021-12-27,1,0.7142857142857143,TN,1.0,8911.0
2022-01-03,1,0.0,TN,1.0,7522.0
2022-01-10,0,0.0,TN,1.0,6799.0
2022-01-17,0,0.5714285714285714,TN,1.0,7359.0
2022-01-24,0,1.0,TN,1.0,7918.0
2022-01-31,0,0.14285714285714285,TN,1.0,7176.0
2022-02-07,0,0.0,TN,1.0,7000.0
2022-02-14,0,0.14285714285714285,TN,1.0,7205.0
2022-02-21,0,1.0,TN,1.0,8213.0
2022-02-28,0,0.14285714285714285,TN,1.0,7393.0
2022-03-07,0,0.0,TN,1.0,7273.0
2022-03-14,0,0.14285714285714285,TN,1.0,7651.0
2022-03-21,0,1.0,TN,1.0,8592.0
2022-03-28,0,0.5714285714285714,TN,1.0,8235.0
2022-04-04,0,0.0,TN,1.0,7701.0
2022-04-11,0,0.0,TN,1.0,7641.0
2022-04-18,0,0.7142857142857143,TN,1.0,8699.0
2022-04-25,0,0.8571428571428571,TN,1.0,8656.0
2022-05-02,0,0.0,TN,1.0,7923.0
2022-05-09,0,0.0,TN,1.0,8034.0
2022-05-16,0,0.42857142857142855,TN,1.0,8534.0
2022-05-23,0,1.0,TN,1.0,9112.0
2022-05-30,0,0.2857142857142857,TN,1.0,8464.0
2022-06-06,1,0.0,TN,1.0,9089.0
2022-06-13,1,0.0,TN,1.0,9179.0
2022-06-20,1,1.0,TN,1.0,10687.0
2022-06-27,1,0.5714285714285714,TN,1.0,10056.0
2022-07-04,1,0.0,TN,1.0,9576.0
2022-07-11,1,0.0,TN,1.0,9359.0
2022-07-18,1,0.7142857142857143,TN,1.0,10380.0
2022-07-25,1,1.0,TN,1.0,10595.0
2022-08-01,1,0.0,TN,1.0,9287.0
2022-08-08,1,0.0,TN,1.0,9231.0
2022-08-15,0,0.2857142857142857,TN,1.0,8595.0
2022-08-22,0,1.0,TN,1.0,9495.0
2022-08-29,0,0.42857142857142855,TN,1.0,8776.0
2022-09-05,0,0.0,TN,1.0,8071.0
2022-09-12,0,0.0,TN,1.0,8020.0
2022-09-19,0,0.8571428571428571,TN,1.0,9169.0
2022-09-26,0,0.7142857142857143,TN,1.0,8811.0
2022-10-03,0,0.0,TN,1.0,7883.0
2022-10-10,0,0.0,TN,1.0,7820.0
2022-10-17,0,0.5714285714285714,TN,1.0,8421.0
2022-10-24,0,1.0,TN,1.0,8989.0
2022-10-31,0,0.14285714285714285,TN,1.0,7862.0
2022-11-07,0,0.0,TN,1.0,8514.0
2022-11-14,0,0.14285714285714285,TN,1.0,8714.0
2022-11-21,0,1.0,TN,1.0,9883.0
2022-11-28,0,0.42857142857142855,TN,1.0,8945.0
2022-12-05,0,0.0,TN,1.0,8393.0
2022-12-12,0,0.0,TN,1.0,8656.0
2022-12-19,0,0.8571428571428571,TN,1.0,9715.0
2022-12-26,1,0.8571428571428571,TN,1.0,10663.0
2023-01-02,1,0.0,TN,1.0,8533.0
2023-01-09,0,0.0,TN,1.0,7801.0
2023-01-16,0,0.42857142857142855,TN,1.0,8415.0
2023-01-23,0,1.0,TN,1.0,9036.0
2023-01-30,0,0.2857142857142857,TN,1.0,8177.0
2023-02-06,0,0.0,TN,1.0,7920.0
2023-02-13,0,0.0,TN,1.0,8114.0
2023-02-20,0,1.0,TN,1.0,9392.0
2023-02-27,0,0.2857142857142857,TN,1.0,8560.0
2023-03-06,0,0.0,TN,1.0,8089.0
2023-03-13,0,0.0,TN,1.0,8285.0
2023-03-20,0,1.0,TN,1.0,9781.0
2023-03-27,0,0.7142857142857143,TN,1.0,9266.0
2023-04-03,0,0.0,TN,1.0,8428.0
2023-04-10,0,0.0,TN,1.0,8571.0
2023-04-17,0,0.5714285714285714,TN,1.0,9219.0
2023-04-24,0,1.0,TN,1.0,9917.0
2023-05-01,0,0.0,TN,1.0,8780.0
2023-05-08,0,0.0,TN,1.0,8954.0
2023-05-15,0,0.2857142857142857,TN,1.0,9503.0
2023-05-22,0,1.0,TN,1.0,10356.0
2023-05-29,0,0.42857142857142855,TN,1.0,9629.0
2023-06-05,1,0.0,TN,1.0,10063.0
2023-06-12,1,0.0,TN,1.0,10232.0
2023-06-19,1,0.8571428571428571,TN,1.0,11342.0
2023-06-26,1,0.7142857142857143,TN,1.0,11405.0
2023-07-03,1,0.0,TN,1.0,10111.0
2023-07-10,1,0.0,TN,1.0,10327.0
2023-07-17,1,0.5714285714285714,TN,1.0,10814.0
2023-07-24,1,1.0,TN,1.0,11571.0
2023-07-31,1,0.14285714285714285,TN,1.0,10103.0
2023-08-07,1,0.0,TN,1.0,10050.0
2023-08-14,1,0.14285714285714285,TN,1.0,10219.0
2023-08-21,0,1.0,TN,1.0,10529.0
2023-08-28,0,0.5714285714285714,TN,1.0,9707.0
2023-09-04,0,0.0,TN,1.0,8730.0
2023-09-11,0,0.0,TN,1.0,8646.0
2023-09-18,0,0.7142857142857143,TN,1.0,9795.0
2023-09-25,0,0.8571428571428571,TN,1.0,9604.0
2023-10-02,0,0.0,TN,1.0,8624.0
2023-10-09,0,0.0,TN,1.0,8498.0
2023-10-16,0,0.42857142857142855,TN,1.0,8952.0
2023-10-23,0,1.0,TN,1.0,9863.0
2023-10-30,0,0.2857142857142857,TN,1.0,8903.0
2023-11-06,0,0.0,TN,1.0,9023.0
2023-11-13,0,0.0,TN,1.0,9103.0
2023-11-20,0,1.0,TN,1.0,10718.0
2023-11-27,0,0.5714285714285714,TN,1.0,9796.0
2023-12-04,0,0.0,TN,1.0,9119.0
2023-12-11,0,0.0,TN,1.0,8844.0
2023-12-18,0,0.7142857142857143,TN,1.0,9850.0
2023-12-25,1,1.0,TN,1.0,11564.0
2024-01-01,1,0.0,TN,1.0,9068.0
2024-01-08,0,0.0,TN,1.0,8229.0
2024-01-15,0,0.2857142857142857,TN,1.0,8717.0
2024-01-22,0,1.0,TN,1.0,9531.0
2024-01-29,0,0.42857142857142855,TN,1.0,8926.0
2024-02-05,0,0.0,TN,1.0,8603.0
2024-02-12,0,0.0,TN,1.0,8631.0
2024-02-19,0,0.8571428571428571,TN,1.0,9753.0
2024-02-26,0,0.5714285714285714,TN,1.0,9390.0
2024-03-04,0,0.0,TN,1.0,8707.0
2024-03-11,0,0.0,TN,1.0,8930.0
2024-03-18,0,0.7142857142857143,TN,1.0,9698.0
2024-03-25,0,1.0,TN,1.0,10251.0
2024-04-01,0,0.0,TN,1.0,9122.0
2024-04-08,0,0.0,TN,1.0,9139.0
2024-04-15,0,0.2857142857142857,TN,1.0,9576.0
2024-04-22,0,1.0,TN,1.0,10645.0
2024-04-29,0,0.2857142857142857,TN,1.0,9962.0
2024-05-06,0,0.0,TN,1.0,9320.0
2024-05-13,0,0.0,TN,1.0,9398.0
2024-05-20,0,1.0,TN,1.0,10921.0
2024-05-27,0,0.7142857142857143,TN,1.0,10450.0
2024-06-03,1,0.0,TN,1.0,10761.0
2024-06-10,1,0.0,TN,1.0,10930.0
2024-06-17,1,0.5714285714285714,TN,1.0,11444.0
2024-06-24,1,1.0,TN,1.0,12300.0
2024-07-01,1,0.0,TN,1.0,10804.0
2024-07-08,1,0.0,TN,1.0,10865.0
2024-07-15,1,0.2857142857142857,TN,1.0,11142.0
2024-07-22,1,1.0,TN,1.0,12188.0
2024-07-29,1,0.42857142857142855,TN,1.0,11246.0
2024-08-05,1,0.0,TN,1.0,10594.0
2024-08-12,1,0.0,TN,1.0,10305.0
2024-08-19,0,0.8571428571428571,TN,1.0,10587.0
2024-08-26,0,0.8571428571428571,TN,1.0,10157.0
2024-09-02,0,0.0,TN,1.0,9023.0
2024-09-09,0,0.0,TN,1.0,9108.0
2024-09-16,0,0.42857142857142855,TN,1.0,9865.0
2024-09-23,0,1.0,TN,1.0,10464.0
2024-09-30,0,0.14285714285714285,TN,1.0,9005.0
2024-10-07,0,0.0,TN,1.0,9035.0
2024-10-14,0,0.14285714285714285,TN,1.0,9023.0
2024-10-21,0,1.0,TN,1.0,10129.0
2024-10-28,0,0.5714285714285714,TN,1.0,9560.0
2024-11-04,0,0.0,TN,1.0,9636.0
2024-11-11,0,0.0,TN,1.0,9610.0
2024-11-18,0,0.7142857142857143,TN,1.0,10352.0
2024-11-25,0,0.8571428571428571,TN,1.0,10547.0
2024-12-02,0,0.0,TN,1.0,9301.0
2024-12-09,0,0.0,TN,1.0,9421.0
2024-12-16,0,0.42857142857142855,TN,1.0,9937.0
2024-12-23,1,1.0,TN,1.0,11953.0
2024-12-30,1,0.2857142857142857,TN,1.0,10965.0
2025-01-06,0,0.0,TN,1.0,8493.0
2025-01-13,0,0.0,TN,1.0,8572.0
2025-01-20,0,1.0,TN,1.0,9736.0
2025-01-27,0,0.7142857142857143,TN,1.0,9675.0
2025-02-03,0,0.0,TN,1.0,8789.0
2025-02-10,0,0.0,TN,1.0,8665.0
2025-02-17,0,0.5714285714285714,TN,1.0,9529.0
2025-02-24,0,0.7142857142857143,TN,1.0,9989.0
2025-03-03,0,0.0,TN,1.0,8873.0
2025-03-10,0,0.0,TN,1.0,8859.0
2025-03-17,0,0.5714285714285714,TN,1.0,9891.0
2025-03-24,0,1.0,TN,1.0,10642.0
2025-03-31,0,0.14285714285714285,TN,1.0,9453.0
2025-04-07,0,0.0,TN,1.0,9231.0
2025-04-14,0,0.14285714285714285,TN,1.0,9448.0
2025-04-21,0,1.0,TN,1.0,10736.0
2025-04-28,0,0.42857142857142855,TN,1.0,9827.0
2025-05-05,0,0.0,TN,1.0,9551.0
2025-05-12,0,0.0,TN,1.0,9400.0
2025-05-19,0,0.8571428571428571,TN,1.0,10670.0
2025-05-26,0,0.8571428571428571,TN,1.0,10607.0
2025-06-02,1,0.0,TN,1.0,10721.0
2025-06-09,1,0.0,TN,1.0,10719.0
2025-06-16,1,0.42857142857142855,TN,1.0,11240.0
2025-06-23,1,1.0,TN,1.0,12551.0
2025-06-30,1,0.14285714285714285,TN,1.0,10956.0
2025-07-07,1,0.0,TN,1.0,10694.0
2025-07-14,1,0.14285714285714285,TN,1.0,11175.0
2025-07-21,1,1.0,TN,1.0,12230.0
2025-07-28,1,0.5714285714285714,TN,1.0,11588.0
2025-08-04,1,0.0,TN,0.9980411601739297,10743.0
2025-08-11,1,0.0,TN,0.9960823203478596,10730.0
2025-08-18,0,0.7142857142857143,TN,0.9941234805217893,10225.0
2025-08-25,0,1.0,TN,0.9921646406957192,10686.0
2025-09-01,0,0.0,TN,0.9902058008696489,9275.0
2025-09-08,0,0.0,TN,0.9882469610435788,9249.0
2025-09-15,0,0.2857142857142857,TN,0.9862881212175085,9550.0
2025-09-22,0,1.0,TN,0.9843292813914383,10559.0
2025-09-29,0,0.2857142857142857,TN,0.9823704415653681,9618.0
2025-10-06,0,0.0,TN,0.9804116017392979,9148.0
2025-10-13,0,0.0,TN,0.9784527619132277,9058.0
2025-10-20,0,1.0,TN,0.9764939220871575,10490.0
2025-10-27,0,0.7142857142857143,TN,0.9745350822610873,10064.0
2025-11-03,0,0.0,TN,0.9725762424350171,9786.0
2025-11-10,0,0.0,TN,0.9706174026089468,9816.0
2025-11-17,0,0.5714285714285714,TN,0.9686585627828767,10690.0
2025-11-24,0,1.0,TN,0.9666997229568064,11376.0
2025-12-01,0,0.0,TN,0.9647408831307362,9711.0
2025-12-08,0,0.0,TN,0.962782043304666,9832.0
2025-12-15,0,0.2857142857142857,TN,0.9608232034785958,10214.0
2025-12-22,1,1.0,TN,0.9588643636525256,12673.0
2025-12-29,1,0.42857142857142855,TN,0.9569055238264553,11753.0
2026-01-05,1,0.0,TN,0.9549466840003852,9927.0
2026-01-12,0,0.0,TN,0.9529878441743149,9097.0
2026-01-19,0,0.8571428571428571,TN,0.9510290043482448,10132.0
2026-01-26,0,0.8571428571428571,TN,0.9490701645221745,10170.0
2026-02-02,0,0.0,TN,0.9471113246961044,9374.0
2026-02-09,0,0.0,TN,0.9451524848700341,9284.0
2026-02-16,0,0.42857142857142855,TN,0.9431936450439639,9892.0
2026-02-23,0,0.8571428571428571,TN,0.9412348052178937,10554.0
2026-03-02,0,0.0,TN,0.9392759653918235,9583.0
2026-03-09,0,0.0,TN,0.9373171255657533,9541.0
2026-03-16,0,0.42857142857142855,TN,0.935358285739683,10437.0
2026-03-23,0,1.0,TN,0.9333994459136129,11259.0
2026-03-30,0,0.2857142857142857,TN,0.9314406060875426,10337.0
2026-04-06,0,0.0,TN,0.9294817662614725,10100.0
2026-04-13,0,0.0,TN,0.9275229264354022,10104.0
2026-04-20,0,1.0,TN,0.925564086609332,11844.0
2026-04-27,0,0.5714285714285714,TN,0.9236052467832618,11055.0
2026-05-04,0,0.0,TN,0.9216464069571916,10243.0
2026-05-11,0,0.0,TN,0.9196875671311214,10334.0
2026-05-18,0,0.7142857142857143,TN,0.9177287273050512,11645.0
2026-05-25,0,1.0,TN,0.915769887478981,12129.0
2026-06-01,1,0.0,TN,0.9138110476529108,11887.0
2026-06-08,1,0.0,TN,0.9118522078268405,11655.0
2026-06-15,1,0.2857142857142857,TN,0.9098933680007704,12314.0
2026-06-22,1,1.0,TN,0.9079345281747001,13654.0
2026-06-29,1,0.2857142857142857,TN,0.90597568834863,12365.0
2026-07-06,1,0.0,TN,0.9040168485225597,12160.0
2026-07-13,1,0.0,TN,0.9020580086964896,11935.0
2026-07-20,1,1.0,TN,0.9000991688704193,13507.0
2026-07-27,1,0.7142857142857143,TN,0.9000991688704193,13203.0
2026-08-03,1,0.0,TN,0.9000991688704193,11769.0
2026-08-10,1,0.0,TN,0.9000991688704193,11844.0
2026-08-17,0,0.5714285714285714,TN,0.9000991688704193,11136.0
2026-08-24,0,1.0,TN,0.9000991688704193,11732.0
2026-08-31,0,0.14285714285714285,TN,0.9000991688704193,10408.0
2026-09-07,0,0.0,TN,0.9000991688704193,10138.0
2026-09-14,0,0.14285714285714285,TN,0.9000991688704193,10256.0
2026-09-21,0,1.0,TN,0.9000991688704193,11813.0
2019-01-07,0,0.0,TX,1.0,29524.0
2019-01-14,0,0.14285714285714285,TX,1.0,29232.0
2019-01-21,0,1.0,TX,1.0,33546.0
2019-01-28,0,0.5714285714285714,TX,1.0,31754.0
2019-02-04,0,0.0,TX,1.0,29373.0
2019-02-11,0,0.0,TX,1.0,29200.0
2019-02-18,0,0.7142857142857143,TX,1.0,32470.0
2019-02-25,0,0.5714285714285714,TX,1.0,32771.0
2019-03-04,0,0.0,TX,1.0,29991.0
2019-03-11,0,0.0,TX,1.0,30503.0
2019-03-18,0,0.7142857142857143,TX,1.0,34185.0
2019-03-25,0,1.0,TX,1.0,35485.0
2019-04-01,0,0.0,TX,1.0,30591.0
2019-04-08,0,0.0,TX,1.0,31319.0
2019-04-15,0,0.2857142857142857,TX,1.0,32872.0
2019-04-22,0,1.0,TX,1.0,36259.0
2019-04-29,0,0.2857142857142857,TX,1.0,32980.0
2019-05-06,0,0.0,TX,1.0,31826.0
2019-05-13,0,0.0,TX,1.0,32271.0
2019-05-20,0,1.0,TX,1.0,37709.0
2019-05-27,0,0.7142857142857143,TX,1.0,35308.0
2019-06-03,1,0.0,TX,1.0,36567.0
2019-06-10,1,0.0,TX,1.0,36101.0
2019-06-17,1,0.5714285714285714,TX,1.0,39723.0
2019-06-24,1,1.0,TX,1.0,41861.0
2019-07-01,1,0.0,TX,1.0,36447.0
2019-07-08,1,0.0,TX,1.0,36392.0
2019-07-15,1,0.2857142857142857,TX,1.0,38332.0
2019-07-22,1,1.0,TX,1.0,41306.0
2019-07-29,1,0.42857142857142855,TX,1.0,38605.0
2019-08-05,1,0.0,TX,1.0,35549.0
2019-08-12,1,0.0,TX,1.0,36409.0
2019-08-19,0,0.8571428571428571,TX,1.0,35932.0
2019-08-26,0,0.8571428571428571,TX,1.0,35520.0
2019-09-02,0,0.0,TX,1.0,30995.0
2019-09-09,0,0.0,TX,1.0,31388.0
2019-09-16,0,0.42857142857142855,TX,1.0,33488.0
2019-09-23,0,1.0,TX,1.0,34953.0
2019-09-30,0,0.14285714285714285,TX,1.0,30927.0
2019-10-07,0,0.0,TX,1.0,29955.0
2019-10-14,0,0.14285714285714285,TX,1.0,30286.0
2019-10-21,0,1.0,TX,1.0,34623.0
2019-10-28,0,0.5714285714285714,TX,1.0,31771.0
2019-11-04,0,0.0,TX,1.0,32219.0
2019-11-11,0,0.0,TX,1.0,32427.0
2019-11-18,0,0.7142857142857143,TX,1.0,35539.0
2019-11-25,0,0.8571428571428571,TX,1.0,36318.0
2019-12-02,0,0.0,TX,1.0,31731.0
2019-12-09,0,0.0,TX,1.0,32114.0
2019-12-16,0,0.42857142857142855,TX,1.0,33822.0
2019-12-23,1,1.0,TX,1.0,40854.0
2019-12-30,1,0.2857142857142857,TX,1.0,37117.0
2020-01-06,0,0.0,TX,1.0,28787.0
2020-01-13,0,0.0,TX,1.0,29839.0
2020-01-20,0,1.0,TX,1.0,33043.0
2020-01-27,0,0.7142857142857143,TX,1.0,32631.0
2020-02-03,0,0.0,TX,1.0,29628.0
2020-02-10,0,0.0,TX,1.0,30017.0
2020-02-17,0,0.5714285714285714,TX,1.0,32486.0
2020-02-24,0,0.8571428571428571,TX,1.0,34527.0
2020-03-02,0,0.0,TX,1.0,30113.0
2020-03-09,0,0.0,TX,1.0,30710.0
2020-03-16,0,0.42857142857142855,TX,1.0,32933.0
2020-03-23,0,1.0,TX,1.0,36168.0
2020-03-30,0,0.2857142857142857,TX,1.0,32759.0
2020-04-06,0,0.0,TX,1.0,32531.0
2020-04-13,0,0.0,TX,1.0,32223.0
2020-04-20,0,1.0,TX,1.0,36953.0
2020-04-27,0,0.5714285714285714,TX,1.0,35161.0
2020-05-04,0,0.0,TX,1.0,33788.0
2020-05-11,0,0.0,TX,1.0,32648.0
2020-05-18,0,0.7142857142857143,TX,1.0,36797.0
2020-05-25,0,1.0,TX,1.0,39372.0
2020-06-01,1,0.0,TX,1.0,37071.0
2020-06-08,1,0.0,TX,1.0,37645.0
2020-06-15,1,0.2857142857142857,TX,1.0,39078.0
2020-06-22,1,1.0,TX,1.0,42623.0
2020-06-29,1,0.2857142857142857,TX,1.0,39181.0
2020-07-06,1,0.0,TX,1.0,36835.0
2020-07-13,1,0.0,TX,1.0,37114.0
2020-07-20,1,1.0,TX,1.0,42366.0
2020-07-27,1,0.7142857142857143,TX,1.0,41243.0
2020-08-03,1,0.0,TX,1.0,37254.0
2020-08-10,1,0.0,TX,1.0,36430.0
2020-08-17,0,0.5714285714285714,TX,1.0,35783.0
2020-08-24,0,1.0,TX,1.0,37228.0
2020-08-31,0,0.14285714285714285,TX,1.0,32592.0
2020-09-07,0,0.0,TX,1.0,31676.0
2020-09-14,0,0.14285714285714285,TX,1.0,32793.0
2020-09-21,0,1.0,TX,1.0,35503.0
2020-09-28,0,0.42857142857142855,TX,1.0,32696.0
2020-10-05,0,0.0,TX,1.0,30799.0
2020-10-12,0,0.0,TX,1.0,30622.0
2020-10-19,0,0.8571428571428571,TX,1.0,33436.0
2020-10-26,0,0.8571428571428571,TX,1.0,34249.0
2020-11-02,0,0.0,TX,1.0,32676.0
2020-11-09,0,0.0,TX,1.0,32418.0
2020-11-16,0,0.42857142857142855,TX,1.0,33915.0
2020-11-23,0,1.0,TX,1.0,37415.0
2020-11-30,0,0.14285714285714285,TX,1.0,33137.0
2020-12-07,0,0.0,TX,1.0,31901.0
2020-12-14,0,0.14285714285714285,TX,1.0,32545.0
2020-12-21,1,1.0,TX,1.0,41018.0
2020-12-28,1,0.5714285714285714,TX,1.0,38774.0
2021-01-04,1,0.0,TX,1.0,32196.0
2021-01-11,0,0.0,TX,1.0,28918.0
2021-01-18,0,0.7142857142857143,TX,1.0,32218.0
2021-01-25,0,1.0,TX,1.0,34001.0
2021-02-01,0,0.0,TX,1.0,29596.0
2021-02-08,0,0.0,TX,1.0,29112.0
2021-02-15,0,0.2857142857142857,TX,1.0,30872.0
2021-02-22,0,1.0,TX,1.0,33943.0
2021-03-01,0,0.0,TX,1.0,30040.0
2021-03-08,0,0.0,TX,1.0,29757.0
2021-03-15,0,0.2857142857142857,TX,1.0,32292.0
2021-03-22,0,1.0,TX,1.0,35430.0
2021-03-29,0,0.42857142857142855,TX,1.0,32313.0
2021-04-05,0,0.0,TX,1.0,31500.0
2021-04-12,0,0.0,TX,1.0,31026.0
2021-04-19,0,0.8571428571428571,TX,1.0,35028.0
2021-04-26,0,0.7142857142857143,TX,1.0,34726.0
2021-05-03,0,0.0,TX,1.0,31595.0
2021-05-10,0,0.0,TX,1.0,31618.0
2021-05-17,0,0.5714285714285714,TX,1.0,33908.0
2021-05-24,0,1.0,TX,1.0,37452.0
2021-05-31,0,0.14285714285714285,TX,1.0,32933.0
2021-06-07,1,0.0,TX,1.0,36843.0
2021-06-14,1,0.14285714285714285,TX,1.0,36874.0
2021-06-21,1,1.0,TX,1.0,42221.0
2021-06-28,1,0.42857142857142855,TX,1.0,38417.0
2021-07-05,1,0.0,TX,1.0,35808.0
2021-07-12,1,0.0,TX,1.0,35779.0
2021-07-19,1,0.8571428571428571,TX,1.0,40466.0
2021-07-26,1,0.8571428571428571,TX,1.0,40067.0
2021-08-02,1,0.0,TX,1.0,35780.0
2021-08-09,1,0.0,TX,1.0,35573.0
2021-08-16,0,0.42857142857142855,TX,1.0,34074.0
2021-08-23,0,1.0,TX,1.0,36698.0
2021-08-30,0,0.2857142857142857,TX,1.0,32329.0
2021-09-06,0,0.0,TX,1.0,32294.0
2021-09-13,0,0.0,TX,1.0,31180.0
2021-09-20,0,1.0,TX,1.0,36757.0
2021-09-27,0,0.5714285714285714,TX,1.0,33684.0
2021-10-04,0,0.0,TX,1.0,31414.0
2021-10-11,0,0.0,TX,1.0,31689.0
2021-10-18,0,0.7142857142857143,TX,1.0,33924.0
2021-10-25,0,1.0,TX,1.0,35279.0
2021-11-01,0,0.0,TX,1.0,33690.0
2021-11-08,0,0.0,TX,1.0,33875.0
2021-11-15,0,0.2857142857142857,TX,1.0,35454.0
2021-11-22,0,1.0,TX,1.0,39097.0
2021-11-29,0,0.2857142857142857,TX,1.0,36031.0
2021-12-06,0,0.0,TX,1.0,33756.0
2021-12-13,0,0.0,TX,1.0,34759.0
2021-12-20,1,1.0,TX,1.0,43467.0
2021-12-27,1,0.7142857142857143,TX,1.0,42939.0
2022-01-03,1,0.0,TX,1.0,35583.0
2022-01-10,0,0.0,TX,1.0,31542.0
2022-01-17,0,0.5714285714285714,TX,1.0,34649.0
2022-01-24,0,1.0,TX,1.0,36961.0
2022-01-31,0,0.14285714285714285,TX,1.0,33106.0
2022-02-07,0,0.0,TX,1.0,32064.0
2022-02-14,0,0.14285714285714285,TX,1.0,33805.0
2022-02-21,0,1.0,TX,1.0,37766.0
2022-02-28,0,0.14285714285714285,TX,1.0,34378.0
2022-03-07,0,0.0,TX,1.0,33960.0
2022-03-14,0,0.14285714285714285,TX,1.0,35544.0
2022-03-21,0,1.0,TX,1.0,40457.0
2022-03-28,0,0.5714285714285714,TX,1.0,38537.0
2022-04-04,0,0.0,TX,1.0,35219.0
2022-04-11,0,0.0,TX,1.0,35665.0
2022-04-18,0,0.7142857142857143,TX,1.0,39674.0
2022-04-25,0,0.8571428571428571,TX,1.0,41495.0
2022-05-02,0,0.0,TX,1.0,36997.0
2022-05-09,0,0.0,TX,1.0,36326.0
2022-05-16,0,0.42857142857142855,TX,1.0,40811.0
2022-05-23,0,1.0,TX,1.0,43341.0
2022-05-30,0,0.2857142857142857,TX,1.0,40862.0
2022-06-06,1,0.0,TX,1.0,43165.0
2022-06-13,1,0.0,TX,1.0,43616.0
2022-06-20,1,1.0,TX,1.0,49654.0
2022-06-27,1,0.5714285714285714,TX,1.0,46716.0
2022-07-04,1,0.0,TX,1.0,43314.0
2022-07-11,1,0.0,TX,1.0,43230.0
2022-07-18,1,0.7142857142857143,TX,1.0,47482.0
2022-07-25,1,1.0,TX,1.0,49954.0
2022-08-01,1,0.0,TX,1.0,42979.0
2022-08-08,1,0.0,TX,1.0,42761.0
2022-08-15,0,0.2857142857142857,TX,1.0,39926.0
2022-08-22,0,1.0,TX,1.0,43303.0
2022-08-29,0,0.42857142857142855,TX,1.0,41065.0
2022-09-05,0,0.0,TX,1.0,38240.0
2022-09-12,0,0.0,TX,1.0,37059.0
2022-09-19,0,0.8571428571428571,TX,1.0,42163.0
2022-09-26,0,0.7142857142857143,TX,1.0,40847.0
2022-10-03,0,0.0,TX,1.0,36880.0
2022-10-10,0,0.0,TX,1.0,37036.0
2022-10-17,0,0.5714285714285714,TX,1.0,39844.0
2022-10-24,0,1.0,TX,1.0,42263.0
2022-10-31,0,0.14285714285714285,TX,1.0,37360.0
2022-11-07,0,0.0,TX,1.0,40393.0
2022-11-14,0,0.14285714285714285,TX,1.0,40671.0
2022-11-21,0,1.0,TX,1.0,46409.0
2022-11-28,0,0.42857142857142855,TX,1.0,42475.0
2022-12-05,0,0.0,TX,1.0,39659.0
2022-12-12,0,0.0,TX,1.0,39669.0
2022-12-19,0,0.8571428571428571,TX,1.0,45137.0
2022-12-26,1,0.8571428571428571,TX,1.0,51152.0
2023-01-02,1,0.0,TX,1.0,41818.0
2023-01-09,0,0.0,TX,1.0,36023.0
2023-01-16,0,0.42857142857142855,TX,1.0,38959.0
2023-01-23,0,1.0,TX,1.0,41724.0
2023-01-30,0,0.2857142857142857,TX,1.0,38522.0
2023-02-06,0,0.0,TX,1.0,37631.0
2023-02-13,0,0.0,TX,1.0,37332.0
2023-02-20,0,1.0,TX,1.0,43463.0
2023-02-27,0,0.2857142857142857,TX,1.0,39599.0
2023-03-06,0,0.0,TX,1.0,38582.0
2023-03-13,0,0.0,TX,1.0,39300.0
2023-03-20,0,1.0,TX,1.0,44232.0
2023-03-27,0,0.7142857142857143,TX,1.0,44049.0
2023-04-03,0,0.0,TX,1.0,41240.0
2023-04-10,0,0.0,TX,1.0,41372.0
2023-04-17,0,0.5714285714285714,TX,1.0,43633.0
2023-04-24,0,1.0,TX,1.0,47635.0
2023-05-01,0,0.0,TX,1.0,40195.0
2023-05-08,0,0.0,TX,1.0,42015.0
2023-05-15,0,0.2857142857142857,TX,1.0,43075.0
2023-05-22,0,1.0,TX,1.0,49034.0
2023-05-29,0,0.42857142857142855,TX,1.0,45094.0
2023-06-05,1,0.0,TX,1.0,46429.0
2023-06-12,1,0.0,TX,1.0,46489.0
2023-06-19,1,0.8571428571428571,TX,1.0,53638.0
2023-06-26,1,0.7142857142857143,TX,1.0,52673.0
2023-07-03,1,0.0,TX,1.0,47571.0
2023-07-10,1,0.0,TX,1.0,47514.0
2023-07-17,1,0.5714285714285714,TX,1.0,51080.0
2023-07-24,1,1.0,TX,1.0,54809.0
2023-07-31,1,0.14285714285714285,TX,1.0,49060.0
2023-08-07,1,0.0,TX,1.0,46908.0
2023-08-14,1,0.14285714285714285,TX,1.0,47405.0
2023-08-21,0,1.0,TX,1.0,47834.0
2023-08-28,0,0.5714285714285714,TX,1.0,45451.0
2023-09-04,0,0.0,TX,1.0,42063.0
2023-09-11,0,0.0,TX,1.0,41089.0
2023-09-18,0,0.7142857142857143,TX,1.0,44874.0
2023-09-25,0,0.8571428571428571,TX,1.0,46413.0
2023-10-02,0,0.0,TX,1.0,40278.0
2023-10-09,0,0.0,TX,1.0,40298.0
2023-10-16,0,0.42857142857142855,TX,1.0,42726.0
2023-10-23,0,1.0,TX,1.0,45613.0
2023-10-30,0,0.2857142857142857,TX,1.0,41274.0
2023-11-06,0,0.0,TX,1.0,43332.0
2023-11-13,0,0.0,TX,1.0,43977.0
2023-11-20,0,1.0,TX,1.0,49762.0
2023-11-27,0,0.5714285714285714,TX,1.0,47575.0
2023-12-04,0,0.0,TX,1.0,44519.0
2023-12-11,0,0.0,TX,1.0,43686.0
2023-12-18,0,0.7142857142857143,TX,1.0,48730.0
2023-12-25,1,1.0,TX,1.0,56298.0
2024-01-01,1,0.0,TX,1.0,43970.0
2024-01-08,0,0.0,TX,1.0,41169.0
2024-01-15,0,0.2857142857142857,TX,1.0,42194.0
2024-01-22,0,1.0,TX,1.0,46568.0
2024-01-29,0,0.42857142857142855,TX,1.0,43823.0
2024-02-05,0,0.0,TX,1.0,41301.0
2024-02-12,0,0.0,TX,1.0,41116.0
2024-02-19,0,0.8571428571428571,TX,1.0,47379.0
2024-02-26,0,0.5714285714285714,TX,1.0,44875.0
2024-03-04,0,0.0,TX,1.0,42362.0
2024-03-11,0,0.0,TX,1.0,42911.0
2024-03-18,0,0.7142857142857143,TX,1.0,48555.0
2024-03-25,0,1.0,TX,1.0,50359.0
2024-04-01,0,0.0,TX,1.0,44270.0
2024-04-08,0,0.0,TX,1.0,44660.0
2024-04-15,0,0.2857142857142857,TX,1.0,47327.0
2024-04-22,0,1.0,TX,1.0,51982.0
2024-04-29,0,0.2857142857142857,TX,1.0,47418.0
2024-05-06,0,0.0,TX,1.0,46075.0
2024-05-13,0,0.0,TX,1.0,46824.0
2024-05-20,0,1.0,TX,1.0,53432.0
2024-05-27,0,0.7142857142857143,TX,1.0,52436.0
2024-06-03,1,0.0,TX,1.0,53851.0
2024-06-10,1,0.0,TX,1.0,51658.0
2024-06-17,1,0.5714285714285714,TX,1.0,57394.0
2024-06-24,1,1.0,TX,1.0,62177.0
2024-07-01,1,0.0,TX,1.0,51924.0
2024-07-08,1,0.0,TX,1.0,53767.0
2024-07-15,1,0.2857142857142857,TX,1.0,53864.0
2024-07-22,1,1.0,TX,1.0,60591.0
2024-07-29,1,0.42857142857142855,TX,1.0,55251.0
2024-08-05,1,0.0,TX,1.0,51969.0
2024-08-12,1,0.0,TX,1.0,51985.0
2024-08-19,0,0.8571428571428571,TX,1.0,52101.0
2024-08-26,0,0.8571428571428571,TX,1.0,51760.0
2024-09-02,0,0.0,TX,1.0,45795.0
2024-09-09,0,0.0,TX,1.0,44465.0
2024-09-16,0,0.42857142857142855,TX,1.0,47050.0
2024-09-23,0,1.0,TX,1.0,50190.0
2024-09-30,0,0.14285714285714285,TX,1.0,44196.0
2024-10-07,0,0.0,TX,1.0,42989.0
2024-10-14,0,0.14285714285714285,TX,1.0,45102.0
2024-10-21,0,1.0,TX,1.0,49606.0
2024-10-28,0,0.5714285714285714,TX,1.0,47065.0
2024-11-04,0,0.0,TX,1.0,46471.0
2024-11-11,0,0.0,TX,1.0,46040.0
2024-11-18,0,0.7142857142857143,TX,1.0,52353.0
2024-11-25,0,0.8571428571428571,TX,1.0,52650.0
2024-12-02,0,0.0,TX,1.0,47475.0
2024-12-09,0,0.0,TX,1.0,46262.0
2024-12-16,0,0.42857142857142855,TX,1.0,49726.0
2024-12-23,1,1.0,TX,1.0,59822.0
2024-12-30,1,0.2857142857142857,TX,1.0,54567.0
2025-01-06,0,0.0,TX,1.0,42312.0
2025-01-13,0,0.0,TX,1.0,41095.0
2025-01-20,0,1.0,TX,1.0,49684.0
2025-01-27,0,0.7142857142857143,TX,1.0,47696.0
2025-02-03,0,0.0,TX,1.0,41828.0
2025-02-10,0,0.0,TX,1.0,42767.0
2025-02-17,0,0.5714285714285714,TX,1.0,46613.0
2025-02-24,0,0.7142857142857143,TX,1.0,49417.0
2025-03-03,0,0.0,TX,1.0,43975.0
2025-03-10,0,0.0,TX,1.0,44053.0
2025-03-17,0,0.5714285714285714,TX,1.0,48077.0
2025-03-24,0,1.0,TX,1.0,51538.0
2025-03-31,0,0.14285714285714285,TX,1.0,45831.0
2025-04-07,0,0.0,TX,1.0,44510.0
2025-04-14,0,0.14285714285714285,TX,1.0,47131.0
2025-04-21,0,1.0,TX,1.0,52660.0
2025-04-28,0,0.42857142857142855,TX,1.0,49203.0
2025-05-05,0,0.0,TX,1.0,47442.0
2025-05-12,0,0.0,TX,1.0,47510.0
2025-05-19,0,0.8571428571428571,TX,1.0,52694.0
2025-05-26,0,0.8571428571428571,TX,1.0,51810.0
2025-06-02,1,0.0,TX,1.0,53540.0
2025-06-09,1,0.0,TX,1.0,52989.0
2025-06-16,1,0.42857142857142855,TX,1.0,57796.0
2025-06-23,1,1.0,TX,1.0,61778.0
2025-06-30,1,0.14285714285714285,TX,1.0,53705.0
2025-07-07,1,0.0,TX,1.0,53897.0
2025-07-14,1,0.14285714285714285,TX,1.0,53436.0
2025-07-21,1,1.0,TX,1.0,60970.0
2025-07-28,1,0.5714285714285714,TX,1.0,58095.0
2025-08-04,1,0.0,TX,0.996867624686397,52941.0
2025-08-11,1,0.0,TX,0.993735249372794,52736.0
2025-08-18,0,0.7142857142857143,TX,0.9906028740591909,51852.0
2025-08-25,0,1.0,TX,0.9874704987455879,52882.0
2025-09-01,0,0.0,TX,0.9843381234319849,46032.0
2025-09-08,0,0.0,TX,0.9812057481183819,46586.0
2025-09-15,0,0.2857142857142857,TX,0.9780733728047789,48937.0
2025-09-22,0,1.0,TX,0.9749409974911759,53064.0
2025-09-29,0,0.2857142857142857,TX,0.9718086221775728,47866.0
2025-10-06,0,0.0,TX,0.9686762468639698,45048.0
2025-10-13,0,0.0,TX,0.9655438715503668,45262.0
2025-10-20,0,1.0,TX,0.9624114962367638,51516.0
2025-10-27,0,0.7142857142857143,TX,0.9592791209231608,49088.0
2025-11-03,0,0.0,TX,0.9561467456095578,50663.0
2025-11-10,0,0.0,TX,0.9530143702959547,49954.0
2025-11-17,0,0.5714285714285714,TX,0.9498819949823517,54618.0
2025-11-24,0,1.0,TX,0.9467496196687487,56181.0
2025-12-01,0,0.0,TX,0.9436172443551457,50216.0
2025-12-08,0,0.0,TX,0.9404848690415427,49365.0
2025-12-15,0,0.2857142857142857,TX,0.9373524937279396,51568.0
2025-12-22,1,1.0,TX,0.9342201184143366,64185.0
2025-12-29,1,0.42857142857142855,TX,0.9310877431007336,60000.0
2026-01-05,1,0.0,TX,0.9279553677871306,50510.0
2026-01-12,0,0.0,TX,0.9248229924735276,45315.0
2026-01-19,0,0.8571428571428571,TX,0.9216906171599246,51645.0
2026-01-26,0,0.8571428571428571,TX,0.9185582418463215,52514.0
2026-02-02,0,0.0,TX,0.9154258665327185,47276.0
2026-02-09,0,0.0,TX,0.9122934912191155,49214.0
2026-02-16,0,0.42857142857142855,TX,0.9091611159055125,50397.0
2026-02-23,0,0.8571428571428571,TX,0.9060287405919095,55163.0
2026-03-02,0,0.0,TX,0.9028963652783064,48762.0
2026-03-09,0,0.0,TX,0.8997639899647034,50752.0
2026-03-16,0,0.42857142857142855,TX,0.8966316146511004,53993.0
2026-03-23,0,1.0,TX,0.8934992393374974,58747.0
2026-03-30,0,0.2857142857142857,TX,0.8903668640238944,52845.0
2026-04-06,0,0.0,TX,0.8872344887102914,50990.0
2026-04-13,0,0.0,TX,0.8841021133966884,51406.0
2026-04-20,0,1.0,TX,0.8809697380830853,60637.0
2026-04-27,0,0.5714285714285714,TX,0.8778373627694823,56608.0
2026-05-04,0,0.0,TX,0.8747049874558793,54461.0
2026-05-11,0,0.0,TX,0.8715726121422763,53363.0
2026-05-18,0,0.7142857142857143,TX,0.8684402368286732,59927.0
2026-05-25,0,1.0,TX,0.8653078615150702,62477.0
2026-06-01,1,0.0,TX,0.8621754862014672,62644.0
2026-06-08,1,0.0,TX,0.8590431108878642,61464.0
2026-06-15,1,0.2857142857142857,TX,0.8559107355742612,64139.0
2026-06-22,1,1.0,TX,0.8527783602606582,71838.0
2026-06-29,1,0.2857142857142857,TX,0.8496459849470552,65717.0
2026-07-06,1,0.0,TX,0.8465136096334522,63858.0
2026-07-13,1,0.0,TX,0.8433812343198491,62527.0
2026-07-20,1,1.0,TX,0.8402488590062461,73766.0
2026-07-27,1,0.7142857142857143,TX,0.8402488590062461,69475.0
2026-08-03,1,0.0,TX,0.8402488590062461,61767.0
2026-08-10,1,0.0,TX,0.8402488590062461,61366.0
2026-08-17,0,0.5714285714285714,TX,0.8402488590062461,59748.0
2026-08-24,0,1.0,TX,0.8402488590062461,62783.0
2026-08-31,0,0.14285714285714285,TX,0.8402488590062461,55623.0
2026-09-07,0,0.0,TX,0.8402488590062461,53488.0
2026-09-14,0,0.14285714285714285,TX,0.8402488590062461,54428.0
2026-09-21,0,1.0,TX,0.8402488590062461,61130.0
2019-01-07,0,0.0,UT,1.0,2671.0
2019-01-14,0,0.14285714285714285,UT,1.0,2572.0
2019-01-21,0,1.0,UT,1.0,3087.0
2019-01-28,0,0.5714285714285714,UT,1.0,2899.0
2019-02-04,0,0.0,UT,1.0,2617.0
2019-02-11,0,0.0,UT,1.0,2719.0
2019-02-18,0,0.7142857142857143,UT,1.0,3047.0
2019-02-25,0,0.5714285714285714,UT,1.0,2874.0
2019-03-04,0,0.0,UT,1.0,2708.0
2019-03-11,0,0.0,UT,1.0,2833.0
2019-03-18,0,0.7142857142857143,UT,1.0,3097.0
2019-03-25,0,1.0,UT,1.0,3434.0
2019-04-01,0,0.0,UT,1.0,2898.0
2019-04-08,0,0.0,UT,1.0,2814.0
2019-04-15,0,0.2857142857142857,UT,1.0,2966.0
2019-04-22,0,1.0,UT,1.0,3212.0
2019-04-29,0,0.2857142857142857,UT,1.0,2937.0
2019-05-06,0,0.0,UT,1.0,2861.0
2019-05-13,0,0.0,UT,1.0,2944.0
2019-05-20,0,1.0,UT,1.0,3376.0
2019-05-27,0,0.7142857142857143,UT,1.0,3346.0
2019-06-03,1,0.0,UT,1.0,3386.0
2019-06-10,1,0.0,UT,1.0,3303.0
2019-06-17,1,0.5714285714285714,UT,1.0,3668.0
2019-06-24,1,1.0,UT,1.0,3875.0
2019-07-01,1,0.0,UT,1.0,3522.0
2019-07-08,1,0.0,UT,1.0,3278.0
2019-07-15,1,0.2857142857142857,UT,1.0,3450.0
2019-07-22,1,1.0,UT,1.0,3874.0
2019-07-29,1,0.42857142857142855,UT,1.0,3599.0
2019-08-05,1,0.0,UT,1.0,3368.0
2019-08-12,1,0.0,UT,1.0,3237.0
2019-08-19,0,0.8571428571428571,UT,1.0,3195.0
2019-08-26,0,0.8571428571428571,UT,1.0,3197.0
2019-09-02,0,0.0,UT,1.0,2942.0
2019-09-09,0,0.0,UT,1.0,2735.0
2019-09-16,0,0.42857142857142855,UT,1.0,2923.0
2019-09-23,0,1.0,UT,1.0,3306.0
2019-09-30,0,0.14285714285714285,UT,1.0,2827.0
2019-10-07,0,0.0,UT,1.0,2579.0
2019-10-14,0,0.14285714285714285,UT,1.0,2749.0
2019-10-21,0,1.0,UT,1.0,2979.0
2019-10-28,0,0.5714285714285714,UT,1.0,2888.0
2019-11-04,0,0.0,UT,1.0,2847.0
2019-11-11,0,0.0,UT,1.0,2878.0
2019-11-18,0,0.7142857142857143,UT,1.0,3157.0
2019-11-25,0,0.8571428571428571,UT,1.0,3262.0
2019-12-02,0,0.0,UT,1.0,2894.0
2019-12-09,0,0.0,UT,1.0,2861.0
2019-12-16,0,0.42857142857142855,UT,1.0,3012.0
2019-12-23,1,1.0,UT,1.0,3721.0
2019-12-30,1,0.2857142857142857,UT,1.0,3164.0
2020-01-06,0,0.0,UT,1.0,2560.0
2020-01-13,0,0.0,UT,1.0,2565.0
2020-01-20,0,1.0,UT,1.0,2903.0
2020-01-27,0,0.7142857142857143,UT,1.0,2770.0
2020-02-03,0,0.0,UT,1.0,2632.0
2020-02-10,0,0.0,UT,1.0,2544.0
2020-02-17,0,0.5714285714285714,UT,1.0,2848.0
2020-02-24,0,0.8571428571428571,UT,1.0,2845.0
2020-03-02,0,0.0,UT,1.0,2561.0
2020-03-09,0,0.0,UT,1.0,2719.0
2020-03-16,0,0.42857142857142855,UT,1.0,2827.0
2020-03-23,0,1.0,UT,1.0,3036.0
2020-03-30,0,0.2857142857142857,UT,1.0,2787.0
2020-04-06,0,0.0,UT,1.0,2802.0
2020-04-13,0,0.0,UT,1.0,2707.0
2020-04-20,0,1.0,UT,1.0,3143.0
2020-04-27,0,0.5714285714285714,UT,1.0,2843.0
2020-05-04,0,0.0,UT,1.0,2758.0
2020-05-11,0,0.0,UT,1.0,2624.0
2020-05-18,0,0.7142857142857143,UT,1.0,2980.0
2020-05-25,0,1.0,UT,1.0,3241.0
2020-06-01,1,0.0,UT,1.0,2987.0
2020-06-08,1,0.0,UT,1.0,2984.0
2020-06-15,1,0.2857142857142857,UT,1.0,3152.0
2020-06-22,1,1.0,UT,1.0,3506.0
2020-06-29,1,0.2857142857142857,UT,1.0,3200.0
2020-07-06,1,0.0,UT,1.0,3189.0
2020-07-13,1,0.0,UT,1.0,3033.0
2020-07-20,1,1.0,UT,1.0,3433.0
2020-07-27,1,0.7142857142857143,UT,1.0,3142.0
2020-08-03,1,0.0,UT,1.0,2908.0
2020-08-10,1,0.0,UT,1.0,3005.0
2020-08-17,0,0.5714285714285714,UT,1.0,2901.0
2020-08-24,0,1.0,UT,1.0,2998.0
2020-08-31,0,0.14285714285714285,UT,1.0,2570.0
2020-09-07,0,0.0,UT,1.0,2541.0
2020-09-14,0,0.14285714285714285,UT,1.0,2633.0
2020-09-21,0,1.0,UT,1.0,2944.0
2020-09-28,0,0.42857142857142855,UT,1.0,2677.0
2020-10-05,0,0.0,UT,1.0,2449.0
2020-10-12,0,0.0,UT,1.0,2420.0
2020-10-19,0,0.8571428571428571,UT,1.0,2739.0
2020-10-26,0,0.8571428571428571,UT,1.0,2686.0
2020-11-02,0,0.0,UT,1.0,2650.0
2020-11-09,0,0.0,UT,1.0,2614.0
2020-11-16,0,0.42857142857142855,UT,1.0,2788.0
2020-11-23,0,1.0,UT,1.0,2999.0
2020-11-30,0,0.14285714285714285,UT,1.0,2618.0
2020-12-07,0,0.0,UT,1.0,2683.0
2020-12-14,0,0.14285714285714285,UT,1.0,2567.0
2020-12-21,1,1.0,UT,1.0,3235.0
2020-12-28,1,0.5714285714285714,UT,1.0,3153.0
2021-01-04,1,0.0,UT,1.0,2702.0
2021-01-11,0,0.0,UT,1.0,2397.0
2021-01-18,0,0.7142857142857143,UT,1.0,2712.0
2021-01-25,0,1.0,UT,1.0,2755.0
2021-02-01,0,0.0,UT,1.0,2352.0
2021-02-08,0,0.0,UT,1.0,2419.0
2021-02-15,0,0.2857142857142857,UT,1.0,2426.0
2021-02-22,0,1.0,UT,1.0,2712.0
2021-03-01,0,0.0,UT,1.0,2384.0
2021-03-08,0,0.0,UT,1.0,2562.0
2021-03-15,0,0.2857142857142857,UT,1.0,2491.0
2021-03-22,0,1.0,UT,1.0,2708.0
2021-03-29,0,0.42857142857142855,UT,1.0,2589.0
2021-04-05,0,0.0,UT,1.0,2615.0
2021-04-12,0,0.0,UT,1.0,2537.0
2021-04-19,0,0.8571428571428571,UT,1.0,2953.0
2021-04-26,0,0.7142857142857143,UT,1.0,2785.0
2021-05-03,0,0.0,UT,1.0,2484.0
2021-05-10,0,0.0,UT,1.0,2585.0
2021-05-17,0,0.5714285714285714,UT,1.0,2733.0
2021-05-24,0,1.0,UT,1.0,2902.0
2021-05-31,0,0.14285714285714285,UT,1.0,2551.0
2021-06-07,1,0.0,UT,1.0,2957.0
2021-06-14,1,0.14285714285714285,UT,1.0,2979.0
2021-06-21,1,1.0,UT,1.0,3360.0
2021-06-28,1,0.42857142857142855,UT,1.0,3012.0
2021-07-05,1,0.0,UT,1.0,2888.0
2021-07-12,1,0.0,UT,1.0,2860.0
2021-07-19,1,0.8571428571428571,UT,1.0,3431.0
2021-07-26,1,0.8571428571428571,UT,1.0,3195.0
2021-08-02,1,0.0,UT,1.0,2939.0
2021-08-09,1,0.0,UT,1.0,2905.0
2021-08-16,0,0.42857142857142855,UT,1.0,2819.0
2021-08-23,0,1.0,UT,1.0,3049.0
2021-08-30,0,0.2857142857142857,UT,1.0,2772.0
2021-09-06,0,0.0,UT,1.0,2625.0
2021-09-13,0,0.0,UT,1.0,2620.0
2021-09-20,0,1.0,UT,1.0,3067.0
2021-09-27,0,0.5714285714285714,UT,1.0,2949.0
2021-10-04,0,0.0,UT,1.0,2634.0
2021-10-11,0,0.0,UT,1.0,2498.0
2021-10-18,0,0.7142857142857143,UT,1.0,2793.0
2021-10-25,0,1.0,UT,1.0,2829.0
2021-11-01,0,0.0,UT,1.0,2929.0
2021-11-08,0,0.0,UT,1.0,2841.0
2021-11-15,0,0.2857142857142857,UT,1.0,2990.0
2021-11-22,0,1.0,UT,1.0,3359.0
2021-11-29,0,0.2857142857142857,UT,1.0,3023.0
2021-12-06,0,0.0,UT,1.0,2952.0
2021-12-13,0,0.0,UT,1.0,2906.0
2021-12-20,1,1.0,UT,1.0,3674.0
2021-12-27,1,0.7142857142857143,UT,1.0,3632.0
2022-01-03,1,0.0,UT,1.0,3059.0
2022-01-10,0,0.0,UT,1.0,2729.0
2022-01-17,0,0.5714285714285714,UT,1.0,2980.0
2022-01-24,0,1.0,UT,1.0,3075.0
2022-01-31,0,0.14285714285714285,UT,1.0,2880.0
2022-02-07,0,0.0,UT,1.0,2899.0
2022-02-14,0,0.14285714285714285,UT,1.0,2973.0
2022-02-21,0,1.0,UT,1.0,3393.0
2022-02-28,0,0.14285714285714285,UT,1.0,3033.0
2022-03-07,0,0.0,UT,1.0,3012.0
2022-03-14,0,0.14285714285714285,UT,1.0,3072.0
2022-03-21,0,1.0,UT,1.0,3478.0
2022-03-28,0,0.5714285714285714,UT,1.0,3317.0
2022-04-04,0,0.0,UT,1.0,3241.0
2022-04-11,0,0.0,UT,1.0,3200.0
2022-04-18,0,0.7142857142857143,UT,1.0,3600.0
2022-04-25,0,0.8571428571428571,UT,1.0,3643.0
2022-05-02,0,0.0,UT,1.0,3324.0
2022-05-09,0,0.0,UT,1.0,3415.0
2022-05-16,0,0.42857142857142855,UT,1.0,3526.0
2022-05-23,0,1.0,UT,1.0,3997.0
2022-05-30,0,0.2857142857142857,UT,1.0,3677.0
2022-06-06,1,0.0,UT,1.0,3914.0
2022-06-13,1,0.0,UT,1.0,3747.0
2022-06-20,1,1.0,UT,1.0,4564.0
2022-06-27,1,0.5714285714285714,UT,1.0,4411.0
2022-07-04,1,0.0,UT,1.0,3875.0
2022-07-11,1,0.0,UT,1.0,3892.0
2022-07-18,1,0.7142857142857143,UT,1.0,4247.0
2022-07-25,1,1.0,UT,1.0,4578.0
2022-08-01,1,0.0,UT,1.0,3946.0
2022-08-08,1,0.0,UT,1.0,3879.0
2022-08-15,0,0.2857142857142857,UT,1.0,3662.0
2022-08-22,0,1.0,UT,1.0,4165.0
2022-08-29,0,0.42857142857142855,UT,1.0,3650.0
2022-09-05,0,0.0,UT,1.0,3507.0
2022-09-12,0,0.0,UT,1.0,3434.0
2022-09-19,0,0.8571428571428571,UT,1.0,3951.0
2022-09-26,0,0.7142857142857143,UT,1.0,3846.0
2022-10-03,0,0.0,UT,1.0,3253.0
2022-10-10,0,0.0,UT,1.0,3359.0
2022-10-17,0,0.5714285714285714,UT,1.0,3691.0
2022-10-24,0,1.0,UT,1.0,3977.0
2022-10-31,0,0.14285714285714285,UT,1.0,3397.0
2022-11-07,0,0.0,UT,1.0,3677.0
2022-11-14,0,0.14285714285714285,UT,1.0,3857.0
2022-11-21,0,1.0,UT,1.0,4328.0
2022-11-28,0,0.42857142857142855,UT,1.0,3845.0
2022-12-05,0,0.0,UT,1.0,3798.0
2022-12-12,0,0.0,UT,1.0,3746.0
2022-12-19,0,0.8571428571428571,UT,1.0,4196.0
2022-12-26,1,0.8571428571428571,UT,1.0,4650.0
2023-01-02,1,0.0,UT,1.0,3704.0
2023-01-09,0,0.0,UT,1.0,3451.0
2023-01-16,0,0.42857142857142855,UT,1.0,3695.0
2023-01-23,0,1.0,UT,1.0,3767.0
2023-01-30,0,0.2857142857142857,UT,1.0,3693.0
2023-02-06,0,0.0,UT,1.0,3600.0
2023-02-13,0,0.0,UT,1.0,3478.0
2023-02-20,0,1.0,UT,1.0,3872.0
2023-02-27,0,0.2857142857142857,UT,1.0,3783.0
2023-03-06,0,0.0,UT,1.0,3704.0
2023-03-13,0,0.0,UT,1.0,3498.0
2023-03-20,0,1.0,UT,1.0,4043.0
2023-03-27,0,0.7142857142857143,UT,1.0,3989.0
2023-04-03,0,0.0,UT,1.0,3668.0
2023-04-10,0,0.0,UT,1.0,3933.0
2023-04-17,0,0.5714285714285714,UT,1.0,4109.0
2023-04-24,0,1.0,UT,1.0,4524.0
2023-05-01,0,0.0,UT,1.0,3876.0
2023-05-08,0,0.0,UT,1.0,3986.0
2023-05-15,0,0.2857142857142857,UT,1.0,4220.0
2023-05-22,0,1.0,UT,1.0,4547.0
2023-05-29,0,0.42857142857142855,UT,1.0,4270.0
2023-06-05,1,0.0,UT,1.0,4658.0
2023-06-12,1,0.0,UT,1.0,4602.0
2023-06-19,1,0.8571428571428571,UT,1.0,5102.0
2023-06-26,1,0.7142857142857143,UT,1.0,5093.0
2023-07-03,1,0.0,UT,1.0,4545.0
2023-07-10,1,0.0,UT,1.0,4390.0
2023-07-17,1,0.5714285714285714,UT,1.0,4760.0
2023-07-24,1,1.0,UT,1.0,4996.0
2023-07-31,1,0.14285714285714285,UT,1.0,4517.0
2023-08-07,1,0.0,UT,1.0,4510.0
2023-08-14,1,0.14285714285714285,UT,1.0,4478.0
2023-08-21,0,1.0,UT,1.0,4498.0
2023-08-28,0,0.5714285714285714,UT,1.0,4211.0
2023-09-04,0,0.0,UT,1.0,3888.0
2023-09-11,0,0.0,UT,1.0,3881.0
2023-09-18,0,0.7142857142857143,UT,1.0,4358.0
2023-09-25,0,0.8571428571428571,UT,1.0,4345.0
2023-10-02,0,0.0,UT,1.0,4002.0
2023-10-09,0,0.0,UT,1.0,3939.0
2023-10-16,0,0.42857142857142855,UT,1.0,4092.0
2023-10-23,0,1.0,UT,1.0,4224.0
2023-10-30,0,0.2857142857142857,UT,1.0,3813.0
2023-11-06,0,0.0,UT,1.0,4029.0
2023-11-13,0,0.0,UT,1.0,4121.0
2023-11-20,0,1.0,UT,1.0,4841.0
2023-11-27,0,0.5714285714285714,UT,1.0,4409.0
2023-12-04,0,0.0,UT,1.0,4184.0
2023-12-11,0,0.0,UT,1.0,4098.0
2023-12-18,0,0.7142857142857143,UT,1.0,4674.0
2023-12-25,1,1.0,UT,1.0,5382.0
2024-01-01,1,0.0,UT,1.0,4179.0
2024-01-08,0,0.0,UT,1.0,3844.0
2024-01-15,0,0.2857142857142857,UT,1.0,3925.0
2024-01-22,0,1.0,UT,1.0,4347.0
2024-01-29,0,0.42857142857142855,UT,1.0,4088.0
2024-02-05,0,0.0,UT,1.0,3851.0
2024-02-12,0,0.0,UT,1.0,3886.0
2024-02-19,0,0.8571428571428571,UT,1.0,4452.0
2024-02-26,0,0.5714285714285714,UT,1.0,4433.0
2024-03-04,0,0.0,UT,1.0,3973.0
2024-03-11,0,0.0,UT,1.0,4128.0
2024-03-18,0,0.7142857142857143,UT,1.0,4715.0
2024-03-25,0,1.0,UT,1.0,4953.0
2024-04-01,0,0.0,UT,1.0,4037.0
2024-04-08,0,0.0,UT,1.0,4215.0
2024-04-15,0,0.2857142857142857,UT,1.0,4575.0
2024-04-22,0,1.0,UT,1.0,4925.0
2024-04-29,0,0.2857142857142857,UT,1.0,4669.0
2024-05-06,0,0.0,UT,1.0,4129.0
2024-05-13,0,0.0,UT,1.0,4428.0
2024-05-20,0,1.0,UT,1.0,5120.0
2024-05-27,0,0.7142857142857143,UT,1.0,4720.0
2024-06-03,1,0.0,UT,1.0,4991.0
2024-06-10,1,0.0,UT,1.0,5004.0
2024-06-17,1,0.5714285714285714,UT,1.0,5362.0
2024-06-24,1,1.0,UT,1.0,5747.0
2024-07-01,1,0.0,UT,1.0,5071.0
2024-07-08,1,0.0,UT,1.0,5247.0
2024-07-15,1,0.2857142857142857,UT,1.0,5283.0
2024-07-22,1,1.0,UT,1.0,5776.0
2024-07-29,1,0.42857142857142855,UT,1.0,5130.0
2024-08-05,1,0.0,UT,1.0,4779.0
2024-08-12,1,0.0,UT,1.0,4998.0
2024-08-19,0,0.8571428571428571,UT,1.0,4926.0
2024-08-26,0,0.8571428571428571,UT,1.0,4615.0
2024-09-02,0,0.0,UT,1.0,4085.0
2024-09-09,0,0.0,UT,1.0,4162.0
2024-09-16,0,0.42857142857142855,UT,1.0,4411.0
2024-09-23,0,1.0,UT,1.0,4586.0
2024-09-30,0,0.14285714285714285,UT,1.0,4285.0
2024-10-07,0,0.0,UT,1.0,4200.0
2024-10-14,0,0.14285714285714285,UT,1.0,4131.0
2024-10-21,0,1.0,UT,1.0,4737.0
2024-10-28,0,0.5714285714285714,UT,1.0,4343.0
2024-11-04,0,0.0,UT,1.0,4424.0
2024-11-11,0,0.0,UT,1.0,4475.0
2024-11-18,0,0.7142857142857143,UT,1.0,4954.0
2024-11-25,0,0.8571428571428571,UT,1.0,5053.0
2024-12-02,0,0.0,UT,1.0,4287.0
2024-12-09,0,0.0,UT,1.0,4243.0
2024-12-16,0,0.42857142857142855,UT,1.0,4669.0
2024-12-23,1,1.0,UT,1.0,5569.0
2024-12-30,1,0.2857142857142857,UT,1.0,4880.0
2025-01-06,0,0.0,UT,1.0,3982.0
2025-01-13,0,0.0,UT,1.0,4144.0
2025-01-20,0,1.0,UT,1.0,4814.0
2025-01-27,0,0.7142857142857143,UT,1.0,4438.0
2025-02-03,0,0.0,UT,1.0,3843.0
2025-02-10,0,0.0,UT,1.0,4136.0
2025-02-17,0,0.5714285714285714,UT,1.0,4444.0
2025-02-24,0,0.7142857142857143,UT,1.0,4661.0
2025-03-03,0,0.0,UT,1.0,4162.0
2025-03-10,0,0.0,UT,1.0,4215.0
2025-03-17,0,0.5714285714285714,UT,1.0,4752.0
2025-03-24,0,1.0,UT,1.0,4757.0
2025-03-31,0,0.14285714285714285,UT,1.0,4275.0
2025-04-07,0,0.0,UT,1.0,4264.0
2025-04-14,0,0.14285714285714285,UT,1.0,4363.0
2025-04-21,0,1.0,UT,1.0,5347.0
2025-04-28,0,0.42857142857142855,UT,1.0,4525.0
2025-05-05,0,0.0,UT,1.0,4450.0
2025-05-12,0,0.0,UT,1.0,4478.0
2025-05-19,0,0.8571428571428571,UT,1.0,4935.0
2025-05-26,0,0.8571428571428571,UT,1.0,5063.0
2025-06-02,1,0.0,UT,1.0,4801.0
2025-06-09,1,0.0,UT,1.0,5151.0
2025-06-16,1,0.42857142857142855,UT,1.0,5495.0
2025-06-23,1,1.0,UT,1.0,5874.0
2025-06-30,1,0.14285714285714285,UT,1.0,5117.0
2025-07-07,1,0.0,UT,1.0,5320.0
2025-07-14,1,0.14285714285714285,UT,1.0,5033.0
2025-07-21,1,1.0,UT,1.0,5938.0
2025-07-28,1,0.5714285714285714,UT,1.0,5553.0
2025-08-04,1,0.0,UT,0.9970578281165873,5232.0
2025-08-11,1,0.0,UT,0.9941156562331744,4925.0
2025-08-18,0,0.7142857142857143,UT,0.9911734843497617,4921.0
2025-08-25,0,1.0,UT,0.9882313124663489,5121.0
2025-09-01,0,0.0,UT,0.9852891405829362,4327.0
2025-09-08,0,0.0,UT,0.9823469686995233,4320.0
2025-09-15,0,0.2857142857142857,UT,0.9794047968161106,4458.0
2025-09-22,0,1.0,UT,0.9764626249326978,4894.0
2025-09-29,0,0.2857142857142857,UT,0.973520453049285,4636.0
2025-10-06,0,0.0,UT,0.9705782811658723,4291.0
2025-10-13,0,0.0,UT,0.9676361092824595,4299.0
2025-10-20,0,1.0,UT,0.9646939373990467,4856.0
2025-10-27,0,0.7142857142857143,UT,0.9617517655156339,4862.0
2025-11-03,0,0.0,UT,0.9588095936322212,4791.0
2025-11-10,0,0.0,UT,0.9558674217488083,4753.0
2025-11-17,0,0.5714285714285714,UT,0.9529252498653956,5082.0
2025-11-24,0,1.0,UT,0.9499830779819828,5290.0
2025-12-01,0,0.0,UT,0.9470409060985701,4723.0
2025-12-08,0,0.0,UT,0.9440987342151572,4691.0
2025-12-15,0,0.2857142857142857,UT,0.9411565623317445,4801.0
2025-12-22,1,1.0,UT,0.9382143904483318,5876.0
2025-12-29,1,0.42857142857142855,UT,0.9352722185649189,5605.0
2026-01-05,1,0.0,UT,0.9323300466815062,4836.0
2026-01-12,0,0.0,UT,0.9293878747980934,4163.0
2026-01-19,0,0.8571428571428571,UT,0.9264457029146806,4751.0
2026-01-26,0,0.8571428571428571,UT,0.9235035310312678,4882.0
2026-02-02,0,0.0,UT,0.9205613591478551,4401.0
2026-02-09,0,0.0,UT,0.9176191872644422,4469.0
2026-02-16,0,0.42857142857142855,UT,0.9146770153810295,4926.0
2026-02-23,0,0.8571428571428571,UT,0.9117348434976167,5002.0
2026-03-02,0,0.0,UT,0.908792671614204,4657.0
2026-03-09,0,0.0,UT,0.9058504997307912,4812.0
2026-03-16,0,0.42857142857142855,UT,0.9029083278473784,4938.0
2026-03-23,0,1.0,UT,0.8999661559639657,5240.0
2026-03-30,0,0.2857142857142857,UT,0.8970239840805528,4980.0
2026-04-06,0,0.0,UT,0.8940818121971401,4897.0
2026-04-13,0,0.0,UT,0.8911396403137273,5010.0
2026-04-20,0,1.0,UT,0.8881974684303146,5575.0
2026-04-27,0,0.5714285714285714,UT,0.8852552965469018,5476.0
2026-05-04,0,0.0,UT,0.882313124663489,5074.0
2026-05-11,0,0.0,UT,0.8793709527800763,5045.0
2026-05-18,0,0.7142857142857143,UT,0.8764287808966634,5523.0
2026-05-25,0,1.0,UT,0.8734866090132507,6053.0
2026-06-01,1,0.0,UT,0.8705444371298379,5931.0
2026-06-08,1,0.0,UT,0.8676022652464251,6120.0
2026-06-15,1,0.2857142857142857,UT,0.8646600933630123,6013.0
2026-06-22,1,1.0,UT,0.8617179214795996,6542.0
2026-06-29,1,0.2857142857142857,UT,0.8587757495961867,6280.0
2026-07-06,1,0.0,UT,0.855833577712774,5775.0
2026-07-13,1,0.0,UT,0.8528914058293613,5853.0
2026-07-20,1,1.0,UT,0.8499492339459485,6727.0
2026-07-27,1,0.7142857142857143,UT,0.8499492339459485,6566.0
2026-08-03,1,0.0,UT,0.8499492339459485,5700.0
2026-08-10,1,0.0,UT,0.8499492339459485,5994.0
2026-08-17,0,0.5714285714285714,UT,0.8499492339459485,5609.0
2026-08-24,0,1.0,UT,0.8499492339459485,6043.0
2026-08-31,0,0.14285714285714285,UT,0.8499492339459485,5105.0
2026-09-07,0,0.0,UT,0.8499492339459485,5124.0
2026-09-14,0,0.14285714285714285,UT,0.8499492339459485,4963.0
2026-09-21,0,1.0,UT,0.8499492339459485,5809.0
2019-01-07,0,0.0,VA,1.0,5558.0
2019-01-14,0,0.14285714285714285,VA,1.0,5725.0
2019-01-21,0,1.0,VA,1.0,6387.0
2019-01-28,0,0.5714285714285714,VA,1.0,6157.0
2019-02-04,0,0.0,VA,1.0,5667.0
2019-02-11,0,0.0,VA,1.0,5671.0
2019-02-18,0,0.7142857142857143,VA,1.0,6261.0
2019-02-25,0,0.5714285714285714,VA,1.0,6271.0
2019-03-04,0,0.0,VA,1.0,5860.0
2019-03-11,0,0.0,VA,1.0,5827.0
2019-03-18,0,0.7142857142857143,VA,1.0,6497.0
2019-03-25,0,1.0,VA,1.0,6725.0
2019-04-01,0,0.0,VA,1.0,5976.0
2019-04-08,0,0.0,VA,1.0,5995.0
2019-04-15,0,0.2857142857142857,VA,1.0,6343.0
2019-04-22,0,1.0,VA,1.0,6891.0
2019-04-29,0,0.2857142857142857,VA,1.0,6398.0
2019-05-06,0,0.0,VA,1.0,6118.0
2019-05-13,0,0.0,VA,1.0,6124.0
2019-05-20,0,1.0,VA,1.0,7243.0
2019-05-27,0,0.7142857142857143,VA,1.0,6921.0
2019-06-03,1,0.0,VA,1.0,7070.0
2019-06-10,1,0.0,VA,1.0,6936.0
2019-06-17,1,0.5714285714285714,VA,1.0,7600.0
2019-06-24,1,1.0,VA,1.0,7939.0
2019-07-01,1,0.0,VA,1.0,7051.0
2019-07-08,1,0.0,VA,1.0,6969.0
2019-07-15,1,0.2857142857142857,VA,1.0,7180.0
2019-07-22,1,1.0,VA,1.0,8010.0
2019-07-29,1,0.42857142857142855,VA,1.0,7367.0
2019-08-05,1,0.0,VA,1.0,6936.0
2019-08-12,1,0.0,VA,1.0,6766.0
2019-08-19,0,0.8571428571428571,VA,1.0,6862.0
2019-08-26,0,0.8571428571428571,VA,1.0,6820.0
2019-09-02,0,0.0,VA,1.0,6010.0
2019-09-09,0,0.0,VA,1.0,5880.0
2019-09-16,0,0.42857142857142855,VA,1.0,6324.0
2019-09-23,0,1.0,VA,1.0,6810.0
2019-09-30,0,0.14285714285714285,VA,1.0,5925.0
2019-10-07,0,0.0,VA,1.0,5697.0
2019-10-14,0,0.14285714285714285,VA,1.0,5931.0
2019-10-21,0,1.0,VA,1.0,6532.0
2019-10-28,0,0.5714285714285714,VA,1.0,6138.0
2019-11-04,0,0.0,VA,1.0,6132.0
2019-11-11,0,0.0,VA,1.0,6108.0
2019-11-18,0,0.7142857142857143,VA,1.0,6694.0
2019-11-25,0,0.8571428571428571,VA,1.0,6875.0
2019-12-02,0,0.0,VA,1.0,6067.0
2019-12-09,0,0.0,VA,1.0,6011.0
2019-12-16,0,0.42857142857142855,VA,1.0,6478.0
2019-12-23,1,1.0,VA,1.0,7772.0
2019-12-30,1,0.2857142857142857,VA,1.0,7007.0
2020-01-06,0,0.0,VA,1.0,5546.0
2020-01-13,0,0.0,VA,1.0,5557.0
2020-01-20,0,1.0,VA,1.0,6376.0
2020-01-27,0,0.7142857142857143,VA,1.0,6109.0
2020-02-03,0,0.0,VA,1.0,5562.0
2020-02-10,0,0.0,VA,1.0,5592.0
2020-02-17,0,0.5714285714285714,VA,1.0,6081.0
2020-02-24,0,0.8571428571428571,VA,1.0,6504.0
2020-03-02,0,0.0,VA,1.0,5739.0
2020-03-09,0,0.0,VA,1.0,5764.0
2020-03-16,0,0.42857142857142855,VA,1.0,6221.0
2020-03-23,0,1.0,VA,1.0,6666.0
2020-03-30,0,0.2857142857142857,VA,1.0,6150.0
2020-04-06,0,0.0,VA,1.0,6018.0
2020-04-13,0,0.0,VA,1.0,5896.0
2020-04-20,0,1.0,VA,1.0,6877.0
2020-04-27,0,0.5714285714285714,VA,1.0,6570.0
2020-05-04,0,0.0,VA,1.0,6021.0
2020-05-11,0,0.0,VA,1.0,6107.0
2020-05-18,0,0.7142857142857143,VA,1.0,6778.0
2020-05-25,0,1.0,VA,1.0,7111.0
2020-06-01,1,0.0,VA,1.0,6960.0
2020-06-08,1,0.0,VA,1.0,6839.0
2020-06-15,1,0.2857142857142857,VA,1.0,7140.0
2020-06-22,1,1.0,VA,1.0,7936.0
2020-06-29,1,0.2857142857142857,VA,1.0,7100.0
2020-07-06,1,0.0,VA,1.0,6909.0
2020-07-13,1,0.0,VA,1.0,6849.0
2020-07-20,1,1.0,VA,1.0,7860.0
2020-07-27,1,0.7142857142857143,VA,1.0,7609.0
2020-08-03,1,0.0,VA,1.0,6759.0
2020-08-10,1,0.0,VA,1.0,6695.0
2020-08-17,0,0.5714285714285714,VA,1.0,6421.0
2020-08-24,0,1.0,VA,1.0,6824.0
2020-08-31,0,0.14285714285714285,VA,1.0,5851.0
2020-09-07,0,0.0,VA,1.0,5810.0
2020-09-14,0,0.14285714285714285,VA,1.0,5810.0
2020-09-21,0,1.0,VA,1.0,6492.0
2020-09-28,0,0.42857142857142855,VA,1.0,5973.0
2020-10-05,0,0.0,VA,1.0,5582.0
2020-10-12,0,0.0,VA,1.0,5528.0
2020-10-19,0,0.8571428571428571,VA,1.0,6126.0
2020-10-26,0,0.8571428571428571,VA,1.0,6036.0
2020-11-02,0,0.0,VA,1.0,5972.0
2020-11-09,0,0.0,VA,1.0,6008.0
2020-11-16,0,0.42857142857142855,VA,1.0,6202.0
2020-11-23,0,1.0,VA,1.0,6724.0
2020-11-30,0,0.14285714285714285,VA,1.0,5907.0
2020-12-07,0,0.0,VA,1.0,5671.0
2020-12-14,0,0.14285714285714285,VA,1.0,5854.0
2020-12-21,1,1.0,VA,1.0,7367.0
2020-12-28,1,0.5714285714285714,VA,1.0,6886.0
2021-01-04,1,0.0,VA,1.0,5812.0
2021-01-11,0,0.0,VA,1.0,5302.0
2021-01-18,0,0.7142857142857143,VA,1.0,5715.0
2021-01-25,0,1.0,VA,1.0,6079.0
2021-02-01,0,0.0,VA,1.0,5278.0
2021-02-08,0,0.0,VA,1.0,5230.0
2021-02-15,0,0.2857142857142857,VA,1.0,5482.0
2021-02-22,0,1.0,VA,1.0,6127.0
2021-03-01,0,0.0,VA,1.0,5283.0
2021-03-08,0,0.0,VA,1.0,5444.0
2021-03-15,0,0.2857142857142857,VA,1.0,5645.0
2021-03-22,0,1.0,VA,1.0,6225.0
2021-03-29,0,0.42857142857142855,VA,1.0,5789.0
2021-04-05,0,0.0,VA,1.0,5420.0
2021-04-12,0,0.0,VA,1.0,5463.0
2021-04-19,0,0.8571428571428571,VA,1.0,6303.0
2021-04-26,0,0.7142857142857143,VA,1.0,6136.0
2021-05-03,0,0.0,VA,1.0,5638.0
2021-05-10,0,0.0,VA,1.0,5569.0
2021-05-17,0,0.5714285714285714,VA,1.0,6031.0
2021-05-24,0,1.0,VA,1.0,6512.0
2021-05-31,0,0.14285714285714285,VA,1.0,5698.0
2021-06-07,1,0.0,VA,1.0,6243.0
2021-06-14,1,0.14285714285714285,VA,1.0,6386.0
2021-06-21,1,1.0,VA,1.0,7280.0
2021-06-28,1,0.42857142857142855,VA,1.0,6555.0
2021-07-05,1,0.0,VA,1.0,6104.0
2021-07-12,1,0.0,VA,1.0,6248.0
2021-07-19,1,0.8571428571428571,VA,1.0,7089.0
2021-07-26,1,0.8571428571428571,VA,1.0,7103.0
2021-08-02,1,0.0,VA,1.0,6375.0
2021-08-09,1,0.0,VA,1.0,6365.0
2021-08-16,0,0.42857142857142855,VA,1.0,6119.0
2021-08-23,0,1.0,VA,1.0,6538.0
2021-08-30,0,0.2857142857142857,VA,1.0,5904.0
2021-09-06,0,0.0,VA,1.0,5665.0
2021-09-13,0,0.0,VA,1.0,5652.0
2021-09-20,0,1.0,VA,1.0,6479.0
2021-09-27,0,0.5714285714285714,VA,1.0,6136.0
2021-10-04,0,0.0,VA,1.0,5772.0
2021-10-11,0,0.0,VA,1.0,5689.0
2021-10-18,0,0.7142857142857143,VA,1.0,6325.0
2021-10-25,0,1.0,VA,1.0,6518.0
2021-11-01,0,0.0,VA,1.0,6236.0
2021-11-08,0,0.0,VA,1.0,6350.0
2021-11-15,0,0.2857142857142857,VA,1.0,6432.0
2021-11-22,0,1.0,VA,1.0,7259.0
2021-11-29,0,0.2857142857142857,VA,1.0,6597.0
2021-12-06,0,0.0,VA,1.0,6458.0
2021-12-13,0,0.0,VA,1.0,6353.0
2021-12-20,1,1.0,VA,1.0,8202.0
2021-12-27,1,0.7142857142857143,VA,1.0,8007.0
2022-01-03,1,0.0,VA,1.0,6657.0
2022-01-10,0,0.0,VA,1.0,5997.0
2022-01-17,0,0.5714285714285714,VA,1.0,6496.0
2022-01-24,0,1.0,VA,1.0,7073.0
2022-01-31,0,0.14285714285714285,VA,1.0,6292.0
2022-02-07,0,0.0,VA,1.0,6194.0
2022-02-14,0,0.14285714285714285,VA,1.0,6403.0
2022-02-21,0,1.0,VA,1.0,7261.0
2022-02-28,0,0.14285714285714285,VA,1.0,6489.0
2022-03-07,0,0.0,VA,1.0,6601.0
2022-03-14,0,0.14285714285714285,VA,1.0,6751.0
2022-03-21,0,1.0,VA,1.0,7728.0
2022-03-28,0,0.5714285714285714,VA,1.0,7418.0
2022-04-04,0,0.0,VA,1.0,6887.0
2022-04-11,0,0.0,VA,1.0,6857.0
2022-04-18,0,0.7142857142857143,VA,1.0,7838.0
2022-04-25,0,0.8571428571428571,VA,1.0,8050.0
2022-05-02,0,0.0,VA,1.0,7216.0
2022-05-09,0,0.0,VA,1.0,7243.0
2022-05-16,0,0.42857142857142855,VA,1.0,7980.0
2022-05-23,0,1.0,VA,1.0,8663.0
2022-05-30,0,0.2857142857142857,VA,1.0,7824.0
2022-06-06,1,0.0,VA,1.0,8518.0
2022-06-13,1,0.0,VA,1.0,8584.0
2022-06-20,1,1.0,VA,1.0,9902.0
2022-06-27,1,0.5714285714285714,VA,1.0,9403.0
2022-07-04,1,0.0,VA,1.0,8626.0
2022-07-11,1,0.0,VA,1.0,8626.0
2022-07-18,1,0.7142857142857143,VA,1.0,9660.0
2022-07-25,1,1.0,VA,1.0,9699.0
2022-08-01,1,0.0,VA,1.0,8644.0
2022-08-08,1,0.0,VA,1.0,8740.0
2022-08-15,0,0.2857142857142857,VA,1.0,7771.0
2022-08-22,0,1.0,VA,1.0,8822.0
2022-08-29,0,0.42857142857142855,VA,1.0,8083.0
2022-09-05,0,0.0,VA,1.0,7438.0
2022-09-12,0,0.0,VA,1.0,7556.0
2022-09-19,0,0.8571428571428571,VA,1.0,8406.0
2022-09-26,0,0.7142857142857143,VA,1.0,8269.0
2022-10-03,0,0.0,VA,1.0,7407.0
2022-10-10,0,0.0,VA,1.0,7434.0
2022-10-17,0,0.5714285714285714,VA,1.0,7884.0
2022-10-24,0,1.0,VA,1.0,8314.0
2022-10-31,0,0.14285714285714285,VA,1.0,7372.0
2022-11-07,0,0.0,VA,1.0,7839.0
2022-11-14,0,0.14285714285714285,VA,1.0,8128.0
2022-11-21,0,1.0,VA,1.0,9019.0
2022-11-28,0,0.42857142857142855,VA,1.0,8385.0
2022-12-05,0,0.0,VA,1.0,7871.0
2022-12-12,0,0.0,VA,1.0,7791.0
2022-12-19,0,0.8571428571428571,VA,1.0,8915.0
2022-12-26,1,0.8571428571428571,VA,1.0,10024.0
2023-01-02,1,0.0,VA,1.0,8102.0
2023-01-09,0,0.0,VA,1.0,7262.0
2023-01-16,0,0.42857142857142855,VA,1.0,7726.0
2023-01-23,0,1.0,VA,1.0,8419.0
2023-01-30,0,0.2857142857142857,VA,1.0,7584.0
2023-02-06,0,0.0,VA,1.0,7393.0
2023-02-13,0,0.0,VA,1.0,7597.0
2023-02-20,0,1.0,VA,1.0,8753.0
2023-02-27,0,0.2857142857142857,VA,1.0,8066.0
2023-03-06,0,0.0,VA,1.0,7649.0
2023-03-13,0,0.0,VA,1.0,7762.0
2023-03-20,0,1.0,VA,1.0,8970.0
2023-03-27,0,0.7142857142857143,VA,1.0,8717.0
2023-04-03,0,0.0,VA,1.0,7862.0
2023-04-10,0,0.0,VA,1.0,8044.0
2023-04-17,0,0.5714285714285714,VA,1.0,8667.0
2023-04-24,0,1.0,VA,1.0,9261.0
2023-05-01,0,0.0,VA,1.0,8388.0
2023-05-08,0,0.0,VA,1.0,8249.0
2023-05-15,0,0.2857142857142857,VA,1.0,8614.0
2023-05-22,0,1.0,VA,1.0,9658.0
2023-05-29,0,0.42857142857142855,VA,1.0,9039.0
2023-06-05,1,0.0,VA,1.0,9408.0
2023-06-12,1,0.0,VA,1.0,9552.0
2023-06-19,1,0.8571428571428571,VA,1.0,10839.0
2023-06-26,1,0.7142857142857143,VA,1.0,10386.0
2023-07-03,1,0.0,VA,1.0,9650.0
2023-07-10,1,0.0,VA,1.0,9362.0
2023-07-17,1,0.5714285714285714,VA,1.0,10322.0
2023-07-24,1,1.0,VA,1.0,10872.0
2023-07-31,1,0.14285714285714285,VA,1.0,9700.0
2023-08-07,1,0.0,VA,1.0,9393.0
2023-08-14,1,0.14285714285714285,VA,1.0,9495.0
2023-08-21,0,1.0,VA,1.0,9587.0
2023-08-28,0,0.5714285714285714,VA,1.0,9121.0
2023-09-04,0,0.0,VA,1.0,8312.0
2023-09-11,0,0.0,VA,1.0,8277.0
2023-09-18,0,0.7142857142857143,VA,1.0,9086.0
2023-09-25,0,0.8571428571428571,VA,1.0,9166.0
2023-10-02,0,0.0,VA,1.0,8150.0
2023-10-09,0,0.0,VA,1.0,8114.0
2023-10-16,0,0.42857142857142855,VA,1.0,8542.0
2023-10-23,0,1.0,VA,1.0,9149.0
2023-10-30,0,0.2857142857142857,VA,1.0,8274.0
2023-11-06,0,0.0,VA,1.0,8664.0
2023-11-13,0,0.0,VA,1.0,8615.0
2023-11-20,0,1.0,VA,1.0,9807.0
2023-11-27,0,0.5714285714285714,VA,1.0,9188.0
2023-12-04,0,0.0,VA,1.0,8681.0
2023-12-11,0,0.0,VA,1.0,8668.0
2023-12-18,0,0.7142857142857143,VA,1.0,9569.0
2023-12-25,1,1.0,VA,1.0,10998.0
2024-01-01,1,0.0,VA,1.0,8801.0
2024-01-08,0,0.0,VA,1.0,7784.0
2024-01-15,0,0.2857142857142857,VA,1.0,8138.0
2024-01-22,0,1.0,VA,1.0,9023.0
2024-01-29,0,0.42857142857142855,VA,1.0,8366.0
2024-02-05,0,0.0,VA,1.0,8038.0
2024-02-12,0,0.0,VA,1.0,8255.0
2024-02-19,0,0.8571428571428571,VA,1.0,9149.0
2024-02-26,0,0.5714285714285714,VA,1.0,8818.0
2024-03-04,0,0.0,VA,1.0,8286.0
2024-03-11,0,0.0,VA,1.0,8318.0
2024-03-18,0,0.7142857142857143,VA,1.0,9140.0
2024-03-25,0,1.0,VA,1.0,9788.0
2024-04-01,0,0.0,VA,1.0,8454.0
2024-04-08,0,0.0,VA,1.0,8537.0
2024-04-15,0,0.2857142857142857,VA,1.0,9103.0
2024-04-22,0,1.0,VA,1.0,10209.0
2024-04-29,0,0.2857142857142857,VA,1.0,9099.0
2024-05-06,0,0.0,VA,1.0,8830.0
2024-05-13,0,0.0,VA,1.0,8889.0
2024-05-20,0,1.0,VA,1.0,10215.0
2024-05-27,0,0.7142857142857143,VA,1.0,9906.0
2024-06-03,1,0.0,VA,1.0,9986.0
2024-06-10,1,0.0,VA,1.0,10141.0
2024-06-17,1,0.5714285714285714,VA,1.0,10880.0
2024-06-24,1,1.0,VA,1.0,11711.0
2024-07-01,1,0.0,VA,1.0,10051.0
2024-07-08,1,0.0,VA,1.0,10004.0
2024-07-15,1,0.2857142857142857,VA,1.0,10364.0
2024-07-22,1,1.0,VA,1.0,11439.0
2024-07-29,1,0.42857142857142855,VA,1.0,10515.0
2024-08-05,1,0.0,VA,1.0,9830.0
2024-08-12,1,0.0,VA,1.0,9897.0
2024-08-19,0,0.8571428571428571,VA,1.0,10022.0
2024-08-26,0,0.8571428571428571,VA,1.0,9583.0
2024-09-02,0,0.0,VA,1.0,8766.0
2024-09-09,0,0.0,VA,1.0,8540.0
2024-09-16,0,0.42857142857142855,VA,1.0,9060.0
2024-09-23,0,1.0,VA,1.0,9815.0
2024-09-30,0,0.14285714285714285,VA,1.0,8729.0
2024-10-07,0,0.0,VA,1.0,8274.0
2024-10-14,0,0.14285714285714285,VA,1.0,8588.0
2024-10-21,0,1.0,VA,1.0,9398.0
2024-10-28,0,0.5714285714285714,VA,1.0,8967.0
2024-11-04,0,0.0,VA,1.0,8892.0
2024-11-11,0,0.0,VA,1.0,9283.0
2024-11-18,0,0.7142857142857143,VA,1.0,9875.0
2024-11-25,0,0.8571428571428571,VA,1.0,10107.0
2024-12-02,0,0.0,VA,1.0,8746.0
2024-12-09,0,0.0,VA,1.0,8866.0
2024-12-16,0,0.42857142857142855,VA,1.0,9228.0
2024-12-23,1,1.0,VA,1.0,11330.0
2024-12-30,1,0.2857142857142857,VA,1.0,10215.0
2025-01-06,0,0.0,VA,1.0,8146.0
2025-01-13,0,0.0,VA,1.0,7956.0
2025-01-20,0,1.0,VA,1.0,9262.0
2025-01-27,0,0.7142857142857143,VA,1.0,9035.0
2025-02-03,0,0.0,VA,1.0,8179.0
2025-02-10,0,0.0,VA,1.0,8115.0
2025-02-17,0,0.5714285714285714,VA,1.0,9007.0
2025-02-24,0,0.7142857142857143,VA,1.0,9097.0
2025-03-03,0,0.0,VA,1.0,8356.0
2025-03-10,0,0.0,VA,1.0,8413.0
2025-03-17,0,0.5714285714285714,VA,1.0,9331.0
2025-03-24,0,1.0,VA,1.0,9728.0
2025-03-31,0,0.14285714285714285,VA,1.0,8878.0
2025-04-07,0,0.0,VA,1.0,8673.0
2025-04-14,0,0.14285714285714285,VA,1.0,8861.0
2025-04-21,0,1.0,VA,1.0,10122.0
2025-04-28,0,0.42857142857142855,VA,1.0,9397.0
2025-05-05,0,0.0,VA,1.0,8817.0
2025-05-12,0,0.0,VA,1.0,8851.0
2025-05-19,0,0.8571428571428571,VA,1.0,10062.0
2025-05-26,0,0.8571428571428571,VA,1.0,10034.0
2025-06-02,1,0.0,VA,1.0,10102.0
2025-06-09,1,0.0,VA,1.0,10006.0
2025-06-16,1,0.42857142857142855,VA,1.0,10794.0
2025-06-23,1,1.0,VA,1.0,11602.0
2025-06-30,1,0.14285714285714285,VA,1.0,10311.0
2025-07-07,1,0.0,VA,1.0,10006.0
2025-07-14,1,0.14285714285714285,VA,1.0,10186.0
2025-07-21,1,1.0,VA,1.0,11528.0
2025-07-28,1,0.5714285714285714,VA,1.0,10854.0
2025-08-04,1,0.0,VA,0.9985459772168686,10073.0
2025-08-11,1,0.0,VA,0.9970919544337371,10023.0
2025-08-18,0,0.7142857142857143,VA,0.9956379316506057,9783.0
2025-08-25,0,1.0,VA,0.9941839088674743,10061.0
2025-09-01,0,0.0,VA,0.9927298860843429,8729.0
2025-09-08,0,0.0,VA,0.9912758633012114,8614.0
2025-09-15,0,0.2857142857142857,VA,0.98982184051808,9064.0
2025-09-22,0,1.0,VA,0.9883678177349485,9976.0
2025-09-29,0,0.2857142857142857,VA,0.9869137949518171,8940.0
2025-10-06,0,0.0,VA,0.9854597721686857,8391.0
2025-10-13,0,0.0,VA,0.9840057493855543,8453.0
2025-10-20,0,1.0,VA,0.9825517266024228,9840.0
2025-10-27,0,0.7142857142857143,VA,0.9810977038192914,9196.0
2025-11-03,0,0.0,VA,0.97964368103616,9178.0
2025-11-10,0,0.0,VA,0.9781896582530285,9060.0
2025-11-17,0,0.5714285714285714,VA,0.9767356354698971,9974.0
2025-11-24,0,1.0,VA,0.9752816126867657,10579.0
2025-12-01,0,0.0,VA,0.9738275899036343,9108.0
2025-12-08,0,0.0,VA,0.9723735671205028,9144.0
2025-12-15,0,0.2857142857142857,VA,0.9709195443373714,9447.0
2025-12-22,1,1.0,VA,0.9694655215542399,11616.0
2025-12-29,1,0.42857142857142855,VA,0.9680114987711085,10813.0
2026-01-05,1,0.0,VA,0.9665574759879771,9286.0
2026-01-12,0,0.0,VA,0.9651034532048457,8419.0
2026-01-19,0,0.8571428571428571,VA,0.9636494304217142,9547.0
2026-01-26,0,0.8571428571428571,VA,0.9621954076385828,9665.0
2026-02-02,0,0.0,VA,0.9607413848554514,8486.0
2026-02-09,0,0.0,VA,0.9592873620723199,8597.0
2026-02-16,0,0.42857142857142855,VA,0.9578333392891885,9256.0
2026-02-23,0,0.8571428571428571,VA,0.9563793165060571,9827.0
2026-03-02,0,0.0,VA,0.9549252937229257,8727.0
2026-03-09,0,0.0,VA,0.9534712709397942,8912.0
2026-03-16,0,0.42857142857142855,VA,0.9520172481566628,9525.0
2026-03-23,0,1.0,VA,0.9505632253735313,10386.0
2026-03-30,0,0.2857142857142857,VA,0.9491092025904,9384.0
2026-04-06,0,0.0,VA,0.9476551798072685,9170.0
2026-04-13,0,0.0,VA,0.9462011570241371,9280.0
2026-04-20,0,1.0,VA,0.9447471342410056,10743.0
2026-04-27,0,0.5714285714285714,VA,0.9432931114578742,10148.0
2026-05-04,0,0.0,VA,0.9418390886747428,9465.0
2026-05-11,0,0.0,VA,0.9403850658916113,9652.0
2026-05-18,0,0.7142857142857143,VA,0.93893104310848,10663.0
2026-05-25,0,1.0,VA,0.9374770203253485,11164.0
2026-06-01,1,0.0,VA,0.9360229975422171,10766.0
2026-06-08,1,0.0,VA,0.9345689747590856,10822.0
2026-06-15,1,0.2857142857142857,VA,0.9331149519759542,11454.0
2026-06-22,1,1.0,VA,0.9316609291928227,12640.0
2026-06-29,1,0.2857142857142857,VA,0.9302069064096914,11395.0
2026-07-06,1,0.0,VA,0.9287528836265599,11014.0
2026-07-13,1,0.0,VA,0.9272988608434285,10996.0
2026-07-20,1,1.0,VA,0.925844838060297,12381.0
2026-07-27,1,0.7142857142857143,VA,0.925844838060297,12237.0
2026-08-03,1,0.0,VA,0.925844838060297,10696.0
2026-08-10,1,0.0,VA,0.925844838060297,10733.0
2026-08-17,0,0.5714285714285714,VA,0.925844838060297,10263.0
2026-08-24,0,1.0,VA,0.925844838060297,11033.0
2026-08-31,0,0.14285714285714285,VA,0.925844838060297,9778.0
2026-09-07,0,0.0,VA,0.925844838060297,9444.0
2026-09-14,0,0.14285714285714285,VA,0.925844838060297,9607.0
2026-09-21,0,1.0,VA,0.925844838060297,10514.0
2019-01-07,0,0.0,VT,1.0,412.0
2019-01-14,0,0.14285714285714285,VT,1.0,407.0
2019-01-21,0,1.0,VT,1.0,465.0
2019-01-28,0,0.5714285714285714,VT,1.0,454.0
2019-02-04,0,0.0,VT,1.0,429.0
2019-02-11,0,0.0,VT,1.0,403.0
2019-02-18,0,0.7142857142857143,VT,1.0,461.0
2019-02-25,0,0.5714285714285714,VT,1.0,454.0
2019-03-04,0,0.0,VT,1.0,427.0
2019-03-11,0,0.0,VT,1.0,419.0
2019-03-18,0,0.7142857142857143,VT,1.0,467.0
2019-03-25,0,1.0,VT,1.0,506.0
2019-04-01,0,0.0,VT,1.0,412.0
2019-04-08,0,0.0,VT,1.0,444.0
2019-04-15,0,0.2857142857142857,VT,1.0,466.0
2019-04-22,0,1.0,VT,1.0,517.0
2019-04-29,0,0.2857142857142857,VT,1.0,464.0
2019-05-06,0,0.0,VT,1.0,456.0
2019-05-13,0,0.0,VT,1.0,470.0
2019-05-20,0,1.0,VT,1.0,510.0
2019-05-27,0,0.7142857142857143,VT,1.0,508.0
2019-06-03,1,0.0,VT,1.0,517.0
2019-06-10,1,0.0,VT,1.0,504.0
2019-06-17,1,0.5714285714285714,VT,1.0,567.0
2019-06-24,1,1.0,VT,1.0,584.0
2019-07-01,1,0.0,VT,1.0,505.0
2019-07-08,1,0.0,VT,1.0,503.0
2019-07-15,1,0.2857142857142857,VT,1.0,533.0
2019-07-22,1,1.0,VT,1.0,586.0
2019-07-29,1,0.42857142857142855,VT,1.0,534.0
2019-08-05,1,0.0,VT,1.0,505.0
2019-08-12,1,0.0,VT,1.0,494.0
2019-08-19,0,0.8571428571428571,VT,1.0,489.0
2019-08-26,0,0.8571428571428571,VT,1.0,479.0
2019-09-02,0,0.0,VT,1.0,429.0
2019-09-09,0,0.0,VT,1.0,431.0
2019-09-16,0,0.42857142857142855,VT,1.0,450.0
2019-09-23,0,1.0,VT,1.0,480.0
2019-09-30,0,0.14285714285714285,VT,1.0,428.0
2019-10-07,0,0.0,VT,1.0,413.0
2019-10-14,0,0.14285714285714285,VT,1.0,416.0
2019-10-21,0,1.0,VT,1.0,469.0
2019-10-28,0,0.5714285714285714,VT,1.0,442.0
2019-11-04,0,0.0,VT,1.0,444.0
2019-11-11,0,0.0,VT,1.0,437.0
2019-11-18,0,0.7142857142857143,VT,1.0,487.0
2019-11-25,0,0.8571428571428571,VT,1.0,506.0
2019-12-02,0,0.0,VT,1.0,439.0
2019-12-09,0,0.0,VT,1.0,431.0
2019-12-16,0,0.42857142857142855,VT,1.0,444.0
2019-12-23,1,1.0,VT,1.0,557.0
2019-12-30,1,0.2857142857142857,VT,1.0,498.0
2020-01-06,0,0.0,VT,1.0,398.0
2020-01-13,0,0.0,VT,1.0,383.0
2020-01-20,0,1.0,VT,1.0,445.0
2020-01-27,0,0.7142857142857143,VT,1.0,458.0
2020-02-03,0,0.0,VT,1.0,406.0
2020-02-10,0,0.0,VT,1.0,400.0
2020-02-17,0,0.5714285714285714,VT,1.0,457.0
2020-02-24,0,0.8571428571428571,VT,1.0,458.0
2020-03-02,0,0.0,VT,1.0,406.0
2020-03-09,0,0.0,VT,1.0,408.0
2020-03-16,0,0.42857142857142855,VT,1.0,438.0
2020-03-23,0,1.0,VT,1.0,479.0
2020-03-30,0,0.2857142857142857,VT,1.0,445.0
2020-04-06,0,0.0,VT,1.0,419.0
2020-04-13,0,0.0,VT,1.0,423.0
2020-04-20,0,1.0,VT,1.0,491.0
2020-04-27,0,0.5714285714285714,VT,1.0,473.0
2020-05-04,0,0.0,VT,1.0,433.0
2020-05-11,0,0.0,VT,1.0,436.0
2020-05-18,0,0.7142857142857143,VT,1.0,497.0
2020-05-25,0,1.0,VT,1.0,498.0
2020-06-01,1,0.0,VT,1.0,482.0
2020-06-08,1,0.0,VT,1.0,477.0
2020-06-15,1,0.2857142857142857,VT,1.0,512.0
2020-06-22,1,1.0,VT,1.0,560.0
2020-06-29,1,0.2857142857142857,VT,1.0,512.0
2020-07-06,1,0.0,VT,1.0,471.0
2020-07-13,1,0.0,VT,1.0,494.0
2020-07-20,1,1.0,VT,1.0,554.0
2020-07-27,1,0.7142857142857143,VT,1.0,532.0
2020-08-03,1,0.0,VT,1.0,490.0
2020-08-10,1,0.0,VT,1.0,468.0
2020-08-17,0,0.5714285714285714,VT,1.0,464.0
2020-08-24,0,1.0,VT,1.0,476.0
2020-08-31,0,0.14285714285714285,VT,1.0,421.0
2020-09-07,0,0.0,VT,1.0,401.0
2020-09-14,0,0.14285714285714285,VT,1.0,419.0
2020-09-21,0,1.0,VT,1.0,453.0
2020-09-28,0,0.42857142857142855,VT,1.0,416.0
2020-10-05,0,0.0,VT,1.0,395.0
2020-10-12,0,0.0,VT,1.0,390.0
2020-10-19,0,0.8571428571428571,VT,1.0,439.0
2020-10-26,0,0.8571428571428571,VT,1.0,433.0
2020-11-02,0,0.0,VT,1.0,412.0
2020-11-09,0,0.0,VT,1.0,430.0
2020-11-16,0,0.42857142857142855,VT,1.0,437.0
2020-11-23,0,1.0,VT,1.0,471.0
2020-11-30,0,0.14285714285714285,VT,1.0,429.0
2020-12-07,0,0.0,VT,1.0,396.0
2020-12-14,0,0.14285714285714285,VT,1.0,415.0
2020-12-21,1,1.0,VT,1.0,525.0
2020-12-28,1,0.5714285714285714,VT,1.0,489.0
2021-01-04,1,0.0,VT,1.0,427.0
2021-01-11,0,0.0,VT,1.0,373.0
2021-01-18,0,0.7142857142857143,VT,1.0,396.0
2021-01-25,0,1.0,VT,1.0,433.0
2021-02-01,0,0.0,VT,1.0,386.0
2021-02-08,0,0.0,VT,1.0,378.0
2021-02-15,0,0.2857142857142857,VT,1.0,387.0
2021-02-22,0,1.0,VT,1.0,426.0
2021-03-01,0,0.0,VT,1.0,377.0
2021-03-08,0,0.0,VT,1.0,373.0
2021-03-15,0,0.2857142857142857,VT,1.0,394.0
2021-03-22,0,1.0,VT,1.0,443.0
2021-03-29,0,0.42857142857142855,VT,1.0,408.0
2021-04-05,0,0.0,VT,1.0,394.0
2021-04-12,0,0.0,VT,1.0,391.0
2021-04-19,0,0.8571428571428571,VT,1.0,440.0
2021-04-26,0,0.7142857142857143,VT,1.0,441.0
2021-05-03,0,0.0,VT,1.0,390.0
2021-05-10,0,0.0,VT,1.0,394.0
2021-05-17,0,0.5714285714285714,VT,1.0,426.0
2021-05-24,0,1.0,VT,1.0,460.0
2021-05-31,0,0.14285714285714285,VT,1.0,406.0
2021-06-07,1,0.0,VT,1.0,455.0
2021-06-14,1,0.14285714285714285,VT,1.0,453.0
2021-06-21,1,1.0,VT,1.0,512.0
2021-06-28,1,0.42857142857142855,VT,1.0,477.0
2021-07-05,1,0.0,VT,1.0,435.0
2021-07-12,1,0.0,VT,1.0,441.0
2021-07-19,1,0.8571428571428571,VT,1.0,510.0
2021-07-26,1,0.8571428571428571,VT,1.0,505.0
2021-08-02,1,0.0,VT,1.0,449.0
2021-08-09,1,0.0,VT,1.0,445.0
2021-08-16,0,0.42857142857142855,VT,1.0,425.0
2021-08-23,0,1.0,VT,1.0,464.0
2021-08-30,0,0.2857142857142857,VT,1.0,414.0
2021-09-06,0,0.0,VT,1.0,396.0
2021-09-13,0,0.0,VT,1.0,409.0
2021-09-20,0,1.0,VT,1.0,466.0
2021-09-27,0,0.5714285714285714,VT,1.0,430.0
2021-10-04,0,0.0,VT,1.0,383.0
2021-10-11,0,0.0,VT,1.0,391.0
2021-10-18,0,0.7142857142857143,VT,1.0,430.0
2021-10-25,0,1.0,VT,1.0,465.0
2021-11-01,0,0.0,VT,1.0,444.0
2021-11-08,0,0.0,VT,1.0,421.0
2021-11-15,0,0.2857142857142857,VT,1.0,441.0
2021-11-22,0,1.0,VT,1.0,498.0
2021-11-29,0,0.2857142857142857,VT,1.0,472.0
2021-12-06,0,0.0,VT,1.0,455.0
2021-12-13,0,0.0,VT,1.0,439.0
2021-12-20,1,1.0,VT,1.0,572.0
2021-12-27,1,0.7142857142857143,VT,1.0,558.0
2022-01-03,1,0.0,VT,1.0,456.0
2022-01-10,0,0.0,VT,1.0,422.0
2022-01-17,0,0.5714285714285714,VT,1.0,467.0
2022-01-24,0,1.0,VT,1.0,491.0
2022-01-31,0,0.14285714285714285,VT,1.0,411.0
2022-02-07,0,0.0,VT,1.0,419.0
2022-02-14,0,0.14285714285714285,VT,1.0,448.0
2022-02-21,0,1.0,VT,1.0,492.0
2022-02-28,0,0.14285714285714285,VT,1.0,458.0
2022-03-07,0,0.0,VT,1.0,436.0
2022-03-14,0,0.14285714285714285,VT,1.0,462.0
2022-03-21,0,1.0,VT,1.0,525.0
2022-03-28,0,0.5714285714285714,VT,1.0,520.0
2022-04-04,0,0.0,VT,1.0,474.0
2022-04-11,0,0.0,VT,1.0,479.0
2022-04-18,0,0.7142857142857143,VT,1.0,539.0
2022-04-25,0,0.8571428571428571,VT,1.0,560.0
2022-05-02,0,0.0,VT,1.0,474.0
2022-05-09,0,0.0,VT,1.0,496.0
2022-05-16,0,0.42857142857142855,VT,1.0,539.0
2022-05-23,0,1.0,VT,1.0,578.0
2022-05-30,0,0.2857142857142857,VT,1.0,533.0
2022-06-06,1,0.0,VT,1.0,584.0
2022-06-13,1,0.0,VT,1.0,589.0
2022-06-20,1,1.0,VT,1.0,659.0
2022-06-27,1,0.5714285714285714,VT,1.0,640.0
2022-07-04,1,0.0,VT,1.0,591.0
2022-07-11,1,0.0,VT,1.0,606.0
2022-07-18,1,0.7142857142857143,VT,1.0,653.0
2022-07-25,1,1.0,VT,1.0,669.0
2022-08-01,1,0.0,VT,1.0,579.0
2022-08-08,1,0.0,VT,1.0,595.0
2022-08-15,0,0.2857142857142857,VT,1.0,528.0
2022-08-22,0,1.0,VT,1.0,590.0
2022-08-29,0,0.42857142857142855,VT,1.0,550.0
2022-09-05,0,0.0,VT,1.0,503.0
2022-09-12,0,0.0,VT,1.0,495.0
2022-09-19,0,0.8571428571428571,VT,1.0,553.0
2022-09-26,0,0.7142857142857143,VT,1.0,558.0
2022-10-03,0,0.0,VT,1.0,504.0
2022-10-10,0,0.0,VT,1.0,506.0
2022-10-17,0,0.5714285714285714,VT,1.0,545.0
2022-10-24,0,1.0,VT,1.0,568.0
2022-10-31,0,0.14285714285714285,VT,1.0,506.0
2022-11-07,0,0.0,VT,1.0,528.0
2022-11-14,0,0.14285714285714285,VT,1.0,541.0
2022-11-21,0,1.0,VT,1.0,609.0
2022-11-28,0,0.42857142857142855,VT,1.0,539.0
2022-12-05,0,0.0,VT,1.0,524.0
2022-12-12,0,0.0,VT,1.0,532.0
2022-12-19,0,0.8571428571428571,VT,1.0,606.0
2022-12-26,1,0.8571428571428571,VT,1.0,663.0
2023-01-02,1,0.0,VT,1.0,547.0
2023-01-09,0,0.0,VT,1.0,478.0
2023-01-16,0,0.42857142857142855,VT,1.0,509.0
2023-01-23,0,1.0,VT,1.0,568.0
2023-01-30,0,0.2857142857142857,VT,1.0,525.0
2023-02-06,0,0.0,VT,1.0,479.0
2023-02-13,0,0.0,VT,1.0,491.0
2023-02-20,0,1.0,VT,1.0,570.0
2023-02-27,0,0.2857142857142857,VT,1.0,532.0
2023-03-06,0,0.0,VT,1.0,503.0
2023-03-13,0,0.0,VT,1.0,529.0
2023-03-20,0,1.0,VT,1.0,599.0
2023-03-27,0,0.7142857142857143,VT,1.0,563.0
2023-04-03,0,0.0,VT,1.0,519.0
2023-04-10,0,0.0,VT,1.0,519.0
2023-04-17,0,0.5714285714285714,VT,1.0,588.0
2023-04-24,0,1.0,VT,1.0,599.0
2023-05-01,0,0.0,VT,1.0,537.0
2023-05-08,0,0.0,VT,1.0,553.0
2023-05-15,0,0.2857142857142857,VT,1.0,583.0
2023-05-22,0,1.0,VT,1.0,627.0
2023-05-29,0,0.42857142857142855,VT,1.0,602.0
2023-06-05,1,0.0,VT,1.0,629.0
2023-06-12,1,0.0,VT,1.0,630.0
2023-06-19,1,0.8571428571428571,VT,1.0,703.0
2023-06-26,1,0.7142857142857143,VT,1.0,680.0
2023-07-03,1,0.0,VT,1.0,618.0
2023-07-10,1,0.0,VT,1.0,628.0
2023-07-17,1,0.5714285714285714,VT,1.0,675.0
2023-07-24,1,1.0,VT,1.0,712.0
2023-07-31,1,0.14285714285714285,VT,1.0,637.0
2023-08-07,1,0.0,VT,1.0,598.0
2023-08-14,1,0.14285714285714285,VT,1.0,615.0
2023-08-21,0,1.0,VT,1.0,625.0
2023-08-28,0,0.5714285714285714,VT,1.0,571.0
2023-09-04,0,0.0,VT,1.0,529.0
2023-09-11,0,0.0,VT,1.0,522.0
2023-09-18,0,0.7142857142857143,VT,1.0,591.0
2023-09-25,0,0.8571428571428571,VT,1.0,597.0
2023-10-02,0,0.0,VT,1.0,522.0
2023-10-09,0,0.0,VT,1.0,523.0
2023-10-16,0,0.42857142857142855,VT,1.0,553.0
2023-10-23,0,1.0,VT,1.0,600.0
2023-10-30,0,0.2857142857142857,VT,1.0,529.0
2023-11-06,0,0.0,VT,1.0,556.0
2023-11-13,0,0.0,VT,1.0,577.0
2023-11-20,0,1.0,VT,1.0,642.0
2023-11-27,0,0.5714285714285714,VT,1.0,608.0
2023-12-04,0,0.0,VT,1.0,558.0
2023-12-11,0,0.0,VT,1.0,564.0
2023-12-18,0,0.7142857142857143,VT,1.0,624.0
2023-12-25,1,1.0,VT,1.0,718.0
2024-01-01,1,0.0,VT,1.0,569.0
2024-01-08,0,0.0,VT,1.0,502.0
2024-01-15,0,0.2857142857142857,VT,1.0,525.0
2024-01-22,0,1.0,VT,1.0,591.0
2024-01-29,0,0.42857142857142855,VT,1.0,551.0
2024-02-05,0,0.0,VT,1.0,532.0
2024-02-12,0,0.0,VT,1.0,538.0
2024-02-19,0,0.8571428571428571,VT,1.0,598.0
2024-02-26,0,0.5714285714285714,VT,1.0,578.0
2024-03-04,0,0.0,VT,1.0,536.0
2024-03-11,0,0.0,VT,1.0,549.0
2024-03-18,0,0.7142857142857143,VT,1.0,609.0
2024-03-25,0,1.0,VT,1.0,620.0
2024-04-01,0,0.0,VT,1.0,573.0
2024-04-08,0,0.0,VT,1.0,555.0
2024-04-15,0,0.2857142857142857,VT,1.0,581.0
2024-04-22,0,1.0,VT,1.0,647.0
2024-04-29,0,0.2857142857142857,VT,1.0,587.0
2024-05-06,0,0.0,VT,1.0,585.0
2024-05-13,0,0.0,VT,1.0,570.0
2024-05-20,0,1.0,VT,1.0,667.0
2024-05-27,0,0.7142857142857143,VT,1.0,656.0
2024-06-03,1,0.0,VT,1.0,643.0
2024-06-10,1,0.0,VT,1.0,646.0
2024-06-17,1,0.5714285714285714,VT,1.0,722.0
2024-06-24,1,1.0,VT,1.0,775.0
2024-07-01,1,0.0,VT,1.0,640.0
2024-07-08,1,0.0,VT,1.0,663.0
2024-07-15,1,0.2857142857142857,VT,1.0,676.0
2024-07-22,1,1.0,VT,1.0,738.0
2024-07-29,1,0.42857142857142855,VT,1.0,689.0
2024-08-05,1,0.0,VT,1.0,651.0
2024-08-12,1,0.0,VT,1.0,638.0
2024-08-19,0,0.8571428571428571,VT,1.0,651.0
2024-08-26,0,0.8571428571428571,VT,1.0,649.0
2024-09-02,0,0.0,VT,1.0,570.0
2024-09-09,0,0.0,VT,1.0,566.0
2024-09-16,0,0.42857142857142855,VT,1.0,591.0
2024-09-23,0,1.0,VT,1.0,633.0
2024-09-30,0,0.14285714285714285,VT,1.0,566.0
2024-10-07,0,0.0,VT,1.0,536.0
2024-10-14,0,0.14285714285714285,VT,1.0,570.0
2024-10-21,0,1.0,VT,1.0,638.0
2024-10-28,0,0.5714285714285714,VT,1.0,584.0
2024-11-04,0,0.0,VT,1.0,579.0
2024-11-11,0,0.0,VT,1.0,594.0
2024-11-18,0,0.7142857142857143,VT,1.0,637.0
2024-11-25,0,0.8571428571428571,VT,1.0,643.0
2024-12-02,0,0.0,VT,1.0,580.0
2024-12-09,0,0.0,VT,1.0,574.0
2024-12-16,0,0.42857142857142855,VT,1.0,601.0
2024-12-23,1,1.0,VT,1.0,731.0
2024-12-30,1,0.2857142857142857,VT,1.0,672.0
2025-01-06,0,0.0,VT,1.0,525.0
2025-01-13,0,0.0,VT,1.0,533.0
2025-01-20,0,1.0,VT,1.0,602.0
2025-01-27,0,0.7142857142857143,VT,1.0,578.0
2025-02-03,0,0.0,VT,1.0,521.0
2025-02-10,0,0.0,VT,1.0,528.0
2025-02-17,0,0.5714285714285714,VT,1.0,603.0
2025-02-24,0,0.7142857142857143,VT,1.0,593.0
2025-03-03,0,0.0,VT,1.0,551.0
2025-03-10,0,0.0,VT,1.0,560.0
2025-03-17,0,0.5714285714285714,VT,1.0,589.0
2025-03-24,0,1.0,VT,1.0,651.0
2025-03-31,0,0.14285714285714285,VT,1.0,557.0
2025-04-07,0,0.0,VT,1.0,550.0
2025-04-14,0,0.14285714285714285,VT,1.0,587.0
2025-04-21,0,1.0,VT,1.0,651.0
2025-04-28,0,0.42857142857142855,VT,1.0,600.0
2025-05-05,0,0.0,VT,1.0,571.0
2025-05-12,0,0.0,VT,1.0,579.0
2025-05-19,0,0.8571428571428571,VT,1.0,654.0
2025-05-26,0,0.8571428571428571,VT,1.0,654.0
2025-06-02,1,0.0,VT,1.0,661.0
2025-06-09,1,0.0,VT,1.0,670.0
2025-06-16,1,0.42857142857142855,VT,1.0,671.0
2025-06-23,1,1.0,VT,1.0,730.0
2025-06-30,1,0.14285714285714285,VT,1.0,669.0
2025-07-07,1,0.0,VT,1.0,671.0
2025-07-14,1,0.14285714285714285,VT,1.0,672.0
2025-07-21,1,1.0,VT,1.0,746.0
2025-07-28,1,0.5714285714285714,VT,1.0,690.0
2025-08-04,1,0.0,VT,0.9987677346131952,658.0
2025-08-11,1,0.0,VT,0.9975354692263905,669.0
2025-08-18,0,0.7142857142857143,VT,0.9963032038395857,622.0
2025-08-25,0,1.0,VT,0.9950709384527809,665.0
2025-09-01,0,0.0,VT,0.9938386730659761,566.0
2025-09-08,0,0.0,VT,0.9926064076791713,558.0
2025-09-15,0,0.2857142857142857,VT,0.9913741422923665,594.0
2025-09-22,0,1.0,VT,0.9901418769055618,670.0
2025-09-29,0,0.2857142857142857,VT,0.988909611518757,594.0
2025-10-06,0,0.0,VT,0.9876773461319522,574.0
2025-10-13,0,0.0,VT,0.9864450807451475,543.0
2025-10-20,0,1.0,VT,0.9852128153583427,635.0
2025-10-27,0,0.7142857142857143,VT,0.9839805499715378,607.0
2025-11-03,0,0.0,VT,0.9827482845847331,575.0
2025-11-10,0,0.0,VT,0.9815160191979283,605.0
2025-11-17,0,0.5714285714285714,VT,0.9802837538111235,633.0
2025-11-24,0,1.0,VT,0.9790514884243188,670.0
2025-12-01,0,0.0,VT,0.977819223037514,588.0
2025-12-08,0,0.0,VT,0.9765869576507092,587.0
2025-12-15,0,0.2857142857142857,VT,0.9753546922639045,602.0
2025-12-22,1,1.0,VT,0.9741224268770997,733.0
2025-12-29,1,0.42857142857142855,VT,0.9728901614902948,717.0
2026-01-05,1,0.0,VT,0.9716578961034901,602.0
2026-01-12,0,0.0,VT,0.9704256307166853,539.0
2026-01-19,0,0.8571428571428571,VT,0.9691933653298805,611.0
2026-01-26,0,0.8571428571428571,VT,0.9679610999430758,616.0
2026-02-02,0,0.0,VT,0.966728834556271,543.0
2026-02-09,0,0.0,VT,0.9654965691694662,547.0
2026-02-16,0,0.42857142857142855,VT,0.9642643037826615,565.0
2026-02-23,0,0.8571428571428571,VT,0.9630320383958566,645.0
2026-03-02,0,0.0,VT,0.9617997730090518,550.0
2026-03-09,0,0.0,VT,0.9605675076222471,583.0
2026-03-16,0,0.42857142857142855,VT,0.9593352422354423,607.0
2026-03-23,0,1.0,VT,0.9581029768486375,667.0
2026-03-30,0,0.2857142857142857,VT,0.9568707114618328,615.0
2026-04-06,0,0.0,VT,0.955638446075028,593.0
2026-04-13,0,0.0,VT,0.9544061806882232,608.0
2026-04-20,0,1.0,VT,0.9531739153014185,701.0
2026-04-27,0,0.5714285714285714,VT,0.9519416499146136,666.0
2026-05-04,0,0.0,VT,0.9507093845278088,605.0
2026-05-11,0,0.0,VT,0.9494771191410041,615.0
2026-05-18,0,0.7142857142857143,VT,0.9482448537541993,676.0
2026-05-25,0,1.0,VT,0.9470125883673945,720.0
2026-06-01,1,0.0,VT,0.9457803229805898,713.0
2026-06-08,1,0.0,VT,0.944548057593785,700.0
2026-06-15,1,0.2857142857142857,VT,0.9433157922069803,731.0
2026-06-22,1,1.0,VT,0.9420835268201755,827.0
2026-06-29,1,0.2857142857142857,VT,0.9408512614333706,722.0
2026-07-06,1,0.0,VT,0.9396189960465658,700.0
2026-07-13,1,0.0,VT,0.9383867306597611,706.0
2026-07-20,1,1.0,VT,0.9371544652729563,792.0
2026-07-27,1,0.7142857142857143,VT,0.9371544652729563,769.0
2026-08-03,1,0.0,VT,0.9371544652729563,676.0
2026-08-10,1,0.0,VT,0.9371544652729563,698.0
2026-08-17,0,0.5714285714285714,VT,0.9371544652729563,655.0
2026-08-24,0,1.0,VT,0.9371544652729563,684.0
2026-08-31,0,0.14285714285714285,VT,0.9371544652729563,627.0
2026-09-07,0,0.0,VT,0.9371544652729563,606.0
2026-09-14,0,0.14285714285714285,VT,0.9371544652729563,602.0
2026-09-21,0,1.0,VT,0.9371544652729563,697.0
2019-01-07,0,0.0,WA,1.0,5684.0
2019-01-14,0,0.14285714285714285,WA,1.0,6067.0
2019-01-21,0,1.0,WA,1.0,6514.0
2019-01-28,0,0.5714285714285714,WA,1.0,6421.0
2019-02-04,0,0.0,WA,1.0,5977.0
2019-02-11,0,0.0,WA,1.0,5822.0
2019-02-18,0,0.7142857142857143,WA,1.0,6586.0
2019-02-25,0,0.5714285714285714,WA,1.0,6461.0
2019-03-04,0,0.0,WA,1.0,5893.0
2019-03-11,0,0.0,WA,1.0,5855.0
2019-03-18,0,0.7142857142857143,WA,1.0,6637.0
2019-03-25,0,1.0,WA,1.0,7059.0
2019-04-01,0,0.0,WA,1.0,6102.0
2019-04-08,0,0.0,WA,1.0,5973.0
2019-04-15,0,0.2857142857142857,WA,1.0,6672.0
2019-04-22,0,1.0,WA,1.0,7280.0
2019-04-29,0,0.2857142857142857,WA,1.0,6775.0
2019-05-06,0,0.0,WA,1.0,6188.0
2019-05-13,0,0.0,WA,1.0,6554.0
2019-05-20,0,1.0,WA,1.0,7484.0
2019-05-27,0,0.7142857142857143,WA,1.0,7037.0
2019-06-03,1,0.0,WA,1.0,7190.0
2019-06-10,1,0.0,WA,1.0,7116.0
2019-06-17,1,0.5714285714285714,WA,1.0,7831.0
2019-06-24,1,1.0,WA,1.0,8439.0
2019-07-01,1,0.0,WA,1.0,7157.0
2019-07-08,1,0.0,WA,1.0,7268.0
2019-07-15,1,0.2857142857142857,WA,1.0,7713.0
2019-07-22,1,1.0,WA,1.0,8168.0
2019-07-29,1,0.42857142857142855,WA,1.0,7417.0
2019-08-05,1,0.0,WA,1.0,6989.0
2019-08-12,1,0.0,WA,1.0,7043.0
2019-08-19,0,0.8571428571428571,WA,1.0,7229.0
2019-08-26,0,0.8571428571428571,WA,1.0,7117.0
2019-09-02,0,0.0,WA,1.0,6129.0
2019-09-09,0,0.0,WA,1.0,6125.0
2019-09-16,0,0.42857142857142855,WA,1.0,6572.0
2019-09-23,0,1.0,WA,1.0,7124.0
2019-09-30,0,0.14285714285714285,WA,1.0,6024.0
2019-10-07,0,0.0,WA,1.0,6089.0
2019-10-14,0,0.14285714285714285,WA,1.0,6138.0
2019-10-21,0,1.0,WA,1.0,7012.0
2019-10-28,0,0.5714285714285714,WA,1.0,6325.0
2019-11-04,0,0.0,WA,1.0,6407.0
2019-11-11,0,0.0,WA,1.0,6423.0
2019-11-18,0,0.7142857142857143,WA,1.0,7127.0
2019-11-25,0,0.8571428571428571,WA,1.0,7109.0
2019-12-02,0,0.0,WA,1.0,6400.0
2019-12-09,0,0.0,WA,1.0,6275.0
2019-12-16,0,0.42857142857142855,WA,1.0,6877.0
2019-12-23,1,1.0,WA,1.0,8092.0
2019-12-30,1,0.2857142857142857,WA,1.0,7436.0
2020-01-06,0,0.0,WA,1.0,5743.0
2020-01-13,0,0.0,WA,1.0,5682.0
2020-01-20,0,1.0,WA,1.0,6650.0
2020-01-27,0,0.7142857142857143,WA,1.0,6432.0
2020-02-03,0,0.0,WA,1.0,5703.0
2020-02-10,0,0.0,WA,1.0,5989.0
2020-02-17,0,0.5714285714285714,WA,1.0,6380.0
2020-02-24,0,0.8571428571428571,WA,1.0,6662.0
2020-03-02,0,0.0,WA,1.0,6017.0
2020-03-09,0,0.0,WA,1.0,6068.0
2020-03-16,0,0.42857142857142855,WA,1.0,6329.0
2020-03-23,0,1.0,WA,1.0,7069.0
2020-03-30,0,0.2857142857142857,WA,1.0,6465.0
2020-04-06,0,0.0,WA,1.0,6092.0
2020-04-13,0,0.0,WA,1.0,6059.0
2020-04-20,0,1.0,WA,1.0,7258.0
2020-04-27,0,0.5714285714285714,WA,1.0,6922.0
2020-05-04,0,0.0,WA,1.0,6191.0
2020-05-11,0,0.0,WA,1.0,6143.0
2020-05-18,0,0.7142857142857143,WA,1.0,7165.0
2020-05-25,0,1.0,WA,1.0,7381.0
2020-06-01,1,0.0,WA,1.0,7067.0
2020-06-08,1,0.0,WA,1.0,7284.0
2020-06-15,1,0.2857142857142857,WA,1.0,7295.0
2020-06-22,1,1.0,WA,1.0,8296.0
2020-06-29,1,0.2857142857142857,WA,1.0,7511.0
2020-07-06,1,0.0,WA,1.0,7311.0
2020-07-13,1,0.0,WA,1.0,7267.0
2020-07-20,1,1.0,WA,1.0,8071.0
2020-07-27,1,0.7142857142857143,WA,1.0,7985.0
2020-08-03,1,0.0,WA,1.0,7079.0
2020-08-10,1,0.0,WA,1.0,7030.0
2020-08-17,0,0.5714285714285714,WA,1.0,6834.0
2020-08-24,0,1.0,WA,1.0,6983.0
2020-08-31,0,0.14285714285714285,WA,1.0,6229.0
2020-09-07,0,0.0,WA,1.0,5888.0
2020-09-14,0,0.14285714285714285,WA,1.0,6049.0
2020-09-21,0,1.0,WA,1.0,6691.0
2020-09-28,0,0.42857142857142855,WA,1.0,6210.0
2020-10-05,0,0.0,WA,1.0,5540.0
2020-10-12,0,0.0,WA,1.0,5763.0
2020-10-19,0,0.8571428571428571,WA,1.0,6230.0
2020-10-26,0,0.8571428571428571,WA,1.0,6371.0
2020-11-02,0,0.0,WA,1.0,6094.0
2020-11-09,0,0.0,WA,1.0,6077.0
2020-11-16,0,0.42857142857142855,WA,1.0,6392.0
2020-11-23,0,1.0,WA,1.0,6910.0
2020-11-30,0,0.14285714285714285,WA,1.0,5991.0
2020-12-07,0,0.0,WA,1.0,5758.0
2020-12-14,0,0.14285714285714285,WA,1.0,5996.0
2020-12-21,1,1.0,WA,1.0,7552.0
2020-12-28,1,0.5714285714285714,WA,1.0,7158.0
2021-01-04,1,0.0,WA,1.0,5785.0
2021-01-11,0,0.0,WA,1.0,5261.0
2021-01-18,0,0.7142857142857143,WA,1.0,5758.0
2021-01-25,0,1.0,WA,1.0,6034.0
2021-02-01,0,0.0,WA,1.0,5465.0
2021-02-08,0,0.0,WA,1.0,5291.0
2021-02-15,0,0.2857142857142857,WA,1.0,5489.0
2021-02-22,0,1.0,WA,1.0,6054.0
2021-03-01,0,0.0,WA,1.0,5225.0
2021-03-08,0,0.0,WA,1.0,5413.0
2021-03-15,0,0.2857142857142857,WA,1.0,5392.0
2021-03-22,0,1.0,WA,1.0,6129.0
2021-03-29,0,0.42857142857142855,WA,1.0,5757.0
2021-04-05,0,0.0,WA,1.0,5369.0
2021-04-12,0,0.0,WA,1.0,5657.0
2021-04-19,0,0.8571428571428571,WA,1.0,6091.0
2021-04-26,0,0.7142857142857143,WA,1.0,6164.0
2021-05-03,0,0.0,WA,1.0,5545.0
2021-05-10,0,0.0,WA,1.0,5553.0
2021-05-17,0,0.5714285714285714,WA,1.0,6003.0
2021-05-24,0,1.0,WA,1.0,6261.0
2021-05-31,0,0.14285714285714285,WA,1.0,5643.0
2021-06-07,1,0.0,WA,1.0,6093.0
2021-06-14,1,0.14285714285714285,WA,1.0,6270.0
2021-06-21,1,1.0,WA,1.0,7315.0
2021-06-28,1,0.42857142857142855,WA,1.0,6585.0
2021-07-05,1,0.0,WA,1.0,6221.0
2021-07-12,1,0.0,WA,1.0,6231.0
2021-07-19,1,0.8571428571428571,WA,1.0,6970.0
2021-07-26,1,0.8571428571428571,WA,1.0,6984.0
2021-08-02,1,0.0,WA,1.0,6314.0
2021-08-09,1,0.0,WA,1.0,6362.0
2021-08-16,0,0.42857142857142855,WA,1.0,6048.0
2021-08-23,0,1.0,WA,1.0,6276.0
2021-08-30,0,0.2857142857142857,WA,1.0,5907.0
2021-09-06,0,0.0,WA,1.0,5628.0
2021-09-13,0,0.0,WA,1.0,5374.0
2021-09-20,0,1.0,WA,1.0,6371.0
2021-09-27,0,0.5714285714285714,WA,1.0,5899.0
2021-10-04,0,0.0,WA,1.0,5654.0
2021-10-11,0,0.0,WA,1.0,5458.0
2021-10-18,0,0.7142857142857143,WA,1.0,6148.0
2021-10-25,0,1.0,WA,1.0,6367.0
2021-11-01,0,0.0,WA,1.0,6162.0
2021-11-08,0,0.0,WA,1.0,6027.0
2021-11-15,0,0.2857142857142857,WA,1.0,6241.0
2021-11-22,0,1.0,WA,1.0,6958.0
2021-11-29,0,0.2857142857142857,WA,1.0,6373.0
2021-12-06,0,0.0,WA,1.0,6129.0
2021-12-13,0,0.0,WA,1.0,5993.0
2021-12-20,1,1.0,WA,1.0,7934.0
2021-12-27,1,0.7142857142857143,WA,1.0,7578.0
2022-01-03,1,0.0,WA,1.0,6202.0
2022-01-10,0,0.0,WA,1.0,5641.0
2022-01-17,0,0.5714285714285714,WA,1.0,6248.0
2022-01-24,0,1.0,WA,1.0,6839.0
2022-01-31,0,0.14285714285714285,WA,1.0,6175.0
2022-02-07,0,0.0,WA,1.0,5974.0
2022-02-14,0,0.14285714285714285,WA,1.0,6144.0
2022-02-21,0,1.0,WA,1.0,6812.0
2022-02-28,0,0.14285714285714285,WA,1.0,6340.0
2022-03-07,0,0.0,WA,1.0,6559.0
2022-03-14,0,0.14285714285714285,WA,1.0,6591.0
2022-03-21,0,1.0,WA,1.0,7227.0
2022-03-28,0,0.5714285714285714,WA,1.0,6949.0
2022-04-04,0,0.0,WA,1.0,6750.0
2022-04-11,0,0.0,WA,1.0,6686.0
2022-04-18,0,0.7142857142857143,WA,1.0,7458.0
2022-04-25,0,0.8571428571428571,WA,1.0,7771.0
2022-05-02,0,0.0,WA,1.0,6941.0
2022-05-09,0,0.0,WA,1.0,6969.0
2022-05-16,0,0.42857142857142855,WA,1.0,7481.0
2022-05-23,0,1.0,WA,1.0,8043.0
2022-05-30,0,0.2857142857142857,WA,1.0,7267.0
2022-06-06,1,0.0,WA,1.0,8131.0
2022-06-13,1,0.0,WA,1.0,7863.0
2022-06-20,1,1.0,WA,1.0,9600.0
2022-06-27,1,0.5714285714285714,WA,1.0,8820.0
2022-07-04,1,0.0,WA,1.0,8174.0
2022-07-11,1,0.0,WA,1.0,8078.0
2022-07-18,1,0.7142857142857143,WA,1.0,9111.0
2022-07-25,1,1.0,WA,1.0,9453.0
2022-08-01,1,0.0,WA,1.0,8217.0
2022-08-08,1,0.0,WA,1.0,7965.0
2022-08-15,0,0.2857142857142857,WA,1.0,7469.0
2022-08-22,0,1.0,WA,1.0,8359.0
2022-08-29,0,0.42857142857142855,WA,1.0,7739.0
2022-09-05,0,0.0,WA,1.0,7294.0
2022-09-12,0,0.0,WA,1.0,7072.0
2022-09-19,0,0.8571428571428571,WA,1.0,7891.0
2022-09-26,0,0.7142857142857143,WA,1.0,7820.0
2022-10-03,0,0.0,WA,1.0,7257.0
2022-10-10,0,0.0,WA,1.0,6966.0
2022-10-17,0,0.5714285714285714,WA,1.0,7448.0
2022-10-24,0,1.0,WA,1.0,7956.0
2022-10-31,0,0.14285714285714285,WA,1.0,7309.0
2022-11-07,0,0.0,WA,1.0,7718.0
2022-11-14,0,0.14285714285714285,WA,1.0,7619.0
2022-11-21,0,1.0,WA,1.0,8683.0
2022-11-28,0,0.42857142857142855,WA,1.0,8059.0
2022-12-05,0,0.0,WA,1.0,7744.0
2022-12-12,0,0.0,WA,1.0,7578.0
2022-12-19,0,0.8571428571428571,WA,1.0,8561.0
2022-12-26,1,0.8571428571428571,WA,1.0,9638.0
2023-01-02,1,0.0,WA,1.0,7700.0
2023-01-09,0,0.0,WA,1.0,7175.0
2023-01-16,0,0.42857142857142855,WA,1.0,7565.0
2023-01-23,0,1.0,WA,1.0,8045.0
2023-01-30,0,0.2857142857142857,WA,1.0,7350.0
2023-02-06,0,0.0,WA,1.0,7163.0
2023-02-13,0,0.0,WA,1.0,7113.0
2023-02-20,0,1.0,WA,1.0,8289.0
2023-02-27,0,0.2857142857142857,WA,1.0,7916.0
2023-03-06,0,0.0,WA,1.0,7310.0
2023-03-13,0,0.0,WA,1.0,7409.0
2023-03-20,0,1.0,WA,1.0,8762.0
2023-03-27,0,0.7142857142857143,WA,1.0,8566.0
2023-04-03,0,0.0,WA,1.0,7610.0
2023-04-10,0,0.0,WA,1.0,7575.0
2023-04-17,0,0.5714285714285714,WA,1.0,8461.0
2023-04-24,0,1.0,WA,1.0,9016.0
2023-05-01,0,0.0,WA,1.0,8074.0
2023-05-08,0,0.0,WA,1.0,7988.0
2023-05-15,0,0.2857142857142857,WA,1.0,8313.0
2023-05-22,0,1.0,WA,1.0,9309.0
2023-05-29,0,0.42857142857142855,WA,1.0,8579.0
2023-06-05,1,0.0,WA,1.0,8931.0
2023-06-12,1,0.0,WA,1.0,9181.0
2023-06-19,1,0.8571428571428571,WA,1.0,10321.0
2023-06-26,1,0.7142857142857143,WA,1.0,10413.0
2023-07-03,1,0.0,WA,1.0,9124.0
2023-07-10,1,0.0,WA,1.0,9204.0
2023-07-17,1,0.5714285714285714,WA,1.0,10118.0
2023-07-24,1,1.0,WA,1.0,10599.0
2023-07-31,1,0.14285714285714285,WA,1.0,9428.0
2023-08-07,1,0.0,WA,1.0,9215.0
2023-08-14,1,0.14285714285714285,WA,1.0,9563.0
2023-08-21,0,1.0,WA,1.0,9607.0
2023-08-28,0,0.5714285714285714,WA,1.0,8957.0
2023-09-04,0,0.0,WA,1.0,7915.0
2023-09-11,0,0.0,WA,1.0,8094.0
2023-09-18,0,0.7142857142857143,WA,1.0,8748.0
2023-09-25,0,0.8571428571428571,WA,1.0,8951.0
2023-10-02,0,0.0,WA,1.0,7958.0
2023-10-09,0,0.0,WA,1.0,7794.0
2023-10-16,0,0.42857142857142855,WA,1.0,8471.0
2023-10-23,0,1.0,WA,1.0,8903.0
2023-10-30,0,0.2857142857142857,WA,1.0,7759.0
2023-11-06,0,0.0,WA,1.0,8330.0
2023-11-13,0,0.0,WA,1.0,8344.0
2023-11-20,0,1.0,WA,1.0,9469.0
2023-11-27,0,0.5714285714285714,WA,1.0,9148.0
2023-12-04,0,0.0,WA,1.0,8483.0
2023-12-11,0,0.0,WA,1.0,8349.0
2023-12-18,0,0.7142857142857143,WA,1.0,9248.0
2023-12-25,1,1.0,WA,1.0,10951.0
2024-01-01,1,0.0,WA,1.0,8470.0
2024-01-08,0,0.0,WA,1.0,7585.0
2024-01-15,0,0.2857142857142857,WA,1.0,8112.0
2024-01-22,0,1.0,WA,1.0,9113.0
2024-01-29,0,0.42857142857142855,WA,1.0,8161.0
2024-02-05,0,0.0,WA,1.0,7967.0
2024-02-12,0,0.0,WA,1.0,7943.0
2024-02-19,0,0.8571428571428571,WA,1.0,9148.0
2024-02-26,0,0.5714285714285714,WA,1.0,8695.0
2024-03-04,0,0.0,WA,1.0,8436.0
2024-03-11,0,0.0,WA,1.0,8173.0
2024-03-18,0,0.7142857142857143,WA,1.0,9183.0
2024-03-25,0,1.0,WA,1.0,9721.0
2024-04-01,0,0.0,WA,1.0,8332.0
2024-04-08,0,0.0,WA,1.0,8431.0
2024-04-15,0,0.2857142857142857,WA,1.0,9101.0
2024-04-22,0,1.0,WA,1.0,10200.0
2024-04-29,0,0.2857142857142857,WA,1.0,9130.0
2024-05-06,0,0.0,WA,1.0,8602.0
2024-05-13,0,0.0,WA,1.0,8849.0
2024-05-20,0,1.0,WA,1.0,10298.0
2024-05-27,0,0.7142857142857143,WA,1.0,9959.0
2024-06-03,1,0.0,WA,1.0,10041.0
2024-06-10,1,0.0,WA,1.0,10109.0
2024-06-17,1,0.5714285714285714,WA,1.0,11253.0
2024-06-24,1,1.0,WA,1.0,11473.0
2024-07-01,1,0.0,WA,1.0,10389.0
2024-07-08,1,0.0,WA,1.0,10207.0
2024-07-15,1,0.2857142857142857,WA,1.0,10403.0
2024-07-22,1,1.0,WA,1.0,11500.0
2024-07-29,1,0.42857142857142855,WA,1.0,10660.0
2024-08-05,1,0.0,WA,1.0,10022.0
2024-08-12,1,0.0,WA,1.0,9618.0
2024-08-19,0,0.8571428571428571,WA,1.0,9943.0
2024-08-26,0,0.8571428571428571,WA,1.0,9753.0
2024-09-02,0,0.0,WA,1.0,8942.0
2024-09-09,0,0.0,WA,1.0,9015.0
2024-09-16,0,0.42857142857142855,WA,1.0,9346.0
2024-09-23,0,1.0,WA,1.0,9757.0
2024-09-30,0,0.14285714285714285,WA,1.0,8733.0
2024-10-07,0,0.0,WA,1.0,8525.0
2024-10-14,0,0.14285714285714285,WA,1.0,8731.0
2024-10-21,0,1.0,WA,1.0,9710.0
2024-10-28,0,0.5714285714285714,WA,1.0,8839.0
2024-11-04,0,0.0,WA,1.0,8918.0
2024-11-11,0,0.0,WA,1.0,8932.0
2024-11-18,0,0.7142857142857143,WA,1.0,9903.0
2024-11-25,0,0.8571428571428571,WA,1.0,9761.0
2024-12-02,0,0.0,WA,1.0,9051.0
2024-12-09,0,0.0,WA,1.0,8977.0
2024-12-16,0,0.42857142857142855,WA,1.0,9534.0
2024-12-23,1,1.0,WA,1.0,11630.0
2024-12-30,1,0.2857142857142857,WA,1.0,10291.0
2025-01-06,0,0.0,WA,1.0,8005.0
2025-01-13,0,0.0,WA,1.0,8203.0
2025-01-20,0,1.0,WA,1.0,9390.0
2025-01-27,0,0.7142857142857143,WA,1.0,9212.0
2025-02-03,0,0.0,WA,1.0,8566.0
2025-02-10,0,0.0,WA,1.0,8394.0
2025-02-17,0,0.5714285714285714,WA,1.0,9294.0
2025-02-24,0,0.7142857142857143,WA,1.0,9061.0
2025-03-03,0,0.0,WA,1.0,8528.0
2025-03-10,0,0.0,WA,1.0,8320.0
2025-03-17,0,0.5714285714285714,WA,1.0,9228.0
2025-03-24,0,1.0,WA,1.0,10149.0
2025-03-31,0,0.14285714285714285,WA,1.0,8868.0
2025-04-07,0,0.0,WA,1.0,8843.0
2025-04-14,0,0.14285714285714285,WA,1.0,8798.0
2025-04-21,0,1.0,WA,1.0,10223.0
2025-04-28,0,0.42857142857142855,WA,1.0,9379.0
2025-05-05,0,0.0,WA,1.0,8771.0
2025-05-12,0,0.0,WA,1.0,9392.0
2025-05-19,0,0.8571428571428571,WA,1.0,10432.0
2025-05-26,0,0.8571428571428571,WA,1.0,10290.0
2025-06-02,1,0.0,WA,1.0,9898.0
2025-06-09,1,0.0,WA,1.0,10379.0
2025-06-16,1,0.42857142857142855,WA,1.0,11115.0
2025-06-23,1,1.0,WA,1.0,12119.0
2025-06-30,1,0.14285714285714285,WA,1.0,10472.0
2025-07-07,1,0.0,WA,1.0,10205.0
2025-07-14,1,0.14285714285714285,WA,1.0,10127.0
2025-07-21,1,1.0,WA,1.0,11659.0
2025-07-28,1,0.5714285714285714,WA,1.0,10941.0
2025-08-04,1,0.0,WA,0.9989424029233469,9891.0
2025-08-11,1,0.0,WA,0.9978848058466937,10215.0
2025-08-18,0,0.7142857142857143,WA,0.9968272087700406,9812.0
2025-08-25,0,1.0,WA,0.9957696116933874,10196.0
2025-09-01,0,0.0,WA,0.9947120146167343,8867.0
2025-09-08,0,0.0,WA,0.9936544175400811,8799.0
2025-09-15,0,0.2857142857142857,WA,0.992596820463428,8954.0
2025-09-22,0,1.0,WA,0.9915392233867748,10034.0
2025-09-29,0,0.2857142857142857,WA,0.9904816263101217,9169.0
2025-10-06,0,0.0,WA,0.9894240292334685,8538.0
2025-10-13,0,0.0,WA,0.9883664321568154,8463.0
2025-10-20,0,1.0,WA,0.9873088350801622,9800.0
2025-10-27,0,0.7142857142857143,WA,0.9862512380035091,9236.0
2025-11-03,0,0.0,WA,0.9851936409268559,9225.0
2025-11-10,0,0.0,WA,0.9841360438502028,9028.0
2025-11-17,0,0.5714285714285714,WA,0.9830784467735496,9972.0
2025-11-24,0,1.0,WA,0.9820208496968965,10804.0
2025-12-01,0,0.0,WA,0.9809632526202433,9074.0
2025-12-08,0,0.0,WA,0.9799056555435902,8989.0
2025-12-15,0,0.2857142857142857,WA,0.978848058466937,9276.0
2025-12-22,1,1.0,WA,0.9777904613902839,11617.0
2025-12-29,1,0.42857142857142855,WA,0.9767328643136307,11034.0
2026-01-05,1,0.0,WA,0.9756752672369776,9390.0
2026-01-12,0,0.0,WA,0.9746176701603244,8609.0
2026-01-19,0,0.8571428571428571,WA,0.9735600730836713,9493.0
2026-01-26,0,0.8571428571428571,WA,0.9725024760070181,9567.0
2026-02-02,0,0.0,WA,0.971444878930365,8455.0
2026-02-09,0,0.0,WA,0.9703872818537118,8704.0
2026-02-16,0,0.42857142857142855,WA,0.9693296847770587,9223.0
2026-02-23,0,0.8571428571428571,WA,0.9682720877004055,9693.0
2026-03-02,0,0.0,WA,0.9672144906237524,8889.0
2026-03-09,0,0.0,WA,0.9661568935470992,8881.0
2026-03-16,0,0.42857142857142855,WA,0.9650992964704461,9675.0
2026-03-23,0,1.0,WA,0.9640416993937929,10295.0
2026-03-30,0,0.2857142857142857,WA,0.9629841023171398,9343.0
2026-04-06,0,0.0,WA,0.9619265052404866,8964.0
2026-04-13,0,0.0,WA,0.9608689081638335,9310.0
2026-04-20,0,1.0,WA,0.9598113110871803,10626.0
2026-04-27,0,0.5714285714285714,WA,0.9587537140105272,10380.0
2026-05-04,0,0.0,WA,0.957696116933874,9388.0
2026-05-11,0,0.0,WA,0.9566385198572209,9401.0
2026-05-18,0,0.7142857142857143,WA,0.9555809227805677,10274.0
2026-05-25,0,1.0,WA,0.9545233257039146,11301.0
2026-06-01,1,0.0,WA,0.9534657286272614,10846.0
2026-06-08,1,0.0,WA,0.9524081315506083,10819.0
2026-06-15,1,0.2857142857142857,WA,0.9513505344739551,11273.0
2026-06-22,1,1.0,WA,0.950292937397302,12466.0
2026-06-29,1,0.2857142857142857,WA,0.9492353403206488,11227.0
2026-07-06,1,0.0,WA,0.9481777432439957,10649.0
2026-07-13,1,0.0,WA,0.9471201461673426,10744.0
2026-07-20,1,1.0,WA,0.9460625490906894,12632.0
2026-07-27,1,0.7142857142857143,WA,0.9460625490906894,12072.0
2026-08-03,1,0.0,WA,0.9460625490906894,10627.0
2026-08-10,1,0.0,WA,0.9460625490906894,10842.0
2026-08-17,0,0.5714285714285714,WA,0.9460625490906894,10190.0
2026-08-24,0,1.0,WA,0.9460625490906894,11037.0
2026-08-31,0,0.14285714285714285,WA,0.9460625490906894,9417.0
2026-09-07,0,0.0,WA,0.9460625490906894,9289.0
2026-09-14,0,0.14285714285714285,WA,0.9460625490906894,9303.0
2026-09-21,0,1.0,WA,0.9460625490906894,10318.0
2019-01-07,0,0.0,WI,1.0,3781.0
2019-01-14,0,0.14285714285714285,WI,1.0,4018.0
2019-01-21,0,1.0,WI,1.0,4523.0
2019-01-28,0,0.5714285714285714,WI,1.0,4166.0
2019-02-04,0,0.0,WI,1.0,3798.0
2019-02-11,0,0.0,WI,1.0,3898.0
2019-02-18,0,0.7142857142857143,WI,1.0,4460.0
2019-02-25,0,0.5714285714285714,WI,1.0,4283.0
2019-03-04,0,0.0,WI,1.0,4062.0
2019-03-11,0,0.0,WI,1.0,4116.0
2019-03-18,0,0.7142857142857143,WI,1.0,4470.0
2019-03-25,0,1.0,WI,1.0,4775.0
2019-04-01,0,0.0,WI,1.0,4159.0
2019-04-08,0,0.0,WI,1.0,4309.0
2019-04-15,0,0.2857142857142857,WI,1.0,4393.0
2019-04-22,0,1.0,WI,1.0,4813.0
2019-04-29,0,0.2857142857142857,WI,1.0,4503.0
2019-05-06,0,0.0,WI,1.0,4307.0
2019-05-13,0,0.0,WI,1.0,4349.0
2019-05-20,0,1.0,WI,1.0,4925.0
2019-05-27,0,0.7142857142857143,WI,1.0,4805.0
2019-06-03,1,0.0,WI,1.0,4865.0
2019-06-10,1,0.0,WI,1.0,4929.0
2019-06-17,1,0.5714285714285714,WI,1.0,5260.0
2019-06-24,1,1.0,WI,1.0,5601.0
2019-07-01,1,0.0,WI,1.0,4918.0
2019-07-08,1,0.0,WI,1.0,4882.0
2019-07-15,1,0.2857142857142857,WI,1.0,4964.0
2019-07-22,1,1.0,WI,1.0,5609.0
2019-07-29,1,0.42857142857142855,WI,1.0,5076.0
2019-08-05,1,0.0,WI,1.0,4783.0
2019-08-12,1,0.0,WI,1.0,4826.0
2019-08-19,0,0.8571428571428571,WI,1.0,4609.0
2019-08-26,0,0.8571428571428571,WI,1.0,4650.0
2019-09-02,0,0.0,WI,1.0,4142.0
2019-09-09,0,0.0,WI,1.0,4153.0
2019-09-16,0,0.42857142857142855,WI,1.0,4364.0
2019-09-23,0,1.0,WI,1.0,4747.0
2019-09-30,0,0.14285714285714285,WI,1.0,4092.0
2019-10-07,0,0.0,WI,1.0,3981.0
2019-10-14,0,0.14285714285714285,WI,1.0,3872.0
2019-10-21,0,1.0,WI,1.0,4547.0
2019-10-28,0,0.5714285714285714,WI,1.0,4106.0
2019-11-04,0,0.0,WI,1.0,4223.0
2019-11-11,0,0.0,WI,1.0,4196.0
2019-11-18,0,0.7142857142857143,WI,1.0,4512.0
2019-11-25,0,0.8571428571428571,WI,1.0,4644.0
2019-12-02,0,0.0,WI,1.0,4004.0
2019-12-09,0,0.0,WI,1.0,4232.0
2019-12-16,0,0.42857142857142855,WI,1.0,4470.0
2019-12-23,1,1.0,WI,1.0,5394.0
2019-12-30,1,0.2857142857142857,WI,1.0,4761.0
2020-01-06,0,0.0,WI,1.0,3728.0
2020-01-13,0,0.0,WI,1.0,3696.0
2020-01-20,0,1.0,WI,1.0,4399.0
2020-01-27,0,0.7142857142857143,WI,1.0,4246.0
2020-02-03,0,0.0,WI,1.0,3731.0
2020-02-10,0,0.0,WI,1.0,3800.0
2020-02-17,0,0.5714285714285714,WI,1.0,4148.0
2020-02-24,0,0.8571428571428571,WI,1.0,4363.0
2020-03-02,0,0.0,WI,1.0,3791.0
2020-03-09,0,0.0,WI,1.0,3822.0
2020-03-16,0,0.42857142857142855,WI,1.0,4133.0
2020-03-23,0,1.0,WI,1.0,4518.0
2020-03-30,0,0.2857142857142857,WI,1.0,4108.0
2020-04-06,0,0.0,WI,1.0,4040.0
2020-04-13,0,0.0,WI,1.0,4117.0
2020-04-20,0,1.0,WI,1.0,4560.0
2020-04-27,0,0.5714285714285714,WI,1.0,4408.0
2020-05-04,0,0.0,WI,1.0,4042.0
2020-05-11,0,0.0,WI,1.0,3996.0
2020-05-18,0,0.7142857142857143,WI,1.0,4461.0
2020-05-25,0,1.0,WI,1.0,4632.0
2020-06-01,1,0.0,WI,1.0,4500.0
2020-06-08,1,0.0,WI,1.0,4459.0
2020-06-15,1,0.2857142857142857,WI,1.0,4718.0
2020-06-22,1,1.0,WI,1.0,5251.0
2020-06-29,1,0.2857142857142857,WI,1.0,4812.0
2020-07-06,1,0.0,WI,1.0,4526.0
2020-07-13,1,0.0,WI,1.0,4541.0
2020-07-20,1,1.0,WI,1.0,5096.0
2020-07-27,1,0.7142857142857143,WI,1.0,4868.0
2020-08-03,1,0.0,WI,1.0,4387.0
2020-08-10,1,0.0,WI,1.0,4359.0
2020-08-17,0,0.5714285714285714,WI,1.0,4177.0
2020-08-24,0,1.0,WI,1.0,4413.0
2020-08-31,0,0.14285714285714285,WI,1.0,3819.0
2020-09-07,0,0.0,WI,1.0,3754.0
2020-09-14,0,0.14285714285714285,WI,1.0,3873.0
2020-09-21,0,1.0,WI,1.0,4277.0
2020-09-28,0,0.42857142857142855,WI,1.0,3969.0
2020-10-05,0,0.0,WI,1.0,3706.0
2020-10-12,0,0.0,WI,1.0,3574.0
2020-10-19,0,0.8571428571428571,WI,1.0,4020.0
2020-10-26,0,0.8571428571428571,WI,1.0,4087.0
2020-11-02,0,0.0,WI,1.0,3904.0
2020-11-09,0,0.0,WI,1.0,3891.0
2020-11-16,0,0.42857142857142855,WI,1.0,4040.0
2020-11-23,0,1.0,WI,1.0,4358.0
2020-11-30,0,0.14285714285714285,WI,1.0,3822.0
2020-12-07,0,0.0,WI,1.0,3725.0
2020-12-14,0,0.14285714285714285,WI,1.0,3748.0
2020-12-21,1,1.0,WI,1.0,4743.0
2020-12-28,1,0.5714285714285714,WI,1.0,4504.0
2021-01-04,1,0.0,WI,1.0,3734.0
2021-01-11,0,0.0,WI,1.0,3275.0
2021-01-18,0,0.7142857142857143,WI,1.0,3711.0
2021-01-25,0,1.0,WI,1.0,3967.0
2021-02-01,0,0.0,WI,1.0,3423.0
2021-02-08,0,0.0,WI,1.0,3344.0
2021-02-15,0,0.2857142857142857,WI,1.0,3473.0
2021-02-22,0,1.0,WI,1.0,3847.0
2021-03-01,0,0.0,WI,1.0,3306.0
2021-03-08,0,0.0,WI,1.0,3389.0
2021-03-15,0,0.2857142857142857,WI,1.0,3473.0
2021-03-22,0,1.0,WI,1.0,3932.0
2021-03-29,0,0.42857142857142855,WI,1.0,3680.0
2021-04-05,0,0.0,WI,1.0,3473.0
2021-04-12,0,0.0,WI,1.0,3512.0
2021-04-19,0,0.8571428571428571,WI,1.0,3908.0
2021-04-26,0,0.7142857142857143,WI,1.0,3875.0
2021-05-03,0,0.0,WI,1.0,3497.0
2021-05-10,0,0.0,WI,1.0,3567.0
2021-05-17,0,0.5714285714285714,WI,1.0,3762.0
2021-05-24,0,1.0,WI,1.0,4030.0
2021-05-31,0,0.14285714285714285,WI,1.0,3649.0
2021-06-07,1,0.0,WI,1.0,3942.0
2021-06-14,1,0.14285714285714285,WI,1.0,3973.0
2021-06-21,1,1.0,WI,1.0,4513.0
2021-06-28,1,0.42857142857142855,WI,1.0,4268.0
2021-07-05,1,0.0,WI,1.0,3933.0
2021-07-12,1,0.0,WI,1.0,3938.0
2021-07-19,1,0.8571428571428571,WI,1.0,4477.0
2021-07-26,1,0.8571428571428571,WI,1.0,4381.0
2021-08-02,1,0.0,WI,1.0,3934.0
2021-08-09,1,0.0,WI,1.0,3979.0
2021-08-16,0,0.42857142857142855,WI,1.0,3754.0
2021-08-23,0,1.0,WI,1.0,4087.0
2021-08-30,0,0.2857142857142857,WI,1.0,3696.0
2021-09-06,0,0.0,WI,1.0,3562.0
2021-09-13,0,0.0,WI,1.0,3562.0
2021-09-20,0,1.0,WI,1.0,4204.0
2021-09-27,0,0.5714285714285714,WI,1.0,3866.0
2021-10-04,0,0.0,WI,1.0,3524.0
2021-10-11,0,0.0,WI,1.0,3626.0
2021-10-18,0,0.7142857142857143,WI,1.0,3964.0
2021-10-25,0,1.0,WI,1.0,4172.0
2021-11-01,0,0.0,WI,1.0,3983.0
2021-11-08,0,0.0,WI,1.0,4125.0
2021-11-15,0,0.2857142857142857,WI,1.0,4234.0
2021-11-22,0,1.0,WI,1.0,4469.0
2021-11-29,0,0.2857142857142857,WI,1.0,4219.0
2021-12-06,0,0.0,WI,1.0,4091.0
2021-12-13,0,0.0,WI,1.0,4035.0
2021-12-20,1,1.0,WI,1.0,5216.0
2021-12-27,1,0.7142857142857143,WI,1.0,5179.0
2022-01-03,1,0.0,WI,1.0,4104.0
2022-01-10,0,0.0,WI,1.0,3729.0
2022-01-17,0,0.5714285714285714,WI,1.0,4142.0
2022-01-24,0,1.0,WI,1.0,4524.0
2022-01-31,0,0.14285714285714285,WI,1.0,3978.0
2022-02-07,0,0.0,WI,1.0,3947.0
2022-02-14,0,0.14285714285714285,WI,1.0,4169.0
2022-02-21,0,1.0,WI,1.0,4704.0
2022-02-28,0,0.14285714285714285,WI,1.0,4273.0
2022-03-07,0,0.0,WI,1.0,4282.0
2022-03-14,0,0.14285714285714285,WI,1.0,4269.0
2022-03-21,0,1.0,WI,1.0,4988.0
2022-03-28,0,0.5714285714285714,WI,1.0,4850.0
2022-04-04,0,0.0,WI,1.0,4451.0
2022-04-11,0,0.0,WI,1.0,4517.0
2022-04-18,0,0.7142857142857143,WI,1.0,5069.0
2022-04-25,0,0.8571428571428571,WI,1.0,5188.0
2022-05-02,0,0.0,WI,1.0,4635.0
2022-05-09,0,0.0,WI,1.0,4808.0
2022-05-16,0,0.42857142857142855,WI,1.0,5011.0
2022-05-23,0,1.0,WI,1.0,5597.0
2022-05-30,0,0.2857142857142857,WI,1.0,5056.0
2022-06-06,1,0.0,WI,1.0,5533.0
2022-06-13,1,0.0,WI,1.0,5578.0
2022-06-20,1,1.0,WI,1.0,6424.0
2022-06-27,1,0.5714285714285714,WI,1.0,5973.0
2022-07-04,1,0.0,WI,1.0,5530.0
2022-07-11,1,0.0,WI,1.0,5671.0
2022-07-18,1,0.7142857142857143,WI,1.0,6216.0
2022-07-25,1,1.0,WI,1.0,6486.0
2022-08-01,1,0.0,WI,1.0,5624.0
2022-08-08,1,0.0,WI,1.0,5563.0
2022-08-15,0,0.2857142857142857,WI,1.0,5143.0
2022-08-22,0,1.0,WI,1.0,5593.0
2022-08-29,0,0.42857142857142855,WI,1.0,5190.0
2022-09-05,0,0.0,WI,1.0,4949.0
2022-09-12,0,0.0,WI,1.0,4746.0
2022-09-19,0,0.8571428571428571,WI,1.0,5469.0
2022-09-26,0,0.7142857142857143,WI,1.0,5378.0
2022-10-03,0,0.0,WI,1.0,4765.0
2022-10-10,0,0.0,WI,1.0,4841.0
2022-10-17,0,0.5714285714285714,WI,1.0,5111.0
2022-10-24,0,1.0,WI,1.0,5456.0
2022-10-31,0,0.14285714285714285,WI,1.0,4877.0
2022-11-07,0,0.0,WI,1.0,5197.0
2022-11-14,0,0.14285714285714285,WI,1.0,5285.0
2022-11-21,0,1.0,WI,1.0,5885.0
2022-11-28,0,0.42857142857142855,WI,1.0,5533.0
2022-12-05,0,0.0,WI,1.0,5149.0
2022-12-12,0,0.0,WI,1.0,5161.0
2022-12-19,0,0.8571428571428571,WI,1.0,5827.0
2022-12-26,1,0.8571428571428571,WI,1.0,6615.0
2023-01-02,1,0.0,WI,1.0,5268.0
2023-01-09,0,0.0,WI,1.0,4632.0
2023-01-16,0,0.42857142857142855,WI,1.0,5045.0
2023-01-23,0,1.0,WI,1.0,5658.0
2023-01-30,0,0.2857142857142857,WI,1.0,5019.0
2023-02-06,0,0.0,WI,1.0,4891.0
2023-02-13,0,0.0,WI,1.0,4967.0
2023-02-20,0,1.0,WI,1.0,5652.0
2023-02-27,0,0.2857142857142857,WI,1.0,5152.0
2023-03-06,0,0.0,WI,1.0,5017.0
2023-03-13,0,0.0,WI,1.0,5155.0
2023-03-20,0,1.0,WI,1.0,5897.0
2023-03-27,0,0.7142857142857143,WI,1.0,5876.0
2023-04-03,0,0.0,WI,1.0,5456.0
2023-04-10,0,0.0,WI,1.0,5362.0
2023-04-17,0,0.5714285714285714,WI,1.0,5779.0
2023-04-24,0,1.0,WI,1.0,6272.0
2023-05-01,0,0.0,WI,1.0,5589.0
2023-05-08,0,0.0,WI,1.0,5580.0
2023-05-15,0,0.2857142857142857,WI,1.0,5847.0
2023-05-22,0,1.0,WI,1.0,6495.0
2023-05-29,0,0.42857142857142855,WI,1.0,5948.0
2023-06-05,1,0.0,WI,1.0,6369.0
2023-06-12,1,0.0,WI,1.0,6342.0
2023-06-19,1,0.8571428571428571,WI,1.0,7139.0
2023-06-26,1,0.7142857142857143,WI,1.0,7114.0
2023-07-03,1,0.0,WI,1.0,6339.0
2023-07-10,1,0.0,WI,1.0,6470.0
2023-07-17,1,0.5714285714285714,WI,1.0,6855.0
2023-07-24,1,1.0,WI,1.0,7154.0
2023-07-31,1,0.14285714285714285,WI,1.0,6585.0
2023-08-07,1,0.0,WI,1.0,6357.0
2023-08-14,1,0.14285714285714285,WI,1.0,6525.0
2023-08-21,0,1.0,WI,1.0,6520.0
2023-08-28,0,0.5714285714285714,WI,1.0,5959.0
2023-09-04,0,0.0,WI,1.0,5638.0
2023-09-11,0,0.0,WI,1.0,5421.0
2023-09-18,0,0.7142857142857143,WI,1.0,5996.0
2023-09-25,0,0.8571428571428571,WI,1.0,6311.0
2023-10-02,0,0.0,WI,1.0,5325.0
2023-10-09,0,0.0,WI,1.0,5565.0
2023-10-16,0,0.42857142857142855,WI,1.0,5649.0
2023-10-23,0,1.0,WI,1.0,6239.0
2023-10-30,0,0.2857142857142857,WI,1.0,5563.0
2023-11-06,0,0.0,WI,1.0,5964.0
2023-11-13,0,0.0,WI,1.0,5939.0
2023-11-20,0,1.0,WI,1.0,6779.0
2023-11-27,0,0.5714285714285714,WI,1.0,6376.0
2023-12-04,0,0.0,WI,1.0,5876.0
2023-12-11,0,0.0,WI,1.0,5835.0
2023-12-18,0,0.7142857142857143,WI,1.0,6531.0
2023-12-25,1,1.0,WI,1.0,7609.0
2024-01-01,1,0.0,WI,1.0,6066.0
2024-01-08,0,0.0,WI,1.0,5313.0
2024-01-15,0,0.2857142857142857,WI,1.0,5747.0
2024-01-22,0,1.0,WI,1.0,6435.0
2024-01-29,0,0.42857142857142855,WI,1.0,5844.0
2024-02-05,0,0.0,WI,1.0,5581.0
2024-02-12,0,0.0,WI,1.0,5594.0
2024-02-19,0,0.8571428571428571,WI,1.0,6370.0
2024-02-26,0,0.5714285714285714,WI,1.0,6351.0
2024-03-04,0,0.0,WI,1.0,5730.0
2024-03-11,0,0.0,WI,1.0,5831.0
2024-03-18,0,0.7142857142857143,WI,1.0,6617.0
2024-03-25,0,1.0,WI,1.0,6808.0
2024-04-01,0,0.0,WI,1.0,5978.0
2024-04-08,0,0.0,WI,1.0,6189.0
2024-04-15,0,0.2857142857142857,WI,1.0,6428.0
2024-04-22,0,1.0,WI,1.0,7197.0
2024-04-29,0,0.2857142857142857,WI,1.0,6385.0
2024-05-06,0,0.0,WI,1.0,6166.0
2024-05-13,0,0.0,WI,1.0,6314.0
2024-05-20,0,1.0,WI,1.0,7264.0
2024-05-27,0,0.7142857142857143,WI,1.0,6930.0
2024-06-03,1,0.0,WI,1.0,7092.0
2024-06-10,1,0.0,WI,1.0,6967.0
2024-06-17,1,0.5714285714285714,WI,1.0,7853.0
2024-06-24,1,1.0,WI,1.0,8344.0
2024-07-01,1,0.0,WI,1.0,7201.0
2024-07-08,1,0.0,WI,1.0,7206.0
2024-07-15,1,0.2857142857142857,WI,1.0,7576.0
2024-07-22,1,1.0,WI,1.0,8343.0
2024-07-29,1,0.42857142857142855,WI,1.0,7492.0
2024-08-05,1,0.0,WI,1.0,7083.0
2024-08-12,1,0.0,WI,1.0,7073.0
2024-08-19,0,0.8571428571428571,WI,1.0,7144.0
2024-08-26,0,0.8571428571428571,WI,1.0,6983.0
2024-09-02,0,0.0,WI,1.0,6185.0
2024-09-09,0,0.0,WI,1.0,6198.0
2024-09-16,0,0.42857142857142855,WI,1.0,6541.0
2024-09-23,0,1.0,WI,1.0,7050.0
2024-09-30,0,0.14285714285714285,WI,1.0,6234.0
2024-10-07,0,0.0,WI,1.0,6002.0
2024-10-14,0,0.14285714285714285,WI,1.0,5991.0
2024-10-21,0,1.0,WI,1.0,6790.0
2024-10-28,0,0.5714285714285714,WI,1.0,6326.0
2024-11-04,0,0.0,WI,1.0,6489.0
2024-11-11,0,0.0,WI,1.0,6381.0
2024-11-18,0,0.7142857142857143,WI,1.0,6896.0
2024-11-25,0,0.8571428571428571,WI,1.0,7354.0
2024-12-02,0,0.0,WI,1.0,6394.0
2024-12-09,0,0.0,WI,1.0,6394.0
2024-12-16,0,0.42857142857142855,WI,1.0,6609.0
2024-12-23,1,1.0,WI,1.0,8097.0
2024-12-30,1,0.2857142857142857,WI,1.0,7322.0
2025-01-06,0,0.0,WI,1.0,5831.0
2025-01-13,0,0.0,WI,1.0,5869.0
2025-01-20,0,1.0,WI,1.0,6703.0
2025-01-27,0,0.7142857142857143,WI,1.0,6472.0
2025-02-03,0,0.0,WI,1.0,5863.0
2025-02-10,0,0.0,WI,1.0,5897.0
2025-02-17,0,0.5714285714285714,WI,1.0,6223.0
2025-02-24,0,0.7142857142857143,WI,1.0,6568.0
2025-03-03,0,0.0,WI,1.0,5977.0
2025-03-10,0,0.0,WI,1.0,5949.0
2025-03-17,0,0.5714285714285714,WI,1.0,6527.0
2025-03-24,0,1.0,WI,1.0,7092.0
2025-03-31,0,0.14285714285714285,WI,1.0,6377.0
2025-04-07,0,0.0,WI,1.0,6194.0
2025-04-14,0,0.14285714285714285,WI,1.0,6138.0
2025-04-21,0,1.0,WI,1.0,7224.0
2025-04-28,0,0.42857142857142855,WI,1.0,6716.0
2025-05-05,0,0.0,WI,1.0,6211.0
2025-05-12,0,0.0,WI,1.0,6384.0
2025-05-19,0,0.8571428571428571,WI,1.0,7335.0
2025-05-26,0,0.8571428571428571,WI,1.0,7160.0
2025-06-02,1,0.0,WI,1.0,7249.0
2025-06-09,1,0.0,WI,1.0,7094.0
2025-06-16,1,0.42857142857142855,WI,1.0,7866.0
2025-06-23,1,1.0,WI,1.0,8266.0
2025-06-30,1,0.14285714285714285,WI,1.0,7280.0
2025-07-07,1,0.0,WI,1.0,7276.0
2025-07-14,1,0.14285714285714285,WI,1.0,7385.0
2025-07-21,1,1.0,WI,1.0,8364.0
2025-07-28,1,0.5714285714285714,WI,1.0,7759.0
2025-08-04,1,0.0,WI,0.9992728040190803,7186.0
2025-08-11,1,0.0,WI,0.9985456080381604,7207.0
2025-08-18,0,0.7142857142857143,WI,0.9978184120572406,6927.0
2025-08-25,0,1.0,WI,0.9970912160763209,7133.0
2025-09-01,0,0.0,WI,0.996364020095401,6214.0
2025-09-08,0,0.0,WI,0.9956368241144813,6232.0
2025-09-15,0,0.2857142857142857,WI,0.9949096281335615,6326.0
2025-09-22,0,1.0,WI,0.9941824321526417,6928.0
2025-09-29,0,0.2857142857142857,WI,0.9934552361717219,6451.0
2025-10-06,0,0.0,WI,0.9927280401908021,6074.0
2025-10-13,0,0.0,WI,0.9920008442098823,6080.0
2025-10-20,0,1.0,WI,0.9912736482289626,6831.0
2025-10-27,0,0.7142857142857143,WI,0.9905464522480427,6385.0
2025-11-03,0,0.0,WI,0.989819256267123,6525.0
2025-11-10,0,0.0,WI,0.9890920602862032,6305.0
2025-11-17,0,0.5714285714285714,WI,0.9883648643052834,7055.0
2025-11-24,0,1.0,WI,0.9876376683243636,7499.0
2025-12-01,0,0.0,WI,0.9869104723434439,6530.0
2025-12-08,0,0.0,WI,0.986183276362524,6455.0
2025-12-15,0,0.2857142857142857,WI,0.9854560803816043,6548.0
2025-12-22,1,1.0,WI,0.9847288844006845,8156.0
2025-12-29,1,0.42857142857142855,WI,0.9840016884197647,7638.0
2026-01-05,1,0.0,WI,0.9832744924388449,6510.0
2026-01-12,0,0.0,WI,0.9825472964579252,5831.0
2026-01-19,0,0.8571428571428571,WI,0.9818201004770053,6763.0
2026-01-26,0,0.8571428571428571,WI,0.9810929044960855,6609.0
2026-02-02,0,0.0,WI,0.9803657085151657,5967.0
2026-02-09,0,0.0,WI,0.9796385125342459,5985.0
2026-02-16,0,0.42857142857142855,WI,0.9789113165533262,6462.0
2026-02-23,0,0.8571428571428571,WI,0.9781841205724063,6819.0
2026-03-02,0,0.0,WI,0.9774569245914866,6227.0
2026-03-09,0,0.0,WI,0.9767297286105668,6167.0
2026-03-16,0,0.42857142857142855,WI,0.976002532629647,6637.0
2026-03-23,0,1.0,WI,0.9752753366487272,7304.0
2026-03-30,0,0.2857142857142857,WI,0.9745481406678075,6577.0
2026-04-06,0,0.0,WI,0.9738209446868876,6420.0
2026-04-13,0,0.0,WI,0.9730937487059679,6604.0
2026-04-20,0,1.0,WI,0.9723665527250481,7593.0
2026-04-27,0,0.5714285714285714,WI,0.9716393567441283,7077.0
2026-05-04,0,0.0,WI,0.9709121607632085,6649.0
2026-05-11,0,0.0,WI,0.9701849647822888,6554.0
2026-05-18,0,0.7142857142857143,WI,0.9694577688013689,7176.0
2026-05-25,0,1.0,WI,0.9687305728204492,7438.0
2026-06-01,1,0.0,WI,0.9680033768395293,7599.0
2026-06-08,1,0.0,WI,0.9672761808586096,7503.0
2026-06-15,1,0.2857142857142857,WI,0.9665489848776898,7836.0
2026-06-22,1,1.0,WI,0.96582178889677,8574.0
2026-06-29,1,0.2857142857142857,WI,0.9650945929158502,7874.0
2026-07-06,1,0.0,WI,0.9643673969349305,7419.0
2026-07-13,1,0.0,WI,0.9636402009540106,7560.0
2026-07-20,1,1.0,WI,0.9629130049730908,8825.0
2026-07-27,1,0.7142857142857143,WI,0.9629130049730908,8247.0
2026-08-03,1,0.0,WI,0.9629130049730908,7312.0
2026-08-10,1,0.0,WI,0.9629130049730908,7333.0
2026-08-17,0,0.5714285714285714,WI,0.9629130049730908,7254.0
2026-08-24,0,1.0,WI,0.9629130049730908,7508.0
2026-08-31,0,0.14285714285714285,WI,0.9629130049730908,6781.0
2026-09-07,0,0.0,WI,0.9629130049730908,6488.0
2026-09-14,0,0.14285714285714285,WI,0.9629130049730908,6564.0
2026-09-21,0,1.0,WI,0.9629130049730908,7275.0
2019-01-07,0,0.0,WV,1.0,1620.0
2019-01-14,0,0.14285714285714285,WV,1.0,1686.0
2019-01-21,0,1.0,WV,1.0,1858.0
2019-01-28,0,0.5714285714285714,WV,1.0,1799.0
2019-02-04,0,0.0,WV,1.0,1694.0
2019-02-11,0,0.0,WV,1.0,1694.0
2019-02-18,0,0.7142857142857143,WV,1.0,1880.0
2019-02-25,0,0.5714285714285714,WV,1.0,1841.0
2019-03-04,0,0.0,WV,1.0,1728.0
2019-03-11,0,0.0,WV,1.0,1724.0
2019-03-18,0,0.7142857142857143,WV,1.0,1886.0
2019-03-25,0,1.0,WV,1.0,2007.0
2019-04-01,0,0.0,WV,1.0,1745.0
2019-04-08,0,0.0,WV,1.0,1796.0
2019-04-15,0,0.2857142857142857,WV,1.0,1878.0
2019-04-22,0,1.0,WV,1.0,2067.0
2019-04-29,0,0.2857142857142857,WV,1.0,1866.0
2019-05-06,0,0.0,WV,1.0,1813.0
2019-05-13,0,0.0,WV,1.0,1853.0
2019-05-20,0,1.0,WV,1.0,2108.0
2019-05-27,0,0.7142857142857143,WV,1.0,2035.0
2019-06-03,1,0.0,WV,1.0,2054.0
2019-06-10,1,0.0,WV,1.0,2028.0
2019-06-17,1,0.5714285714285714,WV,1.0,2221.0
2019-06-24,1,1.0,WV,1.0,2325.0
2019-07-01,1,0.0,WV,1.0,2065.0
2019-07-08,1,0.0,WV,1.0,2105.0
2019-07-15,1,0.2857142857142857,WV,1.0,2141.0
2019-07-22,1,1.0,WV,1.0,2350.0
2019-07-29,1,0.42857142857142855,WV,1.0,2199.0
2019-08-05,1,0.0,WV,1.0,2057.0
2019-08-12,1,0.0,WV,1.0,2007.0
2019-08-19,0,0.8571428571428571,WV,1.0,2019.0
2019-08-26,0,0.8571428571428571,WV,1.0,2028.0
2019-09-02,0,0.0,WV,1.0,1804.0
2019-09-09,0,0.0,WV,1.0,1765.0
2019-09-16,0,0.42857142857142855,WV,1.0,1855.0
2019-09-23,0,1.0,WV,1.0,2049.0
2019-09-30,0,0.14285714285714285,WV,1.0,1739.0
2019-10-07,0,0.0,WV,1.0,1695.0
2019-10-14,0,0.14285714285714285,WV,1.0,1718.0
2019-10-21,0,1.0,WV,1.0,1968.0
2019-10-28,0,0.5714285714285714,WV,1.0,1860.0
2019-11-04,0,0.0,WV,1.0,1834.0
2019-11-11,0,0.0,WV,1.0,1806.0
2019-11-18,0,0.7142857142857143,WV,1.0,1989.0
2019-11-25,0,0.8571428571428571,WV,1.0,2027.0
2019-12-02,0,0.0,WV,1.0,1752.0
2019-12-09,0,0.0,WV,1.0,1779.0
2019-12-16,0,0.42857142857142855,WV,1.0,1902.0
2019-12-23,1,1.0,WV,1.0,2311.0
2019-12-30,1,0.2857142857142857,WV,1.0,2101.0
2020-01-06,0,0.0,WV,1.0,1631.0
2020-01-13,0,0.0,WV,1.0,1645.0
2020-01-20,0,1.0,WV,1.0,1907.0
2020-01-27,0,0.7142857142857143,WV,1.0,1827.0
2020-02-03,0,0.0,WV,1.0,1643.0
2020-02-10,0,0.0,WV,1.0,1642.0
2020-02-17,0,0.5714285714285714,WV,1.0,1797.0
2020-02-24,0,0.8571428571428571,WV,1.0,1910.0
2020-03-02,0,0.0,WV,1.0,1698.0
2020-03-09,0,0.0,WV,1.0,1713.0
2020-03-16,0,0.42857142857142855,WV,1.0,1821.0
2020-03-23,0,1.0,WV,1.0,1981.0
2020-03-30,0,0.2857142857142857,WV,1.0,1833.0
2020-04-06,0,0.0,WV,1.0,1711.0
2020-04-13,0,0.0,WV,1.0,1773.0
2020-04-20,0,1.0,WV,1.0,2053.0
2020-04-27,0,0.5714285714285714,WV,1.0,1918.0
2020-05-04,0,0.0,WV,1.0,1795.0
2020-05-11,0,0.0,WV,1.0,1814.0
2020-05-18,0,0.7142857142857143,WV,1.0,1974.0
2020-05-25,0,1.0,WV,1.0,2086.0
2020-06-01,1,0.0,WV,1.0,2065.0
2020-06-08,1,0.0,WV,1.0,2036.0
2020-06-15,1,0.2857142857142857,WV,1.0,2174.0
2020-06-22,1,1.0,WV,1.0,2316.0
2020-06-29,1,0.2857142857142857,WV,1.0,2106.0
2020-07-06,1,0.0,WV,1.0,2013.0
2020-07-13,1,0.0,WV,1.0,2009.0
2020-07-20,1,1.0,WV,1.0,2319.0
2020-07-27,1,0.7142857142857143,WV,1.0,2190.0
2020-08-03,1,0.0,WV,1.0,2011.0
2020-08-10,1,0.0,WV,1.0,1967.0
2020-08-17,0,0.5714285714285714,WV,1.0,1888.0
2020-08-24,0,1.0,WV,1.0,1961.0
2020-08-31,0,0.14285714285714285,WV,1.0,1745.0
2020-09-07,0,0.0,WV,1.0,1700.0
2020-09-14,0,0.14285714285714285,WV,1.0,1718.0
2020-09-21,0,1.0,WV,1.0,1915.0
2020-09-28,0,0.42857142857142855,WV,1.0,1736.0
2020-10-05,0,0.0,WV,1.0,1638.0
2020-10-12,0,0.0,WV,1.0,1635.0
2020-10-19,0,0.8571428571428571,WV,1.0,1800.0
2020-10-26,0,0.8571428571428571,WV,1.0,1799.0
2020-11-02,0,0.0,WV,1.0,1730.0
2020-11-09,0,0.0,WV,1.0,1719.0
2020-11-16,0,0.42857142857142855,WV,1.0,1825.0
2020-11-23,0,1.0,WV,1.0,1932.0
2020-11-30,0,0.14285714285714285,WV,1.0,1708.0
2020-12-07,0,0.0,WV,1.0,1661.0
2020-12-14,0,0.14285714285714285,WV,1.0,1714.0
2020-12-21,1,1.0,WV,1.0,2096.0
2020-12-28,1,0.5714285714285714,WV,1.0,2025.0
2021-01-04,1,0.0,WV,1.0,1678.0
2021-01-11,0,0.0,WV,1.0,1489.0
2021-01-18,0,0.7142857142857143,WV,1.0,1666.0
2021-01-25,0,1.0,WV,1.0,1741.0
2021-02-01,0,0.0,WV,1.0,1534.0
2021-02-08,0,0.0,WV,1.0,1504.0
2021-02-15,0,0.2857142857142857,WV,1.0,1579.0
2021-02-22,0,1.0,WV,1.0,1767.0
2021-03-01,0,0.0,WV,1.0,1523.0
2021-03-08,0,0.0,WV,1.0,1537.0
2021-03-15,0,0.2857142857142857,WV,1.0,1648.0
2021-03-22,0,1.0,WV,1.0,1812.0
2021-03-29,0,0.42857142857142855,WV,1.0,1658.0
2021-04-05,0,0.0,WV,1.0,1568.0
2021-04-12,0,0.0,WV,1.0,1576.0
2021-04-19,0,0.8571428571428571,WV,1.0,1756.0
2021-04-26,0,0.7142857142857143,WV,1.0,1787.0
2021-05-03,0,0.0,WV,1.0,1578.0
2021-05-10,0,0.0,WV,1.0,1623.0
2021-05-17,0,0.5714285714285714,WV,1.0,1709.0
2021-05-24,0,1.0,WV,1.0,1863.0
2021-05-31,0,0.14285714285714285,WV,1.0,1627.0
2021-06-07,1,0.0,WV,1.0,1791.0
2021-06-14,1,0.14285714285714285,WV,1.0,1802.0
2021-06-21,1,1.0,WV,1.0,2065.0
2021-06-28,1,0.42857142857142855,WV,1.0,1888.0
2021-07-05,1,0.0,WV,1.0,1797.0
2021-07-12,1,0.0,WV,1.0,1776.0
2021-07-19,1,0.8571428571428571,WV,1.0,2013.0
2021-07-26,1,0.8571428571428571,WV,1.0,2025.0
2021-08-02,1,0.0,WV,1.0,1774.0
2021-08-09,1,0.0,WV,1.0,1774.0
2021-08-16,0,0.42857142857142855,WV,1.0,1698.0
2021-08-23,0,1.0,WV,1.0,1822.0
2021-08-30,0,0.2857142857142857,WV,1.0,1641.0
2021-09-06,0,0.0,WV,1.0,1572.0
2021-09-13,0,0.0,WV,1.0,1570.0
2021-09-20,0,1.0,WV,1.0,1838.0
2021-09-27,0,0.5714285714285714,WV,1.0,1740.0
2021-10-04,0,0.0,WV,1.0,1572.0
2021-10-11,0,0.0,WV,1.0,1566.0
2021-10-18,0,0.7142857142857143,WV,1.0,1719.0
2021-10-25,0,1.0,WV,1.0,1794.0
2021-11-01,0,0.0,WV,1.0,1724.0
2021-11-08,0,0.0,WV,1.0,1727.0
2021-11-15,0,0.2857142857142857,WV,1.0,1795.0
2021-11-22,0,1.0,WV,1.0,1999.0
2021-11-29,0,0.2857142857142857,WV,1.0,1775.0
2021-12-06,0,0.0,WV,1.0,1686.0
2021-12-13,0,0.0,WV,1.0,1689.0
2021-12-20,1,1.0,WV,1.0,2264.0
2021-12-27,1,0.7142857142857143,WV,1.0,2131.0
2022-01-03,1,0.0,WV,1.0,1763.0
2022-01-10,0,0.0,WV,1.0,1622.0
2022-01-17,0,0.5714285714285714,WV,1.0,1735.0
2022-01-24,0,1.0,WV,1.0,1844.0
2022-01-31,0,0.14285714285714285,WV,1.0,1685.0
2022-02-07,0,0.0,WV,1.0,1666.0
2022-02-14,0,0.14285714285714285,WV,1.0,1712.0
2022-02-21,0,1.0,WV,1.0,1963.0
2022-02-28,0,0.14285714285714285,WV,1.0,1765.0
2022-03-07,0,0.0,WV,1.0,1733.0
2022-03-14,0,0.14285714285714285,WV,1.0,1802.0
2022-03-21,0,1.0,WV,1.0,2029.0
2022-03-28,0,0.5714285714285714,WV,1.0,1933.0
2022-04-04,0,0.0,WV,1.0,1789.0
2022-04-11,0,0.0,WV,1.0,1800.0
2022-04-18,0,0.7142857142857143,WV,1.0,2021.0
2022-04-25,0,0.8571428571428571,WV,1.0,2071.0
2022-05-02,0,0.0,WV,1.0,1846.0
2022-05-09,0,0.0,WV,1.0,1855.0
2022-05-16,0,0.42857142857142855,WV,1.0,2017.0
2022-05-23,0,1.0,WV,1.0,2218.0
2022-05-30,0,0.2857142857142857,WV,1.0,1982.0
2022-06-06,1,0.0,WV,1.0,2172.0
2022-06-13,1,0.0,WV,1.0,2167.0
2022-06-20,1,1.0,WV,1.0,2524.0
2022-06-27,1,0.5714285714285714,WV,1.0,2377.0
2022-07-04,1,0.0,WV,1.0,2212.0
2022-07-11,1,0.0,WV,1.0,2214.0
2022-07-18,1,0.7142857142857143,WV,1.0,2437.0
2022-07-25,1,1.0,WV,1.0,2576.0
2022-08-01,1,0.0,WV,1.0,2149.0
2022-08-08,1,0.0,WV,1.0,2194.0
2022-08-15,0,0.2857142857142857,WV,1.0,2011.0
2022-08-22,0,1.0,WV,1.0,2199.0
2022-08-29,0,0.42857142857142855,WV,1.0,2067.0
2022-09-05,0,0.0,WV,1.0,1934.0
2022-09-12,0,0.0,WV,1.0,1880.0
2022-09-19,0,0.8571428571428571,WV,1.0,2173.0
2022-09-26,0,0.7142857142857143,WV,1.0,2079.0
2022-10-03,0,0.0,WV,1.0,1863.0
2022-10-10,0,0.0,WV,1.0,1850.0
2022-10-17,0,0.5714285714285714,WV,1.0,2011.0
2022-10-24,0,1.0,WV,1.0,2128.0
2022-10-31,0,0.14285714285714285,WV,1.0,1861.0
2022-11-07,0,0.0,WV,1.0,1993.0
2022-11-14,0,0.14285714285714285,WV,1.0,2044.0
2022-11-21,0,1.0,WV,1.0,2298.0
2022-11-28,0,0.42857142857142855,WV,1.0,2112.0
2022-12-05,0,0.0,WV,1.0,1988.0
2022-12-12,0,0.0,WV,1.0,1991.0
2022-12-19,0,0.8571428571428571,WV,1.0,2216.0
2022-12-26,1,0.8571428571428571,WV,1.0,2505.0
2023-01-02,1,0.0,WV,1.0,2025.0
2023-01-09,0,0.0,WV,1.0,1812.0
2023-01-16,0,0.42857142857142855,WV,1.0,1951.0
2023-01-23,0,1.0,WV,1.0,2130.0
2023-01-30,0,0.2857142857142857,WV,1.0,1942.0
2023-02-06,0,0.0,WV,1.0,1877.0
2023-02-13,0,0.0,WV,1.0,1885.0
2023-02-20,0,1.0,WV,1.0,2145.0
2023-02-27,0,0.2857142857142857,WV,1.0,1978.0
2023-03-06,0,0.0,WV,1.0,1872.0
2023-03-13,0,0.0,WV,1.0,1916.0
2023-03-20,0,1.0,WV,1.0,2277.0
2023-03-27,0,0.7142857142857143,WV,1.0,2192.0
2023-04-03,0,0.0,WV,1.0,1974.0
2023-04-10,0,0.0,WV,1.0,2045.0
2023-04-17,0,0.5714285714285714,WV,1.0,2209.0
2023-04-24,0,1.0,WV,1.0,2313.0
2023-05-01,0,0.0,WV,1.0,2065.0
2023-05-08,0,0.0,WV,1.0,2057.0
2023-05-15,0,0.2857142857142857,WV,1.0,2177.0
2023-05-22,0,1.0,WV,1.0,2419.0
2023-05-29,0,0.42857142857142855,WV,1.0,2221.0
2023-06-05,1,0.0,WV,1.0,2356.0
2023-06-12,1,0.0,WV,1.0,2375.0
2023-06-19,1,0.8571428571428571,WV,1.0,2663.0
2023-06-26,1,0.7142857142857143,WV,1.0,2577.0
2023-07-03,1,0.0,WV,1.0,2315.0
2023-07-10,1,0.0,WV,1.0,2369.0
2023-07-17,1,0.5714285714285714,WV,1.0,2551.0
2023-07-24,1,1.0,WV,1.0,2734.0
2023-07-31,1,0.14285714285714285,WV,1.0,2406.0
2023-08-07,1,0.0,WV,1.0,2362.0
2023-08-14,1,0.14285714285714285,WV,1.0,2373.0
2023-08-21,0,1.0,WV,1.0,2400.0
2023-08-28,0,0.5714285714285714,WV,1.0,2262.0
2023-09-04,0,0.0,WV,1.0,2058.0
2023-09-11,0,0.0,WV,1.0,2065.0
2023-09-18,0,0.7142857142857143,WV,1.0,2310.0
2023-09-25,0,0.8571428571428571,WV,1.0,2275.0
2023-10-02,0,0.0,WV,1.0,2041.0
2023-10-09,0,0.0,WV,1.0,2020.0
2023-10-16,0,0.42857142857142855,WV,1.0,2151.0
2023-10-23,0,1.0,WV,1.0,2304.0
2023-10-30,0,0.2857142857142857,WV,1.0,2062.0
2023-11-06,0,0.0,WV,1.0,2157.0
2023-11-13,0,0.0,WV,1.0,2187.0
2023-11-20,0,1.0,WV,1.0,2504.0
2023-11-27,0,0.5714285714285714,WV,1.0,2367.0
2023-12-04,0,0.0,WV,1.0,2165.0
2023-12-11,0,0.0,WV,1.0,2181.0
2023-12-18,0,0.7142857142857143,WV,1.0,2398.0
2023-12-25,1,1.0,WV,1.0,2815.0
2024-01-01,1,0.0,WV,1.0,2232.0
2024-01-08,0,0.0,WV,1.0,2003.0
2024-01-15,0,0.2857142857142857,WV,1.0,2093.0
2024-01-22,0,1.0,WV,1.0,2330.0
2024-01-29,0,0.42857142857142855,WV,1.0,2148.0
2024-02-05,0,0.0,WV,1.0,2068.0
2024-02-12,0,0.0,WV,1.0,2079.0
2024-02-19,0,0.8571428571428571,WV,1.0,2333.0
2024-02-26,0,0.5714285714285714,WV,1.0,2321.0
2024-03-04,0,0.0,WV,1.0,2081.0
2024-03-11,0,0.0,WV,1.0,2143.0
2024-03-18,0,0.7142857142857143,WV,1.0,2379.0
2024-03-25,0,1.0,WV,1.0,2550.0
2024-04-01,0,0.0,WV,1.0,2204.0
2024-04-08,0,0.0,WV,1.0,2211.0
2024-04-15,0,0.2857142857142857,WV,1.0,2370.0
2024-04-22,0,1.0,WV,1.0,2593.0
2024-04-29,0,0.2857142857142857,WV,1.0,2379.0
2024-05-06,0,0.0,WV,1.0,2264.0
2024-05-13,0,0.0,WV,1.0,2308.0
2024-05-20,0,1.0,WV,1.0,2640.0
2024-05-27,0,0.7142857142857143,WV,1.0,2628.0
2024-06-03,1,0.0,WV,1.0,2651.0
2024-06-10,1,0.0,WV,1.0,2607.0
2024-06-17,1,0.5714285714285714,WV,1.0,2851.0
2024-06-24,1,1.0,WV,1.0,3080.0
2024-07-01,1,0.0,WV,1.0,2676.0
2024-07-08,1,0.0,WV,1.0,2685.0
2024-07-15,1,0.2857142857142857,WV,1.0,2731.0
2024-07-22,1,1.0,WV,1.0,3043.0
2024-07-29,1,0.42857142857142855,WV,1.0,2802.0
2024-08-05,1,0.0,WV,1.0,2582.0
2024-08-12,1,0.0,WV,1.0,2593.0
2024-08-19,0,0.8571428571428571,WV,1.0,2584.0
2024-08-26,0,0.8571428571428571,WV,1.0,2573.0
2024-09-02,0,0.0,WV,1.0,2287.0
2024-09-09,0,0.0,WV,1.0,2261.0
2024-09-16,0,0.42857142857142855,WV,1.0,2439.0
2024-09-23,0,1.0,WV,1.0,2559.0
2024-09-30,0,0.14285714285714285,WV,1.0,2258.0
2024-10-07,0,0.0,WV,1.0,2224.0
2024-10-14,0,0.14285714285714285,WV,1.0,2271.0
2024-10-21,0,1.0,WV,1.0,2478.0
2024-10-28,0,0.5714285714285714,WV,1.0,2342.0
2024-11-04,0,0.0,WV,1.0,2395.0
2024-11-11,0,0.0,WV,1.0,2358.0
2024-11-18,0,0.7142857142857143,WV,1.0,2588.0
2024-11-25,0,0.8571428571428571,WV,1.0,2677.0
2024-12-02,0,0.0,WV,1.0,2321.0
2024-12-09,0,0.0,WV,1.0,2295.0
2024-12-16,0,0.42857142857142855,WV,1.0,2514.0
2024-12-23,1,1.0,WV,1.0,2969.0
2024-12-30,1,0.2857142857142857,WV,1.0,2696.0
2025-01-06,0,0.0,WV,1.0,2121.0
2025-01-13,0,0.0,WV,1.0,2111.0
2025-01-20,0,1.0,WV,1.0,2460.0
2025-01-27,0,0.7142857142857143,WV,1.0,2384.0
2025-02-03,0,0.0,WV,1.0,2144.0
2025-02-10,0,0.0,WV,1.0,2115.0
2025-02-17,0,0.5714285714285714,WV,1.0,2357.0
2025-02-24,0,0.7142857142857143,WV,1.0,2456.0
2025-03-03,0,0.0,WV,1.0,2198.0
2025-03-10,0,0.0,WV,1.0,2225.0
2025-03-17,0,0.5714285714285714,WV,1.0,2426.0
2025-03-24,0,1.0,WV,1.0,2664.0
2025-03-31,0,0.14285714285714285,WV,1.0,2342.0
2025-04-07,0,0.0,WV,1.0,2283.0
2025-04-14,0,0.14285714285714285,WV,1.0,2333.0
2025-04-21,0,1.0,WV,1.0,2666.0
2025-04-28,0,0.42857142857142855,WV,1.0,2491.0
2025-05-05,0,0.0,WV,1.0,2349.0
2025-05-12,0,0.0,WV,1.0,2347.0
2025-05-19,0,0.8571428571428571,WV,1.0,2668.0
2025-05-26,0,0.8571428571428571,WV,1.0,2654.0
2025-06-02,1,0.0,WV,1.0,2694.0
2025-06-09,1,0.0,WV,1.0,2647.0
2025-06-16,1,0.42857142857142855,WV,1.0,2837.0
2025-06-23,1,1.0,WV,1.0,3082.0
2025-06-30,1,0.14285714285714285,WV,1.0,2722.0
2025-07-07,1,0.0,WV,1.0,2681.0
2025-07-14,1,0.14285714285714285,WV,1.0,2706.0
2025-07-21,1,1.0,WV,1.0,3004.0
2025-07-28,1,0.5714285714285714,WV,1.0,2856.0
2025-08-04,1,0.0,WV,0.9987331476417944,2645.0
2025-08-11,1,0.0,WV,0.9974662952835889,2676.0
2025-08-18,0,0.7142857142857143,WV,0.9961994429253833,2521.0
2025-08-25,0,1.0,WV,0.9949325905671779,2671.0
2025-09-01,0,0.0,WV,0.9936657382089723,2313.0
2025-09-08,0,0.0,WV,0.9923988858507667,2300.0
2025-09-15,0,0.2857142857142857,WV,0.9911320334925612,2347.0
2025-09-22,0,1.0,WV,0.9898651811343556,2630.0
2025-09-29,0,0.2857142857142857,WV,0.9885983287761501,2329.0
2025-10-06,0,0.0,WV,0.9873314764179446,2213.0
2025-10-13,0,0.0,WV,0.986064624059739,2215.0
2025-10-20,0,1.0,WV,0.9847977717015335,2598.0
2025-10-27,0,0.7142857142857143,WV,0.9835309193433279,2429.0
2025-11-03,0,0.0,WV,0.9822640669851224,2396.0
2025-11-10,0,0.0,WV,0.9809972146269168,2433.0
2025-11-17,0,0.5714285714285714,WV,0.9797303622687112,2609.0
2025-11-24,0,1.0,WV,0.9784635099105058,2767.0
2025-12-01,0,0.0,WV,0.9771966575523002,2377.0
2025-12-08,0,0.0,WV,0.9759298051940947,2390.0
2025-12-15,0,0.2857142857142857,WV,0.9746629528358891,2475.0
2025-12-22,1,1.0,WV,0.9733961004776835,3124.0
2025-12-29,1,0.42857142857142855,WV,0.972129248119478,2899.0
2026-01-05,1,0.0,WV,0.9708623957612725,2445.0
2026-01-12,0,0.0,WV,0.969595543403067,2200.0
2026-01-19,0,0.8571428571428571,WV,0.9683286910448614,2476.0
2026-01-26,0,0.8571428571428571,WV,0.9670618386866559,2493.0
2026-02-02,0,0.0,WV,0.9657949863284503,2224.0
2026-02-09,0,0.0,WV,0.9645281339702447,2273.0
2026-02-16,0,0.42857142857142855,WV,0.9632612816120392,2459.0
2026-02-23,0,0.8571428571428571,WV,0.9619944292538337,2622.0
2026-03-02,0,0.0,WV,0.9607275768956282,2320.0
2026-03-09,0,0.0,WV,0.9594607245374226,2348.0
2026-03-16,0,0.42857142857142855,WV,0.958193872179217,2500.0
2026-03-23,0,1.0,WV,0.9569270198210115,2714.0
2026-03-30,0,0.2857142857142857,WV,0.955660167462806,2470.0
2026-04-06,0,0.0,WV,0.9543933151046005,2407.0
2026-04-13,0,0.0,WV,0.9531264627463949,2377.0
2026-04-20,0,1.0,WV,0.9518596103881893,2762.0
2026-04-27,0,0.5714285714285714,WV,0.9505927580299838,2682.0
2026-05-04,0,0.0,WV,0.9493259056717782,2485.0
2026-05-11,0,0.0,WV,0.9480590533135727,2518.0
2026-05-18,0,0.7142857142857143,WV,0.9467922009553672,2823.0
2026-05-25,0,1.0,WV,0.9455253485971616,2931.0
2026-06-01,1,0.0,WV,0.9442584962389561,2828.0
2026-06-08,1,0.0,WV,0.9429916438807505,2841.0
2026-06-15,1,0.2857142857142857,WV,0.941724791522545,3011.0
2026-06-22,1,1.0,WV,0.9404579391643394,3273.0
2026-06-29,1,0.2857142857142857,WV,0.939191086806134,2994.0
2026-07-06,1,0.0,WV,0.9379242344479284,2833.0
2026-07-13,1,0.0,WV,0.9366573820897228,2853.0
2026-07-20,1,1.0,WV,0.9353905297315173,3338.0
2026-07-27,1,0.7142857142857143,WV,0.9353905297315173,3088.0
2026-08-03,1,0.0,WV,0.9353905297315173,2846.0
2026-08-10,1,0.0,WV,0.9353905297315173,2784.0
2026-08-17,0,0.5714285714285714,WV,0.9353905297315173,2743.0
2026-08-24,0,1.0,WV,0.9353905297315173,2925.0
2026-08-31,0,0.14285714285714285,WV,0.9353905297315173,2528.0
2026-09-07,0,0.0,WV,0.9353905297315173,2426.0
2026-09-14,0,0.14285714285714285,WV,0.9353905297315173,2435.0
2026-09-21,0,1.0,WV,0.9353905297315173,2768.0
2019-01-07,0,0.0,WY,1.0,457.0
2019-01-14,0,0.14285714285714285,WY,1.0,476.0
2019-01-21,0,1.0,WY,1.0,518.0
2019-01-28,0,0.5714285714285714,WY,1.0,501.0
2019-02-04,0,0.0,WY,1.0,460.0
2019-02-11,0,0.0,WY,1.0,476.0
2019-02-18,0,0.7142857142857143,WY,1.0,512.0
2019-02-25,0,0.5714285714285714,WY,1.0,510.0
2019-03-04,0,0.0,WY,1.0,473.0
2019-03-11,0,0.0,WY,1.0,466.0
2019-03-18,0,0.7142857142857143,WY,1.0,541.0
2019-03-25,0,1.0,WY,1.0,566.0
2019-04-01,0,0.0,WY,1.0,501.0
2019-04-08,0,0.0,WY,1.0,494.0
2019-04-15,0,0.2857142857142857,WY,1.0,507.0
2019-04-22,0,1.0,WY,1.0,567.0
2019-04-29,0,0.2857142857142857,WY,1.0,538.0
2019-05-06,0,0.0,WY,1.0,497.0
2019-05-13,0,0.0,WY,1.0,504.0
2019-05-20,0,1.0,WY,1.0,569.0
2019-05-27,0,0.7142857142857143,WY,1.0,551.0
2019-06-03,1,0.0,WY,1.0,569.0
2019-06-10,1,0.0,WY,1.0,570.0
2019-06-17,1,0.5714285714285714,WY,1.0,603.0
2019-06-24,1,1.0,WY,1.0,673.0
2019-07-01,1,0.0,WY,1.0,571.0
2019-07-08,1,0.0,WY,1.0,573.0
2019-07-15,1,0.2857142857142857,WY,1.0,572.0
2019-07-22,1,1.0,WY,1.0,652.0
2019-07-29,1,0.42857142857142855,WY,1.0,571.0
2019-08-05,1,0.0,WY,1.0,561.0
2019-08-12,1,0.0,WY,1.0,557.0
2019-08-19,0,0.8571428571428571,WY,1.0,563.0
2019-08-26,0,0.8571428571428571,WY,1.0,553.0
2019-09-02,0,0.0,WY,1.0,484.0
2019-09-09,0,0.0,WY,1.0,481.0
2019-09-16,0,0.42857142857142855,WY,1.0,506.0
2019-09-23,0,1.0,WY,1.0,544.0
2019-09-30,0,0.14285714285714285,WY,1.0,480.0
2019-10-07,0,0.0,WY,1.0,460.0
2019-10-14,0,0.14285714285714285,WY,1.0,472.0
2019-10-21,0,1.0,WY,1.0,531.0
2019-10-28,0,0.5714285714285714,WY,1.0,485.0
2019-11-04,0,0.0,WY,1.0,502.0
2019-11-11,0,0.0,WY,1.0,486.0
2019-11-18,0,0.7142857142857143,WY,1.0,542.0
2019-11-25,0,0.8571428571428571,WY,1.0,534.0
2019-12-02,0,0.0,WY,1.0,488.0
2019-12-09,0,0.0,WY,1.0,483.0
2019-12-16,0,0.42857142857142855,WY,1.0,519.0
2019-12-23,1,1.0,WY,1.0,609.0
2019-12-30,1,0.2857142857142857,WY,1.0,566.0
2020-01-06,0,0.0,WY,1.0,453.0
2020-01-13,0,0.0,WY,1.0,448.0
2020-01-20,0,1.0,WY,1.0,517.0
2020-01-27,0,0.7142857142857143,WY,1.0,494.0
2020-02-03,0,0.0,WY,1.0,448.0
2020-02-10,0,0.0,WY,1.0,443.0
2020-02-17,0,0.5714285714285714,WY,1.0,487.0
2020-02-24,0,0.8571428571428571,WY,1.0,512.0
2020-03-02,0,0.0,WY,1.0,441.0
2020-03-09,0,0.0,WY,1.0,465.0
2020-03-16,0,0.42857142857142855,WY,1.0,496.0
2020-03-23,0,1.0,WY,1.0,519.0
2020-03-30,0,0.2857142857142857,WY,1.0,477.0
2020-04-06,0,0.0,WY,1.0,461.0
2020-04-13,0,0.0,WY,1.0,480.0
2020-04-20,0,1.0,WY,1.0,547.0
2020-04-27,0,0.5714285714285714,WY,1.0,511.0
2020-05-04,0,0.0,WY,1.0,480.0
2020-05-11,0,0.0,WY,1.0,488.0
2020-05-18,0,0.7142857142857143,WY,1.0,535.0
2020-05-25,0,1.0,WY,1.0,545.0
2020-06-01,1,0.0,WY,1.0,532.0
2020-06-08,1,0.0,WY,1.0,544.0
2020-06-15,1,0.2857142857142857,WY,1.0,557.0
2020-06-22,1,1.0,WY,1.0,616.0
2020-06-29,1,0.2857142857142857,WY,1.0,561.0
2020-07-06,1,0.0,WY,1.0,527.0
2020-07-13,1,0.0,WY,1.0,547.0
2020-07-20,1,1.0,WY,1.0,616.0
2020-07-27,1,0.7142857142857143,WY,1.0,584.0
2020-08-03,1,0.0,WY,1.0,519.0
2020-08-10,1,0.0,WY,1.0,517.0
2020-08-17,0,0.5714285714285714,WY,1.0,507.0
2020-08-24,0,1.0,WY,1.0,519.0
2020-08-31,0,0.14285714285714285,WY,1.0,459.0
2020-09-07,0,0.0,WY,1.0,460.0
2020-09-14,0,0.14285714285714285,WY,1.0,450.0
2020-09-21,0,1.0,WY,1.0,510.0
2020-09-28,0,0.42857142857142855,WY,1.0,462.0
2020-10-05,0,0.0,WY,1.0,432.0
2020-10-12,0,0.0,WY,1.0,436.0
2020-10-19,0,0.8571428571428571,WY,1.0,473.0
2020-10-26,0,0.8571428571428571,WY,1.0,499.0
2020-11-02,0,0.0,WY,1.0,462.0
2020-11-09,0,0.0,WY,1.0,458.0
2020-11-16,0,0.42857142857142855,WY,1.0,477.0
2020-11-23,0,1.0,WY,1.0,524.0
2020-11-30,0,0.14285714285714285,WY,1.0,470.0
2020-12-07,0,0.0,WY,1.0,461.0
2020-12-14,0,0.14285714285714285,WY,1.0,464.0
2020-12-21,1,1.0,WY,1.0,595.0
2020-12-28,1,0.5714285714285714,WY,1.0,556.0
2021-01-04,1,0.0,WY,1.0,462.0
2021-01-11,0,0.0,WY,1.0,411.0
2021-01-18,0,0.7142857142857143,WY,1.0,459.0
2021-01-25,0,1.0,WY,1.0,467.0
2021-02-01,0,0.0,WY,1.0,422.0
2021-02-08,0,0.0,WY,1.0,418.0
2021-02-15,0,0.2857142857142857,WY,1.0,458.0
2021-02-22,0,1.0,WY,1.0,486.0
2021-03-01,0,0.0,WY,1.0,419.0
2021-03-08,0,0.0,WY,1.0,424.0
2021-03-15,0,0.2857142857142857,WY,1.0,451.0
2021-03-22,0,1.0,WY,1.0,511.0
2021-03-29,0,0.42857142857142855,WY,1.0,476.0
2021-04-05,0,0.0,WY,1.0,433.0
2021-04-12,0,0.0,WY,1.0,450.0
2021-04-19,0,0.8571428571428571,WY,1.0,510.0
2021-04-26,0,0.7142857142857143,WY,1.0,489.0
2021-05-03,0,0.0,WY,1.0,446.0
2021-05-10,0,0.0,WY,1.0,456.0
2021-05-17,0,0.5714285714285714,WY,1.0,501.0
2021-05-24,0,1.0,WY,1.0,507.0
2021-05-31,0,0.14285714285714285,WY,1.0,455.0
2021-06-07,1,0.0,WY,1.0,511.0
2021-06-14,1,0.14285714285714285,WY,1.0,524.0
2021-06-21,1,1.0,WY,1.0,596.0
2021-06-28,1,0.42857142857142855,WY,1.0,544.0
2021-07-05,1,0.0,WY,1.0,520.0
2021-07-12,1,0.0,WY,1.0,515.0
2021-07-19,1,0.8571428571428571,WY,1.0,566.0
2021-07-26,1,0.8571428571428571,WY,1.0,574.0
2021-08-02,1,0.0,WY,1.0,513.0
2021-08-09,1,0.0,WY,1.0,509.0
2021-08-16,0,0.42857142857142855,WY,1.0,497.0
2021-08-23,0,1.0,WY,1.0,526.0
2021-08-30,0,0.2857142857142857,WY,1.0,474.0
2021-09-06,0,0.0,WY,1.0,451.0
2021-09-13,0,0.0,WY,1.0,470.0
2021-09-20,0,1.0,WY,1.0,523.0
2021-09-27,0,0.5714285714285714,WY,1.0,490.0
2021-10-04,0,0.0,WY,1.0,452.0
2021-10-11,0,0.0,WY,1.0,451.0
2021-10-18,0,0.7142857142857143,WY,1.0,519.0
2021-10-25,0,1.0,WY,1.0,529.0
2021-11-01,0,0.0,WY,1.0,492.0
2021-11-08,0,0.0,WY,1.0,506.0
2021-11-15,0,0.2857142857142857,WY,1.0,513.0
2021-11-22,0,1.0,WY,1.0,570.0
2021-11-29,0,0.2857142857142857,WY,1.0,529.0
2021-12-06,0,0.0,WY,1.0,495.0
2021-12-13,0,0.0,WY,1.0,502.0
2021-12-20,1,1.0,WY,1.0,656.0
2021-12-27,1,0.7142857142857143,WY,1.0,635.0
2022-01-03,1,0.0,WY,1.0,510.0
2022-01-10,0,0.0,WY,1.0,485.0
2022-01-17,0,0.5714285714285714,WY,1.0,501.0
2022-01-24,0,1.0,WY,1.0,544.0
2022-01-31,0,0.14285714285714285,WY,1.0,486.0
2022-02-07,0,0.0,WY,1.0,492.0
2022-02-14,0,0.14285714285714285,WY,1.0,493.0
2022-02-21,0,1.0,WY,1.0,570.0
2022-02-28,0,0.14285714285714285,WY,1.0,504.0
2022-03-07,0,0.0,WY,1.0,531.0
2022-03-14,0,0.14285714285714285,WY,1.0,532.0
2022-03-21,0,1.0,WY,1.0,617.0
2022-03-28,0,0.5714285714285714,WY,1.0,573.0
2022-04-04,0,0.0,WY,1.0,526.0
2022-04-11,0,0.0,WY,1.0,548.0
2022-04-18,0,0.7142857142857143,WY,1.0,599.0
2022-04-25,0,0.8571428571428571,WY,1.0,615.0
2022-05-02,0,0.0,WY,1.0,557.0
2022-05-09,0,0.0,WY,1.0,566.0
2022-05-16,0,0.42857142857142855,WY,1.0,613.0
2022-05-23,0,1.0,WY,1.0,654.0
2022-05-30,0,0.2857142857142857,WY,1.0,608.0
2022-06-06,1,0.0,WY,1.0,652.0
2022-06-13,1,0.0,WY,1.0,667.0
2022-06-20,1,1.0,WY,1.0,778.0
2022-06-27,1,0.5714285714285714,WY,1.0,710.0
2022-07-04,1,0.0,WY,1.0,665.0
2022-07-11,1,0.0,WY,1.0,654.0
2022-07-18,1,0.7142857142857143,WY,1.0,729.0
2022-07-25,1,1.0,WY,1.0,753.0
2022-08-01,1,0.0,WY,1.0,663.0
2022-08-08,1,0.0,WY,1.0,659.0
2022-08-15,0,0.2857142857142857,WY,1.0,598.0
2022-08-22,0,1.0,WY,1.0,691.0
2022-08-29,0,0.42857142857142855,WY,1.0,620.0
2022-09-05,0,0.0,WY,1.0,581.0
2022-09-12,0,0.0,WY,1.0,566.0
2022-09-19,0,0.8571428571428571,WY,1.0,627.0
2022-09-26,0,0.7142857142857143,WY,1.0,617.0
2022-10-03,0,0.0,WY,1.0,578.0
2022-10-10,0,0.0,WY,1.0,544.0
2022-10-17,0,0.5714285714285714,WY,1.0,601.0
2022-10-24,0,1.0,WY,1.0,629.0
2022-10-31,0,0.14285714285714285,WY,1.0,560.0
2022-11-07,0,0.0,WY,1.0,593.0
2022-11-14,0,0.14285714285714285,WY,1.0,617.0
2022-11-21,0,1.0,WY,1.0,690.0
2022-11-28,0,0.42857142857142855,WY,1.0,633.0
2022-12-05,0,0.0,WY,1.0,623.0
2022-12-12,0,0.0,WY,1.0,602.0
2022-12-19,0,0.8571428571428571,WY,1.0,664.0
2022-12-26,1,0.8571428571428571,WY,1.0,758.0
2023-01-02,1,0.0,WY,1.0,600.0
2023-01-09,0,0.0,WY,1.0,566.0
2023-01-16,0,0.42857142857142855,WY,1.0,591.0
2023-01-23,0,1.0,WY,1.0,636.0
2023-01-30,0,0.2857142857142857,WY,1.0,576.0
2023-02-06,0,0.0,WY,1.0,560.0
2023-02-13,0,0.0,WY,1.0,568.0
2023-02-20,0,1.0,WY,1.0,654.0
2023-02-27,0,0.2857142857142857,WY,1.0,584.0
2023-03-06,0,0.0,WY,1.0,584.0
2023-03-13,0,0.0,WY,1.0,586.0
2023-03-20,0,1.0,WY,1.0,697.0
2023-03-27,0,0.7142857142857143,WY,1.0,678.0
2023-04-03,0,0.0,WY,1.0,601.0
2023-04-10,0,0.0,WY,1.0,620.0
2023-04-17,0,0.5714285714285714,WY,1.0,667.0
2023-04-24,0,1.0,WY,1.0,729.0
2023-05-01,0,0.0,WY,1.0,633.0
2023-05-08,0,0.0,WY,1.0,630.0
2023-05-15,0,0.2857142857142857,WY,1.0,651.0
2023-05-22,0,1.0,WY,1.0,716.0
2023-05-29,0,0.42857142857142855,WY,1.0,674.0
2023-06-05,1,0.0,WY,1.0,729.0
2023-06-12,1,0.0,WY,1.0,714.0
2023-06-19,1,0.8571428571428571,WY,1.0,803.0
2023-06-26,1,0.7142857142857143,WY,1.0,792.0
2023-07-03,1,0.0,WY,1.0,731.0
2023-07-10,1,0.0,WY,1.0,727.0
2023-07-17,1,0.5714285714285714,WY,1.0,764.0
2023-07-24,1,1.0,WY,1.0,798.0
2023-07-31,1,0.14285714285714285,WY,1.0,735.0
2023-08-07,1,0.0,WY,1.0,711.0
2023-08-14,1,0.14285714285714285,WY,1.0,732.0
2023-08-21,0,1.0,WY,1.0,735.0
2023-08-28,0,0.5714285714285714,WY,1.0,683.0
2023-09-04,0,0.0,WY,1.0,618.0
2023-09-11,0,0.0,WY,1.0,620.0
2023-09-18,0,0.7142857142857143,WY,1.0,685.0
2023-09-25,0,0.8571428571428571,WY,1.0,691.0
2023-10-02,0,0.0,WY,1.0,615.0
2023-10-09,0,0.0,WY,1.0,596.0
2023-10-16,0,0.42857142857142855,WY,1.0,649.0
2023-10-23,0,1.0,WY,1.0,692.0
2023-10-30,0,0.2857142857142857,WY,1.0,628.0
2023-11-06,0,0.0,WY,1.0,649.0
2023-11-13,0,0.0,WY,1.0,641.0
2023-11-20,0,1.0,WY,1.0,767.0
2023-11-27,0,0.5714285714285714,WY,1.0,710.0
2023-12-04,0,0.0,WY,1.0,650.0
2023-12-11,0,0.0,WY,1.0,641.0
2023-12-18,0,0.7142857142857143,WY,1.0,719.0
2023-12-25,1,1.0,WY,1.0,817.0
2024-01-01,1,0.0,WY,1.0,656.0
2024-01-08,0,0.0,WY,1.0,601.0
2024-01-15,0,0.2857142857142857,WY,1.0,612.0
2024-01-22,0,1.0,WY,1.0,683.0
2024-01-29,0,0.42857142857142855,WY,1.0,651.0
2024-02-05,0,0.0,WY,1.0,599.0
2024-02-12,0,0.0,WY,1.0,612.0
2024-02-19,0,0.8571428571428571,WY,1.0,695.0
2024-02-26,0,0.5714285714285714,WY,1.0,688.0
2024-03-04,0,0.0,WY,1.0,630.0
2024-03-11,0,0.0,WY,1.0,634.0
2024-03-18,0,0.7142857142857143,WY,1.0,716.0
2024-03-25,0,1.0,WY,1.0,752.0
2024-04-01,0,0.0,WY,1.0,654.0
2024-04-08,0,0.0,WY,1.0,625.0
2024-04-15,0,0.2857142857142857,WY,1.0,685.0
2024-04-22,0,1.0,WY,1.0,774.0
2024-04-29,0,0.2857142857142857,WY,1.0,714.0
2024-05-06,0,0.0,WY,1.0,671.0
2024-05-13,0,0.0,WY,1.0,700.0
2024-05-20,0,1.0,WY,1.0,783.0
2024-05-27,0,0.7142857142857143,WY,1.0,749.0
2024-06-03,1,0.0,WY,1.0,785.0
2024-06-10,1,0.0,WY,1.0,796.0
2024-06-17,1,0.5714285714285714,WY,1.0,857.0
2024-06-24,1,1.0,WY,1.0,895.0
2024-07-01,1,0.0,WY,1.0,780.0
2024-07-08,1,0.0,WY,1.0,774.0
2024-07-15,1,0.2857142857142857,WY,1.0,770.0
2024-07-22,1,1.0,WY,1.0,896.0
2024-07-29,1,0.42857142857142855,WY,1.0,818.0
2024-08-05,1,0.0,WY,1.0,758.0
2024-08-12,1,0.0,WY,1.0,742.0
2024-08-19,0,0.8571428571428571,WY,1.0,762.0
2024-08-26,0,0.8571428571428571,WY,1.0,778.0
2024-09-02,0,0.0,WY,1.0,652.0
2024-09-09,0,0.0,WY,1.0,667.0
2024-09-16,0,0.42857142857142855,WY,1.0,707.0
2024-09-23,0,1.0,WY,1.0,765.0
2024-09-30,0,0.14285714285714285,WY,1.0,675.0
2024-10-07,0,0.0,WY,1.0,635.0
2024-10-14,0,0.14285714285714285,WY,1.0,661.0
2024-10-21,0,1.0,WY,1.0,735.0
2024-10-28,0,0.5714285714285714,WY,1.0,688.0
2024-11-04,0,0.0,WY,1.0,698.0
2024-11-11,0,0.0,WY,1.0,706.0
2024-11-18,0,0.7142857142857143,WY,1.0,776.0
2024-11-25,0,0.8571428571428571,WY,1.0,761.0
2024-12-02,0,0.0,WY,1.0,681.0
2024-12-09,0,0.0,WY,1.0,687.0
2024-12-16,0,0.42857142857142855,WY,1.0,728.0
2024-12-23,1,1.0,WY,1.0,864.0
2024-12-30,1,0.2857142857142857,WY,1.0,796.0
2025-01-06,0,0.0,WY,1.0,621.0
2025-01-13,0,0.0,WY,1.0,630.0
2025-01-20,0,1.0,WY,1.0,729.0
2025-01-27,0,0.7142857142857143,WY,1.0,714.0
2025-02-03,0,0.0,WY,1.0,624.0
2025-02-10,0,0.0,WY,1.0,641.0
2025-02-17,0,0.5714285714285714,WY,1.0,704.0
2025-02-24,0,0.7142857142857143,WY,1.0,717.0
2025-03-03,0,0.0,WY,1.0,647.0
2025-03-10,0,0.0,WY,1.0,666.0
2025-03-17,0,0.5714285714285714,WY,1.0,729.0
2025-03-24,0,1.0,WY,1.0,763.0
2025-03-31,0,0.14285714285714285,WY,1.0,681.0
2025-04-07,0,0.0,WY,1.0,684.0
2025-04-14,0,0.14285714285714285,WY,1.0,675.0
2025-04-21,0,1.0,WY,1.0,802.0
2025-04-28,0,0.42857142857142855,WY,1.0,695.0
2025-05-05,0,0.0,WY,1.0,685.0
2025-05-12,0,0.0,WY,1.0,688.0
2025-05-19,0,0.8571428571428571,WY,1.0,788.0
2025-05-26,0,0.8571428571428571,WY,1.0,768.0
2025-06-02,1,0.0,WY,1.0,759.0
2025-06-09,1,0.0,WY,1.0,784.0
2025-06-16,1,0.42857142857142855,WY,1.0,854.0
2025-06-23,1,1.0,WY,1.0,923.0
2025-06-30,1,0.14285714285714285,WY,1.0,808.0
2025-07-07,1,0.0,WY,1.0,785.0
2025-07-14,1,0.14285714285714285,WY,1.0,785.0
2025-07-21,1,1.0,WY,1.0,890.0
2025-07-28,1,0.5714285714285714,WY,1.0,836.0
2025-08-04,1,0.0,WY,0.9987573667692596,760.0
2025-08-11,1,0.0,WY,0.9975147335385194,798.0
2025-08-18,0,0.7142857142857143,WY,0.996272100307779,739.0
2025-08-25,0,1.0,WY,0.9950294670770388,779.0
2025-09-01,0,0.0,WY,0.9937868338462984,684.0
2025-09-08,0,0.0,WY,0.992544200615558,664.0
2025-09-15,0,0.2857142857142857,WY,0.9913015673848178,705.0
2025-09-22,0,1.0,WY,0.9900589341540774,764.0
2025-09-29,0,0.2857142857142857,WY,0.9888163009233372,697.0
2025-10-06,0,0.0,WY,0.9875736676925968,691.0
2025-10-13,0,0.0,WY,0.9863310344618564,670.0
2025-10-20,0,1.0,WY,0.9850884012311162,741.0
2025-10-27,0,0.7142857142857143,WY,0.9838457680003758,728.0
2025-11-03,0,0.0,WY,0.9826031347696356,712.0
2025-11-10,0,0.0,WY,0.9813605015388952,735.0
2025-11-17,0,0.5714285714285714,WY,0.9801178683081548,753.0
2025-11-24,0,1.0,WY,0.9788752350774146,802.0
2025-12-01,0,0.0,WY,0.9776326018466742,718.0
2025-12-08,0,0.0,WY,0.9763899686159339,701.0
2025-12-15,0,0.2857142857142857,WY,0.9751473353851936,736.0
2025-12-22,1,1.0,WY,0.9739047021544532,903.0
2025-12-29,1,0.42857142857142855,WY,0.972662068923713,856.0
2026-01-05,1,0.0,WY,0.9714194356929726,732.0
2026-01-12,0,0.0,WY,0.9701768024622323,646.0
2026-01-19,0,0.8571428571428571,WY,0.968934169231492,723.0
2026-01-26,0,0.8571428571428571,WY,0.9676915360007516,734.0
2026-02-02,0,0.0,WY,0.9664489027700114,661.0
2026-02-09,0,0.0,WY,0.965206269539271,657.0
2026-02-16,0,0.42857142857142855,WY,0.9639636363085307,713.0
2026-02-23,0,0.8571428571428571,WY,0.9627210030777904,754.0
2026-03-02,0,0.0,WY,0.96147836984705,681.0
2026-03-09,0,0.0,WY,0.9602357366163098,691.0
2026-03-16,0,0.42857142857142855,WY,0.9589931033855694,736.0
2026-03-23,0,1.0,WY,0.9577504701548291,787.0
2026-03-30,0,0.2857142857142857,WY,0.9565078369240888,721.0
2026-04-06,0,0.0,WY,0.9552652036933484,705.0
2026-04-13,0,0.0,WY,0.9540225704626082,713.0
2026-04-20,0,1.0,WY,0.9527799372318678,828.0
2026-04-27,0,0.5714285714285714,WY,0.9515373040011275,792.0
2026-05-04,0,0.0,WY,0.9502946707703872,723.0
2026-05-11,0,0.0,WY,0.9490520375396468,744.0
2026-05-18,0,0.7142857142857143,WY,0.9478094043089065,786.0
2026-05-25,0,1.0,WY,0.9465667710781662,853.0
2026-06-01,1,0.0,WY,0.9453241378474259,846.0
2026-06-08,1,0.0,WY,0.9440815046166856,861.0
2026-06-15,1,0.2857142857142857,WY,0.9428388713859452,871.0
2026-06-22,1,1.0,WY,0.9415962381552049,949.0
2026-06-29,1,0.2857142857142857,WY,0.9403536049244646,877.0
2026-07-06,1,0.0,WY,0.9391109716937243,825.0
2026-07-13,1,0.0,WY,0.937868338462984,812.0
2026-07-20,1,1.0,WY,0.9366257052322436,955.0
2026-07-27,1,0.7142857142857143,WY,0.9366257052322436,923.0
2026-08-03,1,0.0,WY,0.9366257052322436,822.0
2026-08-10,1,0.0,WY,0.9366257052322436,833.0
2026-08-17,0,0.5714285714285714,WY,0.9366257052322436,784.0
2026-08-24,0,1.0,WY,0.9366257052322436,861.0
2026-08-31,0,0.14285714285714285,WY,0.9366257052322436,741.0
2026-09-07,0,0.0,WY,0.9366257052322436,709.0
2026-09-14,0,0.14285714285714285,WY,0.9366257052322436,725.0
2026-09-21,0,1.0,WY,0.9366257052322436,839.0
