county_fips,county_name,state_name,state_abbr,low_access_pct,lila_pct,snap_pct,no_vehicle_pct,low_access_pop,lila_pop,tract_count,food_desert_tracts,fara_year,acs_year
01001,Autauga County,Alabama,AL,33.9,13,9.2,4.1,18503,7106,12,5,2019,2024
01003,Baldwin County,Alabama,AL,25.1,7.9,6.7,2.7,45789,14466,31,4,2019,2024
01005,Barbour County,Alabama,AL,20.5,10.4,21.3,10.5,5634,2865,9,4,2019,2024
01007,Bibb County,Alabama,AL,1.6,0.4,20.7,5.4,365,102,4,0,2019,2024
01009,Blount County,Alabama,AL,6.8,2.5,12.3,4,3902,1440,9,0,2019,2024
01011,Bullock County,Alabama,AL,68.5,32.3,34,10,7480,3529,3,2,2019,2024
01013,Butler County,Alabama,AL,12,6.9,17.3,5.9,2508,1449,9,3,2019,2024
01015,Calhoun County,Alabama,AL,35.9,15.4,17.9,6.4,42575,18258,30,12,2019,2024
01017,Chambers County,Alabama,AL,19.7,8.1,16.3,7.3,6745,2772,9,3,2019,2024
01019,Cherokee County,Alabama,AL,13.5,5,11,2.8,3506,1302,6,0,2019,2024
01021,Chilton County,Alabama,AL,10.2,4.4,14.6,2.6,4446,1907,9,1,2019,2024
01023,Choctaw County,Alabama,AL,24.3,13,15.7,8.8,3372,1808,4,2,2019,2024
01025,Clarke County,Alabama,AL,39.4,18.4,23.5,11.6,10186,4740,9,5,2019,2024
01027,Clay County,Alabama,AL,7,3,14.2,5.8,978,414,4,0,2019,2024
01029,Cleburne County,Alabama,AL,6,2,14.5,5.6,891,303,4,0,2019,2024
01031,Coffee County,Alabama,AL,32.2,9,11.5,4,16060,4491,14,2,2019,2024
01033,Colbert County,Alabama,AL,32.9,8.8,14.5,4.6,17902,4806,14,2,2019,2024
01035,Conecuh County,Alabama,AL,26.4,13.3,20,5.8,3486,1758,5,3,2019,2024
01037,Coosa County,Alabama,AL,22.6,7.7,16.2,6,2606,890,3,1,2019,2024
01039,Covington County,Alabama,AL,12.9,5.5,14.2,6.2,4878,2070,14,3,2019,2024
01041,Crenshaw County,Alabama,AL,29.5,13.5,20.8,7.3,4101,1878,6,2,2019,2024
01043,Cullman County,Alabama,AL,8.4,2.8,10,3.2,6772,2287,18,1,2019,2024
01045,Dale County,Alabama,AL,23.1,8.8,18.4,5.7,11623,4420,14,1,2019,2024
01047,Dallas County,Alabama,AL,15.2,8.8,36.2,14.1,6672,3842,15,4,2019,2024
01049,DeKalb County,Alabama,AL,0,0,17.7,4.2,0,0,14,0,2019,2024
01051,Elmore County,Alabama,AL,19,5,10.5,3.4,15066,3953,15,1,2019,2024
01053,Escambia County,Alabama,AL,10.6,5.7,15.2,5.7,4078,2175,9,3,2019,2024
01055,Etowah County,Alabama,AL,40.7,13.4,15.7,4.4,42464,13991,30,9,2019,2024
01057,Fayette County,Alabama,AL,0.9,0.4,18,7.6,163,74,5,0,2019,2024
01059,Franklin County,Alabama,AL,14.2,5.7,20,7.7,4492,1818,9,2,2019,2024
01061,Geneva County,Alabama,AL,8.4,3.9,18.3,6,2243,1035,6,1,2019,2024
01063,Greene County,Alabama,AL,32.8,22.8,31.9,13.3,2971,2058,3,2,2019,2024
01065,Hale County,Alabama,AL,15.2,7,27.8,11.2,2389,1099,6,2,2019,2024
01067,Henry County,Alabama,AL,22.9,8,14.1,7.5,3963,1392,6,0,2019,2024
01069,Houston County,Alabama,AL,14.2,4.2,16.1,6.8,14399,4308,22,3,2019,2024
01071,Jackson County,Alabama,AL,10.6,5.4,12.3,4.9,5641,2859,11,3,2019,2024
01073,Jefferson County,Alabama,AL,34.4,12.6,14.2,7,226577,82879,163,54,2019,2024
01075,Lamar County,Alabama,AL,0.6,0.4,20.5,6.1,89,61,3,0,2019,2024
01077,Lauderdale County,Alabama,AL,17,6.5,10,5.1,15762,5999,22,4,2019,2024
01079,Lawrence County,Alabama,AL,12.4,5.4,15.1,4.4,4275,1839,9,2,2019,2024
01081,Lee County,Alabama,AL,33.6,11.1,10,4.8,47076,15524,27,10,2019,2024
01083,Limestone County,Alabama,AL,17.1,6.4,8.8,3.5,14117,5320,16,3,2019,2024
01085,Lowndes County,Alabama,AL,39,20.2,28.9,8.8,4410,2283,4,2,2019,2024
01087,Macon County,Alabama,AL,41.9,22.1,24.1,9.5,8996,4741,12,7,2019,2024
01089,Madison County,Alabama,AL,34.8,9.3,7.6,4,116446,31281,73,17,2019,2024
01091,Marengo County,Alabama,AL,27.6,13.2,23.6,10.2,5808,2785,6,4,2019,2024
01093,Marion County,Alabama,AL,3,1,17.3,4.2,933,317,8,0,2019,2024
01095,Marshall County,Alabama,AL,22.3,10,12.4,4.4,20718,9331,18,6,2019,2024
01097,Mobile County,Alabama,AL,25,9.7,17.3,6,103443,40126,114,21,2019,2024
01099,Monroe County,Alabama,AL,18.6,11.3,14,4.3,4296,2614,7,3,2019,2024
01101,Montgomery County,Alabama,AL,27.7,10.7,20.2,6.6,63498,24643,65,18,2019,2024
01103,Morgan County,Alabama,AL,22.6,8.3,12.2,4.8,27036,9883,27,3,2019,2024
01105,Perry County,Alabama,AL,39.5,27.8,33.5,8,4187,2949,3,3,2019,2024
01107,Pickens County,Alabama,AL,4.2,1.5,18.5,7.1,820,296,5,0,2019,2024
01109,Pike County,Alabama,AL,23.2,10.5,17.1,5.7,7629,3452,8,1,2019,2024
01111,Randolph County,Alabama,AL,29.3,13.2,18.8,4.4,6719,3021,6,2,2019,2024
01113,Russell County,Alabama,AL,14.9,6.7,20.1,8,7885,3529,13,2,2019,2024
01117,Shelby County,Alabama,AL,34.4,5.8,4.6,2.5,67201,11354,48,1,2019,2024
01115,St. Clair County,Alabama,AL,9.7,2.4,11,3,8085,1984,13,0,2019,2024
01119,Sumter County,Alabama,AL,18,10.7,30.5,9.5,2483,1479,4,1,2019,2024
01121,Talladega County,Alabama,AL,18.6,7.8,17,6.9,15309,6453,22,5,2019,2024
01123,Tallapoosa County,Alabama,AL,7.5,3.3,13.3,5.8,3100,1359,10,1,2019,2024
01125,Tuscaloosa County,Alabama,AL,21.5,6.7,10.9,5.8,41788,13105,47,4,2019,2024
01127,Walker County,Alabama,AL,8.6,3.7,14.3,5,5793,2492,18,2,2019,2024
01129,Washington County,Alabama,AL,11.2,4.5,13.8,5.1,1965,788,5,1,2019,2024
01131,Wilcox County,Alabama,AL,42,23.7,37,10.4,4898,2764,4,3,2019,2024
01133,Winston County,Alabama,AL,4.2,1.7,14.6,4.9,1033,415,7,1,2019,2024
02013,Aleutians East Borough,Alaska,AK,39,14.6,14.5,22.1,1226,458,1,0,2019,2024
02016,Aleutians West Census Area,Alaska,AK,21.4,7.8,4.8,5.3,1190,434,2,1,2019,2024
02020,Anchorage Municipality,Alaska,AK,28.4,4.6,8.7,5.9,82855,13337,55,5,2019,2024
02050,Bethel Census Area,Alaska,AK,68.6,39.9,42.4,57.7,11678,6780,3,2,2019,2024
02060,Bristol Bay Borough,Alaska,AK,56.3,11.7,5.2,7.6,561,116,1,0,2019,2024
02063,Chugach Census Area,Alaska,AK,,,9.8,6.7,,,,,2019,2024
02066,Copper River Census Area,Alaska,AK,,,12.8,6,,,,,2019,2024
02068,Denali Borough,Alaska,AK,100,33.1,3,12.4,1826,604,1,0,2019,2024
02070,Dillingham Census Area,Alaska,AK,50.8,31.5,27.9,35.4,2462,1525,2,1,2019,2024
02090,Fairbanks North Star Borough,Alaska,AK,38.7,7.7,6.8,4.6,37788,7544,19,2,2019,2024
02100,Haines Borough,Alaska,AK,20.7,10.1,4.7,4,519,253,1,0,2019,2024
02105,Hoonah-Angoon Census Area,Alaska,AK,99.4,31.1,16.7,28.6,2137,669,2,1,2019,2024
02110,Juneau City and Borough,Alaska,AK,20.7,2,6.4,9.5,6475,613,6,0,2019,2024
02122,Kenai Peninsula Borough,Alaska,AK,23.7,7.9,9.6,4.9,13104,4359,13,3,2019,2024
02130,Ketchikan Gateway Borough,Alaska,AK,1.6,0.4,8.3,10.5,216,54,4,0,2019,2024
02150,Kodiak Island Borough,Alaska,AK,42.7,11.5,5.8,7.6,5801,1560,5,0,2019,2024
02158,Kusilvak Census Area,Alaska,AK,0,0,51.4,82.9,0,0,1,0,2019,2024
02164,Lake and Peninsula Borough,Alaska,AK,100,41.6,29.3,43.5,1631,679,1,1,2019,2024
02170,Matanuska-Susitna Borough,Alaska,AK,28.9,8.2,9.4,3.8,25705,7286,24,7,2019,2024
02180,Nome Census Area,Alaska,AK,23.1,15.2,29.4,55.9,2196,1442,2,1,2019,2024
02185,North Slope Borough,Alaska,AK,37.9,7.1,14,37,3575,670,3,1,2019,2024
02188,Northwest Arctic Borough,Alaska,AK,46.2,29.2,35.8,64.6,3474,2198,2,1,2019,2024
02195,Petersburg Borough,Alaska,AK,4.4,0.7,7.6,11.1,168,25,1,0,2019,2024
02198,Prince of Wales-Hyder Census Area,Alaska,AK,22.7,8.8,16.4,10.8,1263,491,4,1,2019,2024
02220,Sitka City and Borough,Alaska,AK,34.5,6.2,7.5,11,3067,555,2,0,2019,2024
02230,Skagway Municipality,Alaska,AK,0.3,0.1,2.7,10,3,1,1,0,2019,2024
02240,Southeast Fairbanks Census Area,Alaska,AK,29.7,9.9,8.6,6.6,2090,695,2,1,2019,2024
02275,Wrangell City and Borough,Alaska,AK,21.4,5,8.5,8.7,506,119,1,1,2019,2024
02282,Yakutat City and Borough,Alaska,AK,0.3,0.1,5.3,13.6,2,1,1,0,2019,2024
02290,Yukon-Koyukuk Census Area,Alaska,AK,89.6,43.3,22.4,37,5005,2418,4,4,2019,2024
04001,Apache County,Arizona,AZ,54.7,35.3,30.5,11.5,39133,25275,16,10,2019,2024
04003,Cochise County,Arizona,AZ,43.9,15.6,14.9,5.3,57660,20429,32,15,2019,2024
04005,Coconino County,Arizona,AZ,32.5,13.3,10.6,5.6,43626,17901,28,8,2019,2024
04007,Gila County,Arizona,AZ,28.2,11,14.6,6.4,15132,5904,16,6,2019,2024
04009,Graham County,Arizona,AZ,39.6,15.7,16.3,5,14755,5860,9,2,2019,2024
04011,Greenlee County,Arizona,AZ,32.9,14,5.7,2.5,2777,1185,3,0,2019,2024
04012,La Paz County,Arizona,AZ,53.4,26.5,11.6,4.5,10938,5427,8,4,2019,2024
04013,Maricopa County,Arizona,AZ,20.8,5.5,8.6,5.1,794948,210290,913,97,2019,2024
04015,Mohave County,Arizona,AZ,45.9,18.7,13.1,3.9,91823,37430,43,20,2019,2024
04017,Navajo County,Arizona,AZ,44.5,26,22.2,8.5,47861,27938,31,19,2019,2024
04019,Pima County,Arizona,AZ,28.6,8.9,12.1,7.1,280814,87525,241,29,2019,2024
04021,Pinal County,Arizona,AZ,45.7,14.2,10.8,3.9,171858,53409,75,19,2019,2024
04023,Santa Cruz County,Arizona,AZ,36.3,18.3,23.9,5,17204,8689,10,4,2019,2024
04025,Yavapai County,Arizona,AZ,35.8,13,8.2,3.8,75445,27392,42,11,2019,2024
04027,Yuma County,Arizona,AZ,24.7,10.3,18.3,5.5,48388,20170,53,13,2019,2024
05001,Arkansas County,Arkansas,AR,47,23.7,14.9,8.7,8947,4500,8,2,2019,2024
05003,Ashley County,Arkansas,AR,21.8,9.4,13.2,8.8,4755,2064,7,2,2019,2024
05005,Baxter County,Arkansas,AR,16.4,5.6,8.5,4.6,6821,2333,9,0,2019,2024
05007,Benton County,Arkansas,AR,24.9,6.7,3.9,2.8,55102,14805,49,4,2019,2024
05009,Boone County,Arkansas,AR,20.9,8.8,8.4,6.8,7706,3259,7,2,2019,2024
05011,Bradley County,Arkansas,AR,23.8,10.2,17.5,9.3,2735,1175,5,1,2019,2024
05013,Calhoun County,Arkansas,AR,65.5,24.7,8,1.7,3516,1325,2,0,2019,2024
05015,Carroll County,Arkansas,AR,16.4,6.9,5.2,5.1,4498,1881,5,0,2019,2024
05017,Chicot County,Arkansas,AR,32.6,16.1,16.7,10.1,3847,1900,4,2,2019,2024
05019,Clark County,Arkansas,AR,26.5,10.7,11.7,6.1,6090,2462,5,1,2019,2024
05021,Clay County,Arkansas,AR,16.1,7.1,10.1,6.1,2585,1142,6,1,2019,2024
05023,Cleburne County,Arkansas,AR,17.4,6.6,8.6,5.3,4523,1719,7,0,2019,2024
05025,Cleveland County,Arkansas,AR,22.1,7.6,13.1,6.8,1920,662,2,1,2019,2024
05027,Columbia County,Arkansas,AR,19.5,8.6,11.8,3.4,4795,2114,5,3,2019,2024
05029,Conway County,Arkansas,AR,22.1,9.7,13.6,7.8,4706,2074,6,2,2019,2024
05031,Craighead County,Arkansas,AR,21.3,9.1,11.8,6.4,20573,8798,17,3,2019,2024
05033,Crawford County,Arkansas,AR,34.4,13.2,10.2,4.2,21298,8168,11,2,2019,2024
05035,Crittenden County,Arkansas,AR,22.5,10.6,16.1,10.7,11468,5407,20,5,2019,2024
05037,Cross County,Arkansas,AR,29.2,14.6,10.3,10,5212,2600,6,2,2019,2024
05039,Dallas County,Arkansas,AR,52,26.8,14.9,7.6,4217,2174,3,1,2019,2024
05041,Desha County,Arkansas,AR,32.4,16.6,23.3,14.6,4220,2161,5,3,2019,2024
05043,Drew County,Arkansas,AR,24.1,9.2,16.4,7.2,4468,1703,5,1,2019,2024
05045,Faulkner County,Arkansas,AR,32.8,11.9,7.1,4.3,37147,13493,25,4,2019,2024
05047,Franklin County,Arkansas,AR,4.7,1.9,11.2,7.2,847,342,3,1,2019,2024
05049,Fulton County,Arkansas,AR,13.9,5.9,12.8,4.6,1703,727,2,1,2019,2024
05051,Garland County,Arkansas,AR,29.2,10.7,9,5.6,28069,10230,20,5,2019,2024
05053,Grant County,Arkansas,AR,35.5,12.5,7.2,2.6,6335,2225,4,0,2019,2024
05055,Greene County,Arkansas,AR,18,6.7,14.6,5.2,7579,2799,9,0,2019,2024
05057,Hempstead County,Arkansas,AR,31.6,16.1,10.3,9.4,7142,3642,5,2,2019,2024
05059,Hot Spring County,Arkansas,AR,24.9,11.2,10.8,5.3,8210,3692,7,2,2019,2024
05061,Howard County,Arkansas,AR,34.8,16.1,9.8,5.2,4796,2223,3,1,2019,2024
05063,Independence County,Arkansas,AR,12.1,6.1,13.7,6.5,4428,2234,8,2,2019,2024
05065,Izard County,Arkansas,AR,0.9,0.3,14.4,5.6,127,44,4,0,2019,2024
05067,Jackson County,Arkansas,AR,27.4,14.3,19.3,8.8,4936,2568,5,3,2019,2024
05069,Jefferson County,Arkansas,AR,26,10.6,14.7,7.5,20132,8213,24,8,2019,2024
05071,Johnson County,Arkansas,AR,27.3,13.3,12,5.4,6963,3404,6,4,2019,2024
05073,Lafayette County,Arkansas,AR,21.1,11.4,14.9,6.2,1610,868,2,1,2019,2024
05075,Lawrence County,Arkansas,AR,38,16.8,16,5.2,6612,2928,6,2,2019,2024
05077,Lee County,Arkansas,AR,44.6,20.3,27.8,16.7,4652,2115,4,2,2019,2024
05079,Lincoln County,Arkansas,AR,33.2,17.5,12.8,6.7,4694,2474,4,1,2019,2024
05081,Little River County,Arkansas,AR,3.1,1,11.1,5.2,406,130,4,0,2019,2024
05083,Logan County,Arkansas,AR,16.2,8.6,9.9,4.4,3627,1922,6,2,2019,2024
05085,Lonoke County,Arkansas,AR,16.4,5.3,7.1,4.1,11244,3621,16,1,2019,2024
05087,Madison County,Arkansas,AR,26.1,11,11.6,3.9,4110,1727,4,2,2019,2024
05089,Marion County,Arkansas,AR,10,3.2,11.1,2.8,1670,534,4,1,2019,2024
05091,Miller County,Arkansas,AR,27.1,12.2,15.7,8.5,11771,5323,12,2,2019,2024
05093,Mississippi County,Arkansas,AR,16.9,9,19.1,11.2,7878,4181,12,3,2019,2024
05095,Monroe County,Arkansas,AR,28.3,15,16.1,14.5,2308,1221,3,1,2019,2024
05097,Montgomery County,Arkansas,AR,23.1,10.5,10,5.3,2187,1000,3,2,2019,2024
05099,Nevada County,Arkansas,AR,54.2,27.4,10.1,2.3,4873,2462,3,3,2019,2024
05101,Newton County,Arkansas,AR,28.9,11.4,11.1,3,2406,946,2,0,2019,2024
05103,Ouachita County,Arkansas,AR,34.7,18.1,14.8,9.8,9054,4741,6,4,2019,2024
05105,Perry County,Arkansas,AR,14.3,5.3,8.7,4.5,1491,554,3,0,2019,2024
05107,Phillips County,Arkansas,AR,36.1,18.9,32.1,17,7850,4120,6,3,2019,2024
05109,Pike County,Arkansas,AR,23.1,9.4,12.4,3.1,2603,1058,3,1,2019,2024
05111,Poinsett County,Arkansas,AR,19.3,10.3,19.2,11.5,4745,2538,7,1,2019,2024
05113,Polk County,Arkansas,AR,32.3,16.9,12.5,6.4,6680,3501,6,3,2019,2024
05115,Pope County,Arkansas,AR,23.3,9.4,9.9,4.5,14369,5787,11,4,2019,2024
05117,Prairie County,Arkansas,AR,4.5,2.2,13.5,6.3,388,188,3,0,2019,2024
05119,Pulaski County,Arkansas,AR,33,12.9,10,7.2,126457,49304,95,30,2019,2024
05121,Randolph County,Arkansas,AR,16.2,9.4,15.7,5.4,2917,1685,4,1,2019,2024
05125,Saline County,Arkansas,AR,29.8,7.7,3.9,3.2,31898,8233,21,0,2019,2024
05127,Scott County,Arkansas,AR,34.4,20.8,12.6,7.3,3862,2338,3,2,2019,2024
05129,Searcy County,Arkansas,AR,32.9,14.6,12.6,5.9,2693,1200,3,1,2019,2024
05131,Sebastian County,Arkansas,AR,13.2,5.5,11.6,6,16620,6906,26,5,2019,2024
05133,Sevier County,Arkansas,AR,29.3,13.4,21.5,4.4,5002,2285,4,1,2019,2024
05135,Sharp County,Arkansas,AR,34.7,18,17.3,5,5995,3107,4,1,2019,2024
05123,St. Francis County,Arkansas,AR,47.2,19.3,24.3,13.3,13344,5453,6,3,2019,2024
05137,Stone County,Arkansas,AR,25,10.8,17.8,8.9,3098,1344,3,1,2019,2024
05139,Union County,Arkansas,AR,28.2,12.2,9.4,6.6,11733,5081,10,4,2019,2024
05141,Van Buren County,Arkansas,AR,10.4,6.7,10.7,6.4,1799,1164,5,2,2019,2024
05143,Washington County,Arkansas,AR,14,5.3,5.6,4.1,28344,10768,32,6,2019,2024
05145,White County,Arkansas,AR,23.6,9.1,11.5,5.5,18206,7029,13,1,2019,2024
05147,Woodruff County,Arkansas,AR,6.7,3.2,19.9,14.7,486,234,2,0,2019,2024
05149,Yell County,Arkansas,AR,16.4,7.8,10.2,6.5,3632,1726,6,3,2019,2024
06001,Alameda County,California,CA,8.1,1.1,9.9,10,122085,16876,360,11,2019,2024
06003,Alpine County,California,CA,57,16.8,9.7,5.7,669,197,1,0,2019,2024
06005,Amador County,California,CA,0.2,0.1,9.8,4,66,36,9,0,2019,2024
06007,Butte County,California,CA,19.1,6.5,16,6,42050,14192,51,14,2019,2024
06009,Calaveras County,California,CA,14.7,6,9.5,2.3,6716,2730,10,0,2019,2024
06011,Colusa County,California,CA,39.3,12.4,16.4,4.6,8424,2647,5,1,2019,2024
06013,Contra Costa County,California,CA,23.2,2.9,8.5,5.2,243671,30080,207,15,2019,2024
06015,Del Norte County,California,CA,34.4,14.4,22.8,8.2,9844,4133,7,2,2019,2024
06017,El Dorado County,California,CA,25.2,4.3,6.5,3.6,45668,7710,42,2,2019,2024
06019,Fresno County,California,CA,13.3,5.3,21.8,7,124002,49773,199,27,2019,2024
06021,Glenn County,California,CA,23.4,8.7,14.7,4.3,6593,2459,6,2,2019,2024
06023,Humboldt County,California,CA,11.2,4.5,21,6.1,15059,6112,30,7,2019,2024
06025,Imperial County,California,CA,17.6,7.6,28.7,6.1,30789,13349,31,9,2019,2024
06027,Inyo County,California,CA,28.9,7.8,8.5,5.5,5358,1441,6,1,2019,2024
06029,Kern County,California,CA,23.8,7.8,20.2,6.7,199600,65742,151,27,2019,2024
06031,Kings County,California,CA,33,6.8,20,5.8,50528,10438,27,5,2019,2024
06033,Lake County,California,CA,4.2,1.9,24.3,5.6,2701,1222,15,1,2019,2024
06035,Lassen County,California,CA,31.9,9.3,13.4,6.3,11129,3246,9,3,2019,2024
06037,Los Angeles County,California,CA,6.5,1.5,14.4,8.9,641340,142660,2334,61,2019,2024
06039,Madera County,California,CA,14.5,5.4,21.7,5,21867,8175,23,3,2019,2024
06041,Marin County,California,CA,11.9,1.2,5.5,4.9,30005,2943,55,0,2019,2024
06043,Mariposa County,California,CA,8.1,2.6,13.4,4.6,1474,477,6,0,2019,2024
06045,Mendocino County,California,CA,14.5,5.9,17.4,7.3,12720,5202,20,6,2019,2024
06047,Merced County,California,CA,18.9,7.7,21,7.3,48441,19726,49,13,2019,2024
06049,Modoc County,California,CA,40.5,17.2,14,4.7,3927,1664,4,2,2019,2024
06051,Mono County,California,CA,57.1,17.2,4.6,4.1,8108,2448,3,0,2019,2024
06053,Monterey County,California,CA,16.6,5.1,9.6,4.7,69023,21089,93,3,2019,2024
06055,Napa County,California,CA,12.1,2.6,6.9,4.8,16493,3589,40,0,2019,2024
06057,Nevada County,California,CA,34.8,8.6,8.1,4.2,34333,8507,20,6,2019,2024
06059,Orange County,California,CA,8.7,1.1,8.5,4.8,261041,33752,582,6,2019,2024
06061,Placer County,California,CA,31.9,5.1,5.7,4.2,111251,17793,84,4,2019,2024
06063,Plumas County,California,CA,6.3,1.1,13.5,6.6,1260,214,7,0,2019,2024
06065,Riverside County,California,CA,24.5,7,12.5,4.3,536054,152519,453,61,2019,2024
06067,Sacramento County,California,CA,16.8,4.2,14.2,6.6,238548,59972,317,25,2019,2024
06069,San Benito County,California,CA,17.9,2.7,10.5,3,9878,1491,11,4,2019,2024
06071,San Bernardino County,California,CA,24.7,8.5,15.8,4.6,501804,173574,368,80,2019,2024
06073,San Diego County,California,CA,14.9,2.8,9.9,5.5,462046,85525,627,25,2019,2024
06075,San Francisco County,California,CA,0.6,0.3,11.4,30.2,4707,2436,195,3,2019,2024
06077,San Joaquin County,California,CA,14.4,4.5,15.6,5.1,98773,31081,139,14,2019,2024
06079,San Luis Obispo County,California,CA,18.6,4.1,8.2,3.8,50212,10932,53,1,2019,2024
06081,San Mateo County,California,CA,10.5,0.9,5.1,5.8,75561,6605,156,0,2019,2024
06083,Santa Barbara County,California,CA,12.2,2.9,10.9,5.9,51901,12215,89,4,2019,2024
06085,Santa Clara County,California,CA,8.5,1,6.6,6,151218,17215,372,6,2019,2024
06087,Santa Cruz County,California,CA,22.6,5.4,9.9,5.2,59253,14218,52,7,2019,2024
06089,Shasta County,California,CA,20.3,6.9,13.4,6.3,35907,12257,48,11,2019,2024
06091,Sierra County,California,CA,88.2,24.8,9.8,6.5,2859,804,1,0,2019,2024
06093,Siskiyou County,California,CA,28.6,11.4,15.5,6.1,12861,5111,14,5,2019,2024
06095,Solano County,California,CA,21.7,3.8,11.4,4.9,89524,15627,96,4,2019,2024
06097,Sonoma County,California,CA,13.3,2.6,8,4.8,64338,12493,99,4,2019,2024
06099,Stanislaus County,California,CA,9.7,3.4,15.5,5.6,49752,17334,94,9,2019,2024
06101,Sutter County,California,CA,26.5,8.1,13.2,5.5,25089,7709,21,4,2019,2024
06103,Tehama County,California,CA,19.1,10,13.9,6.1,12115,6325,11,6,2019,2024
06105,Trinity County,California,CA,17.6,7.7,11.1,5.5,2427,1057,5,2,2019,2024
06107,Tulare County,California,CA,11.2,4.9,24.1,4.5,49416,21739,78,16,2019,2024
06109,Tuolumne County,California,CA,27.8,6.2,11.7,5.2,15410,3411,11,0,2019,2024
06111,Ventura County,California,CA,14.9,2.3,8.5,4.1,122611,19017,173,9,2019,2024
06113,Yolo County,California,CA,13.7,2.9,13.1,7.6,27477,5793,41,1,2019,2024
06115,Yuba County,California,CA,21.5,10.9,19.3,6.4,15487,7852,14,4,2019,2024
08001,Adams County,Colorado,CO,17.9,4.7,10.3,4.7,79136,20911,96,17,2019,2024
08003,Alamosa County,Colorado,CO,27.7,12.6,28.6,7.9,4278,1942,4,2,2019,2024
08005,Arapahoe County,Colorado,CO,13.6,2.1,7.7,5.3,78019,12030,147,6,2019,2024
08007,Archuleta County,Colorado,CO,40.9,10.7,6.9,3.6,4941,1294,4,2,2019,2024
08009,Baca County,Colorado,CO,25.2,10.3,21.3,5.5,955,390,2,1,2019,2024
08011,Bent County,Colorado,CO,12.4,5.1,21.4,3.1,808,333,1,1,2019,2024
08013,Boulder County,Colorado,CO,17.1,2.6,5.9,5.2,50451,7671,68,1,2019,2024
08014,Broomfield County,Colorado,CO,37.8,5,3.8,3.8,21135,2817,15,1,2019,2024
08015,Chaffee County,Colorado,CO,10.8,2.9,7,1.7,1923,521,5,0,2019,2024
08017,Cheyenne County,Colorado,CO,33.9,8.9,8.8,0.3,622,164,1,0,2019,2024
08019,Clear Creek County,Colorado,CO,12.3,2.8,6,4.4,1116,255,3,1,2019,2024
08021,Conejos County,Colorado,CO,5.6,3.3,16.2,4.8,466,269,2,0,2019,2024
08023,Costilla County,Colorado,CO,100,58,29.1,5.4,3524,2043,2,2,2019,2024
08025,Crowley County,Colorado,CO,1.8,0.6,22.4,4.7,107,33,1,0,2019,2024
08027,Custer County,Colorado,CO,24.3,6.3,7.6,4.5,1036,268,1,1,2019,2024
08029,Delta County,Colorado,CO,8.8,3.5,11.3,5.1,2724,1087,7,1,2019,2024
08031,Denver County,Colorado,CO,10.8,4.3,8.8,10.3,64734,25554,143,17,2019,2024
08033,Dolores County,Colorado,CO,100,37.3,7.4,7.1,2064,770,1,1,2019,2024
08035,Douglas County,Colorado,CO,27.3,2,2.1,2.4,78033,5567,61,0,2019,2024
08037,Eagle County,Colorado,CO,15.8,4.7,3.8,5.3,8271,2459,14,0,2019,2024
08041,El Paso County,Colorado,CO,28.5,6.5,9.3,3.8,177460,40150,130,22,2019,2024
08039,Elbert County,Colorado,CO,26.5,7,3.9,1.3,6107,1619,7,1,2019,2024
08043,Fremont County,Colorado,CO,51.6,13.4,16,4.5,24170,6271,14,6,2019,2024
08045,Garfield County,Colorado,CO,17.6,4,8,5.2,9933,2246,11,0,2019,2024
08047,Gilpin County,Colorado,CO,0,0,8.9,5.3,0,0,1,0,2019,2024
08049,Grand County,Colorado,CO,2.8,0.3,3.1,1.4,419,39,3,0,2019,2024
08051,Gunnison County,Colorado,CO,9.8,3.1,7.6,2.4,1498,471,4,1,2019,2024
08053,Hinsdale County,Colorado,CO,11.8,4.1,12.3,1.6,99,34,1,0,2019,2024
08055,Huerfano County,Colorado,CO,36.3,12,19,3.2,2435,803,2,0,2019,2024
08057,Jackson County,Colorado,CO,27.4,8.2,15.7,3.2,381,115,1,0,2019,2024
08059,Jefferson County,Colorado,CO,23.2,3.5,5.5,4,123878,18542,137,6,2019,2024
08061,Kiowa County,Colorado,CO,100,35.6,15.7,3.1,1398,498,1,1,2019,2024
08063,Kit Carson County,Colorado,CO,26.2,9.3,10.5,5.9,2167,772,3,2,2019,2024
08067,La Plata County,Colorado,CO,14.8,4.2,8.7,2.7,7622,2145,10,0,2019,2024
08065,Lake County,Colorado,CO,45.2,22.9,7.6,4.1,3306,1671,2,1,2019,2024
08069,Larimer County,Colorado,CO,23.3,4.7,7.7,3.6,69675,14135,73,6,2019,2024
08071,Las Animas County,Colorado,CO,31.8,12.6,20.3,7.1,4930,1958,6,3,2019,2024
08073,Lincoln County,Colorado,CO,22.9,7.7,12.3,4.9,1253,420,2,1,2019,2024
08075,Logan County,Colorado,CO,24.2,7.9,18,6.9,5493,1797,6,5,2019,2024
08077,Mesa County,Colorado,CO,32.5,8.8,11.3,6,47675,12976,29,6,2019,2024
08079,Mineral County,Colorado,CO,12.8,3.4,7.8,3.6,91,24,1,0,2019,2024
08081,Moffat County,Colorado,CO,42.1,14.7,12,4.6,5813,2028,4,3,2019,2024
08083,Montezuma County,Colorado,CO,14.4,7.3,11.9,5,3680,1867,7,3,2019,2024
08085,Montrose County,Colorado,CO,22,7.7,11.2,3.6,9077,3160,10,4,2019,2024
08087,Morgan County,Colorado,CO,15,5.3,16,6.5,4235,1495,8,2,2019,2024
08089,Otero County,Colorado,CO,11.2,4.6,21.8,7.6,2117,870,7,2,2019,2024
08091,Ouray County,Colorado,CO,5.3,1.1,3.9,1.3,235,47,1,0,2019,2024
08093,Park County,Colorado,CO,53.9,10.9,3.7,2.6,8731,1761,5,1,2019,2024
08095,Phillips County,Colorado,CO,4.7,1.6,11.3,5.4,207,73,2,0,2019,2024
08097,Pitkin County,Colorado,CO,9.1,2,2.7,4,1560,338,4,0,2019,2024
08099,Prowers County,Colorado,CO,29.9,12.6,20.1,7,3753,1584,5,3,2019,2024
08101,Pueblo County,Colorado,CO,41.6,17.1,19.7,6.9,66121,27276,54,22,2019,2024
08103,Rio Blanco County,Colorado,CO,8.6,2.1,13.8,4,572,138,2,0,2019,2024
08105,Rio Grande County,Colorado,CO,17.6,5.1,17,7.2,2109,608,3,2,2019,2024
08107,Routt County,Colorado,CO,12.1,2.5,5.1,1.7,2839,579,8,0,2019,2024
08109,Saguache County,Colorado,CO,33.8,15.7,24.1,3.7,2067,961,2,1,2019,2024
08111,San Juan County,Colorado,CO,99.2,29,8.5,2.5,694,203,1,1,2019,2024
08113,San Miguel County,Colorado,CO,9.8,2,3.6,12.9,719,147,4,0,2019,2024
08115,Sedgwick County,Colorado,CO,18.6,5,18.8,4.5,442,120,1,0,2019,2024
08117,Summit County,Colorado,CO,9.4,1.5,1.7,2.2,2620,412,5,0,2019,2024
08119,Teller County,Colorado,CO,17.7,3.2,10.9,3.1,4133,753,6,0,2019,2024
08121,Washington County,Colorado,CO,51.6,14,11.1,5.2,2485,672,2,0,2019,2024
08123,Weld County,Colorado,CO,23.1,5.9,9.1,3.6,58457,14953,77,12,2019,2024
08125,Yuma County,Colorado,CO,22.9,5.8,13.3,5.4,2301,582,2,2,2019,2024
09110,Capitol Planning Region,Connecticut,CT,,,13.1,9.8,,,,,2019,2024
09120,Greater Bridgeport Planning Region,Connecticut,CT,,,14.2,11.2,,,,,2019,2024
09130,Lower Connecticut River Valley Planning Region,Connecticut,CT,,,6.8,5.4,,,,,2019,2024
09140,Naugatuck Valley Planning Region,Connecticut,CT,,,14.5,9.1,,,,,2019,2024
09150,Northeastern Connecticut Planning Region,Connecticut,CT,,,10.9,4.8,,,,,2019,2024
09160,Northwest Hills Planning Region,Connecticut,CT,,,8.6,5.4,,,,,2019,2024
09170,South Central Connecticut Planning Region,Connecticut,CT,,,13.5,11.4,,,,,2019,2024
09180,Southeastern Connecticut Planning Region,Connecticut,CT,,,12.4,7.4,,,,,2019,2024
09190,Western Connecticut Planning Region,Connecticut,CT,,,7,6.2,,,,,2019,2024
10001,Kent County,Delaware,DE,21.6,6.5,13.7,6.6,35057,10546,32,7,2019,2024
10003,New Castle County,Delaware,DE,28.5,6,9.8,7.5,153723,32430,129,19,2019,2024
10005,Sussex County,Delaware,DE,28.6,6.9,10.6,3.3,56335,13549,53,6,2019,2024
11001,District of Columbia,District of Columbia,DC,4.6,1.6,14.3,36,27650,9664,179,12,2019,2024
12001,Alachua County,Florida,FL,19.2,7.2,9.2,8.4,47595,17836,56,11,2019,2024
12003,Baker County,Florida,FL,55.6,17.1,16.7,4.8,15066,4630,4,0,2019,2024
12005,Bay County,Florida,FL,31.5,10.3,12.6,4.3,53131,17453,43,6,2019,2024
12007,Bradford County,Florida,FL,1.1,0.4,17.3,6.2,302,107,4,0,2019,2024
12009,Brevard County,Florida,FL,41.8,12.1,9.4,4.9,227163,65514,112,22,2019,2024
12011,Broward County,Florida,FL,9.4,2.4,13.2,6.8,164286,41583,361,18,2019,2024
12013,Calhoun County,Florida,FL,45.4,20.5,20,5.7,6640,2995,3,0,2019,2024
12015,Charlotte County,Florida,FL,49.2,13.8,7.3,4.5,78722,22084,38,5,2019,2024
12017,Citrus County,Florida,FL,46.2,15.7,12,4.3,65214,22123,27,4,2019,2024
12019,Clay County,Florida,FL,34.7,8.6,8.6,3.6,66319,16385,30,3,2019,2024
12021,Collier County,Florida,FL,26.9,7,5.6,4.6,86577,22566,73,11,2019,2024
12023,Columbia County,Florida,FL,13.1,4.4,20.5,5.5,8818,3005,12,1,2019,2024
12027,DeSoto County,Florida,FL,10.6,7,22.4,7.5,3698,2456,9,2,2019,2024
12029,Dixie County,Florida,FL,8.6,3,17.2,3.1,1412,494,3,1,2019,2024
12031,Duval County,Florida,FL,29.4,9.7,14.3,7.2,253896,84231,173,38,2019,2024
12033,Escambia County,Florida,FL,41,12.3,15,7,121964,36630,71,16,2019,2024
12035,Flagler County,Florida,FL,52,17.9,7.6,4,49750,17135,20,2,2019,2024
12037,Franklin County,Florida,FL,3.3,0.7,14.3,8.1,377,78,4,0,2019,2024
12039,Gadsden County,Florida,FL,4.5,2.7,25.7,11.4,2086,1250,9,2,2019,2024
12041,Gilchrist County,Florida,FL,0.1,0.1,17.1,6.7,20,12,5,0,2019,2024
12043,Glades County,Florida,FL,56.2,23.9,16.3,2,7244,3082,3,3,2019,2024
12045,Gulf County,Florida,FL,8,1.9,12,3.7,1264,300,3,0,2019,2024
12047,Hamilton County,Florida,FL,18.6,9.5,28.6,3.6,2758,1408,3,2,2019,2024
12049,Hardee County,Florida,FL,24.7,13,24.9,6,6859,3611,6,3,2019,2024
12051,Hendry County,Florida,FL,13.9,7.2,18.2,8.1,5426,2838,6,2,2019,2024
12053,Hernando County,Florida,FL,34.4,12.3,12.4,4.5,59430,21319,44,12,2019,2024
12055,Highlands County,Florida,FL,38.4,17.7,15.7,5.6,37902,17493,26,8,2019,2024
12057,Hillsborough County,Florida,FL,29.9,8.2,13.3,5.8,366983,101032,316,45,2019,2024
12059,Holmes County,Florida,FL,34,18.7,14.3,3.3,6769,3716,4,2,2019,2024
12061,Indian River County,Florida,FL,45.7,13.4,7.5,4.6,63012,18467,29,4,2019,2024
12063,Jackson County,Florida,FL,10.3,5.4,18.7,3.7,5118,2703,11,3,2019,2024
12065,Jefferson County,Florida,FL,16.3,5.8,20.6,11.1,2400,857,3,0,2019,2024
12067,Lafayette County,Florida,FL,7.9,4.6,16.6,4.7,697,404,2,1,2019,2024
12069,Lake County,Florida,FL,34.3,11.8,9.6,4.1,101974,35183,56,13,2019,2024
12071,Lee County,Florida,FL,37,12,8.3,5,229126,74222,165,26,2019,2024
12073,Leon County,Florida,FL,32.3,9.4,11.7,7.1,88981,25892,68,13,2019,2024
12075,Levy County,Florida,FL,8.4,4.2,17.2,5.2,3416,1718,9,2,2019,2024
12077,Liberty County,Florida,FL,25.9,10.1,26.7,8.7,2168,842,2,0,2019,2024
12079,Madison County,Florida,FL,20.8,11.6,17.2,6.7,3991,2227,5,2,2019,2024
12081,Manatee County,Florida,FL,26.7,6.1,7.5,4.4,86200,19827,78,10,2019,2024
12083,Marion County,Florida,FL,32.7,11.9,13.2,4.8,108384,39345,61,12,2019,2024
12085,Martin County,Florida,FL,37.9,10.2,6.6,4.3,55488,14984,34,5,2019,2024
12086,Miami-Dade County,Florida,FL,6.1,1.8,22.8,9.8,152784,45403,515,16,2019,2024
12087,Monroe County,Florida,FL,33,9.1,7.5,6.1,24153,6644,30,1,2019,2024
12089,Nassau County,Florida,FL,44,12.1,6.9,3,32237,8891,12,1,2019,2024
12091,Okaloosa County,Florida,FL,41.5,11.1,7.9,3.6,75060,20079,41,2,2019,2024
12093,Okeechobee County,Florida,FL,50.6,27.3,16.4,4.7,20221,10915,11,7,2019,2024
12095,Orange County,Florida,FL,22.1,7.2,13.7,5.7,253327,82280,206,33,2019,2024
12097,Osceola County,Florida,FL,35.3,14.9,17.2,4.3,94855,39985,41,11,2019,2024
12099,Palm Beach County,Florida,FL,18.6,4.1,10,6,245446,54523,333,13,2019,2024
12101,Pasco County,Florida,FL,40.4,12.1,10.7,4.7,187920,56097,133,29,2019,2024
12103,Pinellas County,Florida,FL,18.1,5.1,8.6,6.9,165504,46935,244,20,2019,2024
12105,Polk County,Florida,FL,36.4,13.4,14.6,5.4,219319,80929,154,31,2019,2024
12107,Putnam County,Florida,FL,13.4,6.7,22.7,6.8,9954,4984,16,5,2019,2024
12113,Santa Rosa County,Florida,FL,39.8,9.5,9.7,3.4,60276,14398,25,2,2019,2024
12115,Sarasota County,Florida,FL,32.9,7.1,5.2,4.1,124966,26981,94,9,2019,2024
12117,Seminole County,Florida,FL,29.3,6.1,9.2,3.9,123909,25902,86,5,2019,2024
12109,St. Johns County,Florida,FL,28.6,5.5,4.2,3.1,54446,10407,39,4,2019,2024
12111,St. Lucie County,Florida,FL,45.9,15.2,12.2,4.4,127638,42274,43,8,2019,2024
12119,Sumter County,Florida,FL,33.8,6,5.7,3.1,31573,5594,19,1,2019,2024
12121,Suwannee County,Florida,FL,12,5.4,15.9,5.9,4984,2233,7,2,2019,2024
12123,Taylor County,Florida,FL,29.7,14.7,16.9,8,6714,3329,4,3,2019,2024
12125,Union County,Florida,FL,42.7,19.5,16.8,2,6628,3029,3,2,2019,2024
12127,Volusia County,Florida,FL,32.3,10.8,12,5.3,159769,53616,113,26,2019,2024
12129,Wakulla County,Florida,FL,10.7,3.2,12.2,3.2,3278,996,4,1,2019,2024
12131,Walton County,Florida,FL,34.6,10.1,9.4,3.5,19024,5545,11,4,2019,2024
12133,Washington County,Florida,FL,40.7,21.7,12.4,2.9,10141,5407,7,4,2019,2024
13001,Appling County,Georgia,GA,47.8,23.2,19.6,6.3,8709,4232,5,3,2019,2024
13003,Atkinson County,Georgia,GA,23.5,15,26.2,6.3,1967,1252,3,1,2019,2024
13005,Bacon County,Georgia,GA,3.3,1.3,20.9,7.7,368,145,3,0,2019,2024
13007,Baker County,Georgia,GA,61.3,28,15.2,6.2,2114,968,2,2,2019,2024
13009,Baldwin County,Georgia,GA,24.6,12.9,16.2,7.9,11255,5889,9,4,2019,2024
13011,Banks County,Georgia,GA,1.8,0.9,9,2.4,326,160,4,0,2019,2024
13013,Barrow County,Georgia,GA,38.4,11.3,8.7,3.1,26649,7846,18,5,2019,2024
13015,Bartow County,Georgia,GA,30.3,11.7,8.7,2.7,30340,11712,15,4,2019,2024
13017,Ben Hill County,Georgia,GA,30.1,13.2,21.3,6.3,5315,2321,5,2,2019,2024
13019,Berrien County,Georgia,GA,20,10.4,23.5,3.4,3858,2005,6,2,2019,2024
13021,Bibb County,Georgia,GA,32.2,13.1,22.3,11.3,50155,20315,44,15,2019,2024
13023,Bleckley County,Georgia,GA,39.6,18.4,22.4,8.2,5179,2402,3,1,2019,2024
13025,Brantley County,Georgia,GA,4.3,2.7,18.9,5.3,801,488,3,1,2019,2024
13027,Brooks County,Georgia,GA,10.2,4.7,20.7,8.3,1664,758,5,2,2019,2024
13029,Bryan County,Georgia,GA,41.1,9.6,7.9,3.5,12426,2916,6,1,2019,2024
13031,Bulloch County,Georgia,GA,21.3,8.4,16.5,5.6,14945,5925,12,2,2019,2024
13033,Burke County,Georgia,GA,15,7.6,18.9,9,3490,1774,6,3,2019,2024
13035,Butts County,Georgia,GA,16.6,8.5,14.8,4.3,3933,2022,3,1,2019,2024
13037,Calhoun County,Georgia,GA,13.8,6.3,34.3,10.7,921,422,2,1,2019,2024
13039,Camden County,Georgia,GA,51.3,17.8,10.5,4.4,25918,8995,10,4,2019,2024
13043,Candler County,Georgia,GA,0.6,0.4,22.5,3.6,71,43,3,0,2019,2024
13045,Carroll County,Georgia,GA,53,19.5,14.5,3.9,58614,21519,17,5,2019,2024
13047,Catoosa County,Georgia,GA,36.7,9.7,11.8,4.3,23444,6175,11,1,2019,2024
13049,Charlton County,Georgia,GA,7.3,3.2,25.2,7,885,385,2,1,2019,2024
13051,Chatham County,Georgia,GA,31.7,10.8,11.8,7.6,83969,28651,71,14,2019,2024
13053,Chattahoochee County,Georgia,GA,97.7,39.3,22.5,3,11002,4433,5,3,2019,2024
13055,Chattooga County,Georgia,GA,37.5,21.1,18.8,7.6,9753,5477,6,3,2019,2024
13057,Cherokee County,Georgia,GA,41.2,7.1,3.5,2.4,88412,15116,26,2,2019,2024
13059,Clarke County,Georgia,GA,40,21.8,9.4,6.3,46718,25477,30,13,2019,2024
13061,Clay County,Georgia,GA,1.9,1.1,26.2,8.4,59,35,1,0,2019,2024
13063,Clayton County,Georgia,GA,39.2,16,19.3,7.1,101685,41566,49,22,2019,2024
13065,Clinch County,Georgia,GA,7.7,5.1,25.4,14.6,527,350,2,0,2019,2024
13067,Cobb County,Georgia,GA,38.9,8,6.2,3.9,267656,55150,120,12,2019,2024
13069,Coffee County,Georgia,GA,7.2,2.8,20,6.9,3064,1196,9,2,2019,2024
13071,Colquitt County,Georgia,GA,29.5,12.7,19.7,6.2,13421,5797,10,4,2019,2024
13073,Columbia County,Georgia,GA,35.9,5.9,6.7,3.1,44521,7338,20,0,2019,2024
13075,Cook County,Georgia,GA,1.6,0.8,15.3,5.2,282,134,4,0,2019,2024
13077,Coweta County,Georgia,GA,44.9,11.7,6.9,3.2,57148,14934,20,3,2019,2024
13079,Crawford County,Georgia,GA,40.5,16.4,14.4,4.6,5120,2077,3,1,2019,2024
13081,Crisp County,Georgia,GA,6.1,3.5,26.9,15.7,1419,820,6,1,2019,2024
13083,Dade County,Georgia,GA,0,0,10.5,2.8,0,0,4,0,2019,2024
13085,Dawson County,Georgia,GA,0.9,0.3,7.1,1.6,192,58,3,0,2019,2024
13089,DeKalb County,Georgia,GA,24.6,8.7,12.8,7.3,170397,60350,144,38,2019,2024
13087,Decatur County,Georgia,GA,17.9,6,22.8,6.9,4984,1657,7,3,2019,2024
13091,Dodge County,Georgia,GA,0.3,0.2,22.2,4.2,74,34,6,0,2019,2024
13093,Dooly County,Georgia,GA,50.6,25.2,17.6,7.3,7544,3755,3,2,2019,2024
13095,Dougherty County,Georgia,GA,42.9,24.5,29,10.9,40598,23171,27,15,2019,2024
13097,Douglas County,Georgia,GA,43,15,12.8,3.1,56909,19855,20,6,2019,2024
13099,Early County,Georgia,GA,5.7,2.6,26.2,9.1,633,287,5,0,2019,2024
13101,Echols County,Georgia,GA,47.7,18.3,20.3,1.9,1926,739,2,0,2019,2024
13103,Effingham County,Georgia,GA,22.2,6.5,7.8,2.8,11589,3414,10,0,2019,2024
13105,Elbert County,Georgia,GA,20.7,10.4,15.4,7.2,4181,2097,5,2,2019,2024
13107,Emanuel County,Georgia,GA,25.5,14.7,27,8.2,5767,3324,6,4,2019,2024
13109,Evans County,Georgia,GA,0,0,19.6,6.5,0,0,3,0,2019,2024
13111,Fannin County,Georgia,GA,2.2,0.4,13.4,3,527,99,5,0,2019,2024
13113,Fayette County,Georgia,GA,36.7,5.9,4.8,3.2,39118,6275,20,0,2019,2024
13115,Floyd County,Georgia,GA,34.6,14.6,14.9,7.3,33371,14067,20,7,2019,2024
13117,Forsyth County,Georgia,GA,55.9,8.1,2.2,2,98125,14155,45,1,2019,2024
13119,Franklin County,Georgia,GA,0,0,14.7,5.6,0,0,5,0,2019,2024
13121,Fulton County,Georgia,GA,29.5,9,11.6,10,271720,82462,202,44,2019,2024
13123,Gilmer County,Georgia,GA,17.3,7.1,9.6,2.9,4906,2003,5,1,2019,2024
13125,Glascock County,Georgia,GA,69.7,27.7,19.2,8.6,2147,855,1,1,2019,2024
13127,Glynn County,Georgia,GA,34.4,12.4,12.4,4.5,27406,9843,15,5,2019,2024
13129,Gordon County,Georgia,GA,20.4,10.5,10.2,3.6,11242,5782,9,3,2019,2024
13131,Grady County,Georgia,GA,4.1,1.4,20.3,5.3,1031,345,6,0,2019,2024
13133,Greene County,Georgia,GA,19.6,10,7.2,4.4,3128,1602,7,1,2019,2024
13135,Gwinnett County,Georgia,GA,38.9,9.7,7.8,3.8,312921,78183,113,18,2019,2024
13137,Habersham County,Georgia,GA,18.1,7.9,13.4,4.2,7799,3386,8,1,2019,2024
13139,Hall County,Georgia,GA,25,7.4,9.6,6.3,44981,13252,36,4,2019,2024
13141,Hancock County,Georgia,GA,55.8,29.7,29.8,8.4,5261,2803,2,1,2019,2024
13143,Haralson County,Georgia,GA,16.7,6.2,14.1,3.4,4816,1777,5,1,2019,2024
13145,Harris County,Georgia,GA,1.3,0.3,10.1,1.4,411,107,5,0,2019,2024
13147,Hart County,Georgia,GA,0,0,10.4,6.2,0,0,5,0,2019,2024
13149,Heard County,Georgia,GA,3.7,1.1,25.3,5.5,433,132,3,0,2019,2024
13151,Henry County,Georgia,GA,49.4,12.4,10.5,2.4,100823,25196,25,3,2019,2024
13153,Houston County,Georgia,GA,35,10,10.3,4.2,48978,13983,23,6,2019,2024
13155,Irwin County,Georgia,GA,6.1,2.8,14.8,3.4,584,269,2,0,2019,2024
13157,Jackson County,Georgia,GA,32.8,9.4,7.5,2.3,19815,5658,11,0,2019,2024
13159,Jasper County,Georgia,GA,2.8,1.1,11.7,4.3,393,158,3,0,2019,2024
13161,Jeff Davis County,Georgia,GA,38.1,18,17.1,9.2,5747,2716,3,2,2019,2024
13163,Jefferson County,Georgia,GA,0.7,0.3,22.3,8.1,126,55,4,0,2019,2024
13165,Jenkins County,Georgia,GA,0.9,0.6,21.3,6.3,79,48,2,0,2019,2024
13167,Johnson County,Georgia,GA,22.3,11.1,25,6.8,2226,1103,3,1,2019,2024
13169,Jones County,Georgia,GA,33.3,12.4,14.8,4.5,9542,3543,6,1,2019,2024
13171,Lamar County,Georgia,GA,22.4,9.1,13.5,4.3,4109,1670,3,1,2019,2024
13173,Lanier County,Georgia,GA,0.7,0.2,19.2,7.2,69,24,2,0,2019,2024
13175,Laurens County,Georgia,GA,19.4,9.7,20.5,6.3,9410,4704,13,5,2019,2024
13177,Lee County,Georgia,GA,32.9,6.8,9.5,2.8,9298,1926,5,0,2019,2024
13179,Liberty County,Georgia,GA,31.9,17.3,16,4.5,20245,10952,14,5,2019,2024
13181,Lincoln County,Georgia,GA,5.6,1.9,11.6,7.1,447,151,2,0,2019,2024
13183,Long County,Georgia,GA,0.7,0.3,18.2,6.6,108,38,2,0,2019,2024
13185,Lowndes County,Georgia,GA,16.9,8.3,16.2,6.5,18419,9031,25,6,2019,2024
13187,Lumpkin County,Georgia,GA,0.7,0.3,9.2,2.3,225,77,4,0,2019,2024
13193,Macon County,Georgia,GA,0.4,0.2,27.1,13.7,63,33,4,0,2019,2024
13195,Madison County,Georgia,GA,2.3,1.5,12.2,3.3,656,423,6,1,2019,2024
13197,Marion County,Georgia,GA,0,0,21.5,4.7,0,0,2,0,2019,2024
13189,McDuffie County,Georgia,GA,0.8,0.2,17,4.8,173,37,5,0,2019,2024
13191,McIntosh County,Georgia,GA,15.9,5.9,21.8,6.5,2276,850,3,1,2019,2024
13199,Meriwether County,Georgia,GA,3.3,1.2,23,6.4,721,268,4,1,2019,2024
13201,Miller County,Georgia,GA,0.4,0.1,17.6,10.5,25,8,3,0,2019,2024
13205,Mitchell County,Georgia,GA,20.8,7.9,27.4,12.1,4885,1867,5,1,2019,2024
13207,Monroe County,Georgia,GA,3.4,1.4,5.9,3.6,907,378,5,0,2019,2024
13209,Montgomery County,Georgia,GA,12.2,4,17.9,4.8,1109,367,3,1,2019,2024
13211,Morgan County,Georgia,GA,34.6,11,11.3,2.2,6184,1962,5,0,2019,2024
13213,Murray County,Georgia,GA,17.6,6.6,12.3,5.2,6967,2603,8,0,2019,2024
13215,Muscogee County,Georgia,GA,30.2,10.4,16.8,10.9,57403,19724,53,11,2019,2024
13217,Newton County,Georgia,GA,33.6,14.4,13.6,3.4,33596,14360,13,8,2019,2024
13219,Oconee County,Georgia,GA,22.3,3.4,2.8,0.8,7320,1116,6,0,2019,2024
13221,Oglethorpe County,Georgia,GA,5.2,2.5,12.1,3.3,777,373,4,0,2019,2024
13223,Paulding County,Georgia,GA,48.6,13.5,8,2.5,69204,19239,19,1,2019,2024
13225,Peach County,Georgia,GA,28.1,10.5,18.8,5,7777,2920,6,0,2019,2024
13227,Pickens County,Georgia,GA,17.7,5.7,9.7,2.8,5197,1683,6,0,2019,2024
13229,Pierce County,Georgia,GA,8.9,3.4,11.6,5.1,1667,639,4,1,2019,2024
13231,Pike County,Georgia,GA,0,0,5.2,2.6,4,1,4,0,2019,2024
13233,Polk County,Georgia,GA,24.2,12.2,17.3,5,10042,5041,7,1,2019,2024
13235,Pulaski County,Georgia,GA,3.7,1.6,14.9,5.9,441,194,3,0,2019,2024
13237,Putnam County,Georgia,GA,15.5,9.5,11,4.6,3282,2016,5,1,2019,2024
13239,Quitman County,Georgia,GA,3.1,1.4,22.7,13.1,77,35,1,0,2019,2024
13241,Rabun County,Georgia,GA,0.6,0.1,7.2,4.5,95,14,5,0,2019,2024
13243,Randolph County,Georgia,GA,33.8,18.4,39.4,25,2605,1421,2,1,2019,2024
13245,Richmond County,Georgia,GA,47.6,21,21.1,9.9,95414,42202,47,25,2019,2024
13247,Rockdale County,Georgia,GA,39.6,13.3,12.2,3.2,33760,11367,15,4,2019,2024
13249,Schley County,Georgia,GA,0.5,0.3,15.4,5.8,25,14,2,0,2019,2024
13251,Screven County,Georgia,GA,21,9.8,13.7,6.4,3063,1423,5,1,2019,2024
13253,Seminole County,Georgia,GA,14,6.6,21.3,10.5,1225,572,3,1,2019,2024
13255,Spalding County,Georgia,GA,26.4,12.7,18.5,6.2,16887,8108,12,5,2019,2024
13257,Stephens County,Georgia,GA,10.4,5.3,14.5,5.3,2718,1397,5,2,2019,2024
13259,Stewart County,Georgia,GA,18.6,11.7,33.7,18.4,1125,706,2,1,2019,2024
13261,Sumter County,Georgia,GA,9.8,5.2,21.9,11.6,3222,1712,8,1,2019,2024
13263,Talbot County,Georgia,GA,28.5,16.1,23.1,9.6,1960,1103,3,1,2019,2024
13265,Taliaferro County,Georgia,GA,91.4,47.4,25.9,5.8,1569,814,1,1,2019,2024
13267,Tattnall County,Georgia,GA,13.4,6.5,22.2,6.3,3429,1650,5,1,2019,2024
13269,Taylor County,Georgia,GA,4.2,2.2,34.1,15.5,374,195,3,0,2019,2024
13271,Telfair County,Georgia,GA,37.4,22.2,27.9,14.1,6172,3665,3,2,2019,2024
13273,Terrell County,Georgia,GA,8,2.7,24.4,11.8,742,249,4,1,2019,2024
13275,Thomas County,Georgia,GA,28.2,12.4,20.4,5.9,12632,5555,11,2,2019,2024
13277,Tift County,Georgia,GA,15.3,5.7,17.7,7.3,6122,2301,9,3,2019,2024
13279,Toombs County,Georgia,GA,11.6,5.3,22.5,10.4,3170,1436,6,2,2019,2024
13281,Towns County,Georgia,GA,0,0,7.5,3.7,1,1,3,0,2019,2024
13283,Treutlen County,Georgia,GA,46.8,19.3,22.3,5.4,3222,1331,2,0,2019,2024
13285,Troup County,Georgia,GA,9.5,4.3,19.3,9.4,6388,2874,14,3,2019,2024
13287,Turner County,Georgia,GA,20.4,8.3,32.5,7.9,1822,744,2,1,2019,2024
13289,Twiggs County,Georgia,GA,0.1,0,21.8,8.1,5,3,2,0,2019,2024
13291,Union County,Georgia,GA,3.7,1.7,7.4,5.4,789,359,6,0,2019,2024
13293,Upson County,Georgia,GA,16.9,7.5,22.7,11.7,4587,2044,7,3,2019,2024
13295,Walker County,Georgia,GA,27.9,13.7,12,3.7,19204,9434,13,5,2019,2024
13297,Walton County,Georgia,GA,33.2,10.9,11.5,2.7,27806,9132,15,3,2019,2024
13299,Ware County,Georgia,GA,30.3,13.4,21.9,16,10986,4854,9,5,2019,2024
13301,Warren County,Georgia,GA,2.1,1.2,22.3,7.6,122,72,2,0,2019,2024
13303,Washington County,Georgia,GA,29.8,12.9,29.4,6.8,6306,2741,5,2,2019,2024
13305,Wayne County,Georgia,GA,17.9,8.4,20.2,10.2,5392,2517,6,2,2019,2024
13307,Webster County,Georgia,GA,2,1.1,28.7,7.7,57,31,2,0,2019,2024
13309,Wheeler County,Georgia,GA,4.7,3.2,23.5,9.3,345,235,2,0,2019,2024
13311,White County,Georgia,GA,0,0,9.7,2.6,0,0,5,0,2019,2024
13313,Whitfield County,Georgia,GA,29.9,13.4,11.2,6.1,30712,13742,18,3,2019,2024
13315,Wilcox County,Georgia,GA,9.9,5.1,20.2,9.1,917,474,4,1,2019,2024
13317,Wilkes County,Georgia,GA,14.3,6.8,17.6,6.2,1510,721,4,1,2019,2024
13319,Wilkinson County,Georgia,GA,21.8,11.4,15.3,6.6,2089,1092,3,1,2019,2024
13321,Worth County,Georgia,GA,3.2,1,21.4,6.5,699,225,5,0,2019,2024
15001,Hawaii County,Hawaii,HI,31.3,8.1,17.8,4.8,57929,14978,33,10,2019,2024
15003,Honolulu County,Hawaii,HI,25.2,4.6,10.2,9.7,240035,44030,239,19,2019,2024
15005,Kalawao County,Hawaii,HI,0,0,7.5,15,0,0,1,0,2019,2024
15007,Kauai County,Hawaii,HI,34.2,7.4,11.3,4,22944,4957,14,0,2019,2024
15009,Maui County,Hawaii,HI,27,5.8,10.4,5.4,41845,8918,34,3,2019,2024
16001,Ada County,Idaho,ID,30.4,6.2,5.1,3.8,119470,24478,59,1,2019,2024
16003,Adams County,Idaho,ID,25.5,8.6,4.6,2,1014,342,2,0,2019,2024
16005,Bannock County,Idaho,ID,34.7,11.6,14.6,5,28772,9615,22,6,2019,2024
16007,Bear Lake County,Idaho,ID,25.9,6.1,4.7,1.7,1549,363,2,0,2019,2024
16009,Benewah County,Idaho,ID,23.3,9.2,10.6,3,2165,858,2,1,2019,2024
16011,Bingham County,Idaho,ID,32.3,11.5,10.3,4.5,14711,5258,8,1,2019,2024
16013,Blaine County,Idaho,ID,7.9,2.8,4.1,1.3,1693,605,4,0,2019,2024
16015,Boise County,Idaho,ID,47.5,13.8,6.8,2.6,3341,973,1,0,2019,2024
16017,Bonner County,Idaho,ID,8.2,2.9,6.4,4.8,3350,1196,9,1,2019,2024
16019,Bonneville County,Idaho,ID,38.7,11.4,9.1,3.1,40337,11887,21,1,2019,2024
16021,Boundary County,Idaho,ID,13,3.6,10.8,2.1,1430,399,2,0,2019,2024
16023,Butte County,Idaho,ID,20.9,7.6,10.9,5.7,605,221,1,1,2019,2024
16025,Camas County,Idaho,ID,100,44.5,0.3,4.1,1117,497,1,1,2019,2024
16027,Canyon County,Idaho,ID,19.3,7.4,8.6,3.4,36414,14042,29,6,2019,2024
16029,Caribou County,Idaho,ID,5.4,1.4,7.7,2.3,375,96,2,0,2019,2024
16031,Cassia County,Idaho,ID,20.3,9,9.2,4.6,4665,2056,6,0,2019,2024
16033,Clark County,Idaho,ID,100,50.7,4.3,,982,498,1,1,2019,2024
16035,Clearwater County,Idaho,ID,7.8,3.4,8.4,3.6,687,302,2,0,2019,2024
16037,Custer County,Idaho,ID,21.5,8.3,4.6,3.7,940,362,1,1,2019,2024
16039,Elmore County,Idaho,ID,27.2,14.1,7.8,4.2,7345,3825,5,2,2019,2024
16041,Franklin County,Idaho,ID,7.2,1.3,6.1,2.5,920,167,2,0,2019,2024
16043,Fremont County,Idaho,ID,46.6,14.8,8.8,1.8,6176,1954,3,0,2019,2024
16045,Gem County,Idaho,ID,28.3,9.7,6.8,2.9,4739,1626,3,1,2019,2024
16047,Gooding County,Idaho,ID,0.8,0.3,8.3,2.9,125,47,2,0,2019,2024
16049,Idaho County,Idaho,ID,17.8,8.2,4.6,3,2889,1339,5,2,2019,2024
16051,Jefferson County,Idaho,ID,26.7,10.6,7.5,1.3,6977,2773,4,0,2019,2024
16053,Jerome County,Idaho,ID,24.6,11.8,7.6,3.2,5512,2642,5,2,2019,2024
16055,Kootenai County,Idaho,ID,27.6,7.3,6.7,4.2,38283,10103,25,0,2019,2024
16057,Latah County,Idaho,ID,16.7,4.6,5.4,4,6221,1716,7,3,2019,2024
16059,Lemhi County,Idaho,ID,25.5,11.8,10,5.4,2023,934,3,1,2019,2024
16061,Lewis County,Idaho,ID,48,16.3,9.8,3.4,1835,622,3,0,2019,2024
16063,Lincoln County,Idaho,ID,97.4,41.8,6,1.1,5074,2176,1,0,2019,2024
16065,Madison County,Idaho,ID,21.5,11.9,9.5,2.1,8055,4466,6,2,2019,2024
16067,Minidoka County,Idaho,ID,37,17.6,11.1,5.6,7430,3541,5,2,2019,2024
16069,Nez Perce County,Idaho,ID,27.8,7.2,7.3,5.7,10898,2842,10,1,2019,2024
16071,Oneida County,Idaho,ID,13.5,5.3,4.8,1.2,578,227,1,0,2019,2024
16073,Owyhee County,Idaho,ID,27.5,10.4,11.8,3.5,3167,1197,3,1,2019,2024
16075,Payette County,Idaho,ID,19.6,7.2,15.6,3.7,4427,1638,4,0,2019,2024
16077,Power County,Idaho,ID,12.6,5.9,8.9,3.2,987,459,2,1,2019,2024
16079,Shoshone County,Idaho,ID,9.7,4.1,10.3,4.5,1241,528,3,1,2019,2024
16081,Teton County,Idaho,ID,8.9,2.2,3.1,1.4,906,227,1,0,2019,2024
16083,Twin Falls County,Idaho,ID,14.1,4.7,9.6,2.9,10906,3641,14,1,2019,2024
16085,Valley County,Idaho,ID,18.6,7.5,3.1,4.2,1837,744,3,0,2019,2024
16087,Washington County,Idaho,ID,16.9,6.6,11.1,4.9,1724,678,3,0,2019,2024
17001,Adams County,Illinois,IL,16.5,3.2,12.4,7.5,11088,2149,18,1,2019,2024
17003,Alexander County,Illinois,IL,49.6,28.3,26.8,10.1,4086,2329,4,3,2019,2024
17005,Bond County,Illinois,IL,20.8,9,12.9,6.8,3690,1606,4,1,2019,2024
17007,Boone County,Illinois,IL,31.5,7.4,14.3,4.2,17067,4032,7,2,2019,2024
17009,Brown County,Illinois,IL,34.5,10.3,12.1,8.5,2392,718,2,0,2019,2024
17011,Bureau County,Illinois,IL,36.6,9.8,13.5,6.7,12790,3426,10,1,2019,2024
17013,Calhoun County,Illinois,IL,14.4,5.3,7.7,2.7,730,268,2,0,2019,2024
17015,Carroll County,Illinois,IL,12.9,4.5,15.1,3.3,1982,690,6,1,2019,2024
17017,Cass County,Illinois,IL,12.2,3.4,14.7,4.5,1659,465,5,0,2019,2024
17019,Champaign County,Illinois,IL,21.8,4.8,9.1,12.8,43741,9680,43,3,2019,2024
17021,Christian County,Illinois,IL,7,1.9,15.3,6.1,2449,677,10,0,2019,2024
17023,Clark County,Illinois,IL,32.2,9.8,13.4,5.2,5253,1596,4,1,2019,2024
17025,Clay County,Illinois,IL,18.5,5.6,18.5,4.9,2563,775,4,0,2019,2024
17027,Clinton County,Illinois,IL,18.5,3.7,9,3.2,6979,1413,8,0,2019,2024
17029,Coles County,Illinois,IL,29.2,10.4,19,8.7,15720,5608,12,6,2019,2024
17031,Cook County,Illinois,IL,7.4,1.8,15.7,18,382297,91773,1314,51,2019,2024
17033,Crawford County,Illinois,IL,8.7,2.4,13.7,6.1,1733,480,6,1,2019,2024
17035,Cumberland County,Illinois,IL,0.8,0.1,9.2,4.8,92,16,3,0,2019,2024
17039,De Witt County,Illinois,IL,7.3,2.2,13.1,3.8,1209,357,5,0,2019,2024
17037,DeKalb County,Illinois,IL,38.2,14.6,14.7,6.4,40154,15338,21,5,2019,2024
17041,Douglas County,Illinois,IL,11.8,3.7,12.4,10.8,2358,740,5,1,2019,2024
17043,DuPage County,Illinois,IL,22.5,3.2,7.4,4.6,206314,29464,216,0,2019,2024
17045,Edgar County,Illinois,IL,41.9,13.9,19.3,8,7775,2586,5,2,2019,2024
17047,Edwards County,Illinois,IL,18.5,7.6,17.1,3.9,1243,514,3,1,2019,2024
17049,Effingham County,Illinois,IL,15.3,4.6,12.2,5.7,5241,1588,8,2,2019,2024
17051,Fayette County,Illinois,IL,39.3,18.4,11.6,5.5,8702,4078,7,5,2019,2024
17053,Ford County,Illinois,IL,23.9,7.8,14.4,9.1,3370,1094,5,1,2019,2024
17055,Franklin County,Illinois,IL,21,8,25.8,6.3,8303,3178,12,3,2019,2024
17057,Fulton County,Illinois,IL,11.1,4.5,17.3,5.3,4103,1677,12,2,2019,2024
17059,Gallatin County,Illinois,IL,66.3,29.9,21.8,7.7,3705,1669,2,1,2019,2024
17061,Greene County,Illinois,IL,1.8,0.6,15.5,4.6,244,88,5,0,2019,2024
17063,Grundy County,Illinois,IL,28.4,5.5,10.9,4,14233,2769,10,1,2019,2024
17065,Hamilton County,Illinois,IL,13.7,3.4,15.2,5.4,1162,286,3,0,2019,2024
17067,Hancock County,Illinois,IL,43.2,14.1,13.3,5.4,8255,2697,7,3,2019,2024
17069,Hardin County,Illinois,IL,21.1,6.2,18.5,9,912,268,2,0,2019,2024
17071,Henderson County,Illinois,IL,1.3,0.5,13.8,4.4,99,36,3,0,2019,2024
17073,Henry County,Illinois,IL,31.4,9.2,13.3,6.6,15856,4626,13,2,2019,2024
17075,Iroquois County,Illinois,IL,29.1,10.7,14.2,4.5,8637,3186,9,3,2019,2024
17077,Jackson County,Illinois,IL,34.9,15.1,18.5,11.5,21031,9114,14,7,2019,2024
17079,Jasper County,Illinois,IL,15.7,4.1,14,4.5,1525,400,3,1,2019,2024
17081,Jefferson County,Illinois,IL,26.3,9.7,17.1,6.3,10216,3761,11,4,2019,2024
17083,Jersey County,Illinois,IL,22.8,3.9,11.9,4.7,5241,908,6,0,2019,2024
17085,Jo Daviess County,Illinois,IL,17.2,3.8,8.4,7,3908,860,6,1,2019,2024
17087,Johnson County,Illinois,IL,7.5,2.6,12.9,4.3,948,330,4,0,2019,2024
17089,Kane County,Illinois,IL,21,3.5,11,4.7,107962,18047,82,5,2019,2024
17091,Kankakee County,Illinois,IL,20.8,6.1,15.9,6.6,23575,6884,29,5,2019,2024
17093,Kendall County,Illinois,IL,33.8,6.1,8.6,2.2,38750,7040,10,1,2019,2024
17095,Knox County,Illinois,IL,26.9,8.7,15.4,8.6,14213,4610,16,4,2019,2024
17099,LaSalle County,Illinois,IL,26.5,7.5,14.8,6,30203,8569,28,5,2019,2024
17097,Lake County,Illinois,IL,34.4,6,9.4,4.6,242056,41871,152,8,2019,2024
17101,Lawrence County,Illinois,IL,22.9,7.9,14.7,5.7,3859,1328,5,1,2019,2024
17103,Lee County,Illinois,IL,18.9,5.8,15.4,6.6,6818,2106,9,1,2019,2024
17105,Livingston County,Illinois,IL,16.2,6.5,14.7,5.5,6315,2530,10,2,2019,2024
17107,Logan County,Illinois,IL,26,7.2,18.4,6.8,7878,2189,8,0,2019,2024
17115,Macon County,Illinois,IL,36,8.5,19.8,9.5,39867,9390,34,4,2019,2024
17117,Macoupin County,Illinois,IL,12.7,4.2,15.4,4.5,6054,2010,13,1,2019,2024
17119,Madison County,Illinois,IL,41.8,12.9,13.7,5.7,112467,34650,61,16,2019,2024
17121,Marion County,Illinois,IL,25.2,10.2,19.8,7,9951,4026,12,5,2019,2024
17123,Marshall County,Illinois,IL,13.2,4.3,13.5,3.6,1665,549,5,0,2019,2024
17125,Mason County,Illinois,IL,35.6,13.2,15.5,7.9,5225,1942,6,2,2019,2024
17127,Massac County,Illinois,IL,8.5,3.4,17.1,5.1,1316,524,4,1,2019,2024
17109,McDonough County,Illinois,IL,29.9,9.8,14.2,9.4,9740,3204,10,5,2019,2024
17111,McHenry County,Illinois,IL,44.3,6.4,7.4,3.5,136741,19795,52,2,2019,2024
17113,McLean County,Illinois,IL,30.7,8.8,10.3,5.9,52059,14890,41,8,2019,2024
17129,Menard County,Illinois,IL,13.4,2.1,14.5,5.5,1699,272,3,0,2019,2024
17131,Mercer County,Illinois,IL,22.8,7.5,9.9,2.8,3746,1234,4,1,2019,2024
17133,Monroe County,Illinois,IL,37.4,4.9,4.4,4,12336,1629,6,0,2019,2024
17135,Montgomery County,Illinois,IL,15.8,6.5,15.4,6.6,4766,1950,8,4,2019,2024
17137,Morgan County,Illinois,IL,38.5,13.4,16.2,5.5,13689,4749,10,5,2019,2024
17139,Moultrie County,Illinois,IL,2.5,0.6,11.8,13.3,375,91,4,0,2019,2024
17141,Ogle County,Illinois,IL,14.3,4,10.7,5.5,7625,2157,11,2,2019,2024
17143,Peoria County,Illinois,IL,34.2,13.2,18,8.1,63830,24599,48,16,2019,2024
17145,Perry County,Illinois,IL,23,9.2,19,6.5,5146,2063,6,2,2019,2024
17147,Piatt County,Illinois,IL,9.9,1.6,6.3,2.1,1658,267,4,0,2019,2024
17149,Pike County,Illinois,IL,23.8,10.1,15.9,3.4,3909,1655,5,4,2019,2024
17151,Pope County,Illinois,IL,29.1,10.7,9.1,5.5,1301,479,2,0,2019,2024
17153,Pulaski County,Illinois,IL,31.4,16.1,22.9,7.4,1936,992,2,2,2019,2024
17155,Putnam County,Illinois,IL,0.1,0,8.3,3.2,8,3,2,0,2019,2024
17157,Randolph County,Illinois,IL,14.3,4.5,12.9,6.7,4789,1505,9,1,2019,2024
17159,Richland County,Illinois,IL,6.4,2.7,15.7,8.4,1036,441,5,0,2019,2024
17161,Rock Island County,Illinois,IL,16.8,6,15.9,8.6,24730,8831,40,10,2019,2024
17165,Saline County,Illinois,IL,14.3,6.5,26.2,9.6,3556,1609,9,3,2019,2024
17167,Sangamon County,Illinois,IL,25.6,6,15.5,7.6,50466,11764,53,5,2019,2024
17169,Schuyler County,Illinois,IL,17,6.2,11.6,5,1283,470,3,1,2019,2024
17171,Scott County,Illinois,IL,66.5,19.8,16.2,4.8,3561,1061,2,0,2019,2024
17173,Shelby County,Illinois,IL,21.4,6,14,4.9,4791,1335,6,1,2019,2024
17163,St. Clair County,Illinois,IL,36.8,13,16.2,7.5,99253,35090,60,20,2019,2024
17175,Stark County,Illinois,IL,62.6,19.7,11.6,2.5,3752,1180,2,0,2019,2024
17177,Stephenson County,Illinois,IL,6.5,1.7,17,7.9,3113,809,13,0,2019,2024
17179,Tazewell County,Illinois,IL,39.3,9.3,10.4,5.5,53222,12558,30,3,2019,2024
17181,Union County,Illinois,IL,7.9,2.9,17.3,9.6,1401,517,5,1,2019,2024
17183,Vermilion County,Illinois,IL,22.9,8.5,19.5,9.1,18703,6919,24,6,2019,2024
17185,Wabash County,Illinois,IL,16,3.3,20.4,11,1917,397,4,1,2019,2024
17187,Warren County,Illinois,IL,9,2.8,16,6.9,1594,504,5,1,2019,2024
17189,Washington County,Illinois,IL,11.8,3.6,9.5,2.6,1733,527,4,0,2019,2024
17191,Wayne County,Illinois,IL,25.1,8.4,14,7.2,4215,1408,5,2,2019,2024
17193,White County,Illinois,IL,8.5,2.3,18.7,9.5,1251,341,5,0,2019,2024
17195,Whiteside County,Illinois,IL,21.3,6.3,14.1,5.8,12465,3662,18,4,2019,2024
17197,Will County,Illinois,IL,44.5,7.3,10.1,3.9,301286,49798,151,16,2019,2024
17199,Williamson County,Illinois,IL,32.3,12.3,16.6,6,21430,8171,15,5,2019,2024
17201,Winnebago County,Illinois,IL,26.4,7.3,20.4,8.6,78000,21479,77,11,2019,2024
17203,Woodford County,Illinois,IL,32.6,4.7,5.5,3.3,12593,1812,9,0,2019,2024
18001,Adams County,Indiana,IN,17.5,4.7,6.6,13.1,6024,1632,7,1,2019,2024
18003,Allen County,Indiana,IN,37.8,12.1,9.1,6.8,134375,42952,96,20,2019,2024
18005,Bartholomew County,Indiana,IN,36.4,10.5,7.4,5.2,27973,8053,15,4,2019,2024
18007,Benton County,Indiana,IN,1.7,1.1,11.7,4.8,153,98,3,0,2019,2024
18009,Blackford County,Indiana,IN,15.2,7.5,14.6,9.5,1936,963,4,1,2019,2024
18011,Boone County,Indiana,IN,17.9,2.5,3.7,2.4,10157,1396,10,0,2019,2024
18013,Brown County,Indiana,IN,3,1.1,4.9,3.5,450,162,4,0,2019,2024
18015,Carroll County,Indiana,IN,1.9,0.4,5.2,4.6,384,89,7,0,2019,2024
18017,Cass County,Indiana,IN,6.3,2.7,9.4,5,2449,1046,11,2,2019,2024
18019,Clark County,Indiana,IN,19.3,4.5,7.7,5,21322,4922,26,3,2019,2024
18021,Clay County,Indiana,IN,21.3,5.6,7.8,4.2,5726,1494,6,1,2019,2024
18023,Clinton County,Indiana,IN,4.8,1.2,6.9,4.1,1609,392,8,0,2019,2024
18025,Crawford County,Indiana,IN,15.6,5.5,11.7,5.2,1672,588,3,1,2019,2024
18027,Daviess County,Indiana,IN,6.4,2.7,10.3,13.6,2027,840,7,2,2019,2024
18033,DeKalb County,Indiana,IN,29,8.8,6.3,5.8,12235,3737,9,2,2019,2024
18029,Dearborn County,Indiana,IN,34.2,8.3,7.7,4.1,17131,4143,10,2,2019,2024
18031,Decatur County,Indiana,IN,13.9,4.3,5.6,3.2,3581,1094,6,1,2019,2024
18035,Delaware County,Indiana,IN,34,12.8,14.2,7.2,40048,15103,30,12,2019,2024
18037,Dubois County,Indiana,IN,19.8,3.7,4.2,4.2,8305,1532,7,0,2019,2024
18039,Elkhart County,Indiana,IN,31.7,8.7,7,7.8,62668,17224,36,7,2019,2024
18041,Fayette County,Indiana,IN,19.6,7.7,14.1,7.3,4750,1877,7,2,2019,2024
18043,Floyd County,Indiana,IN,24,5.5,7.6,5.8,17892,4075,20,1,2019,2024
18045,Fountain County,Indiana,IN,8.4,2.8,8.8,3.2,1449,491,5,0,2019,2024
18047,Franklin County,Indiana,IN,7.4,3.2,4.6,6.5,1717,733,5,1,2019,2024
18049,Fulton County,Indiana,IN,10.9,4.2,12.4,6,2269,877,6,0,2019,2024
18051,Gibson County,Indiana,IN,4.6,1.6,8.2,4,1535,539,7,0,2019,2024
18053,Grant County,Indiana,IN,17.2,8.3,13.8,6.4,12080,5781,16,5,2019,2024
18055,Greene County,Indiana,IN,14.2,6,10.7,6.2,4708,1980,9,1,2019,2024
18057,Hamilton County,Indiana,IN,51.3,5.5,2.5,2.4,140900,15057,39,0,2019,2024
18059,Hancock County,Indiana,IN,36.1,8.5,4.5,3,25287,5917,10,2,2019,2024
18061,Harrison County,Indiana,IN,0,0,6,4,16,7,6,0,2019,2024
18063,Hendricks County,Indiana,IN,51.5,7,3.3,3.3,74972,10149,21,1,2019,2024
18065,Henry County,Indiana,IN,18.2,6.6,10.1,5.7,8996,3243,13,1,2019,2024
18067,Howard County,Indiana,IN,27,10.4,11.4,7.3,22313,8639,20,5,2019,2024
18069,Huntington County,Indiana,IN,27.3,9.7,11,4.7,10134,3616,9,1,2019,2024
18071,Jackson County,Indiana,IN,33,9.8,8.7,5.7,13988,4158,10,1,2019,2024
18073,Jasper County,Indiana,IN,13.6,3.5,5.4,2.3,4554,1176,8,2,2019,2024
18075,Jay County,Indiana,IN,24.4,11.2,9.7,8.2,5189,2374,7,3,2019,2024
18077,Jefferson County,Indiana,IN,8.3,2.7,10,3.4,2687,878,7,0,2019,2024
18079,Jennings County,Indiana,IN,25.2,10.2,8,5.5,7202,2902,6,2,2019,2024
18081,Johnson County,Indiana,IN,31.4,5.8,6.5,3.3,43828,8156,22,4,2019,2024
18083,Knox County,Indiana,IN,8.6,1.9,12.9,7.5,3297,742,10,0,2019,2024
18085,Kosciusko County,Indiana,IN,19.5,4.9,5.2,5.5,15059,3795,19,0,2019,2024
18087,LaGrange County,Indiana,IN,5.2,1.7,4.6,29.2,1920,642,8,0,2019,2024
18091,LaPorte County,Indiana,IN,24,8.3,9.9,4.8,26713,9287,28,8,2019,2024
18089,Lake County,Indiana,IN,34.4,10.4,12.9,7.2,170674,51764,117,31,2019,2024
18093,Lawrence County,Indiana,IN,7.2,2.9,8.3,4.8,3306,1351,10,2,2019,2024
18095,Madison County,Indiana,IN,35.4,14.7,13.8,6.1,46555,19346,37,12,2019,2024
18097,Marion County,Indiana,IN,32.6,12.2,12.5,8.3,294165,110524,224,68,2019,2024
18099,Marshall County,Indiana,IN,14.9,4.9,6.4,6.6,7016,2321,12,0,2019,2024
18101,Martin County,Indiana,IN,10.6,3.1,7.3,4.5,1099,325,3,0,2019,2024
18103,Miami County,Indiana,IN,19,9.8,11.6,5.1,7012,3609,10,2,2019,2024
18105,Monroe County,Indiana,IN,18.3,5.3,6,8.4,25287,7376,31,4,2019,2024
18107,Montgomery County,Indiana,IN,10.4,3.8,9.2,5.6,3953,1436,9,1,2019,2024
18109,Morgan County,Indiana,IN,28.7,6.1,7.8,3.6,19768,4183,13,1,2019,2024
18111,Newton County,Indiana,IN,14.6,5.4,8.5,3,2076,770,4,1,2019,2024
18113,Noble County,Indiana,IN,9.1,3.7,5.1,10.1,4303,1764,10,1,2019,2024
18115,Ohio County,Indiana,IN,0,0,3.4,5.3,0,0,2,0,2019,2024
18117,Orange County,Indiana,IN,1.1,0.4,11.5,6.7,218,78,6,0,2019,2024
18119,Owen County,Indiana,IN,0.7,0.3,9.7,3.1,152,57,5,0,2019,2024
18121,Parke County,Indiana,IN,18.9,6.5,12.7,8.5,3274,1123,4,1,2019,2024
18123,Perry County,Indiana,IN,28.6,7.1,10.3,5.5,5533,1366,5,0,2019,2024
18125,Pike County,Indiana,IN,2.6,0.9,9.5,4.2,333,109,4,0,2019,2024
18127,Porter County,Indiana,IN,40.4,7.9,5.6,3.4,66467,13057,31,5,2019,2024
18129,Posey County,Indiana,IN,31.6,8.4,7,3.1,8199,2175,7,1,2019,2024
18131,Pulaski County,Indiana,IN,9.5,3.6,8.1,6,1271,478,4,1,2019,2024
18133,Putnam County,Indiana,IN,11.9,3.5,8.1,3.5,4533,1344,7,1,2019,2024
18135,Randolph County,Indiana,IN,17.6,7.9,15,6.6,4619,2056,8,3,2019,2024
18137,Ripley County,Indiana,IN,4.3,0.8,7.3,4.4,1249,234,6,0,2019,2024
18139,Rush County,Indiana,IN,13,4.4,10,5.2,2253,771,5,0,2019,2024
18143,Scott County,Indiana,IN,18,9.8,14.2,3.5,4341,2380,5,1,2019,2024
18145,Shelby County,Indiana,IN,16.6,4.9,8.1,5.4,7371,2158,10,1,2019,2024
18147,Spencer County,Indiana,IN,0.1,0,6.7,2.7,29,3,5,0,2019,2024
18141,St. Joseph County,Indiana,IN,31.8,8.2,9.8,6.7,84766,21778,75,10,2019,2024
18149,Starke County,Indiana,IN,2,1.3,12.5,6.6,478,299,7,0,2019,2024
18151,Steuben County,Indiana,IN,30.9,11.5,7.1,5.4,10551,3917,9,0,2019,2024
18153,Sullivan County,Indiana,IN,15.9,5.4,11,4.9,3408,1167,5,2,2019,2024
18155,Switzerland County,Indiana,IN,4.6,3.1,13,6.5,488,331,3,0,2019,2024
18157,Tippecanoe County,Indiana,IN,40.2,17.4,7.2,9.7,69391,30127,37,12,2019,2024
18159,Tipton County,Indiana,IN,22.4,7.3,6.7,2.4,3567,1167,4,0,2019,2024
18161,Union County,Indiana,IN,0,0,6.2,4.4,0,0,2,0,2019,2024
18163,Vanderburgh County,Indiana,IN,37.9,11.6,11.2,8,68117,20871,49,9,2019,2024
18165,Vermillion County,Indiana,IN,4.7,1.7,11.5,5.1,769,275,5,0,2019,2024
18167,Vigo County,Indiana,IN,38.8,20,13.5,7.9,41839,21560,28,13,2019,2024
18169,Wabash County,Indiana,IN,18.2,7.2,7.1,4.5,6002,2360,8,1,2019,2024
18171,Warren County,Indiana,IN,6.4,1.7,7.4,2.1,545,145,2,0,2019,2024
18173,Warrick County,Indiana,IN,38.6,6.9,3.6,3,23050,4116,11,0,2019,2024
18175,Washington County,Indiana,IN,9.2,3.1,11,4.3,2607,885,6,0,2019,2024
18177,Wayne County,Indiana,IN,34.4,16.6,15.1,8.9,23735,11461,17,7,2019,2024
18179,Wells County,Indiana,IN,33.2,12.7,5.8,4.1,9186,3503,7,1,2019,2024
18181,White County,Indiana,IN,2,0.4,6.2,3.2,494,98,8,0,2019,2024
18183,Whitley County,Indiana,IN,4.5,1.2,6.5,3.9,1512,404,7,0,2019,2024
19001,Adair County,Iowa,IA,8,2.3,9.8,4.4,617,177,3,0,2019,2024
19003,Adams County,Iowa,IA,6.4,2,9.5,5.5,259,81,2,0,2019,2024
19005,Allamakee County,Iowa,IA,10.9,3.5,8.3,3.7,1559,498,5,0,2019,2024
19007,Appanoose County,Iowa,IA,15.7,5.5,13.3,6.9,2029,707,5,1,2019,2024
19009,Audubon County,Iowa,IA,7.4,2.4,8.4,7.6,454,144,3,0,2019,2024
19011,Benton County,Iowa,IA,17,4.3,4.8,3.3,4427,1116,7,0,2019,2024
19013,Black Hawk County,Iowa,IA,27.5,9.5,11.1,6.3,36084,12410,38,10,2019,2024
19015,Boone County,Iowa,IA,10.1,2.4,4.8,5.5,2660,622,7,0,2019,2024
19017,Bremer County,Iowa,IA,10,1.3,5.3,2.6,2417,315,8,0,2019,2024
19019,Buchanan County,Iowa,IA,14.1,3.4,6.6,6.6,2962,708,6,0,2019,2024
19021,Buena Vista County,Iowa,IA,16.6,5.6,10,1.7,3367,1138,6,0,2019,2024
19023,Butler County,Iowa,IA,6.9,1.9,7,3.6,1023,284,5,0,2019,2024
19025,Calhoun County,Iowa,IA,29.9,8.8,9.5,3.4,2890,856,4,0,2019,2024
19027,Carroll County,Iowa,IA,8.9,2,5.9,4.9,1856,415,6,0,2019,2024
19029,Cass County,Iowa,IA,28.7,9.1,12,5.7,4012,1274,5,0,2019,2024
19031,Cedar County,Iowa,IA,22.6,4.8,6.5,2.6,4172,895,5,0,2019,2024
19033,Cerro Gordo County,Iowa,IA,21.6,5.5,9,5,9549,2416,11,2,2019,2024
19035,Cherokee County,Iowa,IA,23.3,6,7,5.7,2813,728,4,0,2019,2024
19037,Chickasaw County,Iowa,IA,12.6,3.2,5,3,1571,394,4,0,2019,2024
19039,Clarke County,Iowa,IA,9.2,3.1,11.5,12.5,857,284,3,0,2019,2024
19041,Clay County,Iowa,IA,14.9,4.6,9.4,5.5,2476,761,4,0,2019,2024
19043,Clayton County,Iowa,IA,2.5,1.1,6.7,6.9,454,193,6,0,2019,2024
19045,Clinton County,Iowa,IA,29.7,8.4,12.8,7.2,14595,4102,12,2,2019,2024
19047,Crawford County,Iowa,IA,32.1,11.4,10.5,3.4,5482,1945,5,1,2019,2024
19049,Dallas County,Iowa,IA,22.1,2.4,5.5,2.9,14599,1587,15,1,2019,2024
19051,Davis County,Iowa,IA,10.9,3.3,6.7,15.6,956,291,2,0,2019,2024
19053,Decatur County,Iowa,IA,9.9,3.5,9.7,7.5,833,299,3,0,2019,2024
19055,Delaware County,Iowa,IA,11.3,2.6,8.5,8.5,2009,460,4,0,2019,2024
19057,Des Moines County,Iowa,IA,30.1,7.8,11.4,7.3,12123,3160,11,1,2019,2024
19059,Dickinson County,Iowa,IA,8.4,1.9,4.5,4.4,1399,314,5,0,2019,2024
19061,Dubuque County,Iowa,IA,23.3,5.6,8,6.1,21776,5286,26,4,2019,2024
19063,Emmet County,Iowa,IA,31.3,11.1,8.5,6.1,3225,1140,4,1,2019,2024
19065,Fayette County,Iowa,IA,4,1.7,8.3,5.7,842,359,7,0,2019,2024
19067,Floyd County,Iowa,IA,22.2,6.3,8.3,6.7,3625,1026,5,1,2019,2024
19069,Franklin County,Iowa,IA,19.7,5.7,6.9,4.1,2103,610,3,0,2019,2024
19071,Fremont County,Iowa,IA,76,25.6,11.7,2.4,5655,1902,3,0,2019,2024
19073,Greene County,Iowa,IA,18.6,4.5,8.2,3.2,1734,425,4,0,2019,2024
19075,Grundy County,Iowa,IA,0,0,4.4,3.2,0,0,4,0,2019,2024
19077,Guthrie County,Iowa,IA,11.3,3.2,7.9,4,1241,346,3,0,2019,2024
19079,Hamilton County,Iowa,IA,10,2.7,8,4.7,1568,428,5,0,2019,2024
19081,Hancock County,Iowa,IA,9.6,3.5,6.5,5.1,1093,393,4,0,2019,2024
19083,Hardin County,Iowa,IA,8.6,2.4,8.4,5.3,1504,420,6,0,2019,2024
19085,Harrison County,Iowa,IA,19.7,5.8,6.5,4.1,2947,871,5,1,2019,2024
19087,Henry County,Iowa,IA,33.6,10.4,9,4.8,6775,2105,5,1,2019,2024
19089,Howard County,Iowa,IA,37.8,10.2,6.5,4.9,3616,973,3,0,2019,2024
19091,Humboldt County,Iowa,IA,24.5,7.5,11.3,4.8,2409,733,4,0,2019,2024
19093,Ida County,Iowa,IA,1.3,0.4,7.6,4.6,89,27,3,0,2019,2024
19095,Iowa County,Iowa,IA,5.1,1,6.5,3.5,842,168,4,0,2019,2024
19097,Jackson County,Iowa,IA,24,7,10.5,5.2,4763,1393,6,1,2019,2024
19099,Jasper County,Iowa,IA,16.2,3.9,7.4,4.4,5964,1447,9,1,2019,2024
19101,Jefferson County,Iowa,IA,18.5,6.6,12.9,7.5,3117,1116,4,0,2019,2024
19103,Johnson County,Iowa,IA,8.6,2.4,6,7.1,11215,3091,24,3,2019,2024
19105,Jones County,Iowa,IA,15.6,4.7,10.6,3,3218,978,5,1,2019,2024
19107,Keokuk County,Iowa,IA,25.4,7.7,9.4,4.3,2671,808,4,0,2019,2024
19109,Kossuth County,Iowa,IA,18.7,4.1,4.6,6.1,2908,644,6,0,2019,2024
19111,Lee County,Iowa,IA,28.3,12.8,13.5,5,10144,4587,11,4,2019,2024
19113,Linn County,Iowa,IA,29.2,6.3,8.1,4.9,61578,13211,45,4,2019,2024
19115,Louisa County,Iowa,IA,1.1,0.3,13.7,5.5,130,37,3,0,2019,2024
19117,Lucas County,Iowa,IA,27.5,9.6,9.9,7.7,2450,855,4,1,2019,2024
19119,Lyon County,Iowa,IA,12.8,2.5,3.2,3.6,1478,287,3,0,2019,2024
19121,Madison County,Iowa,IA,19.7,4,6.1,6.6,3095,628,3,1,2019,2024
19123,Mahaska County,Iowa,IA,25.6,8.4,13,4,5722,1875,7,1,2019,2024
19125,Marion County,Iowa,IA,15.9,3.2,7.9,3.4,5309,1077,8,0,2019,2024
19127,Marshall County,Iowa,IA,28.1,9.6,9.2,5.5,11422,3909,10,3,2019,2024
19129,Mills County,Iowa,IA,13.3,3.8,6.5,4.8,1999,573,5,0,2019,2024
19131,Mitchell County,Iowa,IA,22.3,8.6,7.7,3,2398,927,3,0,2019,2024
19133,Monona County,Iowa,IA,16.3,5,8.8,4.2,1511,463,4,0,2019,2024
19135,Monroe County,Iowa,IA,8.9,2.3,7.8,5.6,708,183,3,0,2019,2024
19137,Montgomery County,Iowa,IA,20.7,7.4,14.5,4,2223,795,4,0,2019,2024
19139,Muscatine County,Iowa,IA,17,5.6,12.1,3.8,7265,2378,10,2,2019,2024
19141,O'Brien County,Iowa,IA,12,4.7,7.7,4.7,1721,674,4,0,2019,2024
19143,Osceola County,Iowa,IA,29.6,8.2,8.7,1.4,1916,529,2,0,2019,2024
19145,Page County,Iowa,IA,10.7,3.3,12.8,7.5,1697,525,6,2,2019,2024
19147,Palo Alto County,Iowa,IA,24.4,7.1,10,3.4,2303,673,4,0,2019,2024
19149,Plymouth County,Iowa,IA,15.9,3.2,6.6,3.8,3971,795,6,0,2019,2024
19151,Pocahontas County,Iowa,IA,22.3,8.1,7.6,4.6,1632,593,3,0,2019,2024
19153,Polk County,Iowa,IA,19.4,4.8,9.8,5.8,83598,20799,97,9,2019,2024
19155,Pottawattamie County,Iowa,IA,30.6,9.3,9.8,6.3,28526,8684,30,5,2019,2024
19157,Poweshiek County,Iowa,IA,6.1,1.3,9.4,7.2,1158,241,5,0,2019,2024
19159,Ringgold County,Iowa,IA,10.9,3.2,13.1,6,560,164,2,0,2019,2024
19161,Sac County,Iowa,IA,11.2,3.8,7.5,5.3,1154,389,4,0,2019,2024
19163,Scott County,Iowa,IA,13.9,3.5,10.3,6.7,22928,5705,47,2,2019,2024
19165,Shelby County,Iowa,IA,21.9,5.6,7.3,3.2,2671,680,4,0,2019,2024
19167,Sioux County,Iowa,IA,1.5,0.4,2.8,2.9,522,128,7,0,2019,2024
19169,Story County,Iowa,IA,23.1,10.5,4.6,5.8,20727,9387,20,4,2019,2024
19171,Tama County,Iowa,IA,15.4,6.7,9.6,2.5,2731,1184,6,1,2019,2024
19173,Taylor County,Iowa,IA,4.2,1.1,10.1,4.3,266,68,3,0,2019,2024
19175,Union County,Iowa,IA,22.1,5.9,17.4,5.9,2773,739,4,0,2019,2024
19177,Van Buren County,Iowa,IA,24.3,8.4,8,10.2,1838,636,2,1,2019,2024
19179,Wapello County,Iowa,IA,50.4,23.1,15.3,6.6,17946,8241,11,5,2019,2024
19181,Warren County,Iowa,IA,28.2,4,6.1,3.3,13023,1842,12,0,2019,2024
19183,Washington County,Iowa,IA,8.9,3,8.1,4.8,1928,651,5,1,2019,2024
19185,Wayne County,Iowa,IA,40,16.9,10.3,6.7,2560,1082,3,1,2019,2024
19187,Webster County,Iowa,IA,32.3,12,11,6.7,12288,4561,12,2,2019,2024
19189,Winnebago County,Iowa,IA,7.8,2.8,10,5.8,850,309,3,0,2019,2024
19191,Winneshiek County,Iowa,IA,10.7,1.7,3.1,4.5,2256,353,5,0,2019,2024
19193,Woodbury County,Iowa,IA,19.2,5.4,12.6,6.1,19603,5483,25,3,2019,2024
19195,Worth County,Iowa,IA,8.1,2,6.7,4.6,617,151,3,0,2019,2024
19197,Wright County,Iowa,IA,12.4,3.9,9.5,4.4,1643,519,5,1,2019,2024
20001,Allen County,Kansas,KS,15.4,4.2,9.3,7.7,2064,559,5,0,2019,2024
20003,Anderson County,Kansas,KS,18.5,5.6,5.2,7.2,1499,456,2,0,2019,2024
20005,Atchison County,Kansas,KS,28.7,9.1,10.9,7.7,4857,1534,4,1,2019,2024
20007,Barber County,Kansas,KS,11.5,3.2,2.8,3.3,560,157,2,0,2019,2024
20009,Barton County,Kansas,KS,34.4,12.5,7,4.5,9524,3463,8,1,2019,2024
20011,Bourbon County,Kansas,KS,27.5,11.2,7.8,4.2,4178,1697,5,2,2019,2024
20013,Brown County,Kansas,KS,37.7,13.7,11.6,4.7,3768,1366,3,1,2019,2024
20015,Butler County,Kansas,KS,26.9,6.5,6.5,4,17737,4294,13,1,2019,2024
20017,Chase County,Kansas,KS,93.7,31.7,5.6,4.9,2615,884,1,0,2019,2024
20019,Chautauqua County,Kansas,KS,36.6,17.6,14,4,1344,645,1,1,2019,2024
20021,Cherokee County,Kansas,KS,46.4,17.9,13.1,4.9,10030,3873,6,3,2019,2024
20023,Cheyenne County,Kansas,KS,32,8.3,3.9,2.9,872,227,1,0,2019,2024
20025,Clark County,Kansas,KS,100,33.3,4.8,2.9,2215,738,1,0,2019,2024
20027,Clay County,Kansas,KS,30.8,8.4,7.2,6.8,2628,713,2,0,2019,2024
20029,Cloud County,Kansas,KS,36.7,14,5,6.5,3498,1330,4,1,2019,2024
20031,Coffey County,Kansas,KS,59.1,16.6,8.6,5.2,5087,1424,3,0,2019,2024
20033,Comanche County,Kansas,KS,17.8,3.2,7.5,3.4,337,61,1,0,2019,2024
20035,Cowley County,Kansas,KS,28.5,9.6,11.6,7,10347,3473,11,3,2019,2024
20037,Crawford County,Kansas,KS,30.1,12.8,11.9,7.5,11785,4995,11,3,2019,2024
20039,Decatur County,Kansas,KS,27.9,10.3,5.1,3.8,825,306,2,1,2019,2024
20041,Dickinson County,Kansas,KS,14,5,5.7,4.7,2775,981,6,0,2019,2024
20043,Doniphan County,Kansas,KS,32.7,8.8,7.5,2.7,2595,700,3,0,2019,2024
20045,Douglas County,Kansas,KS,22.1,5.4,5.3,7.5,24438,5969,22,5,2019,2024
20047,Edwards County,Kansas,KS,15.7,4.8,4.5,6.1,477,147,2,0,2019,2024
20049,Elk County,Kansas,KS,36.8,18.5,7.3,7.2,1062,534,1,1,2019,2024
20051,Ellis County,Kansas,KS,21.4,7.6,6,3.8,6102,2168,6,1,2019,2024
20053,Ellsworth County,Kansas,KS,31.3,10.8,6.7,3,2032,703,2,0,2019,2024
20055,Finney County,Kansas,KS,21.9,10.7,11.4,5.5,8066,3936,12,2,2019,2024
20057,Ford County,Kansas,KS,23.9,8.3,7.4,4.2,8078,2794,7,2,2019,2024
20059,Franklin County,Kansas,KS,47.2,17.6,5.7,3.1,12267,4569,5,1,2019,2024
20061,Geary County,Kansas,KS,36.9,16.1,9.2,6.2,12684,5547,8,5,2019,2024
20063,Gove County,Kansas,KS,97.4,33.1,2.7,1.5,2626,891,2,1,2019,2024
20065,Graham County,Kansas,KS,22.2,6.6,6.2,3.4,576,171,2,1,2019,2024
20067,Grant County,Kansas,KS,21.7,6.4,1.4,5.1,1699,505,2,0,2019,2024
20069,Gray County,Kansas,KS,45.5,11.9,2.2,2.3,2734,714,2,0,2019,2024
20071,Greeley County,Kansas,KS,13.8,4.2,2,4.4,172,52,1,0,2019,2024
20073,Greenwood County,Kansas,KS,48.5,17.8,12.2,5.6,3244,1191,3,0,2019,2024
20075,Hamilton County,Kansas,KS,15.5,7.4,2.9,1.7,417,200,1,0,2019,2024
20077,Harper County,Kansas,KS,25.8,10,9.8,4.6,1559,602,3,1,2019,2024
20079,Harvey County,Kansas,KS,4.1,1,5.7,4.5,1414,339,6,0,2019,2024
20081,Haskell County,Kansas,KS,20.4,7.9,2.7,3.4,870,338,1,0,2019,2024
20083,Hodgeman County,Kansas,KS,31.9,8.9,4.3,3.6,612,171,1,0,2019,2024
20085,Jackson County,Kansas,KS,20,5.6,6.9,6.1,2699,756,3,1,2019,2024
20087,Jefferson County,Kansas,KS,1.1,0.3,3,4.2,207,65,4,0,2019,2024
20089,Jewell County,Kansas,KS,26.7,12.1,4.7,1.8,822,373,2,1,2019,2024
20091,Johnson County,Kansas,KS,19.4,2.3,2,3.5,105376,12285,130,1,2019,2024
20093,Kearny County,Kansas,KS,8.8,3.2,5.5,2,350,128,1,0,2019,2024
20095,Kingman County,Kansas,KS,42.4,10.6,6.5,4.8,3329,830,3,0,2019,2024
20097,Kiowa County,Kansas,KS,39.7,13.2,4.3,2.7,1015,336,1,0,2019,2024
20099,Labette County,Kansas,KS,24.2,7.1,9.3,5.3,5224,1533,8,1,2019,2024
20101,Lane County,Kansas,KS,22.3,6.9,2.8,1.6,390,121,1,0,2019,2024
20103,Leavenworth County,Kansas,KS,45.8,11,5.6,4.8,34916,8395,16,3,2019,2024
20105,Lincoln County,Kansas,KS,31.6,9.5,6.6,2.9,1024,309,1,0,2019,2024
20107,Linn County,Kansas,KS,16,4.8,8.3,5,1543,468,2,1,2019,2024
20109,Logan County,Kansas,KS,18.2,4.9,7.9,4.7,503,135,1,0,2019,2024
20111,Lyon County,Kansas,KS,17.5,5.8,6.5,5.7,5912,1952,8,2,2019,2024
20115,Marion County,Kansas,KS,23.7,10.1,6.1,3.5,3001,1278,4,1,2019,2024
20117,Marshall County,Kansas,KS,36.6,12.9,3.8,4.5,3707,1303,4,0,2019,2024
20113,McPherson County,Kansas,KS,27,8.4,2.7,2.9,7864,2438,7,0,2019,2024
20119,Meade County,Kansas,KS,51,16.5,6.5,4.6,2333,755,2,0,2019,2024
20121,Miami County,Kansas,KS,25.7,6.7,2.3,2.2,8424,2186,8,1,2019,2024
20123,Mitchell County,Kansas,KS,32.6,8.9,5.1,7.5,2075,567,2,0,2019,2024
20125,Montgomery County,Kansas,KS,24.5,10.2,11.7,6.8,8682,3634,13,3,2019,2024
20127,Morris County,Kansas,KS,33,9.9,3.9,5.9,1952,589,2,0,2019,2024
20129,Morton County,Kansas,KS,26.1,9.4,8.1,2.6,845,304,1,1,2019,2024
20131,Nemaha County,Kansas,KS,30.6,8.9,3.3,4.3,3112,901,3,0,2019,2024
20133,Neosho County,Kansas,KS,14.4,5.2,9.7,4.6,2376,862,5,1,2019,2024
20135,Ness County,Kansas,KS,26.8,9.8,3.3,2.2,834,303,2,1,2019,2024
20137,Norton County,Kansas,KS,22.3,7.7,8.1,2.5,1265,439,1,0,2019,2024
20139,Osage County,Kansas,KS,14.1,5.1,7.2,3,2290,824,5,0,2019,2024
20141,Osborne County,Kansas,KS,23.1,7.9,8.2,2.3,892,305,1,0,2019,2024
20143,Ottawa County,Kansas,KS,25.7,9.9,7.4,3.3,1567,604,2,0,2019,2024
20145,Pawnee County,Kansas,KS,35,8.7,2.5,7.1,2443,609,2,1,2019,2024
20147,Phillips County,Kansas,KS,39.2,11.3,6.2,4.5,2213,636,3,1,2019,2024
20149,Pottawatomie County,Kansas,KS,10.5,2,4.4,1.7,2273,432,4,0,2019,2024
20151,Pratt County,Kansas,KS,32,9.7,5.1,5.5,3086,936,3,1,2019,2024
20153,Rawlins County,Kansas,KS,35.7,13.7,9.3,2.1,899,346,1,0,2019,2024
20155,Reno County,Kansas,KS,29.1,9,8.3,4.8,18781,5814,17,1,2019,2024
20157,Republic County,Kansas,KS,25.4,6.2,4.5,5.5,1266,308,3,0,2019,2024
20159,Rice County,Kansas,KS,25.5,9.1,7.2,3.8,2575,913,3,1,2019,2024
20161,Riley County,Kansas,KS,53.5,24.9,6.7,4,38078,17703,13,5,2019,2024
20163,Rooks County,Kansas,KS,14.5,3.8,3.6,6.4,750,196,2,0,2019,2024
20165,Rush County,Kansas,KS,29.8,10.6,6.3,3.6,986,351,2,0,2019,2024
20167,Russell County,Kansas,KS,31.7,8.2,15.2,2.9,2208,569,2,0,2019,2024
20169,Saline County,Kansas,KS,20,6,8.9,7,11135,3352,12,2,2019,2024
20171,Scott County,Kansas,KS,24.4,4.5,9,3.2,1206,222,1,0,2019,2024
20173,Sedgwick County,Kansas,KS,27.7,9.4,9.3,5.7,138234,46833,124,28,2019,2024
20175,Seward County,Kansas,KS,15.6,7.7,9.8,9.6,3591,1763,5,2,2019,2024
20177,Shawnee County,Kansas,KS,23.8,10.8,9,7.4,42434,19180,43,11,2019,2024
20179,Sheridan County,Kansas,KS,34.4,12,4.1,2.1,880,307,2,0,2019,2024
20181,Sherman County,Kansas,KS,78.3,23.8,3.5,3.4,4704,1431,2,2,2019,2024
20183,Smith County,Kansas,KS,37.4,11.3,5.6,3.9,1440,435,2,0,2019,2024
20185,Stafford County,Kansas,KS,25.4,8.1,3.3,2,1129,360,2,0,2019,2024
20187,Stanton County,Kansas,KS,10.5,2.6,4.9,6.8,236,59,1,0,2019,2024
20189,Stevens County,Kansas,KS,30.5,10.7,0.6,3.6,1745,612,2,1,2019,2024
20191,Sumner County,Kansas,KS,13.6,4.7,9.9,6.2,3286,1138,6,0,2019,2024
20193,Thomas County,Kansas,KS,67.1,17.7,3.8,3.8,5300,1395,2,0,2019,2024
20195,Trego County,Kansas,KS,18,2.8,5.3,2.6,539,84,1,0,2019,2024
20197,Wabaunsee County,Kansas,KS,41.8,12.9,4.6,2.6,2947,908,2,0,2019,2024
20199,Wallace County,Kansas,KS,32.8,8.5,7.2,1.5,487,126,1,0,2019,2024
20201,Washington County,Kansas,KS,50.7,15.5,5.4,2.4,2942,898,2,1,2019,2024
20203,Wichita County,Kansas,KS,11.5,2.2,5.7,4.4,258,48,1,0,2019,2024
20205,Wilson County,Kansas,KS,19.4,7.8,10,5.6,1827,730,4,0,2019,2024
20207,Woodson County,Kansas,KS,18.6,9.8,7.4,5.7,614,326,2,1,2019,2024
20209,Wyandotte County,Kansas,KS,28.9,13.6,12,6.9,45501,21384,67,25,2019,2024
21001,Adair County,Kentucky,KY,6.5,3.4,16.9,6.1,1206,635,7,1,2019,2024
21003,Allen County,Kentucky,KY,21.7,8.7,14.1,5.6,4336,1726,6,0,2019,2024
21005,Anderson County,Kentucky,KY,7.8,2.3,7.5,3.8,1670,500,5,0,2019,2024
21007,Ballard County,Kentucky,KY,0,0,11.9,4.2,2,1,3,0,2019,2024
21009,Barren County,Kentucky,KY,15.5,7.6,16.3,8.9,6556,3202,10,3,2019,2024
21011,Bath County,Kentucky,KY,1.7,0.9,19.6,9.1,197,107,3,0,2019,2024
21013,Bell County,Kentucky,KY,14,10,24.5,10.6,4010,2867,9,3,2019,2024
21015,Boone County,Kentucky,KY,49.8,9.1,6.5,3.5,59190,10760,21,3,2019,2024
21017,Bourbon County,Kentucky,KY,26.7,12.3,14.9,5,5335,2450,6,2,2019,2024
21019,Boyd County,Kentucky,KY,34.2,12.6,17.3,8.4,16950,6243,13,5,2019,2024
21021,Boyle County,Kentucky,KY,21.6,7.3,11.9,5.8,6154,2085,7,1,2019,2024
21023,Bracken County,Kentucky,KY,0.6,0.2,17.4,2.9,48,19,3,0,2019,2024
21025,Breathitt County,Kentucky,KY,21.6,12,34.5,15.2,2995,1663,7,1,2019,2024
21027,Breckinridge County,Kentucky,KY,11.4,3.5,16.3,4.2,2279,706,6,0,2019,2024
21029,Bullitt County,Kentucky,KY,45.3,9.6,7.3,4,33638,7133,17,1,2019,2024
21031,Butler County,Kentucky,KY,10.3,4.8,17.6,8.2,1304,613,5,1,2019,2024
21033,Caldwell County,Kentucky,KY,1.7,0.6,14,5.7,217,73,3,0,2019,2024
21035,Calloway County,Kentucky,KY,16.5,6.3,9.4,5,6140,2334,9,1,2019,2024
21037,Campbell County,Kentucky,KY,39.1,8.9,6.2,5.7,35334,8044,25,1,2019,2024
21039,Carlisle County,Kentucky,KY,7.9,3.4,12.4,2.8,404,171,3,0,2019,2024
21041,Carroll County,Kentucky,KY,0,0,16.9,7.4,0,0,3,0,2019,2024
21043,Carter County,Kentucky,KY,7.8,3.7,19.6,8.3,2173,1038,7,1,2019,2024
21045,Casey County,Kentucky,KY,9.5,5.6,14.8,9.6,1514,886,5,2,2019,2024
21047,Christian County,Kentucky,KY,33.2,14.5,12.7,7.8,24555,10745,18,6,2019,2024
21049,Clark County,Kentucky,KY,16.8,4.9,13.5,7.8,5998,1759,10,1,2019,2024
21051,Clay County,Kentucky,KY,25.2,13.8,34.7,13.2,5481,2993,6,4,2019,2024
21053,Clinton County,Kentucky,KY,1.6,1.1,25,3.3,164,112,3,0,2019,2024
21055,Crittenden County,Kentucky,KY,11.9,4.8,10.6,6,1104,443,4,0,2019,2024
21057,Cumberland County,Kentucky,KY,1.9,0.8,27.6,9.4,133,55,2,0,2019,2024
21059,Daviess County,Kentucky,KY,18.9,5.6,11.4,6.9,18233,5434,23,1,2019,2024
21061,Edmonson County,Kentucky,KY,5.5,2,13.1,4.7,665,245,4,0,2019,2024
21063,Elliott County,Kentucky,KY,0,0,26.1,9.3,0,0,2,0,2019,2024
21065,Estill County,Kentucky,KY,0.1,0,25.8,6.9,9,5,4,0,2019,2024
21067,Fayette County,Kentucky,KY,20.7,7,8.5,7.2,61142,20831,82,12,2019,2024
21069,Fleming County,Kentucky,KY,6.6,3.1,20.3,9.2,947,445,4,1,2019,2024
21071,Floyd County,Kentucky,KY,6.4,2.7,24.1,10.5,2525,1063,10,1,2019,2024
21073,Franklin County,Kentucky,KY,24.8,8.8,13.2,6,12228,4347,11,2,2019,2024
21075,Fulton County,Kentucky,KY,0.1,0,22.9,17,6,2,2,0,2019,2024
21077,Gallatin County,Kentucky,KY,0,0,12.4,5.3,0,0,2,0,2019,2024
21079,Garrard County,Kentucky,KY,0,0,12.4,4.7,0,0,4,0,2019,2024
21081,Grant County,Kentucky,KY,4.9,2.3,12.2,4.8,1198,571,4,1,2019,2024
21083,Graves County,Kentucky,KY,20.3,7.8,14.8,5.6,7525,2884,9,2,2019,2024
21085,Grayson County,Kentucky,KY,19.6,9.6,12.8,5.6,5058,2461,7,2,2019,2024
21087,Green County,Kentucky,KY,10.1,4.2,19.7,3.5,1135,473,4,0,2019,2024
21089,Greenup County,Kentucky,KY,20.1,7,13.9,4.6,7437,2574,9,1,2019,2024
21091,Hancock County,Kentucky,KY,18.5,5,14.8,4.4,1581,427,3,0,2019,2024
21093,Hardin County,Kentucky,KY,27.7,8.9,9.8,6.6,29277,9415,22,5,2019,2024
21095,Harlan County,Kentucky,KY,6.2,2.9,26.5,8.1,1828,848,11,1,2019,2024
21097,Harrison County,Kentucky,KY,15.6,4.7,15.9,9.5,2932,878,5,1,2019,2024
21099,Hart County,Kentucky,KY,9,4.5,18.7,8.7,1647,825,5,1,2019,2024
21101,Henderson County,Kentucky,KY,9.7,3.2,15.4,7,4484,1478,11,1,2019,2024
21103,Henry County,Kentucky,KY,3.6,1.2,11.7,5.9,554,181,5,0,2019,2024
21105,Hickman County,Kentucky,KY,3.7,1.2,19.1,5.8,183,61,1,0,2019,2024
21107,Hopkins County,Kentucky,KY,19.4,7.4,13.8,7.1,9123,3449,12,1,2019,2024
21109,Jackson County,Kentucky,KY,8.1,3.7,30.6,9,1089,500,3,1,2019,2024
21111,Jefferson County,Kentucky,KY,22.2,6.5,11,8.7,164456,48030,190,24,2019,2024
21113,Jessamine County,Kentucky,KY,25,7.7,9.3,4,12165,3738,9,1,2019,2024
21115,Johnson County,Kentucky,KY,3.1,1.8,25.3,5.2,736,422,6,1,2019,2024
21117,Kenton County,Kentucky,KY,36.4,7.3,7.2,6.8,58150,11624,41,4,2019,2024
21119,Knott County,Kentucky,KY,0.9,0.6,23.3,8.9,141,99,5,0,2019,2024
21121,Knox County,Kentucky,KY,27.9,17.9,31.9,12.4,8905,5708,8,3,2019,2024
21123,Larue County,Kentucky,KY,19,6.7,13.2,3.3,2693,958,4,1,2019,2024
21125,Laurel County,Kentucky,KY,24.5,11.2,17.7,5.5,14414,6578,13,4,2019,2024
21127,Lawrence County,Kentucky,KY,9.3,5.7,25.6,5.6,1474,906,5,1,2019,2024
21129,Lee County,Kentucky,KY,0,0,28.7,13.1,2,1,3,0,2019,2024
21131,Leslie County,Kentucky,KY,8.4,4.9,29.1,7.8,950,558,3,1,2019,2024
21133,Letcher County,Kentucky,KY,0,0,27.5,6.5,0,0,7,0,2019,2024
21135,Lewis County,Kentucky,KY,1.2,0.5,22.8,3.8,161,75,4,0,2019,2024
21137,Lincoln County,Kentucky,KY,17.8,8.9,18.3,5.3,4399,2204,6,2,2019,2024
21139,Livingston County,Kentucky,KY,15.4,6.7,12.5,3.2,1468,634,2,1,2019,2024
21141,Logan County,Kentucky,KY,9.8,3.4,13.7,6.2,2643,902,6,0,2019,2024
21143,Lyon County,Kentucky,KY,3.3,1,11.8,6.7,274,85,2,0,2019,2024
21151,Madison County,Kentucky,KY,25.7,12,13.4,4.9,21349,9950,19,8,2019,2024
21153,Magoffin County,Kentucky,KY,2.4,1.4,37.2,8.4,318,193,4,0,2019,2024
21155,Marion County,Kentucky,KY,14.7,7.2,15.3,6,2912,1426,6,1,2019,2024
21157,Marshall County,Kentucky,KY,9.2,2.9,9.3,4.9,2898,904,6,0,2019,2024
21159,Martin County,Kentucky,KY,2,0.8,29.2,8.7,253,106,3,0,2019,2024
21161,Mason County,Kentucky,KY,17.6,6.9,20.6,9.6,3070,1214,5,0,2019,2024
21145,McCracken County,Kentucky,KY,38.9,15.2,10,6.2,25493,9948,17,6,2019,2024
21147,McCreary County,Kentucky,KY,2.8,1.9,33.3,10.8,522,343,4,0,2019,2024
21149,McLean County,Kentucky,KY,3.3,1,10.3,4.5,314,98,3,0,2019,2024
21163,Meade County,Kentucky,KY,16.6,5.8,11.5,4.3,4741,1651,8,1,2019,2024
21165,Menifee County,Kentucky,KY,1.1,0.3,23.3,7.3,67,17,2,0,2019,2024
21167,Mercer County,Kentucky,KY,14.7,5.4,10.9,4.8,3142,1148,5,1,2019,2024
21169,Metcalfe County,Kentucky,KY,0.8,0.5,19.5,7.8,80,48,3,0,2019,2024
21171,Monroe County,Kentucky,KY,3.5,1.7,15.5,5,381,189,4,0,2019,2024
21173,Montgomery County,Kentucky,KY,14.6,6.3,16.5,5.1,3857,1675,6,1,2019,2024
21175,Morgan County,Kentucky,KY,7.6,4.1,18.6,5.6,1058,577,5,1,2019,2024
21177,Muhlenberg County,Kentucky,KY,13.5,5.2,16.1,5.2,4245,1628,9,0,2019,2024
21179,Nelson County,Kentucky,KY,3.9,1.3,9.7,2.3,1681,571,9,0,2019,2024
21181,Nicholas County,Kentucky,KY,0.6,0.3,15.5,11.4,42,21,2,0,2019,2024
21183,Ohio County,Kentucky,KY,6.9,2.9,13.4,5.1,1635,687,7,1,2019,2024
21185,Oldham County,Kentucky,KY,38.8,5,3.4,1.4,23375,3041,14,0,2019,2024
21187,Owen County,Kentucky,KY,9.3,4.4,11.7,3.6,1006,482,3,0,2019,2024
21189,Owsley County,Kentucky,KY,2.3,1.4,37.8,16.3,108,66,2,0,2019,2024
21191,Pendleton County,Kentucky,KY,0.6,0.2,15.4,5.7,86,30,3,0,2019,2024
21193,Perry County,Kentucky,KY,1.1,0.8,28.6,7.2,314,236,8,0,2019,2024
21195,Pike County,Kentucky,KY,0.1,0.1,20.4,9,92,38,19,0,2019,2024
21197,Powell County,Kentucky,KY,0,0,23,8.9,0,0,2,0,2019,2024
21199,Pulaski County,Kentucky,KY,23.7,7.9,15.2,5.1,14918,4978,14,2,2019,2024
21201,Robertson County,Kentucky,KY,74.8,29.3,18.3,1.5,1706,670,1,1,2019,2024
21203,Rockcastle County,Kentucky,KY,0.5,0.2,21.9,9.3,78,41,4,0,2019,2024
21205,Rowan County,Kentucky,KY,1.8,1.3,16.8,8.4,420,314,4,0,2019,2024
21207,Russell County,Kentucky,KY,4,2.4,17.7,6.5,711,420,5,1,2019,2024
21209,Scott County,Kentucky,KY,23.5,7.3,8.6,3.7,11089,3430,14,2,2019,2024
21211,Shelby County,Kentucky,KY,0.7,0.3,8.5,4.2,274,144,9,0,2019,2024
21213,Simpson County,Kentucky,KY,17.9,6.8,11.9,3.3,3099,1176,4,0,2019,2024
21215,Spencer County,Kentucky,KY,0,0,6.6,3,0,0,4,0,2019,2024
21217,Taylor County,Kentucky,KY,8.2,2.9,15.1,5.8,2008,706,5,1,2019,2024
21219,Todd County,Kentucky,KY,7.4,3.3,13.2,10.1,919,406,4,1,2019,2024
21221,Trigg County,Kentucky,KY,9,1.6,10.9,6.5,1287,229,5,1,2019,2024
21223,Trimble County,Kentucky,KY,0,0,10.8,3,0,0,2,0,2019,2024
21225,Union County,Kentucky,KY,33.5,20,10.1,5.6,5021,2998,4,1,2019,2024
21227,Warren County,Kentucky,KY,16,5.5,12.8,7.1,18236,6210,24,4,2019,2024
21229,Washington County,Kentucky,KY,16.2,5.2,16.2,5.3,1894,605,3,1,2019,2024
21231,Wayne County,Kentucky,KY,19.4,9.8,20.3,6.8,4029,2050,5,2,2019,2024
21233,Webster County,Kentucky,KY,27.7,10.6,10.9,4.3,3777,1443,4,0,2019,2024
21235,Whitley County,Kentucky,KY,4.2,2.5,19.7,8.4,1514,875,8,1,2019,2024
21237,Wolfe County,Kentucky,KY,5.6,2.7,36.5,10.3,412,198,2,0,2019,2024
21239,Woodford County,Kentucky,KY,44.5,12.1,8.5,4.7,11101,3012,8,1,2019,2024
22001,Acadia Parish,Louisiana,LA,6.6,3.2,24.4,10.5,4092,1968,12,3,2019,2024
22003,Allen Parish,Louisiana,LA,28.1,11.2,26.5,7.9,7235,2897,5,2,2019,2024
22005,Ascension Parish,Louisiana,LA,42.3,9.9,12.2,4.7,45353,10651,14,2,2019,2024
22007,Assumption Parish,Louisiana,LA,0.9,0.6,19.9,9,207,136,6,0,2019,2024
22009,Avoyelles Parish,Louisiana,LA,20.5,11.6,27.9,9.8,8645,4866,9,2,2019,2024
22011,Beauregard Parish,Louisiana,LA,55.8,20.6,17.5,5,19902,7344,7,1,2019,2024
22013,Bienville Parish,Louisiana,LA,35.6,19.5,22.9,9.8,5116,2799,5,2,2019,2024
22015,Bossier Parish,Louisiana,LA,25.8,10.9,10.6,7.3,30224,12783,22,6,2019,2024
22017,Caddo Parish,Louisiana,LA,34.8,16,21.6,9.9,88708,40898,63,25,2019,2024
22019,Calcasieu Parish,Louisiana,LA,34.1,13,15.7,7.2,65763,25120,42,9,2019,2024
22021,Caldwell Parish,Louisiana,LA,7.9,3.9,23.5,8.3,800,392,3,0,2019,2024
22023,Cameron Parish,Louisiana,LA,25.6,5.9,8.6,2.7,1749,401,2,0,2019,2024
22025,Catahoula Parish,Louisiana,LA,35.3,13.6,19.3,10.2,3669,1416,3,1,2019,2024
22027,Claiborne Parish,Louisiana,LA,17.3,12,33.8,14.2,2976,2064,5,2,2019,2024
22029,Concordia Parish,Louisiana,LA,36.8,20.8,26.9,10.4,7666,4327,5,2,2019,2024
22031,De Soto Parish,Louisiana,LA,27,9.3,20.1,8.9,7192,2468,7,2,2019,2024
22033,East Baton Rouge Parish,Louisiana,LA,28.8,11.7,15.9,8.1,126908,51591,91,26,2019,2024
22035,East Carroll Parish,Louisiana,LA,33.6,21.8,29.6,9.2,2606,1692,3,3,2019,2024
22037,East Feliciana Parish,Louisiana,LA,1.5,0.4,14.5,5.5,296,89,5,0,2019,2024
22039,Evangeline Parish,Louisiana,LA,9.5,6.3,31.2,11.6,3224,2137,8,1,2019,2024
22041,Franklin Parish,Louisiana,LA,25.9,13,24.5,8,5371,2707,6,4,2019,2024
22043,Grant Parish,Louisiana,LA,19.5,8.8,18.5,6.9,4348,1973,5,2,2019,2024
22045,Iberia Parish,Louisiana,LA,15.5,5.8,23.8,12,11329,4266,15,1,2019,2024
22047,Iberville Parish,Louisiana,LA,5.2,2,21.1,6.4,1720,656,7,1,2019,2024
22049,Jackson Parish,Louisiana,LA,20.9,10.7,15.2,10.1,3402,1746,5,2,2019,2024
22053,Jefferson Davis Parish,Louisiana,LA,15.6,8,20.3,5.5,4940,2520,7,1,2019,2024
22051,Jefferson Parish,Louisiana,LA,13.2,4.8,14.1,7.4,57036,20897,124,15,2019,2024
22059,LaSalle Parish,Louisiana,LA,22.6,12.1,16.7,6.7,3365,1803,3,1,2019,2024
22055,Lafayette Parish,Louisiana,LA,27.4,9.3,12.5,6.6,60612,20550,42,9,2019,2024
22057,Lafourche Parish,Louisiana,LA,26.8,8.4,17,6.9,25802,8123,23,2,2019,2024
22061,Lincoln Parish,Louisiana,LA,34.1,19.4,23.9,9.5,15956,9066,10,5,2019,2024
22063,Livingston Parish,Louisiana,LA,28.1,7.8,13,3.8,35940,9993,17,1,2019,2024
22065,Madison Parish,Louisiana,LA,5.7,3.1,30.4,14,689,370,5,0,2019,2024
22067,Morehouse Parish,Louisiana,LA,22.9,13.9,30,11.6,6397,3894,8,4,2019,2024
22069,Natchitoches Parish,Louisiana,LA,27.9,15.3,19.5,9.3,11019,6040,9,5,2019,2024
22071,Orleans Parish,Louisiana,LA,17.6,8.8,18.5,17.4,60346,30198,175,22,2019,2024
22073,Ouachita Parish,Louisiana,LA,33.1,15.4,19.8,8.6,50937,23740,40,9,2019,2024
22075,Plaquemines Parish,Louisiana,LA,54.9,20.3,14.8,1.9,12652,4684,8,5,2019,2024
22077,Pointe Coupee Parish,Louisiana,LA,29.2,10.5,12,7.7,6648,2404,6,1,2019,2024
22079,Rapides Parish,Louisiana,LA,40.6,19.1,19.1,9.4,53431,25172,33,13,2019,2024
22081,Red River Parish,Louisiana,LA,11.9,3.9,25,8,1084,351,2,0,2019,2024
22083,Richland Parish,Louisiana,LA,12,6.8,24.6,8.7,2490,1408,6,2,2019,2024
22085,Sabine Parish,Louisiana,LA,27.7,12.1,22,10.2,6701,2921,7,2,2019,2024
22087,St. Bernard Parish,Louisiana,LA,35.6,16.2,25.1,8.2,12779,5809,17,4,2019,2024
22089,St. Charles Parish,Louisiana,LA,47.2,11.3,10.3,2.5,24922,5953,13,3,2019,2024
22091,St. Helena Parish,Louisiana,LA,6,2.7,30.7,10.4,674,307,2,0,2019,2024
22093,St. James Parish,Louisiana,LA,23.6,8.7,14.1,5.6,5216,1917,7,0,2019,2024
22095,St. John the Baptist Parish,Louisiana,LA,39.6,12.6,20.2,5.2,18192,5767,11,3,2019,2024
22097,St. Landry Parish,Louisiana,LA,19.7,10.9,21.7,9.9,16444,9110,19,7,2019,2024
22099,St. Martin Parish,Louisiana,LA,14.7,5.7,20.4,9.4,7675,2982,11,1,2019,2024
22101,St. Mary Parish,Louisiana,LA,23,10.4,22.8,11.3,12543,5680,16,4,2019,2024
22103,St. Tammany Parish,Louisiana,LA,32.8,7.8,9,4.3,76598,18320,42,4,2019,2024
22105,Tangipahoa Parish,Louisiana,LA,38.8,16.7,21.2,6.1,47006,20205,20,6,2019,2024
22107,Tensas Parish,Louisiana,LA,58.9,38.9,31.8,9.5,3092,2043,3,3,2019,2024
22109,Terrebonne Parish,Louisiana,LA,26.3,10.6,16.3,6.9,29418,11835,21,3,2019,2024
22111,Union Parish,Louisiana,LA,36.6,15.4,20.4,7.3,8318,3501,6,2,2019,2024
22113,Vermilion Parish,Louisiana,LA,9,3.7,17.9,9.8,5244,2148,12,3,2019,2024
22115,Vernon Parish,Louisiana,LA,49.3,22.2,14.6,6.2,25798,11602,12,6,2019,2024
22117,Washington Parish,Louisiana,LA,8.4,3.9,28.2,11.5,3966,1839,11,3,2019,2024
22119,Webster Parish,Louisiana,LA,28.5,18.6,27,10.3,11729,7678,11,8,2019,2024
22121,West Baton Rouge Parish,Louisiana,LA,18.9,7.3,12.4,5.4,4491,1733,5,1,2019,2024
22123,West Carroll Parish,Louisiana,LA,4.7,2.2,23,5.9,546,251,3,0,2019,2024
22125,West Feliciana Parish,Louisiana,LA,38.1,14.9,14.2,5.1,5957,2321,3,0,2019,2024
22127,Winn Parish,Louisiana,LA,15.5,5.6,18.4,8.6,2372,860,4,1,2019,2024
23001,Androscoggin County,Maine,ME,9.2,2.5,16.8,9.4,9957,2657,28,1,2019,2024
23003,Aroostook County,Maine,ME,10.9,4.9,20.7,8.6,7800,3490,24,6,2019,2024
23005,Cumberland County,Maine,ME,21,3.5,7.5,6.9,59104,9894,66,3,2019,2024
23007,Franklin County,Maine,ME,12.9,5.5,15.4,9.2,3957,1705,9,0,2019,2024
23009,Hancock County,Maine,ME,4,1.6,8.4,6.2,2178,897,17,2,2019,2024
23011,Kennebec County,Maine,ME,5.2,2,13.6,7.5,6343,2437,31,1,2019,2024
23013,Knox County,Maine,ME,8,1.7,8.5,5.4,3194,660,10,0,2019,2024
23015,Lincoln County,Maine,ME,2.6,0.9,7.9,4.5,907,319,9,0,2019,2024
23017,Oxford County,Maine,ME,15.1,5.5,15.7,6.9,8725,3179,17,2,2019,2024
23019,Penobscot County,Maine,ME,15.7,5.8,15.6,8.1,24129,8859,46,8,2019,2024
23021,Piscataquis County,Maine,ME,4.5,1.7,17.9,4.9,781,295,8,0,2019,2024
23023,Sagadahoc County,Maine,ME,10.7,2.8,8.7,5.1,3783,1004,8,1,2019,2024
23025,Somerset County,Maine,ME,9.3,3.9,17.7,5.8,4859,2036,17,1,2019,2024
23027,Waldo County,Maine,ME,11.3,3.8,12.5,5.8,4383,1466,8,0,2019,2024
23029,Washington County,Maine,ME,11.1,4.7,18.8,6.1,3641,1559,13,1,2019,2024
23031,York County,Maine,ME,17.3,3.3,8.1,4.7,34109,6589,40,4,2019,2024
24001,Allegany County,Maryland,MD,30.4,9.7,21,9.1,22797,7317,23,9,2019,2024
24003,Anne Arundel County,Maryland,MD,33.7,4.1,6.5,4.1,181108,22244,104,10,2019,2024
24005,Baltimore County,Maryland,MD,21.8,4.4,11.3,7.8,175791,35615,211,23,2019,2024
24510,Baltimore city,Maryland,MD,4.5,1.8,23.2,26.7,28081,11246,200,14,2019,2024
24009,Calvert County,Maryland,MD,38.6,5.2,5.1,3,34258,4641,18,1,2019,2024
24011,Caroline County,Maryland,MD,9.2,4,17.6,5.5,3039,1329,9,2,2019,2024
24013,Carroll County,Maryland,MD,29.5,3,5.2,3.3,49324,5028,38,1,2019,2024
24015,Cecil County,Maryland,MD,24.7,6.5,13.4,4.9,24952,6613,19,5,2019,2024
24017,Charles County,Maryland,MD,37.4,5.2,9.7,3.9,54847,7597,30,3,2019,2024
24019,Dorchester County,Maryland,MD,13.9,5,21,11.6,4519,1627,9,5,2019,2024
24021,Frederick County,Maryland,MD,25.9,3.1,7.4,4.4,60439,7267,61,5,2019,2024
24023,Garrett County,Maryland,MD,14.1,4.2,15.1,7.9,4240,1253,7,1,2019,2024
24025,Harford County,Maryland,MD,28.2,4.7,7.4,4.4,69126,11414,57,2,2019,2024
24027,Howard County,Maryland,MD,22.6,1.9,5.6,3.6,64739,5427,55,2,2019,2024
24029,Kent County,Maryland,MD,1.7,0.4,12.3,5.7,337,78,5,0,2019,2024
24031,Montgomery County,Maryland,MD,20,1.8,7.4,8.5,194614,17802,215,3,2019,2024
24033,Prince George's County,Maryland,MD,24,3.5,12.2,9.2,207576,29867,218,25,2019,2024
24035,Queen Anne's County,Maryland,MD,23.5,3.6,7.2,3.2,11215,1725,11,0,2019,2024
24039,Somerset County,Maryland,MD,18.3,5.5,24.9,7.6,4838,1449,7,1,2019,2024
24037,St. Mary's County,Maryland,MD,21.7,4.2,11.2,3.2,22863,4370,17,2,2019,2024
24041,Talbot County,Maryland,MD,13.7,3.3,10.3,7.3,5168,1229,10,3,2019,2024
24043,Washington County,Maryland,MD,28.7,5.5,15.3,7.7,42243,8104,32,4,2019,2024
24045,Wicomico County,Maryland,MD,29.7,9.1,17.2,5.7,29361,8940,19,5,2019,2024
24047,Worcester County,Maryland,MD,30.7,6,9.9,5.9,15776,3103,15,5,2019,2024
25001,Barnstable County,Massachusetts,MA,51,9.1,9.4,5.4,110199,19747,56,8,2019,2024
25003,Berkshire County,Massachusetts,MA,30.9,6,16.5,9.6,40594,7890,39,9,2019,2024
25005,Bristol County,Massachusetts,MA,26.4,4.1,19.8,9.5,144930,22462,125,8,2019,2024
25007,Dukes County,Massachusetts,MA,32.2,8.8,6.6,3.2,5323,1460,4,0,2019,2024
25009,Essex County,Massachusetts,MA,30.1,4.1,16.6,9.3,223449,30482,162,15,2019,2024
25011,Franklin County,Massachusetts,MA,19.1,5.3,17,7.9,13615,3812,18,3,2019,2024
25013,Hampden County,Massachusetts,MA,23.8,4.8,25.5,12,110388,22252,103,12,2019,2024
25015,Hampshire County,Massachusetts,MA,46.5,12.5,12.5,7.4,73487,19753,36,12,2019,2024
25017,Middlesex County,Massachusetts,MA,24.6,2.6,9.3,10.3,370257,38679,317,10,2019,2024
25019,Nantucket County,Massachusetts,MA,13.6,2.8,10,3.5,1386,290,5,0,2019,2024
25021,Norfolk County,Massachusetts,MA,35.7,3.6,9.4,9.2,239477,24147,130,5,2019,2024
25023,Plymouth County,Massachusetts,MA,41.6,4.8,12.7,6,206119,23782,100,8,2019,2024
25025,Suffolk County,Massachusetts,MA,1,0.2,19.7,31.6,7029,1514,200,4,2019,2024
25027,Worcester County,Massachusetts,MA,34.5,5.1,15.9,8.3,275296,40893,172,18,2019,2024
26001,Alcona County,Michigan,MI,15.6,6.2,12.5,3.5,1710,674,5,0,2019,2024
26003,Alger County,Michigan,MI,12.8,4.9,11,5.6,1224,470,3,1,2019,2024
26005,Allegan County,Michigan,MI,20.8,4.7,7.8,2.5,23161,5267,24,2,2019,2024
26007,Alpena County,Michigan,MI,15.9,6.1,16.7,8,4708,1806,9,1,2019,2024
26009,Antrim County,Michigan,MI,0.2,0.1,10,3.5,39,14,7,0,2019,2024
26011,Arenac County,Michigan,MI,0,0,16.1,6.6,1,0,5,0,2019,2024
26013,Baraga County,Michigan,MI,15.4,4.5,16.2,6.8,1366,400,2,2,2019,2024
26015,Barry County,Michigan,MI,0,0,9.4,3.4,19,4,11,0,2019,2024
26017,Bay County,Michigan,MI,12.9,5.3,13.6,6.6,13857,5663,26,5,2019,2024
26019,Benzie County,Michigan,MI,0,0,7.8,2.5,0,0,5,0,2019,2024
26021,Berrien County,Michigan,MI,25.2,9.6,14.2,8,39470,14995,48,10,2019,2024
26023,Branch County,Michigan,MI,13.6,6.4,12.8,6.7,6158,2891,12,2,2019,2024
26025,Calhoun County,Michigan,MI,29.1,11.4,13.5,7,39610,15518,39,14,2019,2024
26027,Cass County,Michigan,MI,13.3,3.2,12.8,5.1,6971,1689,11,0,2019,2024
26029,Charlevoix County,Michigan,MI,1.4,0.4,8,5.4,370,104,13,0,2019,2024
26031,Cheboygan County,Michigan,MI,9.4,3.9,12.6,4.8,2461,1013,8,2,2019,2024
26033,Chippewa County,Michigan,MI,19.8,8.1,13.1,6.9,7633,3135,12,3,2019,2024
26035,Clare County,Michigan,MI,2.7,1.3,19,7.8,843,410,11,0,2019,2024
26037,Clinton County,Michigan,MI,34.1,9.9,6.6,2.8,25733,7431,22,2,2019,2024
26039,Crawford County,Michigan,MI,6.4,2.2,14.8,8.3,906,308,5,0,2019,2024
26041,Delta County,Michigan,MI,15.3,5.1,12.4,7.2,5677,1873,11,2,2019,2024
26043,Dickinson County,Michigan,MI,25.7,7.6,8.3,7.3,6719,2000,7,2,2019,2024
26045,Eaton County,Michigan,MI,30.9,8.8,10.1,5.3,33309,9479,28,3,2019,2024
26047,Emmet County,Michigan,MI,23.6,6.3,7.4,5,7721,2066,8,1,2019,2024
26049,Genesee County,Michigan,MI,35.9,11.4,18.8,7.4,152931,48600,130,31,2019,2024
26051,Gladwin County,Michigan,MI,13.1,5.6,16.2,7.8,3365,1433,9,3,2019,2024
26053,Gogebic County,Michigan,MI,15.1,4.9,18.6,7.6,2472,799,7,1,2019,2024
26055,Grand Traverse County,Michigan,MI,17,5.4,7.5,4.9,14814,4662,16,1,2019,2024
26057,Gratiot County,Michigan,MI,39.6,16.5,15.1,5.2,16807,7029,10,3,2019,2024
26059,Hillsdale County,Michigan,MI,5.4,2.3,12,5.5,2509,1056,12,2,2019,2024
26061,Houghton County,Michigan,MI,10.5,5.1,9.7,6.5,3832,1867,10,2,2019,2024
26063,Huron County,Michigan,MI,21.1,8,11.3,6.3,6994,2655,12,2,2019,2024
26065,Ingham County,Michigan,MI,38,14.3,12.1,8.9,106765,40215,80,25,2019,2024
26067,Ionia County,Michigan,MI,27.3,6.9,13.6,6.2,17433,4384,13,1,2019,2024
26069,Iosco County,Michigan,MI,12.9,5.3,14.8,7.2,3352,1369,9,2,2019,2024
26071,Iron County,Michigan,MI,14,5.8,13.3,6.6,1658,684,5,1,2019,2024
26073,Isabella County,Michigan,MI,9.2,5,11.4,7.2,6442,3492,15,2,2019,2024
26075,Jackson County,Michigan,MI,30.4,10.9,13.7,6.7,48665,17395,38,8,2019,2024
26077,Kalamazoo County,Michigan,MI,30.3,8.1,11.2,7.3,75750,20206,57,10,2019,2024
26079,Kalkaska County,Michigan,MI,4.6,1.8,15.6,5,790,309,5,0,2019,2024
26081,Kent County,Michigan,MI,20.3,3.9,10.3,6.2,122554,23231,128,5,2019,2024
26083,Keweenaw County,Michigan,MI,29.2,7.2,7.4,2.4,630,156,1,0,2019,2024
26085,Lake County,Michigan,MI,1.4,0.6,19.1,6.9,165,69,4,0,2019,2024
26087,Lapeer County,Michigan,MI,7.5,2.1,11.4,4.5,6589,1827,24,3,2019,2024
26089,Leelanau County,Michigan,MI,5.7,1.1,4.7,2.8,1246,247,6,0,2019,2024
26091,Lenawee County,Michigan,MI,28.8,10.3,11.1,5.4,28797,10295,23,4,2019,2024
26093,Livingston County,Michigan,MI,28.9,3.6,4.8,3.2,52267,6549,61,1,2019,2024
26095,Luce County,Michigan,MI,28.5,10.9,14.4,5.6,1890,724,2,1,2019,2024
26097,Mackinac County,Michigan,MI,34.6,14,11.9,10.1,3850,1553,5,2,2019,2024
26099,Macomb County,Michigan,MI,27.3,5.9,12.8,6.2,229349,49219,215,24,2019,2024
26101,Manistee County,Michigan,MI,9.6,2.1,12.1,4.8,2367,527,9,0,2019,2024
26103,Marquette County,Michigan,MI,17.1,5.1,9.6,5.9,11483,3424,24,2,2019,2024
26105,Mason County,Michigan,MI,25.7,9,12.9,6.5,7389,2596,8,1,2019,2024
26107,Mecosta County,Michigan,MI,22.9,15.4,14.4,7.1,9799,6577,11,3,2019,2024
26109,Menominee County,Michigan,MI,15.9,5.3,10.1,6.9,3821,1284,7,1,2019,2024
26111,Midland County,Michigan,MI,19.4,4.7,11.7,5.4,16207,3951,19,2,2019,2024
26113,Missaukee County,Michigan,MI,4.3,1.7,12.9,4.7,633,257,4,1,2019,2024
26115,Monroe County,Michigan,MI,15.9,3.2,10,4.7,24138,4886,38,0,2019,2024
26117,Montcalm County,Michigan,MI,2.5,1,12.8,5.7,1580,661,13,1,2019,2024
26119,Montmorency County,Michigan,MI,3.9,1.2,16.8,6.6,377,116,5,0,2019,2024
26121,Muskegon County,Michigan,MI,43,17.3,19.4,7.4,74104,29827,42,16,2019,2024
26123,Newaygo County,Michigan,MI,4.3,1.8,16.6,4.7,2082,860,11,1,2019,2024
26125,Oakland County,Michigan,MI,30.2,4.4,7.7,5.3,363393,52554,337,9,2019,2024
26127,Oceana County,Michigan,MI,9.3,4.4,15.9,4.3,2459,1161,7,2,2019,2024
26129,Ogemaw County,Michigan,MI,0.1,0,18.3,5.7,11,5,7,0,2019,2024
26131,Ontonagon County,Michigan,MI,34.2,13.2,11.3,4.7,2320,895,3,2,2019,2024
26133,Osceola County,Michigan,MI,0.1,0,15.1,7,12,6,6,0,2019,2024
26135,Oscoda County,Michigan,MI,1.6,0.6,16.3,9.5,138,48,5,0,2019,2024
26137,Otsego County,Michigan,MI,35.2,10.6,10.5,4.1,8506,2561,6,0,2019,2024
26139,Ottawa County,Michigan,MI,31.4,7.9,6,3.7,82799,20727,53,2,2019,2024
26141,Presque Isle County,Michigan,MI,23.2,6.3,10.6,6.3,3109,838,6,0,2019,2024
26143,Roscommon County,Michigan,MI,13.3,5.9,16.8,6.8,3259,1439,10,1,2019,2024
26145,Saginaw County,Michigan,MI,30.1,11.4,19.6,7,60220,22772,56,16,2019,2024
26151,Sanilac County,Michigan,MI,14.3,4.9,12.6,5.9,6156,2115,12,3,2019,2024
26153,Schoolcraft County,Michigan,MI,46,18.6,11.8,5.3,3902,1576,3,1,2019,2024
26155,Shiawassee County,Michigan,MI,27.3,9.7,15,5.6,19299,6832,17,4,2019,2024
26147,St. Clair County,Michigan,MI,35.7,12.2,13.3,5.9,58182,19967,49,7,2019,2024
26149,St. Joseph County,Michigan,MI,15.2,5.5,14.8,7.9,9299,3378,17,3,2019,2024
26157,Tuscola County,Michigan,MI,15.3,6.8,14.2,6.2,8541,3788,13,2,2019,2024
26159,Van Buren County,Michigan,MI,4.9,1.7,13.7,5.7,3751,1301,15,1,2019,2024
26161,Washtenaw County,Michigan,MI,25.2,6.1,8.5,8.2,86764,20902,100,15,2019,2024
26163,Wayne County,Michigan,MI,14.8,4.5,23,11.6,269976,82549,606,54,2019,2024
26165,Wexford County,Michigan,MI,24.8,8.4,16.9,6,8127,2750,8,3,2019,2024
27001,Aitkin County,Minnesota,MN,33.8,11.3,8.9,5,5477,1837,6,4,2019,2024
27003,Anoka County,Minnesota,MN,38.3,6.5,7.2,4.6,126570,21543,83,12,2019,2024
27005,Becker County,Minnesota,MN,34.5,12.8,11.6,5.8,11218,4149,10,5,2019,2024
27007,Beltrami County,Minnesota,MN,32.3,15.7,13.5,5.9,14360,6991,10,5,2019,2024
27009,Benton County,Minnesota,MN,30,7.9,8.6,6.1,11538,3046,9,3,2019,2024
27011,Big Stone County,Minnesota,MN,38.4,9.8,9.5,4.4,2024,518,3,0,2019,2024
27013,Blue Earth County,Minnesota,MN,38.9,17,8.8,6.6,24888,10875,16,4,2019,2024
27015,Brown County,Minnesota,MN,17.2,4,6.5,4.9,4452,1047,8,1,2019,2024
27017,Carlton County,Minnesota,MN,18.9,4.2,7.4,5.7,6674,1493,7,2,2019,2024
27019,Carver County,Minnesota,MN,38.3,3.8,3.7,3.8,34859,3431,19,0,2019,2024
27021,Cass County,Minnesota,MN,13.8,5.2,11.6,4.2,3956,1489,10,3,2019,2024
27023,Chippewa County,Minnesota,MN,16.2,5.1,9.8,6.9,2019,632,4,1,2019,2024
27025,Chisago County,Minnesota,MN,38.7,4.9,5.3,3.9,20834,2635,10,0,2019,2024
27027,Clay County,Minnesota,MN,19.2,4.6,9.9,9.1,11332,2690,13,0,2019,2024
27029,Clearwater County,Minnesota,MN,39.2,15.1,13.1,9.2,3404,1317,3,2,2019,2024
27031,Cook County,Minnesota,MN,31.4,8.9,4.1,2.5,1628,462,2,1,2019,2024
27033,Cottonwood County,Minnesota,MN,8.8,2.1,9.4,5.9,1027,241,4,1,2019,2024
27035,Crow Wing County,Minnesota,MN,13.4,3.7,8.7,4.9,8393,2332,16,2,2019,2024
27037,Dakota County,Minnesota,MN,34.6,4.7,4.9,4.9,137994,18555,95,4,2019,2024
27039,Dodge County,Minnesota,MN,14,3.4,6.1,3.8,2810,674,5,0,2019,2024
27041,Douglas County,Minnesota,MN,24.7,6.9,6,5,8896,2492,9,1,2019,2024
27043,Faribault County,Minnesota,MN,12.5,4.5,10.1,4.9,1824,650,6,1,2019,2024
27045,Fillmore County,Minnesota,MN,2.7,0.7,6.7,5.8,566,155,6,0,2019,2024
27047,Freeborn County,Minnesota,MN,23.7,8.3,9.5,5.8,7407,2593,10,2,2019,2024
27049,Goodhue County,Minnesota,MN,14.3,3,7.6,6.8,6619,1388,10,1,2019,2024
27051,Grant County,Minnesota,MN,44.1,14.3,8.3,4.6,2654,860,2,2,2019,2024
27053,Hennepin County,Minnesota,MN,25.5,3.8,8.1,9.3,293801,43966,299,18,2019,2024
27055,Houston County,Minnesota,MN,13.7,2.5,3.4,3.2,2609,485,5,1,2019,2024
27057,Hubbard County,Minnesota,MN,23.1,6.3,10.2,4.5,4721,1288,7,2,2019,2024
27059,Isanti County,Minnesota,MN,33.5,7.8,6.7,3.9,12687,2935,8,2,2019,2024
27061,Itasca County,Minnesota,MN,25.4,8.7,10.7,4.7,11427,3922,11,4,2019,2024
27063,Jackson County,Minnesota,MN,17.4,5.4,5.2,3.9,1790,553,4,1,2019,2024
27065,Kanabec County,Minnesota,MN,11.9,4.3,9.5,3.4,1928,699,4,2,2019,2024
27067,Kandiyohi County,Minnesota,MN,39.8,13.2,10.5,5.5,16794,5575,12,2,2019,2024
27069,Kittson County,Minnesota,MN,25.9,8.1,5.1,3.3,1178,369,2,1,2019,2024
27071,Koochiching County,Minnesota,MN,39.9,13.9,14.4,8.9,5315,1846,4,3,2019,2024
27073,Lac qui Parle County,Minnesota,MN,11.4,3.4,8.8,3.4,826,247,3,1,2019,2024
27075,Lake County,Minnesota,MN,11.6,3.5,8.6,3.5,1263,378,3,0,2019,2024
27077,Lake of the Woods County,Minnesota,MN,41.2,8.7,3,2.4,1666,353,2,0,2019,2024
27079,Le Sueur County,Minnesota,MN,5,1.5,7.4,3.5,1396,410,6,1,2019,2024
27081,Lincoln County,Minnesota,MN,12.2,2.9,7,3.3,720,172,2,0,2019,2024
27083,Lyon County,Minnesota,MN,40.1,14.5,9.4,8.3,10356,3762,7,1,2019,2024
27087,Mahnomen County,Minnesota,MN,35.2,16.6,21.4,9,1905,900,2,1,2019,2024
27089,Marshall County,Minnesota,MN,61,15.6,6.5,4.6,5753,1474,4,0,2019,2024
27091,Martin County,Minnesota,MN,31.1,7.6,12.3,9.9,6484,1590,6,2,2019,2024
27085,McLeod County,Minnesota,MN,47.3,11.9,7.8,3.4,17346,4371,7,2,2019,2024
27093,Meeker County,Minnesota,MN,26.1,7.8,8.4,4.2,6089,1823,6,1,2019,2024
27095,Mille Lacs County,Minnesota,MN,7.8,2.6,11,5.5,2038,684,7,2,2019,2024
27097,Morrison County,Minnesota,MN,31,9.3,8.3,4.8,10299,3101,8,3,2019,2024
27099,Mower County,Minnesota,MN,18.8,5.8,10.6,5.2,7352,2286,11,2,2019,2024
27101,Murray County,Minnesota,MN,14.5,3.8,6.2,4.5,1263,328,3,0,2019,2024
27103,Nicollet County,Minnesota,MN,44.9,9.8,6,4.1,14696,3200,7,2,2019,2024
27105,Nobles County,Minnesota,MN,29.5,9.9,9,5.5,6309,2115,6,2,2019,2024
27107,Norman County,Minnesota,MN,26,9.2,10.9,5.1,1781,629,3,1,2019,2024
27109,Olmsted County,Minnesota,MN,20,2.4,6.8,6.9,28886,3532,33,2,2019,2024
27111,Otter Tail County,Minnesota,MN,23.4,6,6.5,5.6,13423,3423,17,5,2019,2024
27113,Pennington County,Minnesota,MN,18.2,5,7.2,5.7,2532,702,5,1,2019,2024
27115,Pine County,Minnesota,MN,12,4.3,10.9,6.3,3576,1281,8,4,2019,2024
27117,Pipestone County,Minnesota,MN,30.8,9.2,10.8,6,2954,885,5,0,2019,2024
27119,Polk County,Minnesota,MN,33.4,8.6,10,7.4,10545,2706,10,2,2019,2024
27121,Pope County,Minnesota,MN,12.4,3,7.1,6,1368,333,4,1,2019,2024
27123,Ramsey County,Minnesota,MN,20.8,5.2,11.4,10.2,105842,26521,136,15,2019,2024
27125,Red Lake County,Minnesota,MN,99.2,26.3,5.3,3.4,4056,1074,2,0,2019,2024
27127,Redwood County,Minnesota,MN,38.9,11.7,9.8,6,6241,1873,6,2,2019,2024
27129,Renville County,Minnesota,MN,31.8,9.3,8.6,5.7,4998,1463,6,1,2019,2024
27131,Rice County,Minnesota,MN,18.4,6.3,7.9,5.6,11788,4062,13,3,2019,2024
27133,Rock County,Minnesota,MN,21.1,4.2,6.9,5.8,2045,409,3,1,2019,2024
27135,Roseau County,Minnesota,MN,37.8,9,5.5,6.1,5910,1414,5,1,2019,2024
27139,Scott County,Minnesota,MN,29.1,4.3,4.5,3.1,37785,5552,21,1,2019,2024
27141,Sherburne County,Minnesota,MN,16.3,3.9,5,4.2,14428,3425,11,1,2019,2024
27143,Sibley County,Minnesota,MN,3.3,0.8,8.3,4.1,498,122,4,0,2019,2024
27137,St. Louis County,Minnesota,MN,27.3,9.1,10.2,8,54636,18320,66,16,2019,2024
27145,Stearns County,Minnesota,MN,25.3,7.4,9.5,6,38109,11074,29,5,2019,2024
27147,Steele County,Minnesota,MN,30.9,5.1,7.7,6.2,11296,1874,8,0,2019,2024
27149,Stevens County,Minnesota,MN,13,3.4,9.8,5,1267,335,3,0,2019,2024
27151,Swift County,Minnesota,MN,25.8,7.3,12.3,7.1,2525,713,4,1,2019,2024
27153,Todd County,Minnesota,MN,32.4,11.4,7.3,6.5,8057,2834,8,4,2019,2024
27155,Traverse County,Minnesota,MN,15.5,3.7,16.9,5.8,551,132,2,0,2019,2024
27157,Wabasha County,Minnesota,MN,10.5,2.2,5.5,5.2,2276,466,6,1,2019,2024
27159,Wadena County,Minnesota,MN,7.4,2.3,14.3,7.6,1019,312,3,1,2019,2024
27161,Waseca County,Minnesota,MN,40.6,12.7,8.8,4.9,7768,2429,5,3,2019,2024
27163,Washington County,Minnesota,MN,45.8,6.1,4.1,3.8,109179,14541,50,2,2019,2024
27165,Watonwan County,Minnesota,MN,3.3,1.1,9.4,7.9,375,123,3,0,2019,2024
27167,Wilkin County,Minnesota,MN,29.1,5.7,10.6,6.7,1915,374,2,0,2019,2024
27169,Winona County,Minnesota,MN,12.1,3,6.9,5.3,6249,1556,10,2,2019,2024
27171,Wright County,Minnesota,MN,25.9,2.9,4.4,3,32285,3628,17,2,2019,2024
27173,Yellow Medicine County,Minnesota,MN,32.3,9.5,7.4,4.6,3375,986,4,1,2019,2024
28001,Adams County,Mississippi,MS,28.3,15.4,16.5,6.4,9127,4975,9,5,2019,2024
28003,Alcorn County,Mississippi,MS,18.9,7.8,16.1,9.5,6992,2893,7,1,2019,2024
28005,Amite County,Mississippi,MS,13.9,6.8,15.2,5.8,1831,894,3,1,2019,2024
28007,Attala County,Mississippi,MS,27.1,15.4,15.6,8.1,5300,3015,6,2,2019,2024
28009,Benton County,Mississippi,MS,35.7,17,17.2,6.8,3120,1480,2,2,2019,2024
28011,Bolivar County,Mississippi,MS,50.9,27.8,26,10.1,17387,9499,8,4,2019,2024
28013,Calhoun County,Mississippi,MS,3.1,1.1,13.1,6.8,467,172,5,0,2019,2024
28015,Carroll County,Mississippi,MS,56.1,20.4,16.9,4.5,5949,2164,2,0,2019,2024
28017,Chickasaw County,Mississippi,MS,9.4,5.8,14.8,8.9,1632,1009,4,1,2019,2024
28019,Choctaw County,Mississippi,MS,12.9,6.4,13.6,5.4,1104,543,3,1,2019,2024
28021,Claiborne County,Mississippi,MS,12.9,9.1,23.7,12,1237,879,3,2,2019,2024
28023,Clarke County,Mississippi,MS,13.5,6.4,16,5.9,2267,1070,4,1,2019,2024
28025,Clay County,Mississippi,MS,20.4,11.2,21,6.8,4216,2315,5,3,2019,2024
28027,Coahoma County,Mississippi,MS,22.3,15.9,26.9,14.9,5822,4171,7,2,2019,2024
28029,Copiah County,Mississippi,MS,28.5,13.6,18,8.1,8394,4012,6,5,2019,2024
28031,Covington County,Mississippi,MS,0,0,17.9,8.8,0,0,4,0,2019,2024
28033,DeSoto County,Mississippi,MS,48.7,11,7.5,3.8,78485,17716,33,3,2019,2024
28035,Forrest County,Mississippi,MS,21.7,9,16.6,7.1,16244,6761,17,6,2019,2024
28037,Franklin County,Mississippi,MS,32.4,15,10.2,3.1,2629,1220,2,1,2019,2024
28039,George County,Mississippi,MS,10.6,5.7,11,5.9,2396,1282,5,1,2019,2024
28041,Greene County,Mississippi,MS,5.4,1.7,13.7,6.7,782,243,2,0,2019,2024
28043,Grenada County,Mississippi,MS,15.4,5.9,11.7,7.9,3366,1296,5,1,2019,2024
28045,Hancock County,Mississippi,MS,43.5,15.4,10.5,3.5,19100,6786,7,3,2019,2024
28047,Harrison County,Mississippi,MS,33.7,14.8,15,6.5,63020,27752,45,17,2019,2024
28049,Hinds County,Mississippi,MS,34.9,14.8,14.8,8.1,85583,36419,64,24,2019,2024
28051,Holmes County,Mississippi,MS,25.3,18.5,33,15.9,4858,3547,5,2,2019,2024
28053,Humphreys County,Mississippi,MS,18.5,11.9,28.4,13,1731,1113,3,1,2019,2024
28055,Issaquena County,Mississippi,MS,25.8,15.4,24,14,363,217,1,0,2019,2024
28057,Itawamba County,Mississippi,MS,12.8,6.6,7.3,4.2,3004,1546,5,1,2019,2024
28059,Jackson County,Mississippi,MS,32.4,11.6,9.2,4.8,45212,16225,28,6,2019,2024
28061,Jasper County,Mississippi,MS,12.3,5.2,15.9,10.1,2100,894,4,0,2019,2024
28063,Jefferson County,Mississippi,MS,10,4.5,21.4,4.1,770,349,2,1,2019,2024
28065,Jefferson Davis County,Mississippi,MS,16.6,9.6,21.9,6.1,2067,1195,3,1,2019,2024
28067,Jones County,Mississippi,MS,15.2,9.1,14.2,4.4,10293,6135,14,3,2019,2024
28069,Kemper County,Mississippi,MS,37,24,13.2,3.4,3870,2506,2,2,2019,2024
28071,Lafayette County,Mississippi,MS,37.5,16.8,5.2,6.7,17750,7954,10,4,2019,2024
28073,Lamar County,Mississippi,MS,38,10.4,9.6,4.4,21172,5793,8,1,2019,2024
28075,Lauderdale County,Mississippi,MS,32.1,17.3,18.4,9.5,25738,13921,19,7,2019,2024
28077,Lawrence County,Mississippi,MS,20.4,8.2,18.8,4.6,2637,1061,3,1,2019,2024
28079,Leake County,Mississippi,MS,20.4,11.4,13.1,8.7,4858,2713,5,2,2019,2024
28081,Lee County,Mississippi,MS,19.9,6.9,10.4,6,16493,5714,18,3,2019,2024
28083,Leflore County,Mississippi,MS,29.1,20.8,28.1,14.7,9409,6733,8,5,2019,2024
28085,Lincoln County,Mississippi,MS,17.7,7.4,11.8,5.9,6162,2571,6,2,2019,2024
28087,Lowndes County,Mississippi,MS,32.1,14.8,13.1,6.1,19209,8835,14,4,2019,2024
28089,Madison County,Mississippi,MS,24,4.2,7.2,5.3,22811,4006,21,2,2019,2024
28091,Marion County,Mississippi,MS,14.5,6.1,13,5.5,3929,1656,6,2,2019,2024
28093,Marshall County,Mississippi,MS,22.5,10.2,13.9,5,8373,3784,6,3,2019,2024
28095,Monroe County,Mississippi,MS,8.6,3.9,13.1,5.2,3198,1431,9,2,2019,2024
28097,Montgomery County,Mississippi,MS,21.4,10,20.1,8.8,2337,1093,3,2,2019,2024
28099,Neshoba County,Mississippi,MS,4.5,2,16.2,6.2,1336,596,7,0,2019,2024
28101,Newton County,Mississippi,MS,16,9,11.7,5,3478,1953,5,2,2019,2024
28103,Noxubee County,Mississippi,MS,16.1,7.2,31.3,9.7,1855,833,3,2,2019,2024
28105,Oktibbeha County,Mississippi,MS,33.6,19.4,11.8,5.4,16039,9251,8,4,2019,2024
28107,Panola County,Mississippi,MS,21.3,10.6,16.3,6.4,7393,3686,6,2,2019,2024
28109,Pearl River County,Mississippi,MS,11.4,5.7,13.4,3.8,6346,3193,9,1,2019,2024
28111,Perry County,Mississippi,MS,21.8,9.9,9.9,3.8,2667,1210,3,2,2019,2024
28113,Pike County,Mississippi,MS,10.5,5.7,18.2,5.8,4233,2305,8,4,2019,2024
28115,Pontotoc County,Mississippi,MS,16.3,6.2,9.7,2.2,4882,1847,6,1,2019,2024
28117,Prentiss County,Mississippi,MS,6,3.2,11.5,5.4,1514,818,5,1,2019,2024
28119,Quitman County,Mississippi,MS,90.1,62.6,21.5,10.9,7407,5148,3,3,2019,2024
28121,Rankin County,Mississippi,MS,28.4,8.3,5.5,3.2,40242,11690,27,3,2019,2024
28123,Scott County,Mississippi,MS,31.4,16.2,15,6.4,8863,4581,6,2,2019,2024
28125,Sharkey County,Mississippi,MS,6.5,4.7,24.3,8,319,229,2,0,2019,2024
28127,Simpson County,Mississippi,MS,12.4,6.5,12.4,4,3418,1795,5,2,2019,2024
28129,Smith County,Mississippi,MS,13.5,5.4,9,4.8,2229,896,3,0,2019,2024
28131,Stone County,Mississippi,MS,25.7,12.6,15.5,6.1,4573,2237,3,1,2019,2024
28133,Sunflower County,Mississippi,MS,36.2,24.9,33.1,8.9,10665,7345,7,3,2019,2024
28135,Tallahatchie County,Mississippi,MS,51.2,31.4,23,10.2,7876,4826,4,2,2019,2024
28137,Tate County,Mississippi,MS,29.6,14.1,10.4,3,8541,4065,5,4,2019,2024
28139,Tippah County,Mississippi,MS,4.5,1.9,9.1,2.2,1010,412,4,0,2019,2024
28141,Tishomingo County,Mississippi,MS,0,0,8.9,4.8,0,0,4,0,2019,2024
28143,Tunica County,Mississippi,MS,15.5,8.4,28.3,10.7,1669,908,2,2,2019,2024
28145,Union County,Mississippi,MS,11.5,5.7,7.2,5.4,3121,1548,6,1,2019,2024
28147,Walthall County,Mississippi,MS,23,12,20.9,5,3552,1859,3,1,2019,2024
28149,Warren County,Mississippi,MS,17.2,8.6,13.1,6,8412,4173,12,4,2019,2024
28151,Washington County,Mississippi,MS,29.1,17.6,17.6,11.9,14866,9024,19,9,2019,2024
28153,Wayne County,Mississippi,MS,17.9,7.1,20.9,6,3717,1463,4,1,2019,2024
28155,Webster County,Mississippi,MS,10.5,3.6,17.3,5.4,1080,370,3,0,2019,2024
28157,Wilkinson County,Mississippi,MS,11.8,8.5,18.5,7.7,1161,840,2,1,2019,2024
28159,Winston County,Mississippi,MS,18.7,10.3,18.5,7.9,3596,1969,5,3,2019,2024
28161,Yalobusha County,Mississippi,MS,22.2,9.2,11.8,5.8,2812,1169,3,0,2019,2024
28163,Yazoo County,Mississippi,MS,31.1,20.3,26,18.2,8716,5709,6,4,2019,2024
29001,Adair County,Missouri,MO,27.3,11.5,9,7.3,6986,2953,7,1,2019,2024
29003,Andrew County,Missouri,MO,15.8,4.6,4.9,2.2,2724,799,4,0,2019,2024
29005,Atchison County,Missouri,MO,5.1,1.5,5.8,3.1,289,88,2,0,2019,2024
29007,Audrain County,Missouri,MO,22.6,9.4,12.3,7.4,5780,2397,7,3,2019,2024
29009,Barry County,Missouri,MO,19.7,8.5,11,4.4,7017,3014,7,2,2019,2024
29011,Barton County,Missouri,MO,56.5,27.3,18.5,8.8,7001,3384,3,1,2019,2024
29013,Bates County,Missouri,MO,18.6,8.7,11.2,7.5,3166,1475,4,1,2019,2024
29015,Benton County,Missouri,MO,9.4,5.2,12.5,4.2,1800,987,6,2,2019,2024
29017,Bollinger County,Missouri,MO,28.4,11.6,9.2,3.6,3512,1435,3,0,2019,2024
29019,Boone County,Missouri,MO,34.4,10,6.6,5.9,55952,16245,29,5,2019,2024
29021,Buchanan County,Missouri,MO,32.6,11.6,14.5,8.5,29075,10318,25,3,2019,2024
29023,Butler County,Missouri,MO,18.9,8.6,20.3,8.3,8079,3689,10,7,2019,2024
29025,Caldwell County,Missouri,MO,18.7,7.8,8.4,5,1759,739,2,1,2019,2024
29027,Callaway County,Missouri,MO,19.6,7.8,8.7,5.7,8702,3466,8,1,2019,2024
29029,Camden County,Missouri,MO,20.5,6.2,8.2,2.8,9008,2718,11,1,2019,2024
29031,Cape Girardeau County,Missouri,MO,30.8,9.5,9.8,5.9,23300,7204,16,1,2019,2024
29033,Carroll County,Missouri,MO,25.9,9.1,9,3.4,2411,848,3,1,2019,2024
29035,Carter County,Missouri,MO,51,26.3,19.8,13.2,3197,1650,2,1,2019,2024
29037,Cass County,Missouri,MO,32.6,8.5,5.3,3.9,32431,8442,20,5,2019,2024
29039,Cedar County,Missouri,MO,21.2,11,12.2,6.6,2971,1535,3,2,2019,2024
29041,Chariton County,Missouri,MO,9,2.5,7,4.4,707,196,3,0,2019,2024
29043,Christian County,Missouri,MO,21.5,6.8,6.4,3,16679,5299,14,1,2019,2024
29045,Clark County,Missouri,MO,12.7,4.5,7.8,4.9,909,320,3,0,2019,2024
29047,Clay County,Missouri,MO,31.1,5.9,6,4.7,68962,13008,44,7,2019,2024
29049,Clinton County,Missouri,MO,11.7,3.1,7.8,4.4,2424,636,4,1,2019,2024
29051,Cole County,Missouri,MO,31.2,8.9,5.9,5.5,23730,6764,15,2,2019,2024
29053,Cooper County,Missouri,MO,31.3,10,6.7,4.6,5509,1763,5,0,2019,2024
29055,Crawford County,Missouri,MO,7.3,3.5,12.1,4.7,1811,875,6,1,2019,2024
29057,Dade County,Missouri,MO,9,3.9,14.8,6.3,706,309,2,1,2019,2024
29059,Dallas County,Missouri,MO,26,14.1,16.8,4.1,4355,2370,3,2,2019,2024
29061,Daviess County,Missouri,MO,15.1,5.4,8.2,9.4,1276,457,2,0,2019,2024
29063,DeKalb County,Missouri,MO,20.6,6.4,7.8,4.1,2659,826,2,0,2019,2024
29065,Dent County,Missouri,MO,18.9,7.6,17,6.1,2955,1195,4,2,2019,2024
29067,Douglas County,Missouri,MO,37.6,19.7,14.4,4.7,5151,2689,3,3,2019,2024
29069,Dunklin County,Missouri,MO,11.3,5.4,24.6,8.5,3626,1724,10,3,2019,2024
29071,Franklin County,Missouri,MO,10.6,3,7.1,3.8,10734,3034,17,3,2019,2024
29073,Gasconade County,Missouri,MO,8.9,2.8,10.3,5.7,1349,426,5,0,2019,2024
29075,Gentry County,Missouri,MO,21.9,9.7,8.8,5.4,1473,653,2,0,2019,2024
29077,Greene County,Missouri,MO,23.5,8,10,6.4,64693,21952,62,8,2019,2024
29079,Grundy County,Missouri,MO,33.4,13.7,11.7,11.3,3432,1405,4,1,2019,2024
29081,Harrison County,Missouri,MO,33.6,14.8,13.7,6.5,3008,1322,3,2,2019,2024
29083,Henry County,Missouri,MO,36.9,15.9,10.8,4.9,8209,3535,6,3,2019,2024
29085,Hickory County,Missouri,MO,4.4,1.8,11.9,5.4,423,177,3,0,2019,2024
29087,Holt County,Missouri,MO,34.3,12.1,6.8,3.2,1687,592,3,0,2019,2024
29089,Howard County,Missouri,MO,15.3,6.3,7.8,3.8,1548,641,3,1,2019,2024
29091,Howell County,Missouri,MO,20.4,10.4,14,6.1,8261,4207,8,3,2019,2024
29093,Iron County,Missouri,MO,23.6,12.6,18.3,6.8,2507,1344,4,2,2019,2024
29095,Jackson County,Missouri,MO,26.2,7.8,10.3,8.1,176337,52801,197,37,2019,2024
29097,Jasper County,Missouri,MO,26.1,9.1,14.8,7,30677,10657,22,6,2019,2024
29099,Jefferson County,Missouri,MO,31,8.3,7.1,3.7,67874,18262,42,5,2019,2024
29101,Johnson County,Missouri,MO,33.4,11.6,6.4,4.7,17561,6077,9,2,2019,2024
29103,Knox County,Missouri,MO,19.3,7.8,8.2,1.7,798,324,2,1,2019,2024
29105,Laclede County,Missouri,MO,43.7,16.9,15.3,6.7,15555,6023,6,3,2019,2024
29107,Lafayette County,Missouri,MO,19.5,6.8,9.4,3.3,6496,2275,7,1,2019,2024
29109,Lawrence County,Missouri,MO,18.6,6,12.2,6.3,7185,2309,7,1,2019,2024
29111,Lewis County,Missouri,MO,40.1,13,6,4.1,4091,1327,4,0,2019,2024
29113,Lincoln County,Missouri,MO,9,2.6,7,4.5,4711,1389,7,0,2019,2024
29115,Linn County,Missouri,MO,20.9,8,8.8,7,2664,1027,5,0,2019,2024
29117,Livingston County,Missouri,MO,10.2,3.7,9.9,5.9,1551,560,5,1,2019,2024
29121,Macon County,Missouri,MO,29.1,12.5,8.6,5.8,4537,1945,5,2,2019,2024
29123,Madison County,Missouri,MO,20.5,10.2,13.4,8.2,2502,1248,3,2,2019,2024
29125,Maries County,Missouri,MO,5.5,1.9,11.2,4.8,503,175,3,0,2019,2024
29127,Marion County,Missouri,MO,16,6.7,12.1,7.7,4591,1942,8,3,2019,2024
29119,McDonald County,Missouri,MO,3.8,1.8,13.6,5.8,885,416,4,1,2019,2024
29129,Mercer County,Missouri,MO,99.8,37.8,10.7,5.6,3776,1429,2,0,2019,2024
29131,Miller County,Missouri,MO,8,1.7,8.9,5.5,1972,418,5,0,2019,2024
29133,Mississippi County,Missouri,MO,3,1.3,27.3,14.4,424,187,4,0,2019,2024
29135,Moniteau County,Missouri,MO,11,4,7.6,6.6,1714,623,4,1,2019,2024
29137,Monroe County,Missouri,MO,14.1,5.8,7.6,7,1248,512,3,1,2019,2024
29139,Montgomery County,Missouri,MO,17.7,5.9,11.1,3.5,2166,723,4,1,2019,2024
29141,Morgan County,Missouri,MO,3.2,1.4,12.2,10.4,657,289,5,1,2019,2024
29143,New Madrid County,Missouri,MO,4.7,2.5,23.5,7.2,887,480,6,1,2019,2024
29145,Newton County,Missouri,MO,16.5,5.7,12.3,3.9,9562,3310,12,1,2019,2024
29147,Nodaway County,Missouri,MO,54.3,31.3,8.3,6.6,12688,7318,5,3,2019,2024
29149,Oregon County,Missouri,MO,16.5,8.7,19.9,5.7,1792,946,3,2,2019,2024
29151,Osage County,Missouri,MO,11.1,3.6,4.2,5.6,1546,505,4,0,2019,2024
29153,Ozark County,Missouri,MO,36.9,17.7,14.7,6.6,3593,1725,2,2,2019,2024
29155,Pemiscot County,Missouri,MO,10.4,6.1,30.7,10.5,1900,1115,6,2,2019,2024
29157,Perry County,Missouri,MO,15.2,4.9,10.2,5.2,2877,920,5,0,2019,2024
29159,Pettis County,Missouri,MO,16.1,6.3,11.4,7.3,6792,2652,11,4,2019,2024
29161,Phelps County,Missouri,MO,19,9.3,13.1,6.1,8562,4190,10,2,2019,2024
29163,Pike County,Missouri,MO,24.7,9.9,10.4,7.4,4569,1838,5,2,2019,2024
29165,Platte County,Missouri,MO,37.6,6.3,4.2,4,33574,5646,20,1,2019,2024
29167,Polk County,Missouri,MO,3.7,1,10.8,4.3,1140,324,4,0,2019,2024
29169,Pulaski County,Missouri,MO,63.3,22,8.4,3.2,33100,11526,9,2,2019,2024
29171,Putnam County,Missouri,MO,26.7,10.2,7.5,5.8,1328,508,2,0,2019,2024
29173,Ralls County,Missouri,MO,7.5,1.6,4.8,3.3,759,158,3,0,2019,2024
29175,Randolph County,Missouri,MO,15.8,6,15,6.4,4009,1529,6,1,2019,2024
29177,Ray County,Missouri,MO,6.8,2.1,10.5,4.9,1598,502,4,1,2019,2024
29179,Reynolds County,Missouri,MO,45.5,18.2,16.2,7.4,3044,1222,2,0,2019,2024
29181,Ripley County,Missouri,MO,8.5,4,17.3,7.4,1192,560,4,1,2019,2024
29195,Saline County,Missouri,MO,34,14.2,13.2,6.3,7957,3313,8,2,2019,2024
29197,Schuyler County,Missouri,MO,82.2,37.3,7.7,5.9,3644,1654,2,2,2019,2024
29199,Scotland County,Missouri,MO,9.6,3.7,4.2,3.5,466,179,2,0,2019,2024
29201,Scott County,Missouri,MO,18.3,7.6,14.9,4.8,7156,2988,10,4,2019,2024
29203,Shannon County,Missouri,MO,10.1,4.9,13.5,5.2,853,416,2,1,2019,2024
29205,Shelby County,Missouri,MO,38.5,15.2,8.4,4.8,2455,970,3,0,2019,2024
29183,St. Charles County,Missouri,MO,39.2,4.9,3.6,3.8,141435,17694,79,1,2019,2024
29185,St. Clair County,Missouri,MO,9.8,3.6,13.5,5.6,963,351,3,0,2019,2024
29187,St. Francois County,Missouri,MO,20.6,7.8,15.6,6.6,13484,5114,11,3,2019,2024
29189,St. Louis County,Missouri,MO,26.8,5,8,6.6,267283,50436,199,24,2019,2024
29510,St. Louis city,Missouri,MO,6,3.6,18.6,18.5,19226,11446,106,10,2019,2024
29186,Ste. Genevieve County,Missouri,MO,32,12.4,6.5,4.3,5799,2255,4,1,2019,2024
29207,Stoddard County,Missouri,MO,7,3.2,15.2,3.6,2110,957,8,0,2019,2024
29209,Stone County,Missouri,MO,14.6,4.7,6.6,3.9,4716,1519,6,0,2019,2024
29211,Sullivan County,Missouri,MO,27.2,10.5,10,6.3,1829,706,3,2,2019,2024
29213,Taney County,Missouri,MO,41.4,17.5,11.4,4.4,21376,9021,10,5,2019,2024
29215,Texas County,Missouri,MO,12.6,5.1,13.5,8.2,3267,1321,4,2,2019,2024
29217,Vernon County,Missouri,MO,32.9,16.2,14.9,11.4,6957,3418,6,4,2019,2024
29219,Warren County,Missouri,MO,12.6,3.9,6.9,3.1,4091,1262,5,1,2019,2024
29221,Washington County,Missouri,MO,12.1,6.9,20.1,10,3060,1747,5,3,2019,2024
29223,Wayne County,Missouri,MO,34.7,17.8,18.3,5.5,4691,2402,4,2,2019,2024
29225,Webster County,Missouri,MO,8.9,3.2,9.8,6.9,3210,1166,8,1,2019,2024
29227,Worth County,Missouri,MO,14,5.3,11,7,304,116,1,0,2019,2024
29229,Wright County,Missouri,MO,18,10.1,13.6,7,3379,1902,4,2,2019,2024
30001,Beaverhead County,Montana,MT,20.1,7.1,7.2,0.8,1856,660,3,0,2019,2024
30003,Big Horn County,Montana,MT,42.5,23.7,17.5,6.9,5471,3045,5,4,2019,2024
30005,Blaine County,Montana,MT,34,18.4,14.7,7.6,2208,1196,4,1,2019,2024
30007,Broadwater County,Montana,MT,15.4,3.8,3.5,2.6,864,214,2,0,2019,2024
30009,Carbon County,Montana,MT,14.9,3.3,6.1,3.4,1505,337,5,0,2019,2024
30011,Carter County,Montana,MT,100,34.3,5.3,6.2,1160,398,1,0,2019,2024
30013,Cascade County,Montana,MT,26.3,9.9,10.4,6,21360,8026,22,3,2019,2024
30015,Chouteau County,Montana,MT,49.6,22.5,9.4,5.1,2881,1306,2,1,2019,2024
30017,Custer County,Montana,MT,19.5,4.5,8.2,5.1,2285,531,6,0,2019,2024
30019,Daniels County,Montana,MT,26.8,5.2,2.9,2.6,469,91,1,0,2019,2024
30021,Dawson County,Montana,MT,52.5,12,3.5,4.1,4704,1076,3,0,2019,2024
30023,Deer Lodge County,Montana,MT,7.2,2.7,13.1,7.1,674,255,3,0,2019,2024
30025,Fallon County,Montana,MT,22.4,5,2.3,4.9,648,145,1,0,2019,2024
30027,Fergus County,Montana,MT,39.4,11.9,7.3,9.4,4563,1381,2,1,2019,2024
30029,Flathead County,Montana,MT,12.9,4.1,6.5,4.2,11714,3705,19,2,2019,2024
30031,Gallatin County,Montana,MT,16.6,4.4,2.8,2.4,14863,3909,22,1,2019,2024
30033,Garfield County,Montana,MT,55.3,18.5,3,1.6,667,223,1,0,2019,2024
30035,Glacier County,Montana,MT,28.1,15.1,23.8,6,3765,2025,4,3,2019,2024
30037,Golden Valley County,Montana,MT,100,40.3,0.8,6.1,884,357,1,1,2019,2024
30039,Granite County,Montana,MT,98.3,33.8,5.7,3.5,3028,1041,1,0,2019,2024
30041,Hill County,Montana,MT,53.5,21.4,13.1,8.6,8611,3446,6,1,2019,2024
30043,Jefferson County,Montana,MT,30.3,10.8,5.1,3,3452,1238,3,0,2019,2024
30045,Judith Basin County,Montana,MT,61.3,22.2,5.3,2.4,1269,459,1,0,2019,2024
30047,Lake County,Montana,MT,5.7,1.9,10.7,4.8,1632,549,8,0,2019,2024
30049,Lewis and Clark County,Montana,MT,17.1,4.3,7.8,5.3,10825,2705,14,1,2019,2024
30051,Liberty County,Montana,MT,56.2,19.2,6.5,10.2,1315,449,1,0,2019,2024
30053,Lincoln County,Montana,MT,7.5,2.7,12.2,6.4,1476,534,5,1,2019,2024
30057,Madison County,Montana,MT,30.2,9.9,3.5,1.6,2322,758,3,0,2019,2024
30055,McCone County,Montana,MT,40.1,12.8,0.3,0.4,696,222,1,0,2019,2024
30059,Meagher County,Montana,MT,100,41,8.6,0.5,1891,776,1,1,2019,2024
30061,Mineral County,Montana,MT,27.2,9.1,13.7,2.7,1147,384,2,1,2019,2024
30063,Missoula County,Montana,MT,19.6,5,7.5,5.2,21382,5429,20,1,2019,2024
30065,Musselshell County,Montana,MT,31.9,12.8,10.2,5.9,1447,580,2,1,2019,2024
30067,Park County,Montana,MT,41.6,12.4,6,3.4,6501,1939,6,1,2019,2024
30069,Petroleum County,Montana,MT,100,29.6,0.5,,494,146,1,0,2019,2024
30071,Phillips County,Montana,MT,36.1,13.3,7,0.6,1536,565,1,0,2019,2024
30073,Pondera County,Montana,MT,25.5,12.9,9,7,1567,795,2,1,2019,2024
30075,Powder River County,Montana,MT,52.4,20.8,5.4,3.2,913,362,1,0,2019,2024
30077,Powell County,Montana,MT,19.2,5.9,6.7,2.4,1351,412,2,0,2019,2024
30079,Prairie County,Montana,MT,100,34.8,14.5,9.5,1179,410,1,0,2019,2024
30081,Ravalli County,Montana,MT,2.7,0.9,6.5,4.1,1100,359,10,0,2019,2024
30083,Richland County,Montana,MT,53.8,11.6,4.4,5.1,5248,1129,4,0,2019,2024
30085,Roosevelt County,Montana,MT,26.1,8.3,12.7,10.4,2719,868,3,1,2019,2024
30087,Rosebud County,Montana,MT,24.1,10.7,13.5,7.9,2225,989,4,1,2019,2024
30089,Sanders County,Montana,MT,31.1,13,11.2,4.5,3553,1479,3,1,2019,2024
30091,Sheridan County,Montana,MT,35.2,11.8,4.2,5.2,1192,400,2,0,2019,2024
30093,Silver Bow County,Montana,MT,6.9,2.2,13.2,6.5,2368,749,8,0,2019,2024
30095,Stillwater County,Montana,MT,15.3,4,5.6,3.2,1395,365,3,0,2019,2024
30097,Sweet Grass County,Montana,MT,22.6,5.1,4.6,2.5,826,186,1,0,2019,2024
30099,Teton County,Montana,MT,60.2,18.3,4.8,6.2,3654,1111,3,0,2019,2024
30101,Toole County,Montana,MT,43.6,7.9,7.8,7.3,2324,420,3,0,2019,2024
30103,Treasure County,Montana,MT,100,44.8,6.9,7.5,718,322,1,1,2019,2024
30105,Valley County,Montana,MT,41.9,14.4,8.4,5.8,3087,1060,3,0,2019,2024
30107,Wheatland County,Montana,MT,34.5,16.3,6.1,2.3,748,354,1,1,2019,2024
30109,Wibaux County,Montana,MT,100,44.2,4.6,3,1017,450,1,1,2019,2024
30111,Yellowstone County,Montana,MT,21.3,6.4,7.9,4.3,31537,9420,32,4,2019,2024
31001,Adams County,Nebraska,NE,35,12.2,9.1,4.6,10985,3821,9,2,2019,2024
31003,Antelope County,Nebraska,NE,12.9,3.9,4.7,4.1,860,258,3,0,2019,2024
31005,Arthur County,Nebraska,NE,100,34.4,5.9,4.3,460,158,1,0,2019,2024
31007,Banner County,Nebraska,NE,98.5,27.5,1.3,1,680,190,1,0,2019,2024
31009,Blaine County,Nebraska,NE,100,25.6,,2.5,478,122,1,1,2019,2024
31011,Boone County,Nebraska,NE,12.3,3.5,3.9,2.8,674,192,2,0,2019,2024
31013,Box Butte County,Nebraska,NE,32.6,9.2,7.1,6.4,3683,1037,3,0,2019,2024
31015,Boyd County,Nebraska,NE,36.3,12.3,6.9,0.8,762,258,1,0,2019,2024
31017,Brown County,Nebraska,NE,10.1,4.1,6,4.7,317,130,1,0,2019,2024
31019,Buffalo County,Nebraska,NE,30.7,9.5,6.5,4.5,14159,4358,11,2,2019,2024
31021,Burt County,Nebraska,NE,0.7,0.2,10.3,5.8,46,15,3,0,2019,2024
31023,Butler County,Nebraska,NE,15.5,4.2,5.8,4,1303,352,3,0,2019,2024
31025,Cass County,Nebraska,NE,18.4,3.2,4.3,3.4,4649,820,6,1,2019,2024
31027,Cedar County,Nebraska,NE,18.3,4.6,5.4,1.7,1618,406,2,0,2019,2024
31029,Chase County,Nebraska,NE,29.4,8.8,4.7,1.8,1167,349,1,0,2019,2024
31031,Cherry County,Nebraska,NE,38.8,10.9,4.4,7.5,2214,620,2,0,2019,2024
31033,Cheyenne County,Nebraska,NE,21.5,5.4,12.3,4.3,2147,542,3,0,2019,2024
31035,Clay County,Nebraska,NE,24.7,8.1,6.1,4.7,1614,527,2,0,2019,2024
31037,Colfax County,Nebraska,NE,31.6,9.3,8.9,0.4,3326,980,3,1,2019,2024
31039,Cuming County,Nebraska,NE,22.2,5.2,2.5,3.5,2025,474,3,0,2019,2024
31041,Custer County,Nebraska,NE,44.6,14.4,7.8,4.2,4875,1576,4,2,2019,2024
31043,Dakota County,Nebraska,NE,16.2,4.9,10,4.5,3405,1037,4,2,2019,2024
31045,Dawes County,Nebraska,NE,29,9.7,10,4,2663,891,2,0,2019,2024
31047,Dawson County,Nebraska,NE,41.3,14.6,6.2,5.2,10054,3545,7,1,2019,2024
31049,Deuel County,Nebraska,NE,26.8,7.9,8.4,3.3,521,153,1,1,2019,2024
31051,Dixon County,Nebraska,NE,33.9,10.4,7.9,1.6,2036,622,2,0,2019,2024
31053,Dodge County,Nebraska,NE,28.2,8.2,8.2,3.9,10338,3023,9,1,2019,2024
31055,Douglas County,Nebraska,NE,11.9,2.3,9.5,6.8,61432,12043,156,10,2019,2024
31057,Dundy County,Nebraska,NE,33.3,17.2,8,4.6,668,345,1,1,2019,2024
31059,Fillmore County,Nebraska,NE,22.2,7,5.9,2.8,1307,412,2,0,2019,2024
31061,Franklin County,Nebraska,NE,47,13.5,6.6,2.1,1516,435,2,0,2019,2024
31063,Frontier County,Nebraska,NE,37.8,8.4,11.5,2,1042,231,1,0,2019,2024
31065,Furnas County,Nebraska,NE,4.1,1,5.1,4.2,202,50,1,0,2019,2024
31067,Gage County,Nebraska,NE,32.4,8.4,10.9,8.3,7227,1867,7,1,2019,2024
31069,Garden County,Nebraska,NE,37.9,9.5,11.1,2.1,779,194,1,0,2019,2024
31071,Garfield County,Nebraska,NE,10.1,2.9,5,6.1,207,60,1,0,2019,2024
31073,Gosper County,Nebraska,NE,64.1,12,7.4,1,1310,245,1,0,2019,2024
31075,Grant County,Nebraska,NE,41,19,2.1,3.9,252,117,1,1,2019,2024
31077,Greeley County,Nebraska,NE,66.1,20.6,6.1,2.2,1679,523,1,0,2019,2024
31079,Hall County,Nebraska,NE,27.1,7,10.4,6.6,15866,4124,14,2,2019,2024
31081,Hamilton County,Nebraska,NE,17.3,2.7,4.8,1.4,1580,250,3,0,2019,2024
31083,Harlan County,Nebraska,NE,6.9,2.5,5.3,1.1,236,87,1,0,2019,2024
31085,Hayes County,Nebraska,NE,100,44.4,5,3.2,967,430,1,0,2019,2024
31087,Hitchcock County,Nebraska,NE,95,37.6,7.4,4,2763,1093,1,1,2019,2024
31089,Holt County,Nebraska,NE,29.8,8.5,8.3,3.8,3113,890,4,0,2019,2024
31091,Hooker County,Nebraska,NE,100,32.7,0.3,6.1,736,241,1,1,2019,2024
31093,Howard County,Nebraska,NE,20.1,5.1,6.7,3,1259,321,2,0,2019,2024
31095,Jefferson County,Nebraska,NE,29.8,9.9,12.5,7.6,2253,746,3,1,2019,2024
31097,Johnson County,Nebraska,NE,26.2,5.9,11.9,7.4,1369,305,2,0,2019,2024
31099,Kearney County,Nebraska,NE,2.5,0.6,3.9,0.9,162,36,2,0,2019,2024
31101,Keith County,Nebraska,NE,27.6,6.9,8.9,5.6,2312,576,3,0,2019,2024
31103,Keya Paha County,Nebraska,NE,99.9,26.5,1.3,1.3,823,218,1,1,2019,2024
31105,Kimball County,Nebraska,NE,6.8,3.1,11.3,3.8,259,120,1,0,2019,2024
31107,Knox County,Nebraska,NE,30.7,11.8,7.4,4.6,2671,1023,3,0,2019,2024
31109,Lancaster County,Nebraska,NE,17,4.8,8.4,6.2,48379,13656,74,10,2019,2024
31111,Lincoln County,Nebraska,NE,14.4,3.1,11.6,4.1,5209,1138,8,0,2019,2024
31113,Logan County,Nebraska,NE,14,4.9,2,,107,38,1,0,2019,2024
31115,Loup County,Nebraska,NE,39.9,11.8,6.1,1.6,252,75,1,0,2019,2024
31119,Madison County,Nebraska,NE,29.6,7.8,8.5,6.9,10308,2727,9,1,2019,2024
31117,McPherson County,Nebraska,NE,100,32.8,0.9,7.1,539,177,1,0,2019,2024
31121,Merrick County,Nebraska,NE,31.6,10.5,5.7,1.9,2479,821,3,0,2019,2024
31123,Morrill County,Nebraska,NE,50.3,18,11.6,4.6,2538,909,1,1,2019,2024
31125,Nance County,Nebraska,NE,4.6,1.3,6.9,2.2,173,49,1,0,2019,2024
31127,Nemaha County,Nebraska,NE,4,1.3,13.3,4.8,289,91,2,0,2019,2024
31129,Nuckolls County,Nebraska,NE,37.3,13.6,5.7,2.9,1680,610,2,0,2019,2024
31131,Otoe County,Nebraska,NE,71.8,19.6,6,3,11303,3086,5,0,2019,2024
31133,Pawnee County,Nebraska,NE,18.1,5.4,5.9,5.8,502,150,1,0,2019,2024
31135,Perkins County,Nebraska,NE,29.6,7.3,5.1,2.6,879,218,1,0,2019,2024
31137,Phelps County,Nebraska,NE,22.3,4.6,9.9,6.2,2048,422,3,0,2019,2024
31139,Pierce County,Nebraska,NE,46.5,9.8,7.4,3.2,3376,711,2,0,2019,2024
31141,Platte County,Nebraska,NE,19.2,3.8,7.1,5.1,6204,1222,7,0,2019,2024
31143,Polk County,Nebraska,NE,4.8,1.4,4.9,2.1,258,77,2,0,2019,2024
31145,Red Willow County,Nebraska,NE,58.2,19.2,9.2,9.3,6435,2126,3,1,2019,2024
31147,Richardson County,Nebraska,NE,30.7,9.7,7.5,8,2565,813,3,0,2019,2024
31149,Rock County,Nebraska,NE,28,9,5.3,5.8,428,137,1,0,2019,2024
31151,Saline County,Nebraska,NE,32.2,11.4,4.5,3.2,4568,1616,4,1,2019,2024
31153,Sarpy County,Nebraska,NE,36.7,6.9,4.7,3,58353,10954,43,6,2019,2024
31155,Saunders County,Nebraska,NE,24.5,6.2,4.6,4.4,5081,1286,5,0,2019,2024
31157,Scotts Bluff County,Nebraska,NE,7.7,2,11.9,7,2834,728,11,0,2019,2024
31159,Seward County,Nebraska,NE,32.4,7.4,5.4,4.3,5424,1236,4,0,2019,2024
31161,Sheridan County,Nebraska,NE,32,10.3,10.2,3.7,1750,566,2,0,2019,2024
31163,Sherman County,Nebraska,NE,20.2,4.9,5.2,6.9,635,155,1,0,2019,2024
31165,Sioux County,Nebraska,NE,63.7,20.5,2.2,5.9,836,269,1,1,2019,2024
31167,Stanton County,Nebraska,NE,7.5,1.6,4.8,1.6,457,97,2,0,2019,2024
31169,Thayer County,Nebraska,NE,18.8,5.6,7.2,3.4,980,293,2,0,2019,2024
31171,Thomas County,Nebraska,NE,100,34.6,4.3,4.6,647,224,1,0,2019,2024
31173,Thurston County,Nebraska,NE,3.3,1.3,14.7,5.4,229,92,2,0,2019,2024
31175,Valley County,Nebraska,NE,11.5,4.4,9.8,3.5,492,189,2,0,2019,2024
31177,Washington County,Nebraska,NE,20.4,5,4.7,3,4122,1006,5,1,2019,2024
31179,Wayne County,Nebraska,NE,9,2.4,6.8,5.5,862,234,2,0,2019,2024
31181,Webster County,Nebraska,NE,52.4,13.6,9.5,3.3,1998,520,2,0,2019,2024
31183,Wheeler County,Nebraska,NE,89.1,31.3,2.8,3.6,729,256,1,0,2019,2024
31185,York County,Nebraska,NE,19.7,5.5,7.4,6.4,2696,758,4,0,2019,2024
32510,Carson City,Nevada,NV,14.3,2.7,10.3,6.8,7883,1517,13,0,2019,2024
32001,Churchill County,Nevada,NV,18.9,5.8,10.6,3.9,4711,1437,7,1,2019,2024
32003,Clark County,Nevada,NV,19,5.2,13.6,7.6,371217,101209,487,30,2019,2024
32005,Douglas County,Nevada,NV,50.1,12,5.6,3.3,23560,5658,16,1,2019,2024
32007,Elko County,Nevada,NV,16.1,4.1,9.1,5.6,7873,1995,14,1,2019,2024
32009,Esmeralda County,Nevada,NV,97.2,43.7,27.8,22.9,761,342,1,1,2019,2024
32011,Eureka County,Nevada,NV,46.8,6.3,2.6,10.6,930,124,1,0,2019,2024
32013,Humboldt County,Nevada,NV,15.7,5.2,11.3,3.2,2588,857,4,1,2019,2024
32015,Lander County,Nevada,NV,15.2,4.2,11.5,2.8,879,241,1,0,2019,2024
32017,Lincoln County,Nevada,NV,52.6,14.6,4.6,1.9,2811,780,2,0,2019,2024
32019,Lyon County,Nevada,NV,39.3,9.8,11,2.3,20419,5093,10,0,2019,2024
32021,Mineral County,Nevada,NV,92.6,32.7,13.9,5.1,4420,1562,2,1,2019,2024
32023,Nye County,Nevada,NV,87.1,34.2,14.9,5.6,38294,15035,9,5,2019,2024
32027,Pershing County,Nevada,NV,15.3,4.4,9.3,3.4,1036,299,1,0,2019,2024
32029,Storey County,Nevada,NV,0.4,0.1,4.4,1.6,15,4,1,0,2019,2024
32031,Washoe County,Nevada,NV,30.1,6.8,10.5,6.4,127025,28636,108,8,2019,2024
32033,White Pine County,Nevada,NV,54.5,12.5,8.5,1.9,5470,1249,3,0,2019,2024
33001,Belknap County,New Hampshire,NH,11.4,2.3,6.9,4,6821,1355,15,1,2019,2024
33003,Carroll County,New Hampshire,NH,1.5,0.5,5,3.1,734,216,11,1,2019,2024
33005,Cheshire County,New Hampshire,NH,19.3,4.2,6.3,4.7,14871,3264,16,3,2019,2024
33007,Coos County,New Hampshire,NH,16.9,5.2,12.6,9,5597,1712,11,3,2019,2024
33009,Grafton County,New Hampshire,NH,10.5,2.5,6.4,6.3,9348,2233,19,3,2019,2024
33011,Hillsborough County,New Hampshire,NH,32.3,4.1,6.6,5.2,129358,16348,85,6,2019,2024
33013,Merrimack County,New Hampshire,NH,16.2,3.1,7,4.2,23653,4527,36,3,2019,2024
33015,Rockingham County,New Hampshire,NH,43,5.2,3.3,3.1,127074,15371,64,7,2019,2024
33017,Strafford County,New Hampshire,NH,24.2,5.7,7.3,4.9,29858,6976,25,7,2019,2024
33019,Sullivan County,New Hampshire,NH,33.9,8.5,8.3,5.3,14815,3705,10,4,2019,2024
34001,Atlantic County,New Jersey,NJ,30.1,7.8,12.2,11,82677,21480,69,13,2019,2024
34003,Bergen County,New Jersey,NJ,10.3,0.9,5.3,7.5,92860,8099,179,0,2019,2024
34005,Burlington County,New Jersey,NJ,36.3,5,4.9,4.3,162842,22582,114,9,2019,2024
34007,Camden County,New Jersey,NJ,20,4.5,13.3,10.6,102737,22869,127,14,2019,2024
34009,Cape May County,New Jersey,NJ,32.8,8.7,7.5,5.7,31929,8505,32,6,2019,2024
34011,Cumberland County,New Jersey,NJ,35.2,11.7,17.6,10.1,55184,18332,33,8,2019,2024
34013,Essex County,New Jersey,NJ,8.1,0.7,14.8,21,63498,5869,210,3,2019,2024
34015,Gloucester County,New Jersey,NJ,41.3,6.5,6.6,5.2,119125,18649,63,4,2019,2024
34017,Hudson County,New Jersey,NJ,0.7,0.1,14.7,33.4,4315,754,165,0,2019,2024
34019,Hunterdon County,New Jersey,NJ,20.4,2.6,3.6,3.3,26211,3379,26,0,2019,2024
34021,Mercer County,New Jersey,NJ,28,3.7,9.3,11.2,102458,13450,77,1,2019,2024
34023,Middlesex County,New Jersey,NJ,25,3.9,7.9,8,202816,31605,175,5,2019,2024
34025,Monmouth County,New Jersey,NJ,34.1,4.7,5.4,6.4,214813,29628,143,6,2019,2024
34027,Morris County,New Jersey,NJ,40.3,3.7,3.7,5.1,198598,18135,100,0,2019,2024
34029,Ocean County,New Jersey,NJ,43.6,8.9,6.4,6,251643,51113,125,25,2019,2024
34031,Passaic County,New Jersey,NJ,15.2,1.8,19,13.9,76285,9151,100,1,2019,2024
34033,Salem County,New Jersey,NJ,20.8,8.4,12.5,9.6,13760,5569,24,5,2019,2024
34035,Somerset County,New Jersey,NJ,40.2,3.2,3.7,4,130062,10364,68,1,2019,2024
34037,Sussex County,New Jersey,NJ,42.7,5.3,3.1,3.3,63767,7979,41,1,2019,2024
34039,Union County,New Jersey,NJ,11,0.9,8.8,10.2,58810,5062,108,2,2019,2024
34041,Warren County,New Jersey,NJ,35.1,7.8,7.4,5.6,38102,8499,23,4,2019,2024
35001,Bernalillo County,New Mexico,NM,19.4,6,17,6.4,128657,39975,153,16,2019,2024
35003,Catron County,New Mexico,NM,100,44.1,9.3,5.9,3725,1643,1,1,2019,2024
35005,Chaves County,New Mexico,NM,28.2,16.3,25,5.5,18481,10722,16,5,2019,2024
35006,Cibola County,New Mexico,NM,39.3,21.9,23.6,9.1,10697,5965,7,3,2019,2024
35007,Colfax County,New Mexico,NM,28.5,14.6,23.4,6.6,3916,2012,3,1,2019,2024
35009,Curry County,New Mexico,NM,32.4,12.9,25.5,6.1,15660,6256,12,4,2019,2024
35011,De Baca County,New Mexico,NM,17.3,7.8,18.7,5.6,350,158,1,0,2019,2024
35013,Doña Ana County,New Mexico,NM,32.9,16.5,24.1,6.1,68743,34540,41,14,2019,2024
35015,Eddy County,New Mexico,NM,30.5,10.2,14.2,4.7,16399,5475,12,3,2019,2024
35017,Grant County,New Mexico,NM,26.6,10.7,19.1,3.2,7843,3160,8,2,2019,2024
35019,Guadalupe County,New Mexico,NM,28.5,14.4,40.7,4.8,1335,673,1,1,2019,2024
35021,Harding County,New Mexico,NM,100,48.1,8.7,7.7,695,335,1,1,2019,2024
35023,Hidalgo County,New Mexico,NM,34.4,15.9,21.2,9.9,1685,780,2,1,2019,2024
35025,Lea County,New Mexico,NM,20.7,7.2,19.8,4.3,13396,4634,18,4,2019,2024
35027,Lincoln County,New Mexico,NM,38.4,15.3,14.7,3.9,7870,3142,5,1,2019,2024
35028,Los Alamos County,New Mexico,NM,44.6,5,4.2,2.2,7997,904,4,0,2019,2024
35029,Luna County,New Mexico,NM,37.4,23.9,30.1,5.2,9390,5989,6,4,2019,2024
35031,McKinley County,New Mexico,NM,54.7,34.1,37.7,10.7,39105,24379,17,10,2019,2024
35033,Mora County,New Mexico,NM,100,60,20.3,2.5,4881,2927,1,1,2019,2024
35035,Otero County,New Mexico,NM,23.9,7.9,21.6,5,15259,5041,16,2,2019,2024
35037,Quay County,New Mexico,NM,38,18.2,30.5,11.7,3439,1646,3,2,2019,2024
35039,Rio Arriba County,New Mexico,NM,38.2,0,18.8,3.8,15361,0,9,0,2019,2024
35041,Roosevelt County,New Mexico,NM,31.6,14.7,21.2,7.4,6274,2927,5,2,2019,2024
35045,San Juan County,New Mexico,NM,39.1,19.2,23.1,6.7,50865,24986,33,13,2019,2024
35047,San Miguel County,New Mexico,NM,45.4,22.7,29.2,8.7,13346,6665,7,4,2019,2024
35043,Sandoval County,New Mexico,NM,53.1,18.4,13.8,3.2,69866,24236,27,4,2019,2024
35049,Santa Fe County,New Mexico,NM,30.2,9.3,11,4.2,43543,13473,50,6,2019,2024
35051,Sierra County,New Mexico,NM,29.2,15,15.9,7.3,3502,1794,4,2,2019,2024
35053,Socorro County,New Mexico,NM,50.2,27.3,24.8,6.7,8961,4874,6,5,2019,2024
35055,Taos County,New Mexico,NM,28.2,13.8,17.3,3,9292,4546,6,4,2019,2024
35057,Torrance County,New Mexico,NM,40.7,21.6,27.1,4.3,6662,3546,4,2,2019,2024
35059,Union County,New Mexico,NM,26.8,11,20.2,4.7,1220,501,1,1,2019,2024
35061,Valencia County,New Mexico,NM,58.8,26.9,24,3,45022,20612,18,7,2019,2024
36001,Albany County,New York,NY,31.4,5.5,11,12.6,95528,16860,75,4,2019,2024
36003,Allegany County,New York,NY,3.9,1.3,15.9,7.7,1899,648,13,1,2019,2024
36005,Bronx County,New York,NY,0.6,0,38.6,61.1,7686,8,336,0,2019,2024
36007,Broome County,New York,NY,16.4,3.7,15.4,13.5,32836,7370,55,3,2019,2024
36009,Cattaraugus County,New York,NY,7.9,2.4,18,10.7,6322,1940,20,1,2019,2024
36011,Cayuga County,New York,NY,3.3,1,14.8,9.1,2645,795,19,1,2019,2024
36013,Chautauqua County,New York,NY,14.4,5.6,19.9,11.1,19455,7619,35,7,2019,2024
36015,Chemung County,New York,NY,24.9,6.2,16.5,9.8,22120,5493,22,3,2019,2024
36017,Chenango County,New York,NY,4.1,1.8,14.4,7.8,2050,915,12,1,2019,2024
36019,Clinton County,New York,NY,9.3,3.2,16.9,10.4,7621,2650,19,1,2019,2024
36021,Columbia County,New York,NY,16.7,7.1,9.7,6.1,10567,4499,21,2,2019,2024
36023,Cortland County,New York,NY,17.6,4.3,15.5,11.7,8699,2127,12,0,2019,2024
36025,Delaware County,New York,NY,11.4,3.7,12.4,8.6,5492,1774,14,1,2019,2024
36027,Dutchess County,New York,NY,35.9,5.7,7.9,7.2,106683,16830,78,3,2019,2024
36029,Erie County,New York,NY,20.9,5.8,15.5,11.5,192106,52889,236,27,2019,2024
36031,Essex County,New York,NY,2.9,0.7,10.5,7.4,1127,259,13,0,2019,2024
36033,Franklin County,New York,NY,20.7,7.6,17.5,10.6,10694,3912,14,4,2019,2024
36035,Fulton County,New York,NY,12.5,3.8,15.4,10.2,6966,2113,15,0,2019,2024
36037,Genesee County,New York,NY,9.8,1.5,13.6,8.8,5868,929,15,0,2019,2024
36039,Greene County,New York,NY,11.7,2,7.9,7.3,5762,967,15,0,2019,2024
36041,Hamilton County,New York,NY,53.3,12.2,4.9,3.5,2580,590,4,0,2019,2024
36043,Herkimer County,New York,NY,12.4,4.2,14.8,9.6,7996,2695,19,2,2019,2024
36045,Jefferson County,New York,NY,15.2,5.9,15.8,9.7,17712,6820,25,5,2019,2024
36047,Kings County,New York,NY,0,0,22.9,56.4,373,41,754,0,2019,2024
36049,Lewis County,New York,NY,13.6,4.5,12.5,5.4,3676,1216,7,4,2019,2024
36051,Livingston County,New York,NY,18,3.9,10.4,5.8,11761,2557,15,2,2019,2024
36053,Madison County,New York,NY,16.8,5.8,11.6,6,12326,4248,16,2,2019,2024
36055,Monroe County,New York,NY,33.9,6.9,15,10.8,252371,51065,191,17,2019,2024
36057,Montgomery County,New York,NY,37.9,18.4,15.4,11.4,19057,9225,16,8,2019,2024
36059,Nassau County,New York,NY,5.6,0.5,5,6.8,74410,6490,279,0,2019,2024
36061,New York County,New York,NY,0,0,14.4,78,2,0,286,0,2019,2024
36063,Niagara County,New York,NY,19.8,5.3,14.7,9.9,42949,11395,60,6,2019,2024
36065,Oneida County,New York,NY,18.2,5.6,16.7,12,42858,13146,74,9,2019,2024
36067,Onondaga County,New York,NY,26.7,6.1,14.4,12,124841,28390,140,11,2019,2024
36069,Ontario County,New York,NY,9.9,3,8.6,6.1,10674,3288,25,2,2019,2024
36071,Orange County,New York,NY,33.8,6,10.7,9.4,126031,22260,79,7,2019,2024
36073,Orleans County,New York,NY,9.2,3.8,15.4,7.9,3963,1641,10,2,2019,2024
36075,Oswego County,New York,NY,7.9,2.5,16,8.4,9631,3016,29,2,2019,2024
36077,Otsego County,New York,NY,34.2,10.6,9.9,7.3,21295,6620,17,6,2019,2024
36079,Putnam County,New York,NY,53.6,6.7,3.2,4.6,53405,6677,19,0,2019,2024
36081,Queens County,New York,NY,0.6,0.1,15.9,37.4,12723,1663,656,0,2019,2024
36083,Rensselaer County,New York,NY,23.6,4.1,10.9,9.8,37663,6531,42,6,2019,2024
36085,Richmond County,New York,NY,1,0.2,13.4,15.9,4687,735,108,0,2019,2024
36087,Rockland County,New York,NY,27.6,4.4,11.9,9.8,86177,13584,65,5,2019,2024
36091,Saratoga County,New York,NY,24.4,3.6,6.5,4.7,53504,7848,50,1,2019,2024
36093,Schenectady County,New York,NY,18.8,3,14,12.4,29124,4613,43,1,2019,2024
36095,Schoharie County,New York,NY,6.9,1.3,13.7,6.6,2252,415,8,0,2019,2024
36097,Schuyler County,New York,NY,0.8,0.4,15.1,6.8,150,65,5,0,2019,2024
36099,Seneca County,New York,NY,6.6,2.1,12,8.8,2316,726,10,0,2019,2024
36089,St. Lawrence County,New York,NY,16.4,7.3,15.5,10.1,18392,8160,28,9,2019,2024
36101,Steuben County,New York,NY,14.1,4.4,12.1,10.1,14001,4356,30,4,2019,2024
36103,Suffolk County,New York,NY,28.5,4,7.2,5.1,425715,60345,322,6,2019,2024
36105,Sullivan County,New York,NY,4.6,2.8,17.1,8.6,3605,2207,24,2,2019,2024
36107,Tioga County,New York,NY,8.3,1.1,13.4,7.2,4248,542,10,0,2019,2024
36109,Tompkins County,New York,NY,15.2,5.4,8.9,14.1,15392,5534,23,5,2019,2024
36111,Ulster County,New York,NY,23.4,6.1,9.8,7.3,42616,11199,47,5,2019,2024
36113,Warren County,New York,NY,31.8,5.3,9.8,7.8,20895,3505,19,0,2019,2024
36115,Washington County,New York,NY,7.5,2.4,12.1,8.2,4712,1495,17,1,2019,2024
36117,Wayne County,New York,NY,6.1,1.9,11.4,7.2,5738,1821,22,3,2019,2024
36119,Westchester County,New York,NY,14,1.4,9.4,14.3,133301,12894,221,2,2019,2024
36121,Wyoming County,New York,NY,21.7,4.3,11,7.3,9152,1798,11,0,2019,2024
36123,Yates County,New York,NY,0.6,0.2,10.7,14,151,45,5,0,2019,2024
37001,Alamance County,North Carolina,NC,25,11.1,13.6,4.7,37774,16794,36,10,2019,2024
37003,Alexander County,North Carolina,NC,20.4,7.6,13.5,3.1,7590,2825,7,1,2019,2024
37005,Alleghany County,North Carolina,NC,4.3,2,14,6,477,222,3,0,2019,2024
37007,Anson County,North Carolina,NC,8.4,4.6,33.8,9.4,2268,1247,6,1,2019,2024
37009,Ashe County,North Carolina,NC,22.2,10.6,14,4.4,6044,2887,6,2,2019,2024
37011,Avery County,North Carolina,NC,0.3,0.2,13.9,5.1,54,34,5,0,2019,2024
37013,Beaufort County,North Carolina,NC,20.7,9.2,16.7,6.2,9906,4389,11,3,2019,2024
37015,Bertie County,North Carolina,NC,45.9,24.5,23.9,8.7,9779,5211,4,3,2019,2024
37017,Bladen County,North Carolina,NC,14.4,7.3,26.2,7.8,5063,2552,6,3,2019,2024
37019,Brunswick County,North Carolina,NC,28,8.6,8.5,2.4,30109,9253,32,2,2019,2024
37021,Buncombe County,North Carolina,NC,29.4,9.8,9.5,4.7,70127,23393,56,7,2019,2024
37023,Burke County,North Carolina,NC,24.9,10,14.3,4.8,22646,9096,18,3,2019,2024
37025,Cabarrus County,North Carolina,NC,31.7,8.3,10.3,4,56366,14719,37,7,2019,2024
37027,Caldwell County,North Carolina,NC,35.1,15.4,14.3,4.7,29142,12760,17,6,2019,2024
37029,Camden County,North Carolina,NC,3.6,1,10.6,1.4,362,105,2,0,2019,2024
37031,Carteret County,North Carolina,NC,33.2,7.7,9,3.7,22058,5120,36,2,2019,2024
37033,Caswell County,North Carolina,NC,8.7,3,20.1,6,2053,715,6,1,2019,2024
37035,Catawba County,North Carolina,NC,28.2,9.8,11.9,5.2,43603,15108,31,6,2019,2024
37037,Chatham County,North Carolina,NC,11.2,4.6,5.1,2.6,7136,2890,13,4,2019,2024
37039,Cherokee County,North Carolina,NC,8.7,3.2,11.9,5.8,2399,873,7,1,2019,2024
37041,Chowan County,North Carolina,NC,35.1,16.3,22.2,9.8,5192,2409,3,1,2019,2024
37043,Clay County,North Carolina,NC,3.2,1.1,11.2,6.4,343,116,2,0,2019,2024
37045,Cleveland County,North Carolina,NC,13.8,6.1,21.3,5,13518,5938,22,6,2019,2024
37047,Columbus County,North Carolina,NC,8.2,3.7,22.6,5.5,4773,2134,13,1,2019,2024
37049,Craven County,North Carolina,NC,34.4,8.7,14,6.3,35562,9000,21,2,2019,2024
37051,Cumberland County,North Carolina,NC,29.2,13.6,18.6,6.8,93404,43317,67,22,2019,2024
37053,Currituck County,North Carolina,NC,1.5,0.5,5.8,2.1,357,109,7,0,2019,2024
37055,Dare County,North Carolina,NC,35.6,8.5,5.1,2.7,12087,2885,9,0,2019,2024
37057,Davidson County,North Carolina,NC,25.2,9.5,13.1,3.9,41121,15547,34,7,2019,2024
37059,Davie County,North Carolina,NC,31.5,8.4,11.7,6.1,12981,3458,7,0,2019,2024
37061,Duplin County,North Carolina,NC,11,6.3,15.8,5.8,6436,3697,11,2,2019,2024
37063,Durham County,North Carolina,NC,33,8.1,9.1,6.7,88260,21595,60,8,2019,2024
37065,Edgecombe County,North Carolina,NC,17.6,9.6,23.6,10,9938,5406,14,6,2019,2024
37067,Forsyth County,North Carolina,NC,40.9,14.2,13.9,6.2,143383,49909,93,23,2019,2024
37069,Franklin County,North Carolina,NC,4.2,2.2,12.4,3.8,2571,1315,12,3,2019,2024
37071,Gaston County,North Carolina,NC,33.2,11.9,16.1,5.1,68398,24534,65,14,2019,2024
37073,Gates County,North Carolina,NC,25.9,7.9,14,2.3,3162,962,3,1,2019,2024
37075,Graham County,North Carolina,NC,2.7,1,14.7,10.6,235,90,3,0,2019,2024
37077,Granville County,North Carolina,NC,23.1,8.5,13.9,3.6,13813,5068,13,3,2019,2024
37079,Greene County,North Carolina,NC,0.1,0.1,21.9,5.8,27,15,4,0,2019,2024
37081,Guilford County,North Carolina,NC,24.2,7.3,15.5,6.7,118195,35596,118,18,2019,2024
37083,Halifax County,North Carolina,NC,10.8,6.4,29.1,9.1,5907,3497,12,3,2019,2024
37085,Harnett County,North Carolina,NC,17.9,6.6,15.2,3.9,20555,7530,27,4,2019,2024
37087,Haywood County,North Carolina,NC,9.5,3.3,13.5,4,5607,1936,16,1,2019,2024
37089,Henderson County,North Carolina,NC,25.7,8.1,9.2,3.5,27482,8665,26,2,2019,2024
37091,Hertford County,North Carolina,NC,22.4,11.4,27.8,7.9,5529,2812,5,2,2019,2024
37093,Hoke County,North Carolina,NC,18.2,7.9,20.1,4.8,8537,3690,8,2,2019,2024
37095,Hyde County,North Carolina,NC,60.5,30.1,22.5,11.1,3513,1748,1,1,2019,2024
37097,Iredell County,North Carolina,NC,22.2,5.8,8.1,3.7,35439,9176,44,5,2019,2024
37099,Jackson County,North Carolina,NC,6,1.9,12.2,3.1,2426,749,9,0,2019,2024
37101,Johnston County,North Carolina,NC,12.5,2.9,11.4,3.7,21026,4861,25,2,2019,2024
37103,Jones County,North Carolina,NC,0.2,0.1,15.5,6.6,18,9,3,0,2019,2024
37105,Lee County,North Carolina,NC,23,8.1,15.2,3.9,13306,4713,13,2,2019,2024
37107,Lenoir County,North Carolina,NC,31.3,13.3,27.3,9.1,18617,7920,15,4,2019,2024
37109,Lincoln County,North Carolina,NC,25.3,6.9,11.4,3.3,19779,5385,18,3,2019,2024
37113,Macon County,North Carolina,NC,8,3.4,8.9,6.1,2717,1159,9,2,2019,2024
37115,Madison County,North Carolina,NC,13.1,6.3,12.2,4.5,2721,1300,6,2,2019,2024
37117,Martin County,North Carolina,NC,9.5,4,20.1,8.6,2319,976,6,1,2019,2024
37111,McDowell County,North Carolina,NC,2.8,1.3,18.3,6.2,1254,576,10,0,2019,2024
37119,Mecklenburg County,North Carolina,NC,21.3,5.5,8.7,5.8,195936,50345,231,19,2019,2024
37121,Mitchell County,North Carolina,NC,6.5,1.7,17,8.1,1015,270,4,0,2019,2024
37123,Montgomery County,North Carolina,NC,17,6.9,18.6,4.8,4713,1908,6,1,2019,2024
37125,Moore County,North Carolina,NC,26.8,6.8,8.6,4.2,23660,6027,18,2,2019,2024
37127,Nash County,North Carolina,NC,17.7,5.5,18.3,6.9,17003,5234,18,1,2019,2024
37129,New Hanover County,North Carolina,NC,28.7,8.8,9.2,5.6,58148,17897,44,8,2019,2024
37131,Northampton County,North Carolina,NC,1.2,0.5,26.4,7,256,103,5,0,2019,2024
37133,Onslow County,North Carolina,NC,38.9,14.5,12.1,4.3,69209,25795,31,8,2019,2024
37135,Orange County,North Carolina,NC,8.7,2.2,5.8,4.9,11617,2914,28,0,2019,2024
37137,Pamlico County,North Carolina,NC,5.9,3.5,10.8,3.5,777,456,4,1,2019,2024
37139,Pasquotank County,North Carolina,NC,17.8,10,17.6,5.7,7232,4073,10,5,2019,2024
37141,Pender County,North Carolina,NC,23.6,5.7,11.8,3.2,12297,2978,15,1,2019,2024
37143,Perquimans County,North Carolina,NC,5.4,2.3,13.7,5.8,731,310,3,0,2019,2024
37145,Person County,North Carolina,NC,10.9,5.1,20.5,4.9,4285,2007,7,3,2019,2024
37147,Pitt County,North Carolina,NC,21.7,8.5,15.2,9,36492,14247,32,9,2019,2024
37149,Polk County,North Carolina,NC,5.7,1.6,9.7,4,1165,331,7,0,2019,2024
37151,Randolph County,North Carolina,NC,23.3,10.3,15.2,3.7,33068,14537,28,6,2019,2024
37153,Richmond County,North Carolina,NC,22.7,11.2,28.6,10.7,10597,5220,11,3,2019,2024
37155,Robeson County,North Carolina,NC,8.5,5.4,32.6,7.9,11383,7264,31,6,2019,2024
37157,Rockingham County,North Carolina,NC,17.7,9.8,17.7,6.7,16529,9220,21,5,2019,2024
37159,Rowan County,North Carolina,NC,22.7,8.8,16,6.5,31408,12193,30,7,2019,2024
37161,Rutherford County,North Carolina,NC,14.5,5.3,19.5,5.1,9844,3563,13,2,2019,2024
37163,Sampson County,North Carolina,NC,7.2,2.7,20.2,4.8,4553,1739,11,2,2019,2024
37165,Scotland County,North Carolina,NC,20.8,9.5,31.6,10.8,7511,3440,7,4,2019,2024
37167,Stanly County,North Carolina,NC,5.2,2.2,15.4,5.5,3154,1323,13,1,2019,2024
37169,Stokes County,North Carolina,NC,13.6,4.3,14.8,4.5,6455,2018,9,2,2019,2024
37171,Surry County,North Carolina,NC,9.3,3,19.5,4.8,6882,2197,22,1,2019,2024
37173,Swain County,North Carolina,NC,2.9,1.5,14.7,6.6,405,211,4,0,2019,2024
37175,Transylvania County,North Carolina,NC,8.3,3,11.3,4.6,2752,977,7,0,2019,2024
37177,Tyrrell County,North Carolina,NC,10.5,4.2,27.3,10.7,463,186,1,0,2019,2024
37179,Union County,North Carolina,NC,39.3,7.6,7.6,2.4,79154,15234,41,6,2019,2024
37181,Vance County,North Carolina,NC,6.1,3,24.3,8,2788,1360,10,2,2019,2024
37183,Wake County,North Carolina,NC,25.4,5.4,6.2,4.4,228500,48529,187,18,2019,2024
37185,Warren County,North Carolina,NC,2.5,1.4,23.1,7.6,519,285,6,1,2019,2024
37187,Washington County,North Carolina,NC,1.4,0.3,33.9,14.1,179,37,3,0,2019,2024
37189,Watauga County,North Carolina,NC,8.3,2.6,7.5,4.4,4243,1303,13,0,2019,2024
37191,Wayne County,North Carolina,NC,23.1,10.4,19.6,6.8,28268,12737,26,10,2019,2024
37193,Wilkes County,North Carolina,NC,6.9,3.5,15.4,5.8,4801,2440,14,2,2019,2024
37195,Wilson County,North Carolina,NC,9.3,2.7,18.1,7,7543,2196,19,2,2019,2024
37197,Yadkin County,North Carolina,NC,12.2,5.3,14.3,5.2,4673,2028,7,0,2019,2024
37199,Yancey County,North Carolina,NC,1.2,0.6,13.8,4.6,211,101,5,0,2019,2024
38001,Adams County,North Dakota,ND,22.6,5.7,12.6,9.4,530,133,1,0,2019,2024
38003,Barnes County,North Dakota,ND,30.2,6.3,6.3,6.4,3337,694,4,0,2019,2024
38005,Benson County,North Dakota,ND,42.7,15.1,20.5,8.8,2844,1007,4,1,2019,2024
38007,Billings County,North Dakota,ND,100,18.2,,2,783,142,1,0,2019,2024
38009,Bottineau County,North Dakota,ND,45.4,10.5,5.2,1.7,2920,673,3,0,2019,2024
38011,Bowman County,North Dakota,ND,29.8,2.9,5.1,3.3,938,92,2,0,2019,2024
38013,Burke County,North Dakota,ND,68.8,16.2,7.4,4.8,1354,320,1,0,2019,2024
38015,Burleigh County,North Dakota,ND,27.2,4.6,5.8,6.1,22083,3744,19,1,2019,2024
38017,Cass County,North Dakota,ND,21,3.3,6.2,6.8,31499,4885,33,2,2019,2024
38019,Cavalier County,North Dakota,ND,36.3,8.2,4.7,3.8,1449,329,2,0,2019,2024
38021,Dickey County,North Dakota,ND,14.2,2.8,5.5,1.3,753,150,3,0,2019,2024
38023,Divide County,North Dakota,ND,33,7.9,1.8,3.6,684,164,1,0,2019,2024
38025,Dunn County,North Dakota,ND,52.8,13.3,3.7,2,1866,470,1,0,2019,2024
38027,Eddy County,North Dakota,ND,28.9,8.2,6.6,3.8,689,195,1,0,2019,2024
38029,Emmons County,North Dakota,ND,45.7,13.4,9.1,6,1623,476,1,1,2019,2024
38031,Foster County,North Dakota,ND,18.3,5.9,9.5,8,613,197,1,0,2019,2024
38033,Golden Valley County,North Dakota,ND,100,33.3,16.3,3.7,1680,559,1,0,2019,2024
38035,Grand Forks County,North Dakota,ND,25,10,6,7.1,16692,6661,18,4,2019,2024
38037,Grant County,North Dakota,ND,52.3,15.7,11.6,4.4,1253,377,1,0,2019,2024
38039,Griggs County,North Dakota,ND,32.8,5.9,5.7,5.9,794,144,1,0,2019,2024
38041,Hettinger County,North Dakota,ND,100,29.2,4.2,3.8,2476,723,2,1,2019,2024
38043,Kidder County,North Dakota,ND,100,38,5.4,1.1,2435,925,1,1,2019,2024
38045,LaMoure County,North Dakota,ND,74.7,19.4,5.7,3.2,3093,804,2,0,2019,2024
38047,Logan County,North Dakota,ND,95.8,26.1,5.1,3.1,1907,520,1,0,2019,2024
38049,McHenry County,North Dakota,ND,69,17,6.3,3.2,3723,917,2,0,2019,2024
38051,McIntosh County,North Dakota,ND,19.9,5.3,6.4,5.6,559,150,1,1,2019,2024
38053,McKenzie County,North Dakota,ND,44.8,15.7,3.4,5,2849,1000,4,1,2019,2024
38055,McLean County,North Dakota,ND,55.2,13.2,3.8,3.3,4944,1183,2,0,2019,2024
38057,Mercer County,North Dakota,ND,23.4,4.2,2.7,2.5,1967,355,3,0,2019,2024
38059,Morton County,North Dakota,ND,30.7,5.2,4.2,2.5,8432,1430,5,0,2019,2024
38061,Mountrail County,North Dakota,ND,12.2,2.5,4.7,4.3,933,192,3,0,2019,2024
38063,Nelson County,North Dakota,ND,100,26.5,4.9,3.1,3126,827,1,0,2019,2024
38065,Oliver County,North Dakota,ND,83.8,19.6,1.2,2.3,1547,362,1,0,2019,2024
38067,Pembina County,North Dakota,ND,45.9,8.3,8.6,3.2,3406,614,5,0,2019,2024
38069,Pierce County,North Dakota,ND,19.3,6.6,7.2,2.4,841,289,2,0,2019,2024
38071,Ramsey County,North Dakota,ND,27.6,5.2,10.9,10.7,3162,600,3,0,2019,2024
38073,Ransom County,North Dakota,ND,12.2,1.8,5.8,4,666,97,3,0,2019,2024
38075,Renville County,North Dakota,ND,57.5,13.5,6.6,2.7,1421,334,1,0,2019,2024
38077,Richland County,North Dakota,ND,29.9,5.4,6.2,6.3,4872,875,6,0,2019,2024
38079,Rolette County,North Dakota,ND,9.6,5,25.6,10.8,1338,695,4,1,2019,2024
38081,Sargent County,North Dakota,ND,9.7,1.6,5.4,3,370,60,2,0,2019,2024
38083,Sheridan County,North Dakota,ND,90.7,28.9,7.1,3,1198,382,1,1,2019,2024
38085,Sioux County,North Dakota,ND,40.3,24.3,36.8,12.7,1675,1011,2,1,2019,2024
38087,Slope County,North Dakota,ND,95.2,20.6,2.4,0.8,692,149,1,0,2019,2024
38089,Stark County,North Dakota,ND,26.8,6.4,7.5,7.9,6486,1555,8,0,2019,2024
38091,Steele County,North Dakota,ND,84.5,12.5,3.3,0.7,1669,246,1,0,2019,2024
38093,Stutsman County,North Dakota,ND,27.7,6.4,9.4,6.6,5855,1344,6,0,2019,2024
38095,Towner County,North Dakota,ND,34.8,8,4.6,2.6,782,180,1,0,2019,2024
38097,Traill County,North Dakota,ND,17.8,2.1,4.4,4.6,1444,174,4,0,2019,2024
38099,Walsh County,North Dakota,ND,19.5,5.3,4.1,3.2,2171,594,6,0,2019,2024
38101,Ward County,North Dakota,ND,24.2,7.4,7.1,4.8,14917,4566,13,1,2019,2024
38103,Wells County,North Dakota,ND,44.8,10,6.5,4.8,1884,420,2,0,2019,2024
38105,Williams County,North Dakota,ND,30.6,5.1,6,6.6,6855,1133,7,0,2019,2024
39001,Adams County,Ohio,OH,22,11.2,20.7,7.4,6283,3193,6,2,2019,2024
39003,Allen County,Ohio,OH,17.4,4,13.8,7.5,18548,4256,33,2,2019,2024
39005,Ashland County,Ohio,OH,5,1.5,8.9,6.5,2646,804,11,1,2019,2024
39007,Ashtabula County,Ohio,OH,21.9,10,18.2,7.8,22266,10106,25,7,2019,2024
39009,Athens County,Ohio,OH,17,11,14.4,6.8,10983,7110,15,5,2019,2024
39011,Auglaize County,Ohio,OH,9.9,2.2,6.8,4,4537,997,11,0,2019,2024
39013,Belmont County,Ohio,OH,22.3,6.9,15.2,7.1,15664,4864,20,3,2019,2024
39015,Brown County,Ohio,OH,6.8,2.8,16.9,5.9,3063,1239,9,1,2019,2024
39017,Butler County,Ohio,OH,42.7,9.4,9.8,4.7,157041,34714,80,19,2019,2024
39019,Carroll County,Ohio,OH,6.4,1.9,12,6.8,1855,549,7,0,2019,2024
39021,Champaign County,Ohio,OH,3.4,1.2,10.2,5.6,1354,487,10,0,2019,2024
39023,Clark County,Ohio,OH,20.3,8,18,7.2,28145,11110,44,10,2019,2024
39025,Clermont County,Ohio,OH,45.4,9.7,7.9,4.6,89554,19067,40,5,2019,2024
39027,Clinton County,Ohio,OH,29.3,12.3,11.3,4.8,12314,5182,9,2,2019,2024
39029,Columbiana County,Ohio,OH,17.8,6.1,15.2,7.6,19153,6608,24,3,2019,2024
39031,Coshocton County,Ohio,OH,8.1,2.8,18.3,11.8,2985,1027,10,2,2019,2024
39033,Crawford County,Ohio,OH,31.5,13.6,13.8,5.3,13802,5966,13,3,2019,2024
39035,Cuyahoga County,Ohio,OH,16.8,3.3,16.3,12.2,215515,42413,444,25,2019,2024
39037,Darke County,Ohio,OH,9.8,3.5,8.1,5.2,5167,1850,12,1,2019,2024
39039,Defiance County,Ohio,OH,17.3,5.7,9.3,5,6742,2238,9,1,2019,2024
39041,Delaware County,Ohio,OH,44.1,4.7,3.6,3.2,76767,8217,35,1,2019,2024
39043,Erie County,Ohio,OH,22.2,6.9,11.4,6.9,17125,5315,18,3,2019,2024
39045,Fairfield County,Ohio,OH,24.6,6,9.1,4.1,36013,8755,28,6,2019,2024
39047,Fayette County,Ohio,OH,10.6,3.9,14.3,4.8,3068,1124,7,1,2019,2024
39049,Franklin County,Ohio,OH,24.4,6.5,10.9,7.4,283762,76129,284,42,2019,2024
39051,Fulton County,Ohio,OH,17.8,5.9,9.6,2.8,7582,2529,9,0,2019,2024
39053,Gallia County,Ohio,OH,14,6.7,19,8.2,4339,2074,7,3,2019,2024
39055,Geauga County,Ohio,OH,24.4,4,4.4,8.1,22826,3781,21,1,2019,2024
39057,Greene County,Ohio,OH,29.4,6.2,7.7,4.4,47442,10046,35,4,2019,2024
39059,Guernsey County,Ohio,OH,29,12.5,17.1,8.8,11625,5015,10,3,2019,2024
39061,Hamilton County,Ohio,OH,31.1,7.9,12.2,10.3,249868,63556,222,39,2019,2024
39063,Hancock County,Ohio,OH,13,3.8,9,5.1,9734,2863,13,2,2019,2024
39065,Hardin County,Ohio,OH,9.1,3.3,12.4,6.6,2931,1057,7,0,2019,2024
39067,Harrison County,Ohio,OH,15.2,4.6,13.6,6.1,2404,728,5,1,2019,2024
39069,Henry County,Ohio,OH,8.8,1.8,6.1,3.7,2489,502,7,0,2019,2024
39071,Highland County,Ohio,OH,6.1,2.4,15.1,6.8,2660,1031,9,1,2019,2024
39073,Hocking County,Ohio,OH,14.1,5.7,16.6,5.7,4151,1679,7,1,2019,2024
39075,Holmes County,Ohio,OH,5.2,2.2,4.8,30.9,2197,932,8,0,2019,2024
39077,Huron County,Ohio,OH,13.3,4.7,11.3,4.3,7919,2794,13,2,2019,2024
39079,Jackson County,Ohio,OH,5.7,2.6,20,7.6,1898,858,7,1,2019,2024
39081,Jefferson County,Ohio,OH,23.1,10.1,16.6,8.5,16111,7056,23,6,2019,2024
39083,Knox County,Ohio,OH,20.3,6,10.5,6.3,12375,3625,12,3,2019,2024
39085,Lake County,Ohio,OH,38.3,7.8,7.5,5.1,88021,18045,58,2,2019,2024
39087,Lawrence County,Ohio,OH,12.1,4.5,21,6.8,7569,2785,16,1,2019,2024
39089,Licking County,Ohio,OH,35.1,8.2,11.9,5.2,58515,13652,32,6,2019,2024
39091,Logan County,Ohio,OH,5.7,2.6,11.3,6.1,2628,1212,11,2,2019,2024
39093,Lorain County,Ohio,OH,27.9,6.7,11.4,5.7,83987,20340,73,13,2019,2024
39095,Lucas County,Ohio,OH,18.3,6.8,16.4,8.6,80754,30248,127,20,2019,2024
39097,Madison County,Ohio,OH,36.3,8.2,9.7,3.3,15768,3577,12,1,2019,2024
39099,Mahoning County,Ohio,OH,35.5,15.4,19,8.4,84879,36726,70,24,2019,2024
39101,Marion County,Ohio,OH,32.2,13.5,17,6.9,21410,8987,18,7,2019,2024
39103,Medina County,Ohio,OH,23.2,3.9,6.5,4,40021,6670,37,1,2019,2024
39105,Meigs County,Ohio,OH,33.9,14.9,25.1,6.4,8063,3544,6,4,2019,2024
39107,Mercer County,Ohio,OH,13,2.6,6.8,4,5292,1064,9,1,2019,2024
39109,Miami County,Ohio,OH,16,3.9,7.7,5.7,16373,4041,21,1,2019,2024
39111,Monroe County,Ohio,OH,6.4,2.6,13.4,9.4,930,375,4,0,2019,2024
39113,Montgomery County,Ohio,OH,28.8,10.1,13.5,8.5,153955,54238,152,35,2019,2024
39115,Morgan County,Ohio,OH,14.9,7.9,16.4,6.7,2248,1184,4,2,2019,2024
39117,Morrow County,Ohio,OH,2.2,0.4,11.8,5.3,754,131,6,0,2019,2024
39119,Muskingum County,Ohio,OH,23.7,10.7,19.3,7.7,20373,9172,19,6,2019,2024
39121,Noble County,Ohio,OH,42.9,14.3,9.9,7.7,6286,2095,3,1,2019,2024
39123,Ottawa County,Ohio,OH,31,9,7.8,3.5,12833,3711,13,1,2019,2024
39125,Paulding County,Ohio,OH,19.5,6.2,11.5,3.2,3826,1221,5,0,2019,2024
39127,Perry County,Ohio,OH,3.6,1.8,15.9,7.2,1305,642,6,1,2019,2024
39129,Pickaway County,Ohio,OH,15.6,3,12,6.7,8705,1689,13,1,2019,2024
39131,Pike County,Ohio,OH,4.9,1.4,23.8,5.4,1406,401,6,0,2019,2024
39133,Portage County,Ohio,OH,34.7,9.6,10.2,6.6,56048,15554,35,6,2019,2024
39135,Preble County,Ohio,OH,13.5,3,10.2,4,5713,1261,12,0,2019,2024
39137,Putnam County,Ohio,OH,23.9,4.9,6.8,2.1,8254,1680,7,0,2019,2024
39139,Richland County,Ohio,OH,36.4,13.6,14.8,7.2,45295,16966,30,10,2019,2024
39141,Ross County,Ohio,OH,13.4,5.6,16.5,6.3,10495,4389,17,1,2019,2024
39143,Sandusky County,Ohio,OH,10.7,3.3,13.5,3.5,6532,1991,15,1,2019,2024
39145,Scioto County,Ohio,OH,7.3,3.2,22.6,7.9,5829,2562,20,2,2019,2024
39147,Seneca County,Ohio,OH,24.1,8.4,13.5,6.1,13684,4760,14,3,2019,2024
39149,Shelby County,Ohio,OH,14.8,4.2,8.8,4.1,7294,2053,10,1,2019,2024
39151,Stark County,Ohio,OH,28.9,8.6,12.7,6.7,108654,32210,86,9,2019,2024
39153,Summit County,Ohio,OH,31.1,7.6,14.1,7.9,168339,41226,135,19,2019,2024
39155,Trumbull County,Ohio,OH,29.9,11.3,14,8.2,62787,23746,55,14,2019,2024
39157,Tuscarawas County,Ohio,OH,11.5,3,14.1,7.4,10687,2811,21,1,2019,2024
39159,Union County,Ohio,OH,38.3,8.4,4.9,2.4,20013,4383,10,0,2019,2024
39161,Van Wert County,Ohio,OH,20.2,6.8,7.5,3.6,5816,1966,9,1,2019,2024
39163,Vinton County,Ohio,OH,5,2.4,20.9,5.4,668,324,3,1,2019,2024
39165,Warren County,Ohio,OH,45.7,6.1,4.6,3.1,97281,12983,33,2,2019,2024
39167,Washington County,Ohio,OH,11.2,4.1,13.5,5.5,6899,2512,16,2,2019,2024
39169,Wayne County,Ohio,OH,16.5,4.8,8.2,10,18870,5544,32,2,2019,2024
39171,Williams County,Ohio,OH,29.8,10.5,14.2,5.5,11208,3945,9,1,2019,2024
39173,Wood County,Ohio,OH,30.8,8,6.9,5.1,38667,10091,28,3,2019,2024
39175,Wyandot County,Ohio,OH,6.7,1.7,8.4,4.5,1504,383,6,0,2019,2024
40001,Adair County,Oklahoma,OK,9.7,5.2,25.3,9,2189,1172,5,1,2019,2024
40003,Alfalfa County,Oklahoma,OK,58.5,14.8,9.4,1.8,3301,837,3,0,2019,2024
40005,Atoka County,Oklahoma,OK,34.7,15,14.9,7.5,4917,2125,4,3,2019,2024
40007,Beaver County,Oklahoma,OK,38.2,11.9,4.2,1.3,2152,669,3,0,2019,2024
40009,Beckham County,Oklahoma,OK,26.5,7.8,18.6,5.2,5864,1736,4,0,2019,2024
40011,Blaine County,Oklahoma,OK,61.4,23.5,14.3,3.3,7332,2808,5,2,2019,2024
40013,Bryan County,Oklahoma,OK,26.4,10.8,13.5,5.6,11211,4577,11,2,2019,2024
40015,Caddo County,Oklahoma,OK,22.9,9.9,15.4,6.9,6775,2917,8,1,2019,2024
40017,Canadian County,Oklahoma,OK,34.2,7.6,8.4,3.3,39571,8732,29,3,2019,2024
40019,Carter County,Oklahoma,OK,18.1,7.6,16.2,4.8,8593,3632,11,1,2019,2024
40021,Cherokee County,Oklahoma,OK,27.9,14,16.5,6.9,13111,6597,9,2,2019,2024
40023,Choctaw County,Oklahoma,OK,37.2,21.1,24.9,8,5652,3206,5,3,2019,2024
40025,Cimarron County,Oklahoma,OK,40.4,15.1,5.5,3.7,1000,373,2,0,2019,2024
40027,Cleveland County,Oklahoma,OK,22.5,5.6,9.9,4.3,57637,14319,62,5,2019,2024
40029,Coal County,Oklahoma,OK,27.4,11.3,17.6,6.5,1623,669,2,1,2019,2024
40031,Comanche County,Oklahoma,OK,27.9,11.2,16.1,8.2,34654,13905,32,4,2019,2024
40033,Cotton County,Oklahoma,OK,23.5,6.9,17.8,6.2,1455,430,2,0,2019,2024
40035,Craig County,Oklahoma,OK,26.8,13.8,14.5,5.5,4024,2069,5,2,2019,2024
40037,Creek County,Oklahoma,OK,15.9,5.3,14.8,4.9,11095,3727,21,2,2019,2024
40039,Custer County,Oklahoma,OK,42.1,16.3,11.8,4.8,11566,4487,5,3,2019,2024
40041,Delaware County,Oklahoma,OK,21.1,9.3,15.6,4,8774,3842,9,1,2019,2024
40043,Dewey County,Oklahoma,OK,64.1,25.1,9.1,2.5,3084,1207,3,1,2019,2024
40045,Ellis County,Oklahoma,OK,42.7,13.6,11.5,3.9,1771,567,2,1,2019,2024
40047,Garfield County,Oklahoma,OK,19.1,5,15.6,4.9,11546,3008,12,0,2019,2024
40049,Garvin County,Oklahoma,OK,12.9,5,14.2,4.9,3569,1375,9,0,2019,2024
40051,Grady County,Oklahoma,OK,27.9,7.1,12.2,4.4,14621,3729,10,1,2019,2024
40053,Grant County,Oklahoma,OK,65.3,19.2,11.8,3.9,2958,867,2,0,2019,2024
40055,Greer County,Oklahoma,OK,17,7.1,25.4,5.1,1061,441,2,1,2019,2024
40057,Harmon County,Oklahoma,OK,8.3,2.1,22.3,9.8,242,60,1,0,2019,2024
40059,Harper County,Oklahoma,OK,51.2,20.2,4.4,1.4,1888,745,2,0,2019,2024
40061,Haskell County,Oklahoma,OK,38.2,17.7,22.2,5.5,4874,2265,4,1,2019,2024
40063,Hughes County,Oklahoma,OK,18.8,7.4,15.8,3.2,2631,1042,5,1,2019,2024
40065,Jackson County,Oklahoma,OK,31.7,10.1,15.3,6.4,8386,2667,8,1,2019,2024
40067,Jefferson County,Oklahoma,OK,26.1,13.6,22.5,9.1,1687,880,3,1,2019,2024
40069,Johnston County,Oklahoma,OK,33.7,13.6,19.4,5.7,3697,1492,3,0,2019,2024
40071,Kay County,Oklahoma,OK,38.2,15.3,17.2,6,17781,7106,11,3,2019,2024
40073,Kingfisher County,Oklahoma,OK,18.9,4.1,8.2,4.1,2836,619,4,0,2019,2024
40075,Kiowa County,Oklahoma,OK,41.8,19.3,20.8,4.8,3944,1821,3,0,2019,2024
40077,Latimer County,Oklahoma,OK,19.5,7.4,18.7,3.7,2178,829,3,0,2019,2024
40079,Le Flore County,Oklahoma,OK,18,9.2,20.9,6.3,9086,4613,12,5,2019,2024
40081,Lincoln County,Oklahoma,OK,27.3,11.1,15,3.4,9364,3804,7,1,2019,2024
40083,Logan County,Oklahoma,OK,53.4,15.3,10.7,3.4,22350,6383,8,2,2019,2024
40085,Love County,Oklahoma,OK,19.4,5.8,13.8,3.2,1825,549,3,0,2019,2024
40093,Major County,Oklahoma,OK,10.8,2.9,12.7,2.8,814,217,3,0,2019,2024
40095,Marshall County,Oklahoma,OK,29.1,14.4,12.1,3.1,4615,2286,4,1,2019,2024
40097,Mayes County,Oklahoma,OK,12.6,5.5,14.1,4.5,5191,2264,9,1,2019,2024
40087,McClain County,Oklahoma,OK,9.3,3.4,7.8,1.6,3206,1170,6,0,2019,2024
40089,McCurtain County,Oklahoma,OK,28.4,13.8,21.3,7.2,9416,4569,8,5,2019,2024
40091,McIntosh County,Oklahoma,OK,14.2,6.6,20.4,5,2876,1346,6,3,2019,2024
40099,Murray County,Oklahoma,OK,15.9,5.7,12.2,4.1,2139,770,3,0,2019,2024
40101,Muskogee County,Oklahoma,OK,14.6,5.9,19.7,7.5,10390,4177,16,6,2019,2024
40103,Noble County,Oklahoma,OK,31.8,12.3,10.9,2.3,3675,1424,4,0,2019,2024
40105,Nowata County,Oklahoma,OK,24.9,10.7,17.6,4,2628,1130,4,2,2019,2024
40107,Okfuskee County,Oklahoma,OK,14.8,7.5,19,8.4,1810,909,4,1,2019,2024
40109,Oklahoma County,Oklahoma,OK,21.9,6.9,14.8,6.7,157110,49883,241,30,2019,2024
40111,Okmulgee County,Oklahoma,OK,27,16.2,21.4,6.6,10830,6487,10,4,2019,2024
40113,Osage County,Oklahoma,OK,37.6,16,13.9,5.7,17828,7600,11,4,2019,2024
40115,Ottawa County,Oklahoma,OK,15.9,9,17.6,6.1,5068,2851,9,3,2019,2024
40117,Pawnee County,Oklahoma,OK,5.6,1.6,15.5,3.9,929,267,5,0,2019,2024
40119,Payne County,Oklahoma,OK,25.3,10.7,10.1,5.9,19554,8293,17,4,2019,2024
40121,Pittsburg County,Oklahoma,OK,36,14.2,18.2,7.1,16509,6497,13,3,2019,2024
40123,Pontotoc County,Oklahoma,OK,28.6,9.2,15.4,6.4,10722,3465,10,0,2019,2024
40125,Pottawatomie County,Oklahoma,OK,17.3,8.8,18.6,4.3,12005,6126,16,5,2019,2024
40127,Pushmataha County,Oklahoma,OK,24.5,9.4,17.7,6.7,2830,1089,3,1,2019,2024
40129,Roger Mills County,Oklahoma,OK,54.7,20.4,10.5,1.7,1996,743,1,0,2019,2024
40131,Rogers County,Oklahoma,OK,21.9,4.8,10.7,2.8,19002,4212,28,0,2019,2024
40133,Seminole County,Oklahoma,OK,23.2,12.2,22.9,7,5913,3112,9,4,2019,2024
40135,Sequoyah County,Oklahoma,OK,20.3,10.2,21.2,5.2,8598,4308,9,5,2019,2024
40137,Stephens County,Oklahoma,OK,27.4,8.6,17.6,5.7,12334,3852,11,2,2019,2024
40139,Texas County,Oklahoma,OK,28.8,12.7,6.7,5.1,5954,2624,5,1,2019,2024
40141,Tillman County,Oklahoma,OK,40.7,17.7,19.4,9.6,3249,1414,5,2,2019,2024
40143,Tulsa County,Oklahoma,OK,25.5,8.7,12.8,6.3,153983,52779,175,31,2019,2024
40145,Wagoner County,Oklahoma,OK,40.4,10.2,8.6,2.7,29516,7447,22,2,2019,2024
40147,Washington County,Oklahoma,OK,33.5,12.7,15.5,5.3,17075,6456,13,2,2019,2024
40149,Washita County,Oklahoma,OK,47.5,16.2,14.9,3,5524,1880,4,0,2019,2024
40151,Woods County,Oklahoma,OK,26.6,7.8,9.2,7.9,2361,693,3,0,2019,2024
40153,Woodward County,Oklahoma,OK,30.1,6.8,9.2,4,6043,1369,5,0,2019,2024
41001,Baker County,Oregon,OR,37.9,14.5,16.7,5.3,6113,2340,6,2,2019,2024
41003,Benton County,Oregon,OR,27.9,7.4,13.3,7.4,23900,6318,18,3,2019,2024
41005,Clackamas County,Oregon,OR,17.3,3.3,10.1,4.8,64987,12591,80,7,2019,2024
41007,Clatsop County,Oregon,OR,12.4,3.7,15.3,7.7,4605,1380,11,0,2019,2024
41009,Columbia County,Oregon,OR,6.1,1.4,15.6,4.4,3009,701,10,0,2019,2024
41011,Coos County,Oregon,OR,10.6,3.9,23.4,7,6653,2479,13,3,2019,2024
41013,Crook County,Oregon,OR,16.5,5.4,14.6,4.9,3463,1129,4,2,2019,2024
41015,Curry County,Oregon,OR,6.6,2.1,15,4.1,1468,475,5,2,2019,2024
41017,Deschutes County,Oregon,OR,23,5.1,9.9,4,36245,8098,24,1,2019,2024
41019,Douglas County,Oregon,OR,23.2,9.7,21.1,5.2,24945,10430,22,8,2019,2024
41021,Gilliam County,Oregon,OR,54.6,20.8,11.5,5.1,1022,389,1,1,2019,2024
41023,Grant County,Oregon,OR,39.8,14.5,15.6,2.4,2964,1081,2,2,2019,2024
41025,Harney County,Oregon,OR,38.1,12.5,23.1,7.8,2827,931,2,1,2019,2024
41027,Hood River County,Oregon,OR,15,2.1,13.4,5.8,3353,467,4,0,2019,2024
41029,Jackson County,Oregon,OR,20.1,5.8,17.9,5.8,40827,11827,41,8,2019,2024
41031,Jefferson County,Oregon,OR,12.5,4.1,24.7,4.5,2717,891,6,1,2019,2024
41033,Josephine County,Oregon,OR,22.2,9.1,24.1,4.8,18371,7538,16,6,2019,2024
41035,Klamath County,Oregon,OR,34.3,12.8,23.7,6.6,22781,8478,20,6,2019,2024
41037,Lake County,Oregon,OR,40.5,18.5,17,5.1,3200,1460,2,1,2019,2024
41039,Lane County,Oregon,OR,17.9,5.5,19.1,7.7,62845,19443,86,13,2019,2024
41041,Lincoln County,Oregon,OR,14.2,4.8,21.1,4.5,6542,2232,17,2,2019,2024
41043,Linn County,Oregon,OR,34.7,11.5,19.7,4.2,40524,13442,21,5,2019,2024
41045,Malheur County,Oregon,OR,8.9,4.1,28.3,6.7,2794,1297,7,1,2019,2024
41047,Marion County,Oregon,OR,17.4,4.9,19.7,6.2,54734,15436,58,7,2019,2024
41049,Morrow County,Oregon,OR,4.5,1.5,19.5,3.5,504,163,2,0,2019,2024
41051,Multnomah County,Oregon,OR,7.6,1.5,16.1,12.6,55946,11043,171,6,2019,2024
41053,Polk County,Oregon,OR,25.9,8.1,19.8,4.8,19526,6089,12,2,2019,2024
41055,Sherman County,Oregon,OR,47.8,17.8,23.8,6.2,843,313,1,0,2019,2024
41057,Tillamook County,Oregon,OR,2.9,0.8,16.1,4.3,727,204,8,0,2019,2024
41059,Umatilla County,Oregon,OR,30.5,11.9,20.5,5.2,23147,9047,15,2,2019,2024
41061,Union County,Oregon,OR,12.1,3.8,19.4,7.3,3119,967,8,2,2019,2024
41063,Wallowa County,Oregon,OR,25.1,10.7,12,3.7,1756,750,3,1,2019,2024
41065,Wasco County,Oregon,OR,40,12.1,21.8,6,10074,3062,8,1,2019,2024
41067,Washington County,Oregon,OR,14.3,2.3,10.5,5.6,75771,12223,104,1,2019,2024
41069,Wheeler County,Oregon,OR,100,51.1,11.1,3.4,1441,736,1,1,2019,2024
41071,Yamhill County,Oregon,OR,15.7,3.3,15.8,5.5,15552,3311,17,2,2019,2024
42001,Adams County,Pennsylvania,PA,15.9,4.2,8.2,4.5,16080,4248,23,0,2019,2024
42003,Allegheny County,Pennsylvania,PA,26.4,5.5,13,11.9,323489,67533,400,38,2019,2024
42005,Armstrong County,Pennsylvania,PA,5.2,2,15.6,7.8,3567,1412,19,2,2019,2024
42007,Beaver County,Pennsylvania,PA,32.5,9.4,13.8,7.5,55474,16011,51,13,2019,2024
42009,Bedford County,Pennsylvania,PA,22.7,6.3,15.8,5.7,11302,3122,11,3,2019,2024
42011,Berks County,Pennsylvania,PA,17.5,3.3,13.9,8.7,71797,13545,90,3,2019,2024
42013,Blair County,Pennsylvania,PA,16.2,4.4,17.9,8.6,20641,5564,34,2,2019,2024
42015,Bradford County,Pennsylvania,PA,14.2,4.7,14.5,6.9,8889,2956,14,0,2019,2024
42017,Bucks County,Pennsylvania,PA,34.6,4.5,7.8,4.9,216361,27873,142,8,2019,2024
42019,Butler County,Pennsylvania,PA,24.3,3.2,9,5.5,44732,5863,44,1,2019,2024
42021,Cambria County,Pennsylvania,PA,22.3,6.3,18.9,10.4,32025,9117,42,6,2019,2024
42023,Cameron County,Pennsylvania,PA,7.6,3,26,10.2,384,154,2,0,2019,2024
42025,Carbon County,Pennsylvania,PA,5,1.8,15.6,6.4,3247,1191,12,1,2019,2024
42027,Centre County,Pennsylvania,PA,16.1,3.1,8.3,11.1,24826,4742,31,3,2019,2024
42029,Chester County,Pennsylvania,PA,45.1,6.2,5.6,4.3,224887,30895,116,7,2019,2024
42031,Clarion County,Pennsylvania,PA,15.7,5.9,15.7,6.5,6273,2378,10,3,2019,2024
42033,Clearfield County,Pennsylvania,PA,19.3,5.8,19.2,7.4,15740,4726,20,5,2019,2024
42035,Clinton County,Pennsylvania,PA,11.3,3.4,15.9,9,4426,1350,9,1,2019,2024
42037,Columbia County,Pennsylvania,PA,8.4,2.6,10.7,7.3,5639,1748,15,1,2019,2024
42039,Crawford County,Pennsylvania,PA,14.5,4.1,18.7,10.5,12875,3605,23,2,2019,2024
42041,Cumberland County,Pennsylvania,PA,27,5.3,7.8,5,63487,12432,49,3,2019,2024
42043,Dauphin County,Pennsylvania,PA,35.4,8.5,13.3,9.4,94784,22723,65,6,2019,2024
42045,Delaware County,Pennsylvania,PA,15.9,2.4,13.3,9.6,88614,13331,143,5,2019,2024
42047,Elk County,Pennsylvania,PA,17.3,4.7,14.5,6.3,5516,1507,9,0,2019,2024
42049,Erie County,Pennsylvania,PA,34,13.7,19.1,9.9,95506,38558,71,24,2019,2024
42051,Fayette County,Pennsylvania,PA,16.8,6.4,23.5,9,22987,8675,36,7,2019,2024
42053,Forest County,Pennsylvania,PA,39.4,15,14,6.7,3042,1158,3,2,2019,2024
42055,Franklin County,Pennsylvania,PA,24.3,6.3,11,4.6,36299,9390,27,1,2019,2024
42057,Fulton County,Pennsylvania,PA,2.4,0.9,13.9,5.3,350,129,3,0,2019,2024
42059,Greene County,Pennsylvania,PA,22.6,6.6,20.8,4.7,8740,2565,9,1,2019,2024
42061,Huntingdon County,Pennsylvania,PA,1.7,0.5,13.4,7.1,760,214,12,0,2019,2024
42063,Indiana County,Pennsylvania,PA,8.2,2.5,16.3,7.5,7322,2252,23,0,2019,2024
42065,Jefferson County,Pennsylvania,PA,7.9,2.3,14.9,8.3,3580,1047,13,0,2019,2024
42067,Juniata County,Pennsylvania,PA,5.6,2.5,10.4,6.9,1385,611,5,1,2019,2024
42069,Lackawanna County,Pennsylvania,PA,15.3,4.1,17.8,9.4,32703,8721,59,2,2019,2024
42071,Lancaster County,Pennsylvania,PA,20.4,4.9,9.2,8.6,106169,25213,98,6,2019,2024
42073,Lawrence County,Pennsylvania,PA,18.5,6.9,20.4,8,16879,6265,28,6,2019,2024
42075,Lebanon County,Pennsylvania,PA,19.5,4.5,12.2,6.5,26079,5976,31,2,2019,2024
42077,Lehigh County,Pennsylvania,PA,25.5,4.2,15.4,8.3,89070,14630,76,3,2019,2024
42079,Luzerne County,Pennsylvania,PA,20.3,5.1,19.6,9.5,65131,16241,104,4,2019,2024
42081,Lycoming County,Pennsylvania,PA,23.3,8.4,14.9,9.7,27038,9793,29,5,2019,2024
42083,McKean County,Pennsylvania,PA,2.8,0.7,18.6,8.7,1215,310,12,0,2019,2024
42085,Mercer County,Pennsylvania,PA,18.2,7.9,17.4,9.6,21225,9173,30,6,2019,2024
42087,Mifflin County,Pennsylvania,PA,19.6,6.9,17,10.1,9135,3240,12,1,2019,2024
42089,Monroe County,Pennsylvania,PA,23.4,5.5,15.1,5.5,39786,9359,33,0,2019,2024
42091,Montgomery County,Pennsylvania,PA,31.3,3.8,6.6,5.7,249980,30183,211,4,2019,2024
42093,Montour County,Pennsylvania,PA,19.3,4.3,6.5,8.1,3525,780,4,0,2019,2024
42095,Northampton County,Pennsylvania,PA,24.5,4.8,10.3,6.5,73086,14149,68,4,2019,2024
42097,Northumberland County,Pennsylvania,PA,6.6,2.2,15.6,9.2,6223,2125,24,1,2019,2024
42099,Perry County,Pennsylvania,PA,6.3,2.3,10.6,5.7,2877,1050,10,1,2019,2024
42101,Philadelphia County,Pennsylvania,PA,1.1,0.3,26.2,27.9,16423,4767,381,5,2019,2024
42103,Pike County,Pennsylvania,PA,12.6,2.7,12.6,5.3,7222,1531,18,0,2019,2024
42105,Potter County,Pennsylvania,PA,4.8,1.5,14,6.1,836,257,5,0,2019,2024
42107,Schuylkill County,Pennsylvania,PA,8.4,2.4,17.2,8,12409,3564,40,2,2019,2024
42109,Snyder County,Pennsylvania,PA,6.2,2.8,10,6.8,2473,1122,8,1,2019,2024
42111,Somerset County,Pennsylvania,PA,15.9,5.8,14.3,6.3,12368,4472,21,3,2019,2024
42113,Sullivan County,Pennsylvania,PA,34.4,11.3,8.1,5.1,2211,729,2,0,2019,2024
42115,Susquehanna County,Pennsylvania,PA,18.1,6.1,12.9,5.2,7854,2648,11,3,2019,2024
42117,Tioga County,Pennsylvania,PA,23.4,9.4,14,5.5,9814,3937,10,2,2019,2024
42119,Union County,Pennsylvania,PA,18.4,10.7,11.8,9.7,8290,4797,10,0,2019,2024
42121,Venango County,Pennsylvania,PA,5.3,2,19.4,7.6,2897,1075,16,2,2019,2024
42123,Warren County,Pennsylvania,PA,10.8,4.3,14.6,6.2,4528,1812,13,2,2019,2024
42125,Washington County,Pennsylvania,PA,34.4,9.6,13.9,7.3,71558,20046,59,11,2019,2024
42127,Wayne County,Pennsylvania,PA,2,0.9,13,6.9,1033,462,14,1,2019,2024
42129,Westmoreland County,Pennsylvania,PA,32.8,7.7,13.9,6.2,119644,27944,100,10,2019,2024
42131,Wyoming County,Pennsylvania,PA,0.9,0.2,15.9,5.2,248,69,7,0,2019,2024
42133,York County,Pennsylvania,PA,29.5,5.4,11.3,5.9,128255,23656,90,2,2019,2024
44001,Bristol County,Rhode Island,RI,56,12.1,5.3,5.8,27937,6032,11,2,2019,2024
44003,Kent County,Rhode Island,RI,32.2,5.5,12,6,53423,9201,39,2,2019,2024
44005,Newport County,Rhode Island,RI,33.5,4.6,8.2,7.3,27758,3850,22,0,2019,2024
44007,Providence County,Rhode Island,RI,15.9,3.3,17.8,11.5,99856,20441,141,5,2019,2024
44009,Washington County,Rhode Island,RI,31.2,7.6,5.7,4.4,39671,9645,28,4,2019,2024
45001,Abbeville County,South Carolina,SC,20.4,8.8,14.5,6.6,5176,2244,6,2,2019,2024
45003,Aiken County,South Carolina,SC,29.1,9.2,10.8,5.9,46635,14774,32,5,2019,2024
45005,Allendale County,South Carolina,SC,2.3,1.3,28.7,18,243,135,3,0,2019,2024
45007,Anderson County,South Carolina,SC,36.1,12.3,10.6,5.7,67513,23050,39,9,2019,2024
45009,Bamberg County,South Carolina,SC,27.1,15.5,24.1,12.9,4333,2482,4,1,2019,2024
45011,Barnwell County,South Carolina,SC,0,0,24.5,10.6,7,3,5,0,2019,2024
45013,Beaufort County,South Carolina,SC,49,13.1,5.2,4.3,79485,21256,40,8,2019,2024
45015,Berkeley County,South Carolina,SC,29,9,7.1,4,51630,16048,44,12,2019,2024
45017,Calhoun County,South Carolina,SC,1,0.3,13.2,5.5,149,41,3,0,2019,2024
45019,Charleston County,South Carolina,SC,20.8,6,6.4,5.9,72787,20972,85,13,2019,2024
45021,Cherokee County,South Carolina,SC,11.5,5.2,14.1,5.4,6381,2850,13,4,2019,2024
45023,Chester County,South Carolina,SC,15.9,9.1,16.7,6.3,5275,3016,11,3,2019,2024
45025,Chesterfield County,South Carolina,SC,11.1,4.4,18,9,5184,2070,10,2,2019,2024
45027,Clarendon County,South Carolina,SC,16.5,7.3,17.1,10.1,5785,2543,11,1,2019,2024
45029,Colleton County,South Carolina,SC,38,18.2,23.4,10.4,14775,7061,9,4,2019,2024
45031,Darlington County,South Carolina,SC,12.5,6.9,19.5,10.4,8576,4720,16,5,2019,2024
45033,Dillon County,South Carolina,SC,4.5,1.9,24,9.8,1433,611,6,1,2019,2024
45035,Dorchester County,South Carolina,SC,25,6.8,8.9,3.5,34109,9339,25,2,2019,2024
45037,Edgefield County,South Carolina,SC,29.8,12.1,12.3,7.8,8040,3256,6,0,2019,2024
45039,Fairfield County,South Carolina,SC,23.4,10.5,21,5.9,5606,2512,5,3,2019,2024
45041,Florence County,South Carolina,SC,17.8,7.5,16.1,7.6,24319,10232,33,5,2019,2024
45043,Georgetown County,South Carolina,SC,26.4,9.7,11.5,5.2,15878,5813,14,4,2019,2024
45045,Greenville County,South Carolina,SC,35.7,10.1,7.6,4.7,161131,45430,111,18,2019,2024
45047,Greenwood County,South Carolina,SC,13.6,4.1,13.6,7.4,9455,2889,14,1,2019,2024
45049,Hampton County,South Carolina,SC,12.7,6.6,19.4,11,2685,1383,5,1,2019,2024
45051,Horry County,South Carolina,SC,23.4,8.4,7.5,4.8,63072,22533,71,8,2019,2024
45053,Jasper County,South Carolina,SC,9.8,5.1,11.2,4.4,2434,1263,4,1,2019,2024
45055,Kershaw County,South Carolina,SC,33.5,12.1,11.8,4.1,20674,7459,15,6,2019,2024
45057,Lancaster County,South Carolina,SC,28.5,7,9.7,3.4,21830,5352,14,2,2019,2024
45059,Laurens County,South Carolina,SC,15.7,6.7,17.5,5.7,10476,4485,17,3,2019,2024
45061,Lee County,South Carolina,SC,5,2.8,27.4,10.4,956,544,6,1,2019,2024
45063,Lexington County,South Carolina,SC,32.8,8.7,9.7,4.5,86100,22720,73,6,2019,2024
45067,Marion County,South Carolina,SC,0.2,0.1,22.3,8.3,70,38,8,0,2019,2024
45069,Marlboro County,South Carolina,SC,20.6,8.8,23,15.5,5949,2554,7,2,2019,2024
45065,McCormick County,South Carolina,SC,6.3,1.6,10.6,4.1,642,169,3,0,2019,2024
45071,Newberry County,South Carolina,SC,28.7,15.4,12.8,6.7,10768,5780,8,2,2019,2024
45073,Oconee County,South Carolina,SC,22.8,10.4,11.4,5.2,16949,7728,15,3,2019,2024
45075,Orangeburg County,South Carolina,SC,28.4,12.8,20.7,9,26311,11847,20,8,2019,2024
45077,Pickens County,South Carolina,SC,42.6,15.6,8.3,6.4,50757,18601,28,8,2019,2024
45079,Richland County,South Carolina,SC,46.5,17,10.6,7.2,178755,65395,89,26,2019,2024
45081,Saluda County,South Carolina,SC,2.9,0.9,13.9,4.4,586,183,5,0,2019,2024
45083,Spartanburg County,South Carolina,SC,34,14.1,10.9,4.5,96707,40148,69,20,2019,2024
45085,Sumter County,South Carolina,SC,19,7,15.7,8.4,20373,7564,23,4,2019,2024
45087,Union County,South Carolina,SC,7.9,3.7,19.6,10.2,2292,1081,9,2,2019,2024
45089,Williamsburg County,South Carolina,SC,8,4.4,21,12.8,2771,1526,11,2,2019,2024
45091,York County,South Carolina,SC,31.9,8.5,6.5,3.7,72005,19283,46,10,2019,2024
46003,Aurora County,South Dakota,SD,70.4,16.9,4.4,2.6,1908,458,1,0,2019,2024
46005,Beadle County,South Dakota,SD,29,6.4,11.3,8.5,5040,1108,6,0,2019,2024
46007,Bennett County,South Dakota,SD,39.2,23.3,17,1.5,1346,800,2,1,2019,2024
46009,Bon Homme County,South Dakota,SD,80.2,26.1,6.3,4.2,5670,1842,2,0,2019,2024
46011,Brookings County,South Dakota,SD,45.4,16.4,4.4,5.2,14496,5257,6,2,2019,2024
46013,Brown County,South Dakota,SD,42.1,8.4,8.8,6.8,15390,3054,8,0,2019,2024
46015,Brule County,South Dakota,SD,32.6,13.2,6.2,5.7,1715,694,2,1,2019,2024
46017,Buffalo County,South Dakota,SD,18.1,12.1,23.6,13,347,230,1,0,2019,2024
46019,Butte County,South Dakota,SD,42.5,16.8,7.5,5.6,4292,1701,2,1,2019,2024
46021,Campbell County,South Dakota,SD,40.5,8.5,5.7,2.9,594,125,1,0,2019,2024
46023,Charles Mix County,South Dakota,SD,9.4,3.6,14.2,5.2,860,328,3,0,2019,2024
46025,Clark County,South Dakota,SD,46.3,16.2,1.9,5.3,1708,599,1,0,2019,2024
46027,Clay County,South Dakota,SD,33.3,11.1,9.9,5.7,4616,1535,3,1,2019,2024
46029,Codington County,South Dakota,SD,32.5,6.5,5,5.3,8862,1775,7,0,2019,2024
46031,Corson County,South Dakota,SD,36.1,21.2,25.1,11.6,1463,859,2,1,2019,2024
46033,Custer County,South Dakota,SD,35.3,7.6,4.6,0.7,2897,627,2,0,2019,2024
46035,Davison County,South Dakota,SD,32.7,10,7.6,6.2,6371,1947,4,1,2019,2024
46037,Day County,South Dakota,SD,49,18.6,7.1,6,2796,1061,3,1,2019,2024
46039,Deuel County,South Dakota,SD,32.7,10,3.5,2.3,1428,434,2,0,2019,2024
46041,Dewey County,South Dakota,SD,48.5,24.3,21.2,11.6,2572,1286,2,1,2019,2024
46043,Douglas County,South Dakota,SD,7.1,2.2,1.8,2,213,65,1,0,2019,2024
46045,Edmunds County,South Dakota,SD,46.2,9.5,3.5,1.2,1880,387,2,0,2019,2024
46047,Fall River County,South Dakota,SD,34.1,12.5,10.5,6.6,2418,884,2,1,2019,2024
46049,Faulk County,South Dakota,SD,48.2,18.8,1.4,10.9,1140,444,1,0,2019,2024
46051,Grant County,South Dakota,SD,18.9,4,7.6,3.6,1393,296,2,0,2019,2024
46053,Gregory County,South Dakota,SD,28,11.1,7.9,2.9,1194,475,2,0,2019,2024
46055,Haakon County,South Dakota,SD,41.3,20.8,3.1,4.1,801,404,1,1,2019,2024
46057,Hamlin County,South Dakota,SD,96.1,24.9,3.2,1.3,5672,1469,2,0,2019,2024
46059,Hand County,South Dakota,SD,33.1,9.1,3.8,7.3,1136,313,2,0,2019,2024
46061,Hanson County,South Dakota,SD,70.7,14.7,3.1,1.5,2355,491,1,0,2019,2024
46063,Harding County,South Dakota,SD,100,25,2,1.6,1255,314,1,0,2019,2024
46065,Hughes County,South Dakota,SD,34.8,7.1,6.1,7.8,5931,1211,4,0,2019,2024
46067,Hutchinson County,South Dakota,SD,8.9,2.3,7.9,5.4,651,170,3,0,2019,2024
46069,Hyde County,South Dakota,SD,14.8,4.9,2.4,2,210,69,1,0,2019,2024
46071,Jackson County,South Dakota,SD,63.9,45.8,23.5,12.8,1937,1390,2,1,2019,2024
46073,Jerauld County,South Dakota,SD,100,24.3,3.4,5.4,2071,503,1,0,2019,2024
46075,Jones County,South Dakota,SD,100,40.1,1.2,4.4,1006,404,1,1,2019,2024
46077,Kingsbury County,South Dakota,SD,16.8,3.8,3.9,4.1,863,194,2,0,2019,2024
46079,Lake County,South Dakota,SD,19.1,2.4,5.2,3.5,2137,272,3,0,2019,2024
46081,Lawrence County,South Dakota,SD,20.1,6.4,8.5,4.8,4846,1554,5,0,2019,2024
46083,Lincoln County,South Dakota,SD,16.6,2.6,3.3,2.1,7430,1180,11,0,2019,2024
46085,Lyman County,South Dakota,SD,54.9,16.8,11.4,5.7,2062,632,2,0,2019,2024
46091,Marshall County,South Dakota,SD,50.7,15.2,1.6,2.3,2360,706,1,0,2019,2024
46087,McCook County,South Dakota,SD,47.8,11.4,5,2.1,2683,641,2,0,2019,2024
46089,McPherson County,South Dakota,SD,55.7,23.2,3.2,1.5,1369,571,1,0,2019,2024
46093,Meade County,South Dakota,SD,15.3,4.6,5.9,3.8,3902,1162,5,1,2019,2024
46095,Mellette County,South Dakota,SD,40.4,28.5,24.8,5.9,827,584,1,1,2019,2024
46097,Miner County,South Dakota,SD,24.3,6.3,6.9,3.5,580,150,1,0,2019,2024
46099,Minnehaha County,South Dakota,SD,19.8,4.9,8.4,5.6,33525,8312,42,6,2019,2024
46101,Moody County,South Dakota,SD,17.3,4.3,4.2,2.9,1123,279,2,0,2019,2024
46102,Oglala Lakota County,South Dakota,SD,0,0,49.5,22.5,0,0,3,0,2019,2024
46103,Pennington County,South Dakota,SD,32.8,9,8.1,5.6,33076,9090,23,4,2019,2024
46105,Perkins County,South Dakota,SD,31.8,8.6,8.2,4.5,947,255,1,0,2019,2024
46107,Potter County,South Dakota,SD,39.6,12.4,2.1,2.6,923,288,1,0,2019,2024
46109,Roberts County,South Dakota,SD,35.3,10.3,10.6,4.6,3584,1043,4,1,2019,2024
46111,Sanborn County,South Dakota,SD,98.9,27.8,5.7,7,2328,654,1,0,2019,2024
46115,Spink County,South Dakota,SD,43.3,11.5,4.3,3.3,2780,739,3,0,2019,2024
46117,Stanley County,South Dakota,SD,13.5,4.7,2.3,2.6,399,141,1,0,2019,2024
46119,Sully County,South Dakota,SD,99.7,21.7,4.9,2.4,1369,298,1,0,2019,2024
46121,Todd County,South Dakota,SD,17,12.3,40.2,12.8,1638,1181,2,2,2019,2024
46123,Tripp County,South Dakota,SD,32.1,12.2,10.2,7.1,1811,687,2,0,2019,2024
46125,Turner County,South Dakota,SD,2.2,0.8,8.5,3.9,180,63,2,0,2019,2024
46127,Union County,South Dakota,SD,1,0.4,4.1,3.7,143,61,3,0,2019,2024
46129,Walworth County,South Dakota,SD,32.9,9.5,7.5,2.6,1791,518,2,0,2019,2024
46135,Yankton County,South Dakota,SD,25.5,9.3,7.3,5.2,5711,2081,5,2,2019,2024
46137,Ziebach County,South Dakota,SD,37.5,25,25.3,12.2,1050,701,1,1,2019,2024
47001,Anderson County,Tennessee,TN,10.9,2.6,11.9,5.6,8188,1984,17,1,2019,2024
47003,Bedford County,Tennessee,TN,23,8.9,10.2,3,10365,4022,9,2,2019,2024
47005,Benton County,Tennessee,TN,12.6,5.8,15.8,5.4,2075,951,5,2,2019,2024
47007,Bledsoe County,Tennessee,TN,4.7,1.9,18.1,5.1,602,244,3,0,2019,2024
47009,Blount County,Tennessee,TN,30.1,8.6,5.9,2.7,37062,10551,28,0,2019,2024
47011,Bradley County,Tennessee,TN,32.9,12.4,11.7,5.3,32535,12241,19,6,2019,2024
47013,Campbell County,Tennessee,TN,13.8,6.3,18.5,5.7,5622,2578,11,3,2019,2024
47015,Cannon County,Tennessee,TN,2.3,0.7,10.4,4.6,320,103,3,0,2019,2024
47017,Carroll County,Tennessee,TN,9.4,3.4,12.5,5.5,2682,977,7,0,2019,2024
47019,Carter County,Tennessee,TN,47,23.1,14.3,4.6,27006,13237,17,10,2019,2024
47021,Cheatham County,Tennessee,TN,7.6,1.4,5.9,2,2960,549,9,0,2019,2024
47023,Chester County,Tennessee,TN,11.4,4.5,13.3,3.1,1950,778,3,1,2019,2024
47025,Claiborne County,Tennessee,TN,8.4,4.4,14.8,4,2711,1430,9,2,2019,2024
47027,Clay County,Tennessee,TN,0.2,0.1,25.2,6.7,14,7,2,0,2019,2024
47029,Cocke County,Tennessee,TN,21.9,11.2,18.8,4.4,7827,3992,9,4,2019,2024
47031,Coffee County,Tennessee,TN,13.7,5.3,11.7,4.2,7255,2798,12,2,2019,2024
47033,Crockett County,Tennessee,TN,14.5,6.5,13.5,7.2,2119,954,5,1,2019,2024
47035,Cumberland County,Tennessee,TN,26.9,10.9,11.3,4.9,15060,6122,14,4,2019,2024
47037,Davidson County,Tennessee,TN,26.6,8.2,8.3,6.5,166533,51455,159,29,2019,2024
47041,DeKalb County,Tennessee,TN,14.6,7.2,13.2,7,2740,1343,4,1,2019,2024
47039,Decatur County,Tennessee,TN,6.2,2.8,17.2,5.7,730,333,4,0,2019,2024
47043,Dickson County,Tennessee,TN,12.2,3.9,9.3,2.9,6052,1940,10,0,2019,2024
47045,Dyer County,Tennessee,TN,27.5,14.9,15.8,6.7,10533,5716,8,2,2019,2024
47047,Fayette County,Tennessee,TN,16.9,4.9,9.7,5.3,6487,1864,11,0,2019,2024
47049,Fentress County,Tennessee,TN,0.3,0.1,22.5,5.2,57,21,4,0,2019,2024
47051,Franklin County,Tennessee,TN,19.1,6.4,8.3,4.1,7845,2624,9,1,2019,2024
47053,Gibson County,Tennessee,TN,21.5,10.6,16.5,6.6,10688,5273,14,4,2019,2024
47055,Giles County,Tennessee,TN,12,4.8,11.4,5.2,3544,1429,8,0,2019,2024
47057,Grainger County,Tennessee,TN,0,0,14,5,0,0,5,0,2019,2024
47059,Greene County,Tennessee,TN,28.6,11.1,11.7,5.3,19682,7665,15,4,2019,2024
47061,Grundy County,Tennessee,TN,6.9,3.7,16.8,4.5,952,513,4,1,2019,2024
47063,Hamblen County,Tennessee,TN,42.7,14.5,14,4.9,26680,9093,12,6,2019,2024
47065,Hamilton County,Tennessee,TN,43.9,13.2,9.4,5.8,147542,44437,82,17,2019,2024
47067,Hancock County,Tennessee,TN,1.1,0.5,34.8,11.8,73,35,2,0,2019,2024
47069,Hardeman County,Tennessee,TN,12.5,7,19.3,7.6,3395,1895,6,1,2019,2024
47071,Hardin County,Tennessee,TN,19,7.4,14.9,5.4,4951,1921,6,1,2019,2024
47073,Hawkins County,Tennessee,TN,16.8,6.8,12.9,4.3,9576,3854,13,2,2019,2024
47075,Haywood County,Tennessee,TN,25.4,10.9,24.7,11.3,4764,2049,6,2,2019,2024
47077,Henderson County,Tennessee,TN,4.1,1.7,16.5,4.5,1140,479,6,0,2019,2024
47079,Henry County,Tennessee,TN,23.1,10.4,13.1,5.6,7471,3362,9,4,2019,2024
47081,Hickman County,Tennessee,TN,9.8,3.9,10.1,2.8,2420,955,6,1,2019,2024
47083,Houston County,Tennessee,TN,1.9,0.8,15.4,2.7,164,63,3,0,2019,2024
47085,Humphreys County,Tennessee,TN,22.3,8.7,11.5,3.8,4138,1611,5,1,2019,2024
47087,Jackson County,Tennessee,TN,0.1,0,15.8,6.1,9,4,4,0,2019,2024
47089,Jefferson County,Tennessee,TN,16.8,5.2,10.8,2.8,8624,2693,9,1,2019,2024
47091,Johnson County,Tennessee,TN,8.2,2.8,15.1,4.3,1488,511,5,1,2019,2024
47093,Knox County,Tennessee,TN,41.2,12,8.9,5.3,177933,51734,112,18,2019,2024
47095,Lake County,Tennessee,TN,0.2,0.1,31.8,18.3,15,6,2,0,2019,2024
47097,Lauderdale County,Tennessee,TN,5.9,4.3,22.7,9.1,1638,1184,9,1,2019,2024
47099,Lawrence County,Tennessee,TN,3.5,1.6,14.1,7.6,1453,657,11,1,2019,2024
47101,Lewis County,Tennessee,TN,34.6,17,18.7,2.5,4210,2063,2,1,2019,2024
47103,Lincoln County,Tennessee,TN,10.2,3.8,8.6,3.9,3387,1268,9,1,2019,2024
47105,Loudon County,Tennessee,TN,14.2,5.1,6.4,3.8,6900,2454,10,1,2019,2024
47111,Macon County,Tennessee,TN,14,7.1,17.7,4.9,3110,1589,4,1,2019,2024
47113,Madison County,Tennessee,TN,33.5,13.6,16.3,8.9,32887,13342,27,8,2019,2024
47115,Marion County,Tennessee,TN,10.9,5.1,14.6,4.2,3084,1448,6,1,2019,2024
47117,Marshall County,Tennessee,TN,22.6,9,6.6,3.2,6930,2745,6,2,2019,2024
47119,Maury County,Tennessee,TN,25.6,7.8,6.3,2.8,20702,6346,17,4,2019,2024
47107,McMinn County,Tennessee,TN,14.5,6,13.5,4.2,7574,3119,10,2,2019,2024
47109,McNairy County,Tennessee,TN,24.1,11.9,15.2,4.6,6292,3110,7,1,2019,2024
47121,Meigs County,Tennessee,TN,3.2,0.7,15.8,2.8,373,82,3,0,2019,2024
47123,Monroe County,Tennessee,TN,14,5.8,15.5,5.5,6226,2601,7,1,2019,2024
47125,Montgomery County,Tennessee,TN,47,15.9,8.1,3.8,80949,27456,39,8,2019,2024
47127,Moore County,Tennessee,TN,0.1,0.1,6.7,5.1,8,3,2,0,2019,2024
47129,Morgan County,Tennessee,TN,12.8,6.8,14.4,5.1,2812,1498,5,1,2019,2024
47131,Obion County,Tennessee,TN,6.8,2.9,15.6,5.9,2174,934,10,1,2019,2024
47133,Overton County,Tennessee,TN,0.4,0.2,11.8,3.4,97,49,7,0,2019,2024
47135,Perry County,Tennessee,TN,24.6,13.7,13.3,4.2,1945,1086,2,1,2019,2024
47137,Pickett County,Tennessee,TN,0.8,0.3,17.4,5.4,39,13,1,0,2019,2024
47139,Polk County,Tennessee,TN,4,1.9,14,4.6,667,325,5,1,2019,2024
47141,Putnam County,Tennessee,TN,41.4,15.2,9.3,3.8,29939,11011,15,4,2019,2024
47143,Rhea County,Tennessee,TN,21.2,11.6,17,7,6751,3701,6,2,2019,2024
47145,Roane County,Tennessee,TN,20.3,6.2,13.1,5.9,11016,3382,10,1,2019,2024
47147,Robertson County,Tennessee,TN,9.4,1.9,7.4,3.3,6261,1243,14,0,2019,2024
47149,Rutherford County,Tennessee,TN,22.4,6.4,7,2.7,58774,16754,49,5,2019,2024
47151,Scott County,Tennessee,TN,20.5,7.9,22.5,5.3,4557,1749,5,1,2019,2024
47153,Sequatchie County,Tennessee,TN,42.1,22.2,16.5,4.4,5935,3132,3,0,2019,2024
47155,Sevier County,Tennessee,TN,21.5,7.7,7.2,4.1,19292,6959,18,1,2019,2024
47157,Shelby County,Tennessee,TN,32.8,11.2,15.5,8.2,303862,103798,220,51,2019,2024
47159,Smith County,Tennessee,TN,3.3,1.2,9.8,3.9,626,231,5,1,2019,2024
47161,Stewart County,Tennessee,TN,15.8,6.9,11.1,4.8,2104,914,3,0,2019,2024
47163,Sullivan County,Tennessee,TN,30.7,11.1,13.1,4.8,48164,17484,39,7,2019,2024
47165,Sumner County,Tennessee,TN,33.8,7.3,6.1,3.3,54333,11703,42,4,2019,2024
47167,Tipton County,Tennessee,TN,4.1,1.6,12.4,5.2,2505,965,13,1,2019,2024
47169,Trousdale County,Tennessee,TN,0,0,10.9,4.2,0,0,2,0,2019,2024
47171,Unicoi County,Tennessee,TN,3.7,1.9,13.6,4,673,346,4,0,2019,2024
47173,Union County,Tennessee,TN,1.9,0.7,14.8,2.9,364,138,4,0,2019,2024
47175,Van Buren County,Tennessee,TN,1.9,0.9,18.6,8.1,107,49,2,0,2019,2024
47177,Warren County,Tennessee,TN,9.6,4.9,15,4.5,3828,1947,9,1,2019,2024
47179,Washington County,Tennessee,TN,26.2,9.3,8.6,5.2,32192,11478,23,5,2019,2024
47181,Wayne County,Tennessee,TN,24.4,8.9,17,8.2,4152,1523,4,1,2019,2024
47183,Weakley County,Tennessee,TN,19.4,8.1,14,5.5,6795,2830,11,3,2019,2024
47185,White County,Tennessee,TN,29.1,16.5,13,3.8,7523,4251,6,2,2019,2024
47187,Williamson County,Tennessee,TN,43.9,5,1.9,2.1,80424,9109,37,0,2019,2024
47189,Wilson County,Tennessee,TN,35.3,5.8,5.3,2.2,40250,6623,21,4,2019,2024
48001,Anderson County,Texas,TX,43.8,15.8,18,5.8,25589,9259,11,3,2019,2024
48003,Andrews County,Texas,TX,26.8,8.2,13,4.5,3963,1213,4,0,2019,2024
48005,Angelina County,Texas,TX,26,9.8,16.7,6.3,22551,8469,17,4,2019,2024
48007,Aransas County,Texas,TX,31.7,16.2,8.6,6.4,7336,3754,5,2,2019,2024
48009,Archer County,Texas,TX,18.3,4.9,6.5,1.4,1655,446,3,0,2019,2024
48011,Armstrong County,Texas,TX,99.7,21.3,3.4,0.5,1896,406,1,0,2019,2024
48013,Atascosa County,Texas,TX,18.8,5.8,16.2,5.1,8429,2618,8,1,2019,2024
48015,Austin County,Texas,TX,7.4,2.2,9.2,2.8,2094,637,6,0,2019,2024
48017,Bailey County,Texas,TX,6.3,2.2,17.9,10.2,451,157,1,0,2019,2024
48019,Bandera County,Texas,TX,35.6,10.2,7.2,2.2,7294,2097,5,1,2019,2024
48021,Bastrop County,Texas,TX,17.3,5.6,7.5,3.4,12826,4125,10,3,2019,2024
48023,Baylor County,Texas,TX,7.4,1.4,15.9,7,277,54,1,0,2019,2024
48025,Bee County,Texas,TX,48.7,10.8,13.6,5.9,15525,3435,7,3,2019,2024
48027,Bell County,Texas,TX,31.3,10.6,13,5.3,96954,33023,63,19,2019,2024
48029,Bexar County,Texas,TX,28.4,9.7,13.8,6.4,486652,166124,365,70,2019,2024
48031,Blanco County,Texas,TX,6.3,1,4.7,2.2,666,100,2,0,2019,2024
48033,Borden County,Texas,TX,100,15.1,,1.2,641,97,1,0,2019,2024
48035,Bosque County,Texas,TX,25.6,9.7,10.4,2.3,4657,1774,7,1,2019,2024
48037,Bowie County,Texas,TX,28.9,9.5,14.6,6.9,26753,8785,18,2,2019,2024
48039,Brazoria County,Texas,TX,29.8,6.7,8.1,3.1,93403,20853,50,4,2019,2024
48041,Brazos County,Texas,TX,28.5,12.4,8.6,6,55485,24093,41,14,2019,2024
48043,Brewster County,Texas,TX,38.6,16.3,6.8,5.7,3567,1507,3,1,2019,2024
48045,Briscoe County,Texas,TX,100,48.5,6.5,1.4,1637,793,1,1,2019,2024
48047,Brooks County,Texas,TX,17.7,10.2,35.7,24.8,1278,733,2,1,2019,2024
48049,Brown County,Texas,TX,35.1,13.3,11.9,6.5,13373,5062,12,5,2019,2024
48051,Burleson County,Texas,TX,16.5,5.4,11.9,4,2829,923,5,1,2019,2024
48053,Burnet County,Texas,TX,24.1,6.8,7.3,3.7,10323,2905,8,0,2019,2024
48055,Caldwell County,Texas,TX,17.5,6.9,11.4,3.6,6671,2620,8,4,2019,2024
48057,Calhoun County,Texas,TX,68.5,28.3,15.7,5.1,14638,6054,5,2,2019,2024
48059,Callahan County,Texas,TX,28.5,9,10.6,2.7,3858,1222,3,0,2019,2024
48061,Cameron County,Texas,TX,32.2,17.9,24.8,6.6,130687,72825,85,31,2019,2024
48063,Camp County,Texas,TX,10.6,4.9,16.6,6.7,1315,613,3,1,2019,2024
48065,Carson County,Texas,TX,17.6,5.3,4.4,4.1,1090,326,2,0,2019,2024
48067,Cass County,Texas,TX,16.3,7.5,16.6,6,4955,2282,7,3,2019,2024
48069,Castro County,Texas,TX,15.3,4.5,9.4,1.7,1237,361,3,0,2019,2024
48071,Chambers County,Texas,TX,10.7,4.1,5.8,3.4,3753,1451,5,0,2019,2024
48073,Cherokee County,Texas,TX,33.7,12.8,14.7,6.5,17117,6499,12,4,2019,2024
48075,Childress County,Texas,TX,42.8,18.9,8.8,4.7,3012,1334,2,1,2019,2024
48077,Clay County,Texas,TX,57.8,20.6,6.4,2.4,6218,2212,3,0,2019,2024
48079,Cochran County,Texas,TX,21.2,9.2,21.7,5.4,662,288,1,1,2019,2024
48081,Coke County,Texas,TX,100,36.1,14.7,3.6,3319,1198,2,1,2019,2024
48083,Coleman County,Texas,TX,27.3,10.2,13.1,8.4,2428,908,3,2,2019,2024
48085,Collin County,Texas,TX,19.6,2.8,3.1,3.2,152980,22214,152,4,2019,2024
48087,Collingsworth County,Texas,TX,7.4,2.9,17.3,1.9,225,87,1,0,2019,2024
48089,Colorado County,Texas,TX,20.9,7.3,9.5,4.7,4354,1521,5,2,2019,2024
48091,Comal County,Texas,TX,14.6,4.5,4.4,2.2,15842,4851,24,3,2019,2024
48093,Comanche County,Texas,TX,21,7.9,10.5,5.2,2941,1109,4,1,2019,2024
48095,Concho County,Texas,TX,26.7,12,6.9,4.5,1091,492,1,0,2019,2024
48097,Cooke County,Texas,TX,9,2.7,9.4,3.9,3454,1040,8,1,2019,2024
48099,Coryell County,Texas,TX,63.7,25.6,12.7,5.6,47992,19277,19,7,2019,2024
48101,Cottle County,Texas,TX,100,56.9,29.8,2.8,1504,856,1,1,2019,2024
48103,Crane County,Texas,TX,13.4,3.9,3.9,11.8,588,171,1,0,2019,2024
48105,Crockett County,Texas,TX,6.7,2.3,,,250,84,1,0,2019,2024
48107,Crosby County,Texas,TX,5.6,2.3,24.2,3.9,336,141,3,0,2019,2024
48109,Culberson County,Texas,TX,7.8,4.3,26.7,5.2,186,102,1,0,2019,2024
48111,Dallam County,Texas,TX,48.1,17.6,11.6,2.2,3224,1179,2,0,2019,2024
48113,Dallas County,Texas,TX,18.6,7.2,10.5,6.8,439457,171370,528,91,2019,2024
48115,Dawson County,Texas,TX,37.5,18.8,19.6,5,5183,2599,4,2,2019,2024
48123,DeWitt County,Texas,TX,5.6,2.2,11.8,6.7,1122,437,5,0,2019,2024
48117,Deaf Smith County,Texas,TX,20.7,7.4,13.4,4.6,4015,1440,4,1,2019,2024
48119,Delta County,Texas,TX,7.2,2,11,3.6,377,104,2,0,2019,2024
48121,Denton County,Texas,TX,22.9,4.7,4.4,3.5,152028,31443,137,8,2019,2024
48125,Dickens County,Texas,TX,19.8,5.9,14.9,6.6,485,144,1,0,2019,2024
48127,Dimmit County,Texas,TX,53.9,26.7,25.8,16.5,5388,2666,2,2,2019,2024
48129,Donley County,Texas,TX,15.6,5.5,3.4,3.2,574,203,2,0,2019,2024
48131,Duval County,Texas,TX,26.7,13.9,24.9,10.8,3150,1639,3,1,2019,2024
48133,Eastland County,Texas,TX,26.3,10.9,11.8,5,4883,2023,5,3,2019,2024
48135,Ector County,Texas,TX,26.8,7.2,12.5,6.1,36683,9847,28,2,2019,2024
48137,Edwards County,Texas,TX,31.9,10.9,22.5,7.9,638,219,1,0,2019,2024
48141,El Paso County,Texas,TX,20.3,9.1,19.3,6.4,162635,73081,161,40,2019,2024
48139,Ellis County,Texas,TX,34.6,7.3,6.8,3.7,51826,10974,31,4,2019,2024
48143,Erath County,Texas,TX,42.4,18.1,6.8,4.8,16055,6864,8,4,2019,2024
48145,Falls County,Texas,TX,13.8,5.1,13.2,5.8,2465,919,6,1,2019,2024
48147,Fannin County,Texas,TX,36.9,13,10.3,3.4,12514,4408,9,2,2019,2024
48149,Fayette County,Texas,TX,18.6,5.6,7.4,6.1,4568,1374,7,0,2019,2024
48151,Fisher County,Texas,TX,17,3.7,13.9,4.3,677,146,2,0,2019,2024
48153,Floyd County,Texas,TX,15.3,4.5,12.9,6.7,988,289,2,1,2019,2024
48155,Foard County,Texas,TX,100,41.3,1.8,6.4,1336,552,1,1,2019,2024
48157,Fort Bend County,Texas,TX,29.5,5.9,6.8,3.2,172779,34618,76,10,2019,2024
48159,Franklin County,Texas,TX,74.2,20.8,6.2,1.9,7871,2204,3,1,2019,2024
48161,Freestone County,Texas,TX,18.7,8.7,14.8,2.5,3701,1727,7,3,2019,2024
48163,Frio County,Texas,TX,23.5,11.7,23.6,10.4,4049,2007,3,2,2019,2024
48165,Gaines County,Texas,TX,3.1,1.4,7.8,5.6,537,241,3,0,2019,2024
48167,Galveston County,Texas,TX,34.5,8.7,10.5,5.4,100542,25207,66,11,2019,2024
48169,Garza County,Texas,TX,19.8,5.3,11,7.9,1281,340,1,0,2019,2024
48171,Gillespie County,Texas,TX,10.5,3.1,3.6,5.5,2598,778,5,0,2019,2024
48173,Glasscock County,Texas,TX,98.4,36.4,9.8,7,1206,447,1,0,2019,2024
48175,Goliad County,Texas,TX,36.8,9.9,10.4,7.6,2654,711,2,0,2019,2024
48177,Gonzales County,Texas,TX,42.5,17.5,16.3,7.6,8427,3462,6,1,2019,2024
48179,Gray County,Texas,TX,22.4,8.5,13.9,4.1,5053,1914,7,2,2019,2024
48181,Grayson County,Texas,TX,18.6,5.9,8.3,3.7,22494,7128,26,6,2019,2024
48183,Gregg County,Texas,TX,24.2,10,13.5,4.6,29435,12122,25,9,2019,2024
48185,Grimes County,Texas,TX,31.3,12.2,13.8,4.8,8331,3246,6,3,2019,2024
48187,Guadalupe County,Texas,TX,41.3,12.4,9,3.2,54266,16284,29,3,2019,2024
48189,Hale County,Texas,TX,23.5,8.1,23,6.5,8515,2955,9,0,2019,2024
48191,Hall County,Texas,TX,24.5,13,13.9,4.3,820,436,1,1,2019,2024
48193,Hamilton County,Texas,TX,31,12.2,12.9,4.2,2637,1041,3,1,2019,2024
48195,Hansford County,Texas,TX,7.6,3.6,2.8,5.2,427,204,2,0,2019,2024
48197,Hardeman County,Texas,TX,25.8,7.8,13.7,2,1070,323,1,1,2019,2024
48199,Hardin County,Texas,TX,30.6,9.2,12.9,3.9,16740,5032,11,2,2019,2024
48201,Harris County,Texas,TX,18.9,5.8,13.4,7.1,774115,236351,786,120,2019,2024
48203,Harrison County,Texas,TX,11.5,4.8,12.8,6.8,7548,3174,14,2,2019,2024
48205,Hartley County,Texas,TX,23.9,11.5,8,2.7,1450,699,1,0,2019,2024
48207,Haskell County,Texas,TX,27.1,11.4,15.4,3.3,1600,675,2,1,2019,2024
48209,Hays County,Texas,TX,8.3,2.4,5,3.9,13082,3848,25,1,2019,2024
48211,Hemphill County,Texas,TX,10.6,2.8,9.1,6.3,403,106,1,0,2019,2024
48213,Henderson County,Texas,TX,18.3,8.3,12.8,4.6,14389,6556,17,3,2019,2024
48215,Hidalgo County,Texas,TX,34.7,20.3,27.8,5.6,269077,157181,112,61,2019,2024
48217,Hill County,Texas,TX,5,1.9,11.1,5.2,1747,662,11,0,2019,2024
48219,Hockley County,Texas,TX,39.7,15.5,12,4.2,9109,3544,7,3,2019,2024
48221,Hood County,Texas,TX,23.9,5.4,4.6,2.6,12225,2753,10,1,2019,2024
48223,Hopkins County,Texas,TX,28.8,8.9,7.4,3.6,10109,3139,9,0,2019,2024
48225,Houston County,Texas,TX,39.2,13.6,17.9,8.8,9303,3224,7,5,2019,2024
48227,Howard County,Texas,TX,32.6,12.2,12.4,6.3,11408,4281,10,2,2019,2024
48229,Hudspeth County,Texas,TX,99.6,58.2,20.5,5.2,3463,2023,1,1,2019,2024
48231,Hunt County,Texas,TX,14.3,8.4,11.7,3.7,12323,7259,19,4,2019,2024
48233,Hutchinson County,Texas,TX,30.3,8.8,6.8,3.9,6719,1950,7,0,2019,2024
48235,Irion County,Texas,TX,100,26.4,3.9,1.2,1599,422,1,0,2019,2024
48237,Jack County,Texas,TX,47.1,15.8,10.6,11.6,4262,1431,3,1,2019,2024
48239,Jackson County,Texas,TX,20.2,5.8,18.3,7,2844,810,3,1,2019,2024
48241,Jasper County,Texas,TX,16.5,5.6,15.6,5.2,5894,2010,8,0,2019,2024
48243,Jeff Davis County,Texas,TX,30.1,8.1,5.5,2.5,705,189,1,0,2019,2024
48245,Jefferson County,Texas,TX,24.4,7.6,16.9,8.1,61565,19222,72,17,2019,2024
48247,Jim Hogg County,Texas,TX,34.9,18.7,30.8,7.5,1852,989,2,1,2019,2024
48249,Jim Wells County,Texas,TX,21.2,9.7,24,6.9,8660,3946,7,4,2019,2024
48251,Johnson County,Texas,TX,20.1,6,7.8,2.6,30334,9117,28,3,2019,2024
48253,Jones County,Texas,TX,29.4,11.8,14.7,5.3,5949,2392,6,1,2019,2024
48255,Karnes County,Texas,TX,15.7,5.7,21.1,9.8,2331,843,4,2,2019,2024
48257,Kaufman County,Texas,TX,10.7,3.4,9.9,3.1,11031,3561,18,4,2019,2024
48259,Kendall County,Texas,TX,8.6,1.3,4.5,2.7,2883,425,6,0,2019,2024
48261,Kenedy County,Texas,TX,97.4,37.5,1.8,16.4,405,156,1,1,2019,2024
48263,Kent County,Texas,TX,97.2,30.2,17.2,4.9,785,244,1,0,2019,2024
48265,Kerr County,Texas,TX,11.8,5.3,6.4,6.2,5856,2606,10,1,2019,2024
48267,Kimble County,Texas,TX,24.1,8.4,11.4,5.1,1112,389,2,0,2019,2024
48269,King County,Texas,TX,100,22.4,,6.3,286,64,1,0,2019,2024
48271,Kinney County,Texas,TX,46.5,25.6,15.1,5.1,1674,922,1,1,2019,2024
48273,Kleberg County,Texas,TX,33.7,17.4,21.4,5.9,10795,5564,5,3,2019,2024
48275,Knox County,Texas,TX,12.6,5.9,14,7.5,470,221,2,0,2019,2024
48283,La Salle County,Texas,TX,29.1,11.5,13.9,7,2006,795,1,1,2019,2024
48277,Lamar County,Texas,TX,31.3,14.2,12.5,7.1,15575,7077,12,6,2019,2024
48279,Lamb County,Texas,TX,23,10.8,14.2,3.2,3217,1515,5,1,2019,2024
48281,Lampasas County,Texas,TX,15.8,5.9,8.7,3.3,3109,1160,5,1,2019,2024
48285,Lavaca County,Texas,TX,16.1,4.3,8.3,3,3092,824,6,1,2019,2024
48287,Lee County,Texas,TX,14,6.4,11.9,3.2,2329,1071,4,1,2019,2024
48289,Leon County,Texas,TX,20.5,8.1,8.2,3,3452,1354,3,2,2019,2024
48291,Liberty County,Texas,TX,9.3,4.1,16.6,5.1,7031,3138,14,4,2019,2024
48293,Limestone County,Texas,TX,18.1,8.7,16.6,3.5,4223,2035,8,4,2019,2024
48295,Lipscomb County,Texas,TX,99.6,31.6,6,2.1,3288,1042,2,0,2019,2024
48297,Live Oak County,Texas,TX,10,3.6,16.5,9.4,1148,412,4,0,2019,2024
48299,Llano County,Texas,TX,34.5,13.3,7.5,4.2,6661,2560,6,2,2019,2024
48301,Loving County,Texas,TX,100,18.6,7.4,7.4,82,15,1,0,2019,2024
48303,Lubbock County,Texas,TX,18.2,8.2,10.7,5.8,50764,22833,67,12,2019,2024
48305,Lynn County,Texas,TX,33.7,15.1,12.2,3.7,1993,892,3,1,2019,2024
48313,Madison County,Texas,TX,30.9,13.3,10.6,3.7,4229,1820,4,1,2019,2024
48315,Marion County,Texas,TX,7.9,2.9,20.5,8.1,837,305,4,1,2019,2024
48317,Martin County,Texas,TX,21.4,6.8,9.8,,1028,325,2,1,2019,2024
48319,Mason County,Texas,TX,21.1,2.8,4.7,3.3,847,112,2,0,2019,2024
48321,Matagorda County,Texas,TX,34.7,14.3,17,6,12741,5233,10,3,2019,2024
48323,Maverick County,Texas,TX,30.8,18,28.7,6.6,16711,9783,9,5,2019,2024
48307,McCulloch County,Texas,TX,40.9,19.2,12.3,4.3,3386,1591,3,1,2019,2024
48309,McLennan County,Texas,TX,36.8,16.8,12.1,5.3,86484,39470,51,16,2019,2024
48311,McMullen County,Texas,TX,96.4,25.3,3.9,3.4,682,179,1,0,2019,2024
48325,Medina County,Texas,TX,16,4,10.7,3.5,7351,1863,8,0,2019,2024
48327,Menard County,Texas,TX,20.2,6,9.1,1.1,452,135,1,0,2019,2024
48329,Midland County,Texas,TX,25.1,5.1,7,4.4,34327,6977,26,5,2019,2024
48331,Milam County,Texas,TX,26.1,11.4,11.2,5.5,6465,2824,7,2,2019,2024
48333,Mills County,Texas,TX,24.7,9,13.2,2.2,1218,444,2,0,2019,2024
48335,Mitchell County,Texas,TX,43.5,6,12.9,3,4089,568,2,0,2019,2024
48337,Montague County,Texas,TX,14.5,4.5,9.8,5.6,2866,889,6,1,2019,2024
48339,Montgomery County,Texas,TX,34.9,8.2,6.6,3.4,159083,37405,59,5,2019,2024
48341,Moore County,Texas,TX,17.8,8.6,8.6,6.7,3898,1878,4,1,2019,2024
48343,Morris County,Texas,TX,2.1,0.9,13.6,4.9,270,112,3,0,2019,2024
48345,Motley County,Texas,TX,18.5,3.3,12.6,2.6,223,40,1,0,2019,2024
48347,Nacogdoches County,Texas,TX,22.2,9.3,16.6,6.1,14302,6026,13,3,2019,2024
48349,Navarro County,Texas,TX,22.2,8.1,13.8,4.5,10580,3868,10,2,2019,2024
48351,Newton County,Texas,TX,32.5,14.1,14.2,6.9,4689,2041,4,4,2019,2024
48353,Nolan County,Texas,TX,23.5,7.1,19.7,8.5,3578,1079,5,0,2019,2024
48355,Nueces County,Texas,TX,33.2,9.9,17.5,6.9,113043,33739,81,16,2019,2024
48357,Ochiltree County,Texas,TX,11.5,2.9,5,5.3,1172,294,3,0,2019,2024
48359,Oldham County,Texas,TX,100,32.6,1.3,1.3,2052,668,1,0,2019,2024
48361,Orange County,Texas,TX,32,9.9,13.7,4.7,26194,8067,21,4,2019,2024
48363,Palo Pinto County,Texas,TX,68.1,24.3,14.9,4.1,19137,6835,9,3,2019,2024
48365,Panola County,Texas,TX,23.1,9.6,10.9,5.2,5489,2276,6,2,2019,2024
48367,Parker County,Texas,TX,20.7,5.8,5.1,3.1,24162,6728,19,3,2019,2024
48369,Parmer County,Texas,TX,20.2,8.2,4.9,2.3,2077,842,2,1,2019,2024
48371,Pecos County,Texas,TX,41.4,19.1,13.5,7.1,6416,2964,4,1,2019,2024
48373,Polk County,Texas,TX,11,5,16.2,3.8,4985,2284,10,1,2019,2024
48375,Potter County,Texas,TX,24.5,11.7,14.6,7.7,29695,14222,33,8,2019,2024
48377,Presidio County,Texas,TX,24.4,17.8,17.6,5.7,1910,1395,2,1,2019,2024
48379,Rains County,Texas,TX,0,0,11.2,2,0,0,2,0,2019,2024
48381,Randall County,Texas,TX,10.8,2.4,6.9,3.3,13009,2876,29,2,2019,2024
48383,Reagan County,Texas,TX,6.4,1.5,6,1.9,214,51,1,0,2019,2024
48385,Real County,Texas,TX,100,48.5,14.5,4.4,3309,1605,1,1,2019,2024
48387,Red River County,Texas,TX,65.6,25.9,18.8,2.6,8435,3327,4,3,2019,2024
48389,Reeves County,Texas,TX,21.1,7.2,17.4,6.1,2902,991,5,2,2019,2024
48391,Refugio County,Texas,TX,19.2,8.8,14.1,10.4,1416,649,2,1,2019,2024
48393,Roberts County,Texas,TX,91.4,21.4,3.4,3.4,849,199,1,0,2019,2024
48395,Robertson County,Texas,TX,27,9.7,15.6,8.9,4490,1613,5,1,2019,2024
48397,Rockwall County,Texas,TX,20.3,3.2,4.3,2.1,15929,2536,11,0,2019,2024
48399,Runnels County,Texas,TX,41.5,16,10.9,3.2,4361,1679,4,2,2019,2024
48401,Rusk County,Texas,TX,26.9,11.2,11.2,4.5,14356,5973,13,5,2019,2024
48403,Sabine County,Texas,TX,15.2,5.5,14.9,2.7,1643,601,3,1,2019,2024
48405,San Augustine County,Texas,TX,26.6,12,23.4,8,2354,1065,3,2,2019,2024
48407,San Jacinto County,Texas,TX,7.6,3.2,17.1,4.2,1995,853,4,0,2019,2024
48409,San Patricio County,Texas,TX,30.7,11,14.3,6.4,19876,7150,16,3,2019,2024
48411,San Saba County,Texas,TX,37.3,13.7,9.5,2,2286,842,2,0,2019,2024
48413,Schleicher County,Texas,TX,10.6,3,7.3,4.1,369,103,1,0,2019,2024
48415,Scurry County,Texas,TX,10,2.5,8,5.7,1696,428,4,0,2019,2024
48417,Shackelford County,Texas,TX,14.6,5.4,8.3,2.9,494,182,1,0,2019,2024
48419,Shelby County,Texas,TX,17.9,7.5,15.7,6.7,4550,1905,6,2,2019,2024
48421,Sherman County,Texas,TX,27.4,9.5,4.4,,832,289,1,0,2019,2024
48423,Smith County,Texas,TX,20.2,8.1,9.1,4.7,42436,17066,41,6,2019,2024
48425,Somervell County,Texas,TX,0,0,5.5,2.4,0,0,2,0,2019,2024
48427,Starr County,Texas,TX,33.9,23.7,42.5,10.4,20661,14469,15,8,2019,2024
48429,Stephens County,Texas,TX,27.6,13.5,10.3,8.4,2657,1297,3,1,2019,2024
48431,Sterling County,Texas,TX,100,35.9,12,,1143,410,1,0,2019,2024
48433,Stonewall County,Texas,TX,15.4,4.8,8,4.7,229,72,1,0,2019,2024
48435,Sutton County,Texas,TX,19.2,5.8,6.7,3.8,792,239,1,0,2019,2024
48437,Swisher County,Texas,TX,31.8,14.2,13.8,6.1,2500,1112,3,1,2019,2024
48439,Tarrant County,Texas,TX,30.1,8.2,9.6,4.6,543736,148852,357,65,2019,2024
48441,Taylor County,Texas,TX,24.9,9.9,11.1,3.8,32682,13079,37,11,2019,2024
48443,Terrell County,Texas,TX,100,41.5,3.5,5.3,984,409,1,1,2019,2024
48445,Terry County,Texas,TX,42.8,20.4,26.7,5.2,5421,2583,3,1,2019,2024
48447,Throckmorton County,Texas,TX,100,32.2,10.6,1.8,1641,528,1,0,2019,2024
48449,Titus County,Texas,TX,32.3,14.1,19.4,4.8,10436,4546,8,3,2019,2024
48451,Tom Green County,Texas,TX,30.6,10.4,9.6,5,33760,11501,25,5,2019,2024
48453,Travis County,Texas,TX,26.4,5.3,5.6,5.9,270568,54184,217,25,2019,2024
48455,Trinity County,Texas,TX,15.1,7.8,16.5,9.7,2209,1136,5,1,2019,2024
48457,Tyler County,Texas,TX,45.1,16.2,16.4,5.1,9827,3517,5,2,2019,2024
48459,Upshur County,Texas,TX,7.5,3.4,12.3,3.8,2945,1335,7,2,2019,2024
48461,Upton County,Texas,TX,33.4,8.6,7.6,2.8,1121,287,2,0,2019,2024
48463,Uvalde County,Texas,TX,45.2,25.1,24.2,5.6,11928,6617,5,4,2019,2024
48465,Val Verde County,Texas,TX,50.9,21.6,21.8,5.9,24866,10555,10,4,2019,2024
48467,Van Zandt County,Texas,TX,31.3,10.7,11,3.2,16476,5611,10,2,2019,2024
48469,Victoria County,Texas,TX,23.8,8.9,14.2,6.2,20623,7688,22,4,2019,2024
48471,Walker County,Texas,TX,13.1,6.3,10.5,8.1,8910,4260,10,4,2019,2024
48473,Waller County,Texas,TX,17.6,11.1,12.9,2.9,7596,4776,6,1,2019,2024
48475,Ward County,Texas,TX,8.3,2.6,9.1,6.5,879,281,3,0,2019,2024
48477,Washington County,Texas,TX,21.4,7.3,10.7,6.8,7228,2454,6,0,2019,2024
48479,Webb County,Texas,TX,18.5,9.7,23.7,6.6,46196,24206,61,11,2019,2024
48481,Wharton County,Texas,TX,13.5,4.8,13.9,7.2,5564,1974,11,1,2019,2024
48483,Wheeler County,Texas,TX,11.5,3.1,13.6,6,620,168,2,0,2019,2024
48485,Wichita County,Texas,TX,34.6,11.3,12.2,7.1,45437,14843,36,9,2019,2024
48487,Wilbarger County,Texas,TX,38.7,15.6,14.1,5.2,5233,2110,4,2,2019,2024
48489,Willacy County,Texas,TX,43.2,25.6,31.9,5.7,9558,5675,5,3,2019,2024
48491,Williamson County,Texas,TX,47.8,8.7,4.4,3,202196,36732,89,14,2019,2024
48493,Wilson County,Texas,TX,5.2,1.6,8.4,3.2,2223,686,11,0,2019,2024
48495,Winkler County,Texas,TX,5.9,1.4,18.8,3.1,421,102,3,0,2019,2024
48497,Wise County,Texas,TX,9.9,3.2,7.8,2.6,5828,1900,11,2,2019,2024
48499,Wood County,Texas,TX,21.8,8.8,11.1,5.1,9134,3714,10,3,2019,2024
48501,Yoakum County,Texas,TX,25.8,5.4,3.3,3.7,2030,423,2,0,2019,2024
48503,Young County,Texas,TX,30.1,13.7,11.3,6.8,5591,2540,4,1,2019,2024
48505,Zapata County,Texas,TX,16.8,8.4,31.3,8.8,2353,1181,3,2,2019,2024
48507,Zavala County,Texas,TX,31.6,23,40.6,8,3689,2692,4,3,2019,2024
49001,Beaver County,Utah,UT,14.4,4.2,4.5,2.9,954,280,2,0,2019,2024
49003,Box Elder County,Utah,UT,16.8,5.1,5.6,4,8394,2552,11,1,2019,2024
49005,Cache County,Utah,UT,33.3,8.5,4.8,3.1,37527,9608,26,1,2019,2024
49007,Carbon County,Utah,UT,26,9,14,4.4,5558,1934,5,1,2019,2024
49009,Daggett County,Utah,UT,100,15.4,5.2,,1059,163,1,0,2019,2024
49011,Davis County,Utah,UT,31.6,4.6,4.6,2.6,96727,14213,54,2,2019,2024
49013,Duchesne County,Utah,UT,24,6.7,10.5,3.3,4472,1250,3,1,2019,2024
49015,Emery County,Utah,UT,34.1,11.5,10.2,3.2,3745,1263,3,1,2019,2024
49017,Garfield County,Utah,UT,60,21.6,5.6,1,3102,1118,2,0,2019,2024
49019,Grand County,Utah,UT,8,2.5,3.2,5.5,741,230,2,0,2019,2024
49021,Iron County,Utah,UT,39.7,17.6,8.9,3.4,18344,8119,8,3,2019,2024
49023,Juab County,Utah,UT,46.5,13,6,3.4,4765,1334,2,0,2019,2024
49025,Kane County,Utah,UT,49.7,14.4,2.4,2.9,3541,1024,2,0,2019,2024
49027,Millard County,Utah,UT,21.7,5,4.8,2,2713,629,3,0,2019,2024
49029,Morgan County,Utah,UT,0.4,0.1,0.3,0.3,34,5,2,0,2019,2024
49031,Piute County,Utah,UT,100,47.8,9.5,4.7,1556,744,1,1,2019,2024
49033,Rich County,Utah,UT,100,34.6,3.3,,2264,783,1,0,2019,2024
49035,Salt Lake County,Utah,UT,11.5,2.6,5.2,5.5,117992,26989,211,13,2019,2024
49037,San Juan County,Utah,UT,49.9,30.1,15.1,7.7,7365,4443,4,2,2019,2024
49039,Sanpete County,Utah,UT,20.7,8.1,7.3,3.1,5768,2267,5,1,2019,2024
49041,Sevier County,Utah,UT,3.1,1.3,10,4.4,650,275,5,0,2019,2024
49043,Summit County,Utah,UT,31.6,5.7,1.4,2,11489,2061,13,0,2019,2024
49045,Tooele County,Utah,UT,25.8,6.8,6.8,3.1,15006,3961,10,3,2019,2024
49047,Uintah County,Utah,UT,24.6,8.3,13.2,3.1,8020,2698,6,1,2019,2024
49049,Utah County,Utah,UT,34,8.2,4,2.7,175506,42415,127,9,2019,2024
49051,Wasatch County,Utah,UT,43,6.8,1,2.1,10128,1608,4,0,2019,2024
49053,Washington County,Utah,UT,35.6,10.6,4.5,3.3,49224,14648,21,5,2019,2024
49055,Wayne County,Utah,UT,38.7,15.8,7,2.3,1074,440,1,1,2019,2024
49057,Weber County,Utah,UT,26.6,5.6,6.1,4.9,61615,12957,50,3,2019,2024
50001,Addison County,Vermont,VT,6.2,1.5,8.7,4.9,2294,558,10,0,2019,2024
50003,Bennington County,Vermont,VT,8.2,2.8,15.4,7.5,3060,1034,12,1,2019,2024
50005,Caledonia County,Vermont,VT,5.8,1.7,14.9,6.7,1804,522,10,0,2019,2024
50007,Chittenden County,Vermont,VT,13.9,2.5,7.8,7.1,21795,3911,34,0,2019,2024
50009,Essex County,Vermont,VT,28.2,10,18.8,4.2,1781,632,3,1,2019,2024
50011,Franklin County,Vermont,VT,9.2,1.9,12.3,5.8,4399,898,10,0,2019,2024
50013,Grand Isle County,Vermont,VT,2.7,0.4,9,1.4,188,31,2,0,2019,2024
50015,Lamoille County,Vermont,VT,0.9,0.3,10.4,4.7,224,71,7,0,2019,2024
50017,Orange County,Vermont,VT,9.8,3.5,9.7,3.9,2825,1004,10,1,2019,2024
50019,Orleans County,Vermont,VT,10.1,4,14.4,6.4,2755,1089,10,2,2019,2024
50021,Rutland County,Vermont,VT,18.1,4.9,10.7,6.4,11171,3030,20,2,2019,2024
50023,Washington County,Vermont,VT,17.7,5.9,10.1,6,10524,3531,19,3,2019,2024
50025,Windham County,Vermont,VT,9.2,3.7,13.3,6.2,4093,1645,18,1,2019,2024
50027,Windsor County,Vermont,VT,5.2,1.2,9.6,6.1,2943,656,18,1,2019,2024
51001,Accomack County,Virginia,VA,2.2,0.9,12.5,6.1,727,298,9,1,2019,2024
51003,Albemarle County,Virginia,VA,11.9,3.5,4.6,4.9,11787,3490,22,1,2019,2024
51510,Alexandria city,Virginia,VA,0,0,5.1,11.4,0,0,38,0,2019,2024
51005,Alleghany County,Virginia,VA,16.4,7.9,8.1,6,2664,1283,6,1,2019,2024
51007,Amelia County,Virginia,VA,16.5,6.2,13.4,1.6,2089,781,2,0,2019,2024
51009,Amherst County,Virginia,VA,11.3,3.9,10.5,3.4,3662,1251,9,2,2019,2024
51011,Appomattox County,Virginia,VA,7.4,2,15.3,3.9,1108,306,3,0,2019,2024
51013,Arlington County,Virginia,VA,2.3,0.1,4,15.2,4799,162,59,0,2019,2024
51015,Augusta County,Virginia,VA,29.3,7.5,5.7,4.3,21639,5535,13,2,2019,2024
51017,Bath County,Virginia,VA,21.2,10.5,10.3,4.1,1005,496,1,1,2019,2024
51019,Bedford County,Virginia,VA,8.7,1.5,6.5,3.2,6553,1105,17,1,2019,2024
51021,Bland County,Virginia,VA,19.5,5.2,5,5.3,1332,355,2,1,2019,2024
51023,Botetourt County,Virginia,VA,45.8,10.8,3.2,3.7,15168,3596,8,2,2019,2024
51520,Bristol city,Virginia,VA,25.3,13.8,22.1,11.7,4518,2468,4,3,2019,2024
51025,Brunswick County,Virginia,VA,33,10.1,19.9,6.5,5757,1755,5,1,2019,2024
51027,Buchanan County,Virginia,VA,1.9,1.1,27.3,5.5,455,268,7,0,2019,2024
51029,Buckingham County,Virginia,VA,13,5,17,6.8,2233,859,4,2,2019,2024
51530,Buena Vista city,Virginia,VA,95.9,49.9,13.6,8.5,6378,3321,1,1,2019,2024
51031,Campbell County,Virginia,VA,8.1,2.2,12.3,4.7,4443,1224,12,2,2019,2024
51033,Caroline County,Virginia,VA,5.3,1.5,13.4,3.5,1512,433,7,0,2019,2024
51035,Carroll County,Virginia,VA,5.1,1.7,15.1,5.7,1538,511,7,1,2019,2024
51036,Charles City County,Virginia,VA,2.3,0.7,10.6,5.9,167,52,3,0,2019,2024
51037,Charlotte County,Virginia,VA,33.7,14.6,21,6.5,4244,1838,3,3,2019,2024
51540,Charlottesville city,Virginia,VA,8.1,4,9.9,11,3536,1733,12,1,2019,2024
51550,Chesapeake city,Virginia,VA,24.1,4.9,7.2,5,53631,10875,41,8,2019,2024
51041,Chesterfield County,Virginia,VA,47.2,8.2,6.5,3.4,149375,25904,71,6,2019,2024
51043,Clarke County,Virginia,VA,0.4,0.1,2.8,3.2,53,8,3,0,2019,2024
51570,Colonial Heights city,Virginia,VA,22.7,5.2,13.1,6.8,3951,903,5,1,2019,2024
51580,Covington city,Virginia,VA,24.6,10.8,18.2,6,1469,646,2,1,2019,2024
51045,Craig County,Virginia,VA,11.8,3.6,9.7,4.7,613,187,1,0,2019,2024
51047,Culpeper County,Virginia,VA,11.9,2.9,9.8,3.9,5576,1345,8,3,2019,2024
51049,Cumberland County,Virginia,VA,55.5,19.5,21.2,7.4,5576,1957,2,2,2019,2024
51590,Danville city,Virginia,VA,13.4,7.1,27.3,13.6,5789,3048,16,4,2019,2024
51051,Dickenson County,Virginia,VA,0,0,23.2,6.6,0,0,4,0,2019,2024
51053,Dinwiddie County,Virginia,VA,27,8.2,14.9,4.4,7560,2309,6,2,2019,2024
51595,Emporia city,Virginia,VA,3.4,1.8,34.1,12.5,199,104,2,0,2019,2024
51057,Essex County,Virginia,VA,44.1,16.6,12.8,6.4,4917,1849,3,2,2019,2024
51059,Fairfax County,Virginia,VA,18,1.6,4.3,4.8,195194,16977,257,3,2019,2024
51600,Fairfax city,Virginia,VA,10.7,1.6,3.1,5.9,2426,359,5,0,2019,2024
51610,Falls Church city,Virginia,VA,0,0,1.5,6.2,0,0,3,0,2019,2024
51061,Fauquier County,Virginia,VA,13.7,1.2,4.8,3.5,8906,753,17,0,2019,2024
51063,Floyd County,Virginia,VA,27.5,9.4,8.1,5.3,4208,1436,3,3,2019,2024
51065,Fluvanna County,Virginia,VA,28.9,3.2,6.6,4,7430,811,4,0,2019,2024
51067,Franklin County,Virginia,VA,19.5,7.9,12.8,4.5,10967,4462,10,4,2019,2024
51620,Franklin city,Virginia,VA,63.5,27.4,28.5,9.1,5450,2354,2,2,2019,2024
51069,Frederick County,Virginia,VA,33.7,5,5.8,3.3,26374,3895,14,0,2019,2024
51630,Fredericksburg city,Virginia,VA,16.1,3.8,10.7,9.6,3909,921,6,2,2019,2024
51640,Galax city,Virginia,VA,7.7,3.8,22.1,8.4,541,266,2,0,2019,2024
51071,Giles County,Virginia,VA,1,0.4,11.1,7.1,180,62,4,0,2019,2024
51073,Gloucester County,Virginia,VA,5.5,1.6,7.1,2.1,2042,575,8,1,2019,2024
51075,Goochland County,Virginia,VA,9.2,2.4,3.7,2.4,1996,516,5,0,2019,2024
51077,Grayson County,Virginia,VA,18.1,9,16.3,5.4,2810,1405,5,2,2019,2024
51079,Greene County,Virginia,VA,27.6,6.5,9.1,3,5080,1200,3,0,2019,2024
51081,Greensville County,Virginia,VA,0.7,0.3,15.5,5.9,83,31,3,0,2019,2024
51083,Halifax County,Virginia,VA,29.7,10.3,20.7,7.5,10757,3751,9,7,2019,2024
51650,Hampton city,Virginia,VA,25,7,16.1,7.6,34293,9628,33,7,2019,2024
51085,Hanover County,Virginia,VA,25.3,4,5.2,3,25219,3967,23,1,2019,2024
51660,Harrisonburg city,Virginia,VA,3.9,1.5,10.9,6.5,1924,721,11,2,2019,2024
51087,Henrico County,Virginia,VA,26.9,4.7,8.1,5.8,82627,14506,63,7,2019,2024
51089,Henry County,Virginia,VA,28.6,14.5,17.2,5.5,15504,7825,14,6,2019,2024
51091,Highland County,Virginia,VA,99.7,34.4,8.1,5.1,2313,800,1,1,2019,2024
51670,Hopewell city,Virginia,VA,38,14.4,25.1,11.7,8586,3263,6,3,2019,2024
51093,Isle of Wight County,Virginia,VA,26.2,4.5,7.6,4.2,9247,1575,8,0,2019,2024
51095,James City County,Virginia,VA,46.7,8.7,6.5,4,31315,5816,11,1,2019,2024
51099,King George County,Virginia,VA,10.5,2.1,6.8,2.6,2472,501,5,0,2019,2024
51101,King William County,Virginia,VA,13.6,2.9,6.8,4.3,2166,456,4,0,2019,2024
51097,King and Queen County,Virginia,VA,10.6,5,19.5,4.8,733,346,2,1,2019,2024
51103,Lancaster County,Virginia,VA,3.2,2.1,9.9,4.4,368,243,3,0,2019,2024
51105,Lee County,Virginia,VA,0,0,28.2,8.9,1,0,6,0,2019,2024
51678,Lexington city,Virginia,VA,5.9,1.7,17.7,12.6,415,118,1,0,2019,2024
51107,Loudoun County,Virginia,VA,16.6,1,3.2,2.9,51728,3104,65,1,2019,2024
51109,Louisa County,Virginia,VA,2.3,0.5,11.4,3.2,765,180,6,0,2019,2024
51111,Lunenburg County,Virginia,VA,0,0,22,12.8,6,2,3,0,2019,2024
51680,Lynchburg city,Virginia,VA,20.1,8,15.2,11.6,15163,6067,19,6,2019,2024
51113,Madison County,Virginia,VA,0.7,0.3,10.6,2.3,90,39,2,0,2019,2024
51685,Manassas Park city,Virginia,VA,40.5,10.2,10.1,5.3,5783,1452,2,1,2019,2024
51683,Manassas city,Virginia,VA,11.2,1.8,6.3,4.4,4224,686,7,1,2019,2024
51690,Martinsville city,Virginia,VA,29.3,14.2,24.1,9.7,4052,1962,5,2,2019,2024
51115,Mathews County,Virginia,VA,0,0,6.4,4.1,0,0,2,0,2019,2024
51117,Mecklenburg County,Virginia,VA,21.8,9.5,16.8,7.2,7119,3125,9,4,2019,2024
51119,Middlesex County,Virginia,VA,1.1,0.3,11.4,2.5,117,30,4,0,2019,2024
51121,Montgomery County,Virginia,VA,20.2,4.4,4.8,6.4,19082,4157,16,4,2019,2024
51125,Nelson County,Virginia,VA,6.2,2.1,11.4,6.2,933,317,3,1,2019,2024
51127,New Kent County,Virginia,VA,0,0,4.5,1,0,0,3,0,2019,2024
51700,Newport News city,Virginia,VA,23.2,7.1,15.5,9.8,41990,12910,44,11,2019,2024
51710,Norfolk city,Virginia,VA,20.6,8.1,17,11.5,49969,19766,79,16,2019,2024
51131,Northampton County,Virginia,VA,0,0,14.9,9.5,0,0,3,0,2019,2024
51133,Northumberland County,Virginia,VA,9.3,2.1,6.6,4.1,1150,259,3,0,2019,2024
51720,Norton city,Virginia,VA,39.6,18.1,29.7,10.7,1568,715,1,1,2019,2024
51135,Nottoway County,Virginia,VA,40.6,21.8,15.2,7.9,6436,3451,4,2,2019,2024
51137,Orange County,Virginia,VA,33.8,10,7.6,4.3,11310,3332,5,1,2019,2024
51139,Page County,Virginia,VA,0,0,13.6,7.8,0,0,5,0,2019,2024
51141,Patrick County,Virginia,VA,9.1,3.1,12.6,4.9,1676,581,4,2,2019,2024
51730,Petersburg city,Virginia,VA,46.8,26.8,22.6,14.8,15173,8676,11,9,2019,2024
51143,Pittsylvania County,Virginia,VA,16.5,5.9,14.9,5.2,10482,3762,16,6,2019,2024
51735,Poquoson city,Virginia,VA,65,7.9,1.9,1,7896,954,3,0,2019,2024
51740,Portsmouth city,Virginia,VA,23.1,5.9,19.9,12,22067,5633,31,4,2019,2024
51145,Powhatan County,Virginia,VA,6.1,1.1,1.5,2,1701,307,5,0,2019,2024
51147,Prince Edward County,Virginia,VA,17.8,5.1,17.2,6.1,4152,1198,5,2,2019,2024
51149,Prince George County,Virginia,VA,33.9,6.9,11,3.3,12127,2482,7,3,2019,2024
51153,Prince William County,Virginia,VA,27.9,3.8,5.8,2.6,112083,15339,82,10,2019,2024
51155,Pulaski County,Virginia,VA,11.2,3.9,15.5,4.6,3900,1361,8,2,2019,2024
51750,Radford city,Virginia,VA,43.3,16.4,13.2,2.3,7104,2690,3,3,2019,2024
51157,Rappahannock County,Virginia,VA,20.5,5.1,5.4,1.9,1515,378,2,0,2019,2024
51159,Richmond County,Virginia,VA,3.2,2.4,10.5,6.4,297,220,2,0,2019,2024
51760,Richmond city,Virginia,VA,21.1,6.5,15.1,13,43064,13314,66,13,2019,2024
51161,Roanoke County,Virginia,VA,22.2,3.4,7.4,4.4,20489,3139,18,0,2019,2024
51770,Roanoke city,Virginia,VA,18.7,7.3,16.9,11,18141,7060,23,10,2019,2024
51163,Rockbridge County,Virginia,VA,20,7.3,11.1,3.8,4456,1627,4,3,2019,2024
51165,Rockingham County,Virginia,VA,9.9,2.8,5.9,4.8,7542,2120,19,3,2019,2024
51167,Russell County,Virginia,VA,1.7,1,21.8,5.2,481,284,7,0,2019,2024
51775,Salem city,Virginia,VA,23.4,4.8,7.8,6.4,5805,1180,5,0,2019,2024
51169,Scott County,Virginia,VA,15.5,5.7,23.2,7.6,3601,1322,6,2,2019,2024
51171,Shenandoah County,Virginia,VA,9.1,3.2,10.3,5,3809,1343,9,1,2019,2024
51173,Smyth County,Virginia,VA,3.8,1.1,17,6.5,1225,370,9,1,2019,2024
51175,Southampton County,Virginia,VA,21.8,5.1,14.5,5.4,4041,947,5,1,2019,2024
51177,Spotsylvania County,Virginia,VA,25.5,5,6.6,2.9,31173,6095,30,4,2019,2024
51179,Stafford County,Virginia,VA,33.4,4.3,4.4,2,43076,5580,27,2,2019,2024
51790,Staunton city,Virginia,VA,2.2,0.8,13,8.1,523,195,6,0,2019,2024
51800,Suffolk city,Virginia,VA,22.4,3.9,10,5,18968,3275,28,4,2019,2024
51181,Surry County,Virginia,VA,30,7.8,9.4,4.7,2116,552,2,2,2019,2024
51183,Sussex County,Virginia,VA,53.5,13.8,18.9,9.2,6463,1667,5,1,2019,2024
51185,Tazewell County,Virginia,VA,19.3,8.3,15.3,6.6,8709,3734,11,3,2019,2024
51810,Virginia Beach city,Virginia,VA,17.5,2.6,6.6,4.6,76781,11181,99,7,2019,2024
51187,Warren County,Virginia,VA,20.9,5.4,10.5,4.8,7859,2031,8,3,2019,2024
51191,Washington County,Virginia,VA,7,1.5,12.7,4.6,3817,822,13,2,2019,2024
51820,Waynesboro city,Virginia,VA,16.6,8,14.2,5.8,3490,1671,5,1,2019,2024
51193,Westmoreland County,Virginia,VA,0,0,20.1,6.1,0,0,4,0,2019,2024
51830,Williamsburg city,Virginia,VA,19.5,5.6,7.9,6.5,2740,794,3,2,2019,2024
51840,Winchester city,Virginia,VA,25.4,4.4,11.7,9.4,6659,1144,5,0,2019,2024
51195,Wise County,Virginia,VA,19,8.5,22.5,9.1,7891,3538,11,3,2019,2024
51197,Wythe County,Virginia,VA,10.6,4.4,13.2,8.2,3105,1298,6,1,2019,2024
51199,York County,Virginia,VA,34.4,2.8,3.6,3.8,22517,1862,14,0,2019,2024
53001,Adams County,Washington,WA,41.7,23.2,18.9,6.4,7812,4350,5,2,2019,2024
53003,Asotin County,Washington,WA,13.8,4.6,18.6,3.2,2992,998,6,0,2019,2024
53005,Benton County,Washington,WA,22.8,5.2,14.8,5.9,40007,9158,37,5,2019,2024
53007,Chelan County,Washington,WA,18.1,4.6,12,5.8,13085,3330,14,3,2019,2024
53009,Clallam County,Washington,WA,38.2,12.6,13,5.6,27282,8997,21,3,2019,2024
53011,Clark County,Washington,WA,21.7,3.6,12.1,4.7,92399,15368,104,4,2019,2024
53013,Columbia County,Washington,WA,49.1,14.2,14.1,6.3,2004,580,1,0,2019,2024
53015,Cowlitz County,Washington,WA,25.3,8.9,17.7,6.2,25936,9085,24,4,2019,2024
53017,Douglas County,Washington,WA,55.5,14.9,14.3,4.3,21311,5737,8,2,2019,2024
53019,Ferry County,Washington,WA,48.6,24.5,19.5,4.1,3669,1853,3,2,2019,2024
53021,Franklin County,Washington,WA,31.6,8.9,18.8,4.2,24697,6940,12,2,2019,2024
53023,Garfield County,Washington,WA,12.4,3.5,13.6,,281,80,1,0,2019,2024
53025,Grant County,Washington,WA,25.8,10.6,16.5,5.1,23008,9488,16,7,2019,2024
53027,Grays Harbor County,Washington,WA,16.7,5.4,18.2,5.4,12145,3947,16,5,2019,2024
53029,Island County,Washington,WA,11.4,5.1,7.7,3.8,8980,4036,21,2,2019,2024
53031,Jefferson County,Washington,WA,19.2,6.7,8.1,4.6,5735,2000,7,4,2019,2024
53033,King County,Washington,WA,16.7,2.5,8.2,11.2,323094,47436,397,22,2019,2024
53035,Kitsap County,Washington,WA,40.7,7.8,10,4.3,102156,19693,54,6,2019,2024
53037,Kittitas County,Washington,WA,23.5,9.7,12.3,4.4,9596,3976,8,4,2019,2024
53039,Klickitat County,Washington,WA,11.8,4.9,12,5.2,2397,988,3,1,2019,2024
53041,Lewis County,Washington,WA,16.2,6.4,16.4,4.6,12194,4803,20,3,2019,2024
53043,Lincoln County,Washington,WA,39.4,12.1,14.7,3.8,4165,1283,4,2,2019,2024
53045,Mason County,Washington,WA,13.2,6,15.2,3.9,8008,3667,14,4,2019,2024
53047,Okanogan County,Washington,WA,13.6,5.4,19.3,4.2,5604,2213,10,2,2019,2024
53049,Pacific County,Washington,WA,11.5,3.9,15.1,5.5,2407,821,7,2,2019,2024
53051,Pend Oreille County,Washington,WA,25.8,10.1,16.7,3.8,3348,1309,5,2,2019,2024
53053,Pierce County,Washington,WA,33.7,7.3,12.3,5.4,268040,58247,172,34,2019,2024
53055,San Juan County,Washington,WA,0,0,5.7,3.6,0,0,4,0,2019,2024
53057,Skagit County,Washington,WA,28.4,6.8,12.4,3.9,33188,7894,29,4,2019,2024
53059,Skamania County,Washington,WA,4.2,1,12.3,3.3,468,113,5,1,2019,2024
53061,Snohomish County,Washington,WA,23.5,3.2,8.8,4.7,167839,23054,149,9,2019,2024
53063,Spokane County,Washington,WA,16.7,4.5,15.8,6.8,78648,21372,105,12,2019,2024
53065,Stevens County,Washington,WA,36,12.5,15,4.1,15665,5443,12,5,2019,2024
53067,Thurston County,Washington,WA,33.4,6.9,11.2,4.7,84272,17435,49,3,2019,2024
53069,Wahkiakum County,Washington,WA,15.2,4.4,6.9,4,603,176,1,1,2019,2024
53071,Walla Walla County,Washington,WA,23.7,5.4,13.5,6.2,13932,3157,12,1,2019,2024
53073,Whatcom County,Washington,WA,27.7,7.1,11.7,6.4,55784,14367,34,3,2019,2024
53075,Whitman County,Washington,WA,28.5,10.3,10.9,7.3,12768,4623,10,2,2019,2024
53077,Yakima County,Washington,WA,14.9,5.5,22.6,5.2,36306,13314,45,6,2019,2024
54001,Barbour County,West Virginia,WV,11.4,5.3,19.5,6.5,1894,875,4,1,2019,2024
54003,Berkeley County,West Virginia,WV,38.8,10.8,11.6,5.1,40420,11239,14,0,2019,2024
54005,Boone County,West Virginia,WV,6.6,3.3,22,7.4,1632,810,8,0,2019,2024
54007,Braxton County,West Virginia,WV,18.3,9.5,22,10.7,2651,1373,3,1,2019,2024
54009,Brooke County,West Virginia,WV,16.9,4.8,14.1,7.6,4067,1158,6,1,2019,2024
54011,Cabell County,West Virginia,WV,8.3,3,16.7,10.4,8014,2886,29,1,2019,2024
54013,Calhoun County,West Virginia,WV,24.2,13.4,25.5,11.9,1843,1021,2,1,2019,2024
54015,Clay County,West Virginia,WV,18.4,9.9,32.6,10.3,1722,925,3,1,2019,2024
54017,Doddridge County,West Virginia,WV,4.2,1.2,10.3,2.8,346,97,2,0,2019,2024
54019,Fayette County,West Virginia,WV,12.1,6,19.6,8.1,5553,2775,12,2,2019,2024
54021,Gilmer County,West Virginia,WV,81.6,31.1,21.6,9.5,7095,2702,2,1,2019,2024
54023,Grant County,West Virginia,WV,15.3,5.2,16.6,8.9,1832,622,3,0,2019,2024
54025,Greenbrier County,West Virginia,WV,21.2,8.9,18.2,5.9,7505,3170,7,1,2019,2024
54027,Hampshire County,West Virginia,WV,28.1,9.9,14.7,6.6,6723,2371,5,1,2019,2024
54029,Hancock County,West Virginia,WV,50.2,17.4,15.1,7.4,15403,5343,8,1,2019,2024
54031,Hardy County,West Virginia,WV,15.8,6.4,19.2,8.5,2218,903,3,0,2019,2024
54033,Harrison County,West Virginia,WV,12.5,4.1,16,9.5,8660,2857,22,3,2019,2024
54035,Jackson County,West Virginia,WV,17.7,5.4,19.2,11.2,5184,1572,6,1,2019,2024
54037,Jefferson County,West Virginia,WV,28.5,5.5,10.9,5.9,15240,2944,15,2,2019,2024
54039,Kanawha County,West Virginia,WV,27.7,9.2,15.8,9.5,53408,17756,53,8,2019,2024
54041,Lewis County,West Virginia,WV,9.4,4.4,21.3,10.2,1534,713,5,1,2019,2024
54043,Lincoln County,West Virginia,WV,3,1.2,24,10.3,646,251,5,0,2019,2024
54045,Logan County,West Virginia,WV,6.8,3.3,27.9,9.6,2498,1198,9,1,2019,2024
54049,Marion County,West Virginia,WV,17.2,5.1,15.5,7.6,9731,2894,18,0,2019,2024
54051,Marshall County,West Virginia,WV,11.5,4,21.2,7.9,3820,1312,9,1,2019,2024
54053,Mason County,West Virginia,WV,18,6.5,18.4,6.1,4906,1767,6,0,2019,2024
54047,McDowell County,West Virginia,WV,3.3,2,36.5,10.7,734,436,8,0,2019,2024
54055,Mercer County,West Virginia,WV,30.1,12.6,21.6,6.5,18719,7871,16,3,2019,2024
54057,Mineral County,West Virginia,WV,15.1,5.5,17,8.7,4265,1562,7,1,2019,2024
54059,Mingo County,West Virginia,WV,9.9,4.6,36.5,12.8,2670,1235,7,1,2019,2024
54061,Monongalia County,West Virginia,WV,21.1,6.1,9.3,7.6,20304,5865,24,4,2019,2024
54063,Monroe County,West Virginia,WV,39.7,18.7,12,6.3,5356,2528,3,1,2019,2024
54065,Morgan County,West Virginia,WV,10.1,4.5,14,5.1,1774,783,4,1,2019,2024
54067,Nicholas County,West Virginia,WV,8.4,4,19.3,6.8,2206,1042,7,1,2019,2024
54069,Ohio County,West Virginia,WV,21.1,6.5,18.5,12,9365,2905,18,1,2019,2024
54071,Pendleton County,West Virginia,WV,48.3,20.4,13.5,3.5,3713,1567,3,0,2019,2024
54073,Pleasants County,West Virginia,WV,0,0,16.3,2.6,0,0,2,0,2019,2024
54075,Pocahontas County,West Virginia,WV,47.7,19.7,21.7,6.5,4158,1719,4,2,2019,2024
54077,Preston County,West Virginia,WV,24.9,10.1,17.2,5.7,8344,3396,8,3,2019,2024
54079,Putnam County,West Virginia,WV,18.1,4,12.9,5,10063,2224,10,0,2019,2024
54081,Raleigh County,West Virginia,WV,38.6,17,19.3,8.9,30418,13405,17,7,2019,2024
54083,Randolph County,West Virginia,WV,8.7,3.4,16.6,7.7,2554,995,7,1,2019,2024
54085,Ritchie County,West Virginia,WV,10.7,4.7,15.9,6.8,1120,496,3,0,2019,2024
54087,Roane County,West Virginia,WV,23.5,12.6,21.8,10.5,3503,1888,4,3,2019,2024
54089,Summers County,West Virginia,WV,22.2,8.2,23,9.1,3085,1147,4,1,2019,2024
54091,Taylor County,West Virginia,WV,0,0,20.2,9,0,0,4,0,2019,2024
54093,Tucker County,West Virginia,WV,2.9,0.9,12.8,12.1,205,65,3,0,2019,2024
54095,Tyler County,West Virginia,WV,1.3,0.7,19.5,5.7,120,65,3,0,2019,2024
54097,Upshur County,West Virginia,WV,8,3.4,19,8.2,1952,826,6,1,2019,2024
54099,Wayne County,West Virginia,WV,28.4,10.8,18.3,9,12080,4600,11,1,2019,2024
54101,Webster County,West Virginia,WV,5,2.2,32.6,13,462,201,3,0,2019,2024
54103,Wetzel County,West Virginia,WV,39.8,16.7,19.9,7.7,6602,2774,5,3,2019,2024
54105,Wirt County,West Virginia,WV,1.5,0.6,18.3,7.9,86,37,2,0,2019,2024
54107,Wood County,West Virginia,WV,29.8,9.1,17.6,7.3,25921,7884,26,2,2019,2024
54109,Wyoming County,West Virginia,WV,0,0,24.1,6.8,3,1,6,0,2019,2024
55001,Adams County,Wisconsin,WI,9.9,3.7,14.6,4.2,2071,762,7,1,2019,2024
55003,Ashland County,Wisconsin,WI,28.5,11.3,14.3,5.8,4599,1823,7,2,2019,2024
55005,Barron County,Wisconsin,WI,17.8,6,11.5,4.8,8152,2752,10,0,2019,2024
55007,Bayfield County,Wisconsin,WI,30.2,10.3,11.6,4.2,4533,1543,5,0,2019,2024
55009,Brown County,Wisconsin,WI,25,5.7,10.5,5.1,61899,14193,54,4,2019,2024
55011,Buffalo County,Wisconsin,WI,23.3,5.4,10.5,3.3,3166,734,5,0,2019,2024
55013,Burnett County,Wisconsin,WI,9.8,2.9,12.5,4.4,1518,448,6,1,2019,2024
55015,Calumet County,Wisconsin,WI,25.3,3.6,6.1,3.1,12367,1783,11,3,2019,2024
55017,Chippewa County,Wisconsin,WI,22,6.1,11.8,4.8,13751,3795,11,1,2019,2024
55019,Clark County,Wisconsin,WI,18.4,6.9,10.5,9.8,6380,2376,8,1,2019,2024
55021,Columbia County,Wisconsin,WI,20.7,4.7,8.9,4.4,11783,2660,12,0,2019,2024
55023,Crawford County,Wisconsin,WI,23.9,8.4,10.9,6,3977,1400,6,1,2019,2024
55025,Dane County,Wisconsin,WI,24.9,4.3,8.1,8.2,121477,20935,105,9,2019,2024
55027,Dodge County,Wisconsin,WI,12,2.7,10.7,4.1,10637,2412,20,0,2019,2024
55029,Door County,Wisconsin,WI,14.7,3.6,7.8,2.7,4080,1013,9,0,2019,2024
55031,Douglas County,Wisconsin,WI,30.1,8.5,12.5,8,13308,3757,12,2,2019,2024
55033,Dunn County,Wisconsin,WI,19.2,5.7,12.7,3.5,8418,2506,8,0,2019,2024
55035,Eau Claire County,Wisconsin,WI,32,7.6,11.1,6.4,31626,7487,20,3,2019,2024
55037,Florence County,Wisconsin,WI,11.9,5,13.3,2.1,528,221,2,0,2019,2024
55039,Fond du Lac County,Wisconsin,WI,20.8,6.7,9.5,5.6,21095,6796,20,3,2019,2024
55041,Forest County,Wisconsin,WI,38.1,12.5,15,5.2,3548,1159,4,2,2019,2024
55043,Grant County,Wisconsin,WI,12,3.7,10.6,4.9,6135,1888,12,3,2019,2024
55045,Green County,Wisconsin,WI,12.2,3.6,8.2,4.3,4487,1326,8,3,2019,2024
55047,Green Lake County,Wisconsin,WI,8.3,2.8,11.7,7.8,1587,535,6,0,2019,2024
55049,Iowa County,Wisconsin,WI,8.6,1.6,9.5,4.3,2038,374,6,0,2019,2024
55051,Iron County,Wisconsin,WI,10.1,3.1,12.1,4.2,596,181,3,0,2019,2024
55053,Jackson County,Wisconsin,WI,33.3,11.5,15.3,5.8,6807,2355,5,1,2019,2024
55055,Jefferson County,Wisconsin,WI,9.6,2.4,9.2,4.6,7997,2011,20,0,2019,2024
55057,Juneau County,Wisconsin,WI,25.4,9.4,14.9,4.3,6777,2514,7,2,2019,2024
55059,Kenosha County,Wisconsin,WI,28.6,9.5,12.2,4.9,47552,15890,35,8,2019,2024
55061,Kewaunee County,Wisconsin,WI,0.4,0.1,5.2,2.8,86,19,4,0,2019,2024
55063,La Crosse County,Wisconsin,WI,20.8,4.8,9.3,7,23874,5446,25,2,2019,2024
55065,Lafayette County,Wisconsin,WI,15.3,4,8.7,5,2580,677,5,0,2019,2024
55067,Langlade County,Wisconsin,WI,31.1,9.9,13.4,6.2,6211,1973,6,3,2019,2024
55069,Lincoln County,Wisconsin,WI,13.1,3.6,13.1,4.7,3757,1043,10,0,2019,2024
55071,Manitowoc County,Wisconsin,WI,21.5,6.8,10.3,5.3,17546,5525,19,4,2019,2024
55073,Marathon County,Wisconsin,WI,23.2,5.6,9.9,4.8,31131,7565,27,3,2019,2024
55075,Marinette County,Wisconsin,WI,18.9,7.5,12.1,3.9,7903,3122,12,4,2019,2024
55077,Marquette County,Wisconsin,WI,1.7,0.3,11.9,4.6,269,50,5,0,2019,2024
55078,Menominee County,Wisconsin,WI,21.8,14.4,26,5,924,610,2,1,2019,2024
55079,Milwaukee County,Wisconsin,WI,8.6,2.3,20.5,12.5,81547,21944,296,7,2019,2024
55081,Monroe County,Wisconsin,WI,18.3,6.6,14,8.3,8192,2936,9,3,2019,2024
55083,Oconto County,Wisconsin,WI,6.6,2.2,9,3.4,2488,829,10,2,2019,2024
55085,Oneida County,Wisconsin,WI,10.1,2.5,7.9,4.3,3628,900,14,1,2019,2024
55087,Outagamie County,Wisconsin,WI,25.3,4.8,8.2,4.1,44722,8456,40,3,2019,2024
55089,Ozaukee County,Wisconsin,WI,33.8,5.3,5,3.9,29230,4618,18,0,2019,2024
55091,Pepin County,Wisconsin,WI,0,0,9.9,3.6,0,0,2,0,2019,2024
55093,Pierce County,Wisconsin,WI,16.8,3.8,5.9,2.7,6912,1564,8,2,2019,2024
55095,Polk County,Wisconsin,WI,5.8,1.7,9.7,3.7,2553,731,10,0,2019,2024
55097,Portage County,Wisconsin,WI,12,2.6,8,3.9,8392,1803,14,0,2019,2024
55099,Price County,Wisconsin,WI,14.2,5,13.2,5.3,2006,711,6,2,2019,2024
55101,Racine County,Wisconsin,WI,19.6,3.7,12.3,5.2,38342,7325,44,4,2019,2024
55103,Richland County,Wisconsin,WI,52.9,19,14.3,6.7,9527,3419,5,2,2019,2024
55105,Rock County,Wisconsin,WI,35.3,12.1,12.9,6,56548,19376,38,12,2019,2024
55107,Rusk County,Wisconsin,WI,37.4,14.2,16.2,5.4,5515,2097,5,4,2019,2024
55111,Sauk County,Wisconsin,WI,9.7,2.8,10.1,5.1,5986,1740,13,1,2019,2024
55113,Sawyer County,Wisconsin,WI,32.7,10.9,13.7,4.3,5421,1811,6,2,2019,2024
55115,Shawano County,Wisconsin,WI,12.7,4.5,11,6.3,5332,1875,11,3,2019,2024
55117,Sheboygan County,Wisconsin,WI,10.9,2.2,8.8,5.2,12588,2578,26,0,2019,2024
55109,St. Croix County,Wisconsin,WI,11.7,2.4,6.2,3.3,9873,1995,14,0,2019,2024
55119,Taylor County,Wisconsin,WI,33.4,11.5,9.3,5.1,6908,2381,6,1,2019,2024
55121,Trempealeau County,Wisconsin,WI,10.8,3.8,9.1,4.7,3114,1084,8,0,2019,2024
55123,Vernon County,Wisconsin,WI,15.9,6.1,9.1,9.1,4720,1801,7,2,2019,2024
55125,Vilas County,Wisconsin,WI,10.1,3,9.9,3.8,2169,650,5,0,2019,2024
55127,Walworth County,Wisconsin,WI,33.2,9.6,7.7,3.9,33921,9824,22,2,2019,2024
55129,Washburn County,Wisconsin,WI,15.8,4.6,11.5,4.3,2518,726,5,0,2019,2024
55131,Washington County,Wisconsin,WI,33,4.6,5.1,3.7,43495,6086,28,0,2019,2024
55133,Waukesha County,Wisconsin,WI,41.2,5.1,4.4,3.5,160448,19985,86,4,2019,2024
55135,Waupaca County,Wisconsin,WI,13.1,3.1,10,5.9,6855,1642,12,1,2019,2024
55137,Waushara County,Wisconsin,WI,17.7,5,12.4,5.1,4343,1229,7,1,2019,2024
55139,Winnebago County,Wisconsin,WI,37,8.1,9.6,5.5,61797,13451,41,5,2019,2024
55141,Wood County,Wisconsin,WI,24.7,6.9,13.2,5.5,18492,5156,17,2,2019,2024
56001,Albany County,Wyoming,WY,28.8,9.2,4.1,5.6,10445,3346,10,2,2019,2024
56003,Big Horn County,Wyoming,WY,18.7,5.7,5.3,2.8,2176,661,3,0,2019,2024
56005,Campbell County,Wyoming,WY,36.7,8.2,3.4,3.7,16947,3803,7,1,2019,2024
56007,Carbon County,Wyoming,WY,57.8,19,4.6,6.1,9174,3014,5,2,2019,2024
56009,Converse County,Wyoming,WY,12.2,2.9,6.7,5.2,1684,398,4,0,2019,2024
56011,Crook County,Wyoming,WY,27,5.7,0.6,2.4,1910,405,2,0,2019,2024
56013,Fremont County,Wyoming,WY,18.2,5.9,8.1,4.4,7300,2379,10,0,2019,2024
56015,Goshen County,Wyoming,WY,20,5.9,7.4,5.8,2654,776,4,0,2019,2024
56017,Hot Springs County,Wyoming,WY,8.6,2.4,7.9,3.3,412,114,2,0,2019,2024
56019,Johnson County,Wyoming,WY,39.5,11.3,1.5,2.7,3383,966,2,0,2019,2024
56021,Laramie County,Wyoming,WY,42.5,11.9,5.4,5,38986,10923,20,4,2019,2024
56023,Lincoln County,Wyoming,WY,17.8,5.2,4.4,3.5,3227,944,4,0,2019,2024
56025,Natrona County,Wyoming,WY,34,9.2,6.5,4.5,25625,6918,18,1,2019,2024
56027,Niobrara County,Wyoming,WY,21.9,9.3,4.5,0.8,545,230,1,1,2019,2024
56029,Park County,Wyoming,WY,39,8,3.6,2.7,10995,2255,5,0,2019,2024
56031,Platte County,Wyoming,WY,15,4.3,4.9,1.9,1297,376,2,1,2019,2024
56033,Sheridan County,Wyoming,WY,38.5,9,3.7,4.2,11221,2609,6,0,2019,2024
56035,Sublette County,Wyoming,WY,19.8,4.3,2.5,1.8,2033,437,2,0,2019,2024
56037,Sweetwater County,Wyoming,WY,21.5,5.2,7.4,2.8,9400,2290,12,0,2019,2024
56039,Teton County,Wyoming,WY,17.4,3.8,1.3,2,3711,812,4,0,2019,2024
56041,Uinta County,Wyoming,WY,3.4,1.4,6.8,4,726,290,3,0,2019,2024
56043,Washakie County,Wyoming,WY,12.4,3.1,7.6,3.2,1057,262,3,0,2019,2024
56045,Weston County,Wyoming,WY,30.7,8.8,2.7,3.5,2216,631,2,0,2019,2024
